task,architecture,block,condition,epoch,method,k,selection_valid,fidelity,cf_accuracy,agreement,cf_accuracy_both_correct,random_fidelity,random_cf_accuracy,causal_usefulness,test_acc
single_shape,TinyCNN,2000,template_release,200,contrast,1,True,0.02077613364065889,0.0013020833721384406,0.0013020833721384406,0.0013020833721384406,0.011541110177435351,0.0,0.009235023463223538,1.0
single_shape,TinyCNN,2000,template_release,200,auroc,1,True,0.0271681967860663,0.0013020833721384406,0.0013020833721384406,0.0013020833721384406,0.011541110177435351,0.0,0.01562708660863095,1.0
single_shape,TinyCNN,2000,template_release,200,validation_patch,1,True,0.04402257084807171,0.0013020833721384406,0.0013020833721384406,0.0013020833721384406,0.011541110177435351,0.0,0.032481460670636356,1.0
single_shape,TinyCNN,2000,template_release,200,contrast,2,True,0.12799119741424847,0.0221354179084301,0.0221354179084301,0.0221354179084301,0.03317893534287353,0.0008138021075865254,0.09481226207137494,1.0
single_shape,TinyCNN,2000,template_release,200,auroc,2,True,0.10705323735596528,0.01692708395421505,0.01692708395421505,0.01692708395421505,0.03317893534287353,0.0008138021075865254,0.07387430201309175,1.0
single_shape,TinyCNN,2000,template_release,200,validation_patch,2,True,0.2430922858937663,0.08984375,0.08984375,0.08984375,0.03317893534287353,0.0008138021075865254,0.20991335055089277,1.0
single_shape,TinyCNN,2000,template_release,200,contrast,4,True,0.4561903586488024,0.2708333432674408,0.2708333432674408,0.2708333432674408,0.18785337257021328,0.09667968866415322,0.26833698607858913,1.0
single_shape,TinyCNN,2000,template_release,200,auroc,4,True,0.4561903586488024,0.2708333432674408,0.2708333432674408,0.2708333432674408,0.18785337257021328,0.09667968866415322,0.26833698607858913,1.0
single_shape,TinyCNN,2000,template_release,200,validation_patch,4,True,0.5853754879098632,0.4440104365348816,0.4440104365348816,0.4440104365348816,0.18785337257021328,0.09667968866415322,0.3975221153396499,1.0
single_shape,TinyCNN,2000,template_release,200,contrast,8,True,0.8870654490634878,0.8359375,0.8359375,0.8359375,0.5816802546821589,0.4329427182674408,0.30538519438132894,1.0
single_shape,TinyCNN,2000,template_release,200,auroc,8,True,0.8870654490634878,0.8359375,0.8359375,0.8359375,0.5816802546821589,0.4329427182674408,0.30538519438132894,1.0
single_shape,TinyCNN,2000,template_release,200,validation_patch,8,True,0.9011584589978944,0.859375,0.859375,0.859375,0.5816802546821589,0.4329427182674408,0.3194782043157355,1.0
single_shape,TinyCNN,2000,template_retention_1,200,contrast,1,True,0.1033895205476254,0.0013020833721384406,0.0013020833721384406,0.0013020833721384406,0.05530917421195303,0.0008138021075865254,0.048080346335672375,1.0
single_shape,TinyCNN,2000,template_retention_1,200,auroc,1,True,0.1107563504525384,0.0026041667442768812,0.0026041667442768812,0.0026041667442768812,0.05530917421195303,0.0008138021075865254,0.05544717624058537,1.0
single_shape,TinyCNN,2000,template_retention_1,200,validation_patch,1,True,0.19029742181317133,0.0052083334885537624,0.0052083334885537624,0.0052083334885537624,0.05530917421195303,0.0008138021075865254,0.1349882476012183,1.0
single_shape,TinyCNN,2000,template_retention_1,200,contrast,2,True,0.24075113235171852,0.0416666679084301,0.0416666679084301,0.0416666679084301,0.11592180338676895,0.0006510416860692203,0.12482932896494957,1.0
single_shape,TinyCNN,2000,template_retention_1,200,auroc,2,True,0.27030065220796784,0.1002604216337204,0.1002604216337204,0.1002604216337204,0.11592180338676895,0.0006510416860692203,0.1543788488211989,1.0
single_shape,TinyCNN,2000,template_retention_1,200,validation_patch,2,True,0.39301264214804965,0.2200520932674408,0.2200520932674408,0.2200520932674408,0.11592180338676895,0.0006510416860692203,0.2770908387612807,1.0
single_shape,TinyCNN,2000,template_retention_1,200,contrast,4,True,0.6328744225743803,0.4296875,0.4296875,0.4296875,0.29880803572625925,0.08382161753252149,0.33406638684812107,1.0
single_shape,TinyCNN,2000,template_retention_1,200,auroc,4,True,0.6367648033189227,0.4765625,0.4765625,0.4765625,0.29880803572625925,0.08382161753252149,0.33795676759266347,1.0
single_shape,TinyCNN,2000,template_retention_1,200,validation_patch,4,True,0.7153047204988318,0.5611979365348816,0.5611979365348816,0.5611979365348816,0.29880803572625925,0.08382161753252149,0.4164966847725725,1.0
single_shape,TinyCNN,2000,template_retention_1,200,contrast,8,True,0.9351037823929775,0.9088541865348816,0.9088541865348816,0.9088541865348816,0.6354906251499348,0.4274088703095913,0.2996131572430427,1.0
single_shape,TinyCNN,2000,template_retention_1,200,auroc,8,True,0.9129883674993278,0.8736979365348816,0.8736979365348816,0.8736979365348816,0.6354906251499348,0.4274088703095913,0.27749774234939295,1.0
single_shape,TinyCNN,2000,template_retention_1,200,validation_patch,8,True,0.9316381608166422,0.91015625,0.91015625,0.91015625,0.6354906251499348,0.4274088703095913,0.2961475356667074,1.0
single_shape,TinyCNN,2001,template_release,200,contrast,1,True,0.012670775341168894,0.0013020833721384406,0.0013020833721384406,0.0013020833721384406,0.011815095098535594,0.00032552084303461015,0.0008556802426332999,1.0
single_shape,TinyCNN,2001,template_release,200,auroc,1,True,0.010872985755857378,0.0013020833721384406,0.0013020833721384406,0.0013020833721384406,0.011815095098535594,0.00032552084303461015,-0.0009421093426782157,1.0
single_shape,TinyCNN,2001,template_release,200,validation_patch,1,True,0.04234804855912788,0.0013020833721384406,0.0013020833721384406,0.0013020833721384406,0.011815095098535594,0.00032552084303461015,0.030532953460592288,1.0
single_shape,TinyCNN,2001,template_release,200,contrast,2,True,0.09465451388986579,0.00911458395421505,0.00911458395421505,0.00911458395421505,0.03982008278706098,0.008789062791038305,0.05483443110280481,1.0
single_shape,TinyCNN,2001,template_release,200,auroc,2,True,0.10947345728376867,0.01171875,0.01171875,0.01171875,0.03982008278706098,0.008789062791038305,0.06965337449670769,1.0
single_shape,TinyCNN,2001,template_release,200,validation_patch,2,True,0.2557311877749665,0.1640625,0.1640625,0.1640625,0.03982008278706098,0.008789062791038305,0.21591110498790553,1.0
single_shape,TinyCNN,2001,template_release,200,contrast,4,True,0.5105391254749582,0.41796875,0.41796875,0.41796875,0.15916838124906912,0.07486979430541396,0.35137074422588904,1.0
single_shape,TinyCNN,2001,template_release,200,auroc,4,True,0.4808836353642879,0.3580729365348816,0.3580729365348816,0.3580729365348816,0.15916838124906912,0.07486979430541396,0.3217152541152188,1.0
single_shape,TinyCNN,2001,template_release,200,validation_patch,4,True,0.48932828694027164,0.3502604365348816,0.3502604365348816,0.3502604365348816,0.15916838124906912,0.07486979430541396,0.3301599056912025,1.0
single_shape,TinyCNN,2001,template_release,200,contrast,8,True,0.8451404540194374,0.80078125,0.80078125,0.80078125,0.6005932440375978,0.4873047135770321,0.24454720998183954,1.0
single_shape,TinyCNN,2001,template_release,200,auroc,8,True,0.8462693776212573,0.7890625,0.7890625,0.7890625,0.6005932440375978,0.4873047135770321,0.24567613358365947,1.0
single_shape,TinyCNN,2001,template_release,200,validation_patch,8,True,0.9488659792716452,0.94140625,0.94140625,0.94140625,0.6005932440375978,0.4873047135770321,0.34827273523404734,1.0
single_shape,TinyCNN,2001,template_retention_1,200,contrast,1,True,0.10564105019938275,0.00390625,0.0052083334885537624,0.001312335953116417,0.07073719753609256,0.0027669271221384406,0.034903852663290186,0.99609375
single_shape,TinyCNN,2001,template_retention_1,200,auroc,1,True,0.14130560629716515,0.00911458395421505,0.010416666977107525,0.007874015718698502,0.07073719753609256,0.0027669271221384406,0.07056840876107259,0.99609375
single_shape,TinyCNN,2001,template_retention_1,200,validation_patch,1,True,0.2163917292009725,0.0221354179084301,0.0234375,0.019685039296746254,0.07073719753609256,0.0027669271221384406,0.14565453166487993,0.99609375
single_shape,TinyCNN,2001,template_retention_1,200,contrast,2,True,0.3427189604630866,0.07421875,0.0755208358168602,0.07086613774299622,0.1381714384294321,0.01643880231131334,0.20454752203365448,0.99609375
single_shape,TinyCNN,2001,template_retention_1,200,auroc,2,True,0.35627341310183624,0.1263020932674408,0.1276041716337204,0.1233595758676529,0.1381714384294321,0.01643880231131334,0.21810197467240414,0.99609375
single_shape,TinyCNN,2001,template_retention_1,200,validation_patch,2,True,0.40005252381650247,0.1901041716337204,0.19140625,0.18766404688358307,0.1381714384294321,0.01643880231131334,0.26188108538707033,0.99609375
single_shape,TinyCNN,2001,template_retention_1,200,contrast,4,True,0.6920554217618231,0.5481771230697632,0.5494791865348816,0.5485564470291138,0.3043355371795923,0.09586588887032121,0.38771988458223083,0.99609375
single_shape,TinyCNN,2001,template_retention_1,200,auroc,4,True,0.6758958378289182,0.51171875,0.5130208730697632,0.5118110179901123,0.3043355371795923,0.09586588887032121,0.3715603006493259,0.99609375
single_shape,TinyCNN,2001,template_retention_1,200,validation_patch,4,True,0.6319018525848219,0.4583333432674408,0.4583333432674408,0.4566929042339325,0.3043355371795923,0.09586588887032121,0.3275663154052296,0.99609375
single_shape,TinyCNN,2001,template_retention_1,200,contrast,8,True,0.8916354788475763,0.8333333730697632,0.8333333730697632,0.834645688533783,0.6333669564611988,0.4505208432674408,0.25826852238637754,0.99609375
single_shape,TinyCNN,2001,template_retention_1,200,auroc,8,True,0.9045370018843952,0.8606771230697632,0.8606771230697632,0.8622047305107117,0.6333669564611988,0.4505208432674408,0.27117004542319645,0.99609375
single_shape,TinyCNN,2001,template_retention_1,200,validation_patch,8,True,0.9403407047461452,0.9166666865348816,0.9166666865348816,0.9186351895332336,0.6333669564611988,0.4505208432674408,0.3069737482849464,0.99609375
single_shape,TinyCNN,2002,template_release,200,contrast,1,True,0.01910591756674851,0.0,0.0,0.0,0.010150622088996447,0.0008138021221384406,0.008955295477752062,1.0
single_shape,TinyCNN,2002,template_release,200,auroc,1,True,0.01910591756674851,0.0,0.0,0.0,0.010150622088996447,0.0008138021221384406,0.008955295477752062,1.0
single_shape,TinyCNN,2002,template_release,200,validation_patch,1,True,0.187378437372689,0.0716145858168602,0.0716145858168602,0.0716145858168602,0.010150622088996447,0.0008138021221384406,0.17722781528369255,1.0
single_shape,TinyCNN,2002,template_release,200,contrast,2,True,0.11151630762870701,0.0234375,0.0234375,0.0234375,0.033625072956604204,0.0068359376600710675,0.07789123467210281,1.0
single_shape,TinyCNN,2002,template_release,200,auroc,2,True,0.2476715777093489,0.1627604216337204,0.1627604216337204,0.1627604216337204,0.033625072956604204,0.0068359376600710675,0.21404650475274467,1.0
single_shape,TinyCNN,2002,template_release,200,validation_patch,2,True,0.288743111434428,0.1848958432674408,0.1848958432674408,0.1848958432674408,0.033625072956604204,0.0068359376600710675,0.25511803847782377,1.0
single_shape,TinyCNN,2002,template_release,200,contrast,4,True,0.6309842341629589,0.53125,0.53125,0.53125,0.17191291915747292,0.09179687919095159,0.459071315005486,1.0
single_shape,TinyCNN,2002,template_release,200,auroc,4,True,0.5220178524860526,0.4309895932674408,0.4309895932674408,0.4309895932674408,0.17191291915747292,0.09179687919095159,0.35010493332857967,1.0
single_shape,TinyCNN,2002,template_release,200,validation_patch,4,True,0.7131911949740961,0.6341146230697632,0.6341146230697632,0.6341146230697632,0.17191291915747292,0.09179687919095159,0.5412782758166232,1.0
single_shape,TinyCNN,2002,template_release,200,contrast,8,True,0.8517847578882263,0.80078125,0.80078125,0.80078125,0.57664030681632,0.46272788383066654,0.2751444510719063,1.0
single_shape,TinyCNN,2002,template_release,200,auroc,8,True,0.836496528727777,0.7786458730697632,0.7786458730697632,0.7786458730697632,0.57664030681632,0.46272788383066654,0.2598562219114571,1.0
single_shape,TinyCNN,2002,template_release,200,validation_patch,8,True,0.9109734844554863,0.88671875,0.88671875,0.88671875,0.57664030681632,0.46272788383066654,0.33433317763916637,1.0
single_shape,TinyCNN,2002,template_retention_1,200,contrast,1,True,0.1777869512538537,0.0572916679084301,0.0572916679084301,0.0572916679084301,0.046362422030939876,0.0016276042588287964,0.1314245292229138,1.0
single_shape,TinyCNN,2002,template_retention_1,200,auroc,1,True,0.1777869512538537,0.0572916679084301,0.0572916679084301,0.0572916679084301,0.046362422030939876,0.0016276042588287964,0.1314245292229138,1.0
single_shape,TinyCNN,2002,template_retention_1,200,validation_patch,1,True,0.2821935869313519,0.1276041716337204,0.1276041716337204,0.1276041716337204,0.046362422030939876,0.0016276042588287964,0.235831164900412,1.0
single_shape,TinyCNN,2002,template_retention_1,200,contrast,2,True,0.3640617819505494,0.1471354216337204,0.1471354216337204,0.1471354216337204,0.09717927837787861,0.005208333503105678,0.2668825035726708,1.0
single_shape,TinyCNN,2002,template_retention_1,200,auroc,2,True,0.4512737462450981,0.2630208432674408,0.2630208432674408,0.2630208432674408,0.09717927837787861,0.005208333503105678,0.3540944678672195,1.0
single_shape,TinyCNN,2002,template_retention_1,200,validation_patch,2,True,0.48858212609322216,0.3190104365348816,0.3190104365348816,0.3190104365348816,0.09717927837787861,0.005208333503105678,0.39140284771534356,1.0
single_shape,TinyCNN,2002,template_retention_1,200,contrast,4,True,0.6342179091208869,0.5260416865348816,0.5260416865348816,0.5260416865348816,0.2861074825561305,0.08805338805541396,0.34811042656475644,1.0
single_shape,TinyCNN,2002,template_retention_1,200,auroc,4,True,0.6564541517754439,0.5325521230697632,0.5325521230697632,0.5325521230697632,0.2861074825561305,0.08805338805541396,0.37034666921931336,1.0
single_shape,TinyCNN,2002,template_retention_1,200,validation_patch,4,True,0.6905424722223319,0.5325521230697632,0.5325521230697632,0.5325521230697632,0.2861074825561305,0.08805338805541396,0.4044349896662014,1.0
single_shape,TinyCNN,2002,template_retention_1,200,contrast,8,True,0.908417216087656,0.890625,0.890625,0.890625,0.6223900136939055,0.4440104328095913,0.28602720239375057,1.0
single_shape,TinyCNN,2002,template_retention_1,200,auroc,8,True,0.908417216087656,0.890625,0.890625,0.890625,0.6223900136939055,0.4440104328095913,0.28602720239375057,1.0
single_shape,TinyCNN,2002,template_retention_1,200,validation_patch,8,True,0.9156194783966519,0.87109375,0.87109375,0.87109375,0.6223900136939055,0.4440104328095913,0.29322946470274647,1.0
single_shape,TinyCNN,2003,template_release,200,contrast,1,True,0.010488927765313183,0.0,0.0,0.0,0.010007113518623587,0.0,0.0004818142466895964,1.0
single_shape,TinyCNN,2003,template_release,200,auroc,1,True,0.028784984366475364,0.0013020833721384406,0.0013020833721384406,0.0013020833721384406,0.010007113518623587,0.0,0.018777870847851777,1.0
single_shape,TinyCNN,2003,template_release,200,validation_patch,1,True,0.08049844242762294,0.006510416977107525,0.006510416977107525,0.006510416977107525,0.010007113518623587,0.0,0.07049132890899935,1.0
single_shape,TinyCNN,2003,template_release,200,contrast,2,True,0.07211619512411283,0.0078125,0.0078125,0.0078125,0.03666858894635791,0.0060221354506211355,0.035447606177754915,1.0
single_shape,TinyCNN,2003,template_release,200,auroc,2,True,0.16685612501168057,0.1106770858168602,0.1106770858168602,0.1106770858168602,0.03666858894635791,0.0060221354506211355,0.13018753606532266,1.0
single_shape,TinyCNN,2003,template_release,200,validation_patch,2,True,0.31906984943841654,0.2291666716337204,0.2291666716337204,0.2291666716337204,0.03666858894635791,0.0060221354506211355,0.2824012604920586,1.0
single_shape,TinyCNN,2003,template_release,200,contrast,4,True,0.4779951357372707,0.3776041865348816,0.3776041865348816,0.3776041865348816,0.1973106307646314,0.10904948198003694,0.2806845049726393,1.0
single_shape,TinyCNN,2003,template_release,200,auroc,4,True,0.4779951357372707,0.3776041865348816,0.3776041865348816,0.3776041865348816,0.1973106307646314,0.10904948198003694,0.2806845049726393,1.0
single_shape,TinyCNN,2003,template_release,200,validation_patch,4,True,0.5152039519084075,0.4153645932674408,0.4153645932674408,0.4153645932674408,0.1973106307646314,0.10904948198003694,0.3178933211437761,1.0
single_shape,TinyCNN,2003,template_release,200,contrast,8,True,0.9152109281500099,0.8893229365348816,0.8893229365348816,0.8893229365348816,0.5850591277618772,0.4433593824505806,0.33015180038813274,1.0
single_shape,TinyCNN,2003,template_release,200,auroc,8,True,0.8955201350067322,0.8567708730697632,0.8567708730697632,0.8567708730697632,0.5850591277618772,0.4433593824505806,0.31046100724485504,1.0
single_shape,TinyCNN,2003,template_release,200,validation_patch,8,True,0.9387732343365314,0.90234375,0.90234375,0.90234375,0.5850591277618772,0.4433593824505806,0.3537141065746542,1.0
single_shape,TinyCNN,2003,template_retention_1,200,contrast,1,True,0.08194420838060557,0.0013020833721384406,0.0013020833721384406,0.0013020833721384406,0.04971463123025412,0.00032552084303461015,0.03222957715035145,1.0
single_shape,TinyCNN,2003,template_retention_1,200,auroc,1,True,0.16715219110241786,0.014322916977107525,0.014322916977107525,0.014322916977107525,0.04971463123025412,0.00032552084303461015,0.11743755987216374,1.0
single_shape,TinyCNN,2003,template_retention_1,200,validation_patch,1,True,0.19657788894493922,0.015625,0.015625,0.015625,0.04971463123025412,0.00032552084303461015,0.1468632577146851,1.0
single_shape,TinyCNN,2003,template_retention_1,200,contrast,2,True,0.28516759149672344,0.1080729216337204,0.1080729216337204,0.1080729216337204,0.11832374325338194,0.011718750087311491,0.1668438482433415,1.0
single_shape,TinyCNN,2003,template_retention_1,200,auroc,2,True,0.35211672772347125,0.1731770932674408,0.1731770932674408,0.1731770932674408,0.11832374325338194,0.011718750087311491,0.2337929844700893,1.0
single_shape,TinyCNN,2003,template_retention_1,200,validation_patch,2,True,0.37725000709812095,0.2825520932674408,0.2825520932674408,0.2825520932674408,0.11832374325338194,0.011718750087311491,0.25892626384473905,1.0
single_shape,TinyCNN,2003,template_retention_1,200,contrast,4,True,0.6610279469550617,0.5481771230697632,0.5481771230697632,0.5481771230697632,0.3141176605429654,0.12288411676126998,0.3469102864120963,1.0
single_shape,TinyCNN,2003,template_retention_1,200,auroc,4,True,0.6610279469550617,0.5481771230697632,0.5481771230697632,0.5481771230697632,0.3141176605429654,0.12288411676126998,0.3469102864120963,1.0
single_shape,TinyCNN,2003,template_retention_1,200,validation_patch,4,True,0.5923404760524957,0.4140625,0.4140625,0.4140625,0.3141176605429654,0.12288411676126998,0.2782228155095303,1.0
single_shape,TinyCNN,2003,template_retention_1,200,contrast,8,True,0.9082276470934848,0.8671875,0.8671875,0.8671875,0.6444120693288056,0.4692382961511612,0.26381557776467923,1.0
single_shape,TinyCNN,2003,template_retention_1,200,auroc,8,True,0.9082276470934848,0.8671875,0.8671875,0.8671875,0.6444120693288056,0.4692382961511612,0.26381557776467923,1.0
single_shape,TinyCNN,2003,template_retention_1,200,validation_patch,8,True,0.923711717791936,0.8958333730697632,0.8958333730697632,0.8958333730697632,0.6444120693288056,0.4692382961511612,0.2792996484631304,1.0
single_shape,TinyCNN,2004,template_release,200,contrast,1,True,0.016612423108716134,0.0,0.0,0.0,0.014188830970755864,0.0,0.0024235921379602704,1.0
single_shape,TinyCNN,2004,template_release,200,auroc,1,True,0.024909510476167296,0.0,0.0,0.0,0.014188830970755864,0.0,0.010720679505411432,1.0
single_shape,TinyCNN,2004,template_release,200,validation_patch,1,True,0.05940541995911086,0.0,0.0,0.0,0.014188830970755864,0.0,0.045216588988355,1.0
single_shape,TinyCNN,2004,template_release,200,contrast,2,True,0.149043032866922,0.08984375,0.08984375,0.08984375,0.06262858900692349,0.016927083503105678,0.08641444385999851,1.0
single_shape,TinyCNN,2004,template_release,200,auroc,2,True,0.15060022743236412,0.0885416716337204,0.0885416716337204,0.0885416716337204,0.06262858900692349,0.016927083503105678,0.08797163842544063,1.0
single_shape,TinyCNN,2004,template_release,200,validation_patch,2,True,0.32139916364821486,0.2513020932674408,0.2513020932674408,0.2513020932674408,0.06262858900692349,0.016927083503105678,0.2587705746412914,1.0
single_shape,TinyCNN,2004,template_release,200,contrast,4,True,0.5939486311478611,0.4947916865348816,0.4947916865348816,0.4947916865348816,0.16785882705856064,0.06722005270421505,0.4260898040893005,1.0
single_shape,TinyCNN,2004,template_release,200,auroc,4,True,0.5939486311478611,0.4947916865348816,0.4947916865348816,0.4947916865348816,0.16785882705856064,0.06722005270421505,0.4260898040893005,1.0
single_shape,TinyCNN,2004,template_release,200,validation_patch,4,True,0.6063685704095896,0.5494791865348816,0.5494791865348816,0.5494791865348816,0.16785882705856064,0.06722005270421505,0.43850974335102894,1.0
single_shape,TinyCNN,2004,template_release,200,contrast,8,True,0.9232311673180589,0.8958333730697632,0.8958333730697632,0.8958333730697632,0.5963611582082786,0.4819336049258709,0.32687000910978026,1.0
single_shape,TinyCNN,2004,template_release,200,auroc,8,True,0.9232311673180589,0.8958333730697632,0.8958333730697632,0.8958333730697632,0.5963611582082786,0.4819336049258709,0.32687000910978026,1.0
single_shape,TinyCNN,2004,template_release,200,validation_patch,8,True,0.93490957130408,0.9127604365348816,0.9127604365348816,0.9127604365348816,0.5963611582082786,0.4819336049258709,0.3385484130958014,1.0
single_shape,TinyCNN,2004,template_retention_1,200,contrast,1,True,0.14986862590895011,0.010416666977107525,0.010416666977107525,0.010416666977107525,0.08963266916028646,0.009765625101863407,0.06023595674866365,1.0
single_shape,TinyCNN,2004,template_retention_1,200,auroc,1,True,0.14986862590895011,0.010416666977107525,0.010416666977107525,0.010416666977107525,0.08963266916028646,0.009765625101863407,0.06023595674866365,1.0
single_shape,TinyCNN,2004,template_retention_1,200,validation_patch,1,True,0.2465192081701053,0.0416666679084301,0.0416666679084301,0.0416666679084301,0.08963266916028646,0.009765625101863407,0.15688653900981886,1.0
single_shape,TinyCNN,2004,template_retention_1,200,contrast,2,True,0.33360495942877444,0.1419270932674408,0.1419270932674408,0.1419270932674408,0.17251352075888646,0.05045573029201478,0.16109143866988798,1.0
single_shape,TinyCNN,2004,template_retention_1,200,auroc,2,True,0.33360495942877444,0.1419270932674408,0.1419270932674408,0.1419270932674408,0.17251352075888646,0.05045573029201478,0.16109143866988798,1.0
single_shape,TinyCNN,2004,template_retention_1,200,validation_patch,2,True,0.4661086383773716,0.3359375,0.3359375,0.3359375,0.17251352075888646,0.05045573029201478,0.2935951176184851,1.0
single_shape,TinyCNN,2004,template_retention_1,200,contrast,4,True,0.625702884522082,0.4973958432674408,0.4973958432674408,0.4973958432674408,0.32601366026434636,0.1171875037252903,0.29968922425773564,1.0
single_shape,TinyCNN,2004,template_retention_1,200,auroc,4,True,0.6576804479421638,0.51953125,0.51953125,0.51953125,0.32601366026434636,0.1171875037252903,0.3316667876778175,1.0
single_shape,TinyCNN,2004,template_retention_1,200,validation_patch,4,True,0.6315301398063351,0.4609375,0.4609375,0.4609375,0.32601366026434636,0.1171875037252903,0.30551647954198874,1.0
single_shape,TinyCNN,2004,template_retention_1,200,contrast,8,True,0.8951403147270264,0.8463541865348816,0.8463541865348816,0.8463541865348816,0.6768954838783641,0.49316407553851604,0.2182448308486623,1.0
single_shape,TinyCNN,2004,template_retention_1,200,auroc,8,True,0.8967305512023251,0.8502604365348816,0.8502604365348816,0.8502604365348816,0.6768954838783641,0.49316407553851604,0.21983506732396108,1.0
single_shape,TinyCNN,2004,template_retention_1,200,validation_patch,8,True,0.9295007054119702,0.9036458730697632,0.9036458730697632,0.9036458730697632,0.6768954838783641,0.49316407553851604,0.2526052215336061,1.0
single_shape,TinyCNN,2005,template_release,200,contrast,1,True,0.0179601470695806,0.0,0.0,0.0,0.020687902618874973,0.0014648437791038305,-0.0027277555492943723,1.0
single_shape,TinyCNN,2005,template_release,200,auroc,1,True,0.04700816372511174,0.0026041667442768812,0.0026041667442768812,0.0026041667442768812,0.020687902618874973,0.0014648437791038305,0.026320261106236767,1.0
single_shape,TinyCNN,2005,template_release,200,validation_patch,1,True,0.10641892990508217,0.00911458395421505,0.00911458395421505,0.00911458395421505,0.020687902618874973,0.0014648437791038305,0.0857310272862072,1.0
single_shape,TinyCNN,2005,template_release,200,contrast,2,True,0.14899944524921271,0.09765625,0.09765625,0.09765625,0.04018367116872078,0.0016276042588287964,0.10881577408049194,1.0
single_shape,TinyCNN,2005,template_release,200,auroc,2,True,0.15301341928424217,0.0924479216337204,0.0924479216337204,0.0924479216337204,0.04018367116872078,0.0016276042588287964,0.11282974811552139,1.0
single_shape,TinyCNN,2005,template_release,200,validation_patch,2,True,0.293727815287981,0.2291666716337204,0.2291666716337204,0.2291666716337204,0.04018367116872078,0.0016276042588287964,0.2535441441192602,1.0
single_shape,TinyCNN,2005,template_release,200,contrast,4,True,0.4091269793157206,0.2916666865348816,0.2916666865348816,0.2916666865348816,0.1662926909797233,0.06624349245976191,0.24283428833599732,1.0
single_shape,TinyCNN,2005,template_release,200,auroc,4,True,0.4089024373303841,0.3072916865348816,0.3072916865348816,0.3072916865348816,0.1662926909797233,0.06624349245976191,0.24260974635066082,1.0
single_shape,TinyCNN,2005,template_release,200,validation_patch,4,True,0.5087465386288895,0.3815104365348816,0.3815104365348816,0.3815104365348816,0.1662926909797233,0.06624349245976191,0.3424538476491662,1.0
single_shape,TinyCNN,2005,template_release,200,contrast,8,True,0.8916922255639665,0.8463541865348816,0.8463541865348816,0.8463541865348816,0.6759064517661092,0.5734049640595913,0.21578577379785735,1.0
single_shape,TinyCNN,2005,template_release,200,auroc,8,True,0.8718277372342482,0.8190104365348816,0.8190104365348816,0.8190104365348816,0.6759064517661092,0.5734049640595913,0.19592128546813903,1.0
single_shape,TinyCNN,2005,template_release,200,validation_patch,8,True,0.9165922475725338,0.8763021230697632,0.8763021230697632,0.8763021230697632,0.6759064517661092,0.5734049640595913,0.24068579580642457,1.0
single_shape,TinyCNN,2005,template_retention_1,200,contrast,1,True,0.17027493676563543,0.04296875,0.04296875,0.04296875,0.06994066785808907,0.017089843764551915,0.10033426890754636,1.0
single_shape,TinyCNN,2005,template_retention_1,200,auroc,1,True,0.17027493676563543,0.04296875,0.04296875,0.04296875,0.06994066785808907,0.017089843764551915,0.10033426890754636,1.0
single_shape,TinyCNN,2005,template_retention_1,200,validation_patch,1,True,0.2734533256463103,0.1002604216337204,0.1002604216337204,0.1002604216337204,0.06994066785808907,0.017089843764551915,0.20351265778822125,1.0
single_shape,TinyCNN,2005,template_retention_1,200,contrast,2,True,0.33677793996382066,0.1354166716337204,0.1354166716337204,0.1354166716337204,0.12740954806655164,0.014811198037932627,0.20936839189726902,1.0
single_shape,TinyCNN,2005,template_retention_1,200,auroc,2,True,0.355309156256605,0.1471354216337204,0.1471354216337204,0.1471354216337204,0.12740954806655164,0.014811198037932627,0.22789960819005334,1.0
single_shape,TinyCNN,2005,template_retention_1,200,validation_patch,2,True,0.47607453766227836,0.3216145932674408,0.3216145932674408,0.3216145932674408,0.12740954806655164,0.014811198037932627,0.3486649895957267,1.0
single_shape,TinyCNN,2005,template_retention_1,200,contrast,4,True,0.6227257459372727,0.4635416865348816,0.4635416865348816,0.4635416865348816,0.286663490477386,0.0984700542758219,0.3360622554598867,1.0
single_shape,TinyCNN,2005,template_retention_1,200,auroc,4,True,0.6690651733202084,0.5221354365348816,0.5221354365348816,0.5221354365348816,0.286663490477386,0.0984700542758219,0.38240168284282244,1.0
single_shape,TinyCNN,2005,template_retention_1,200,validation_patch,4,True,0.7219140935481598,0.5677083730697632,0.5677083730697632,0.5677083730697632,0.286663490477386,0.0984700542758219,0.43525060307077384,1.0
single_shape,TinyCNN,2005,template_retention_1,200,contrast,8,True,0.8877239126616582,0.8541666865348816,0.8541666865348816,0.8541666865348816,0.679398987009791,0.5190429836511612,0.20832492565186722,1.0
single_shape,TinyCNN,2005,template_retention_1,200,auroc,8,True,0.8860489462262306,0.8541666865348816,0.8541666865348816,0.8541666865348816,0.679398987009791,0.5190429836511612,0.2066499592164397,1.0
single_shape,TinyCNN,2005,template_retention_1,200,validation_patch,8,True,0.9459575094342992,0.9388021230697632,0.9388021230697632,0.9388021230697632,0.679398987009791,0.5190429836511612,0.2665585224245083,1.0
single_shape,TinyCNN,2006,template_release,200,contrast,1,True,0.007748253573203856,0.0,0.0,0.0,0.005948246552070449,0.0,0.0018000070211334068,1.0
single_shape,TinyCNN,2006,template_release,200,auroc,1,True,0.046869912984432105,0.0013020833721384406,0.0013020833721384406,0.0013020833721384406,0.005948246552070449,0.0,0.040921666432361656,1.0
single_shape,TinyCNN,2006,template_release,200,validation_patch,1,True,0.14783990340972208,0.0455729179084301,0.0455729179084301,0.0455729179084301,0.005948246552070449,0.0,0.14189165685765165,1.0
single_shape,TinyCNN,2006,template_release,200,contrast,2,True,0.1432503583903907,0.09765625,0.09765625,0.09765625,0.04984486781594179,0.009928385654347949,0.0934054905744489,1.0
single_shape,TinyCNN,2006,template_release,200,auroc,2,True,0.08628532187168025,0.01302083395421505,0.01302083395421505,0.01302083395421505,0.04984486781594179,0.009928385654347949,0.036440454055738467,1.0
single_shape,TinyCNN,2006,template_release,200,validation_patch,2,True,0.26128474879971475,0.1770833432674408,0.1770833432674408,0.1770833432674408,0.04984486781594179,0.009928385654347949,0.21143988098377298,1.0
single_shape,TinyCNN,2006,template_release,200,contrast,4,True,0.5424522094048243,0.4010416865348816,0.4010416865348816,0.4010416865348816,0.14178931542185552,0.037923178024357185,0.4006628939829688,1.0
single_shape,TinyCNN,2006,template_release,200,auroc,4,True,0.5424522094048243,0.4010416865348816,0.4010416865348816,0.4010416865348816,0.14178931542185552,0.037923178024357185,0.4006628939829688,1.0
single_shape,TinyCNN,2006,template_release,200,validation_patch,4,True,0.5687170994575613,0.421875,0.421875,0.421875,0.14178931542185552,0.037923178024357185,0.4269277840357058,1.0
single_shape,TinyCNN,2006,template_release,200,contrast,8,True,0.9312164813012629,0.9166666865348816,0.9166666865348816,0.9166666865348816,0.6147888293927088,0.4881185069680214,0.31642765190855404,1.0
single_shape,TinyCNN,2006,template_release,200,auroc,8,True,0.9431151234252744,0.92578125,0.92578125,0.92578125,0.6147888293927088,0.4881185069680214,0.3283262940325655,1.0
single_shape,TinyCNN,2006,template_release,200,validation_patch,8,True,0.9856825408335816,0.98828125,0.98828125,0.98828125,0.6147888293927088,0.4881185069680214,0.3708937114408728,1.0
single_shape,TinyCNN,2006,template_retention_1,200,contrast,1,True,0.07559028494407594,0.0,0.0,0.0,0.0402242208014765,0.0009765625291038305,0.035366064142599435,1.0
single_shape,TinyCNN,2006,template_retention_1,200,auroc,1,True,0.134085025551124,0.01302083395421505,0.01302083395421505,0.01302083395421505,0.0402242208014765,0.0009765625291038305,0.0938608047496475,1.0
single_shape,TinyCNN,2006,template_retention_1,200,validation_patch,1,True,0.2810910483686938,0.0807291716337204,0.0807291716337204,0.0807291716337204,0.0402242208014765,0.0009765625291038305,0.2408668275672173,1.0
single_shape,TinyCNN,2006,template_retention_1,200,contrast,2,True,0.30682017217059654,0.1236979216337204,0.1236979216337204,0.1236979216337204,0.12191863027193005,0.018554687951109372,0.18490154189866648,1.0
single_shape,TinyCNN,2006,template_retention_1,200,auroc,2,True,0.2754785537261242,0.1015625,0.1015625,0.1015625,0.12191863027193005,0.018554687951109372,0.1535599234541941,1.0
single_shape,TinyCNN,2006,template_retention_1,200,validation_patch,2,True,0.45032587617010056,0.28515625,0.28515625,0.28515625,0.12191863027193005,0.018554687951109372,0.3284072458981705,1.0
single_shape,TinyCNN,2006,template_retention_1,200,contrast,4,True,0.7006078810882781,0.5703125,0.5703125,0.5703125,0.24018364161254063,0.04850260561215691,0.46042423947573746,1.0
single_shape,TinyCNN,2006,template_retention_1,200,auroc,4,True,0.7006078810882781,0.5703125,0.5703125,0.5703125,0.24018364161254063,0.04850260561215691,0.46042423947573746,1.0
single_shape,TinyCNN,2006,template_retention_1,200,validation_patch,4,True,0.7033917310843537,0.4973958432674408,0.4973958432674408,0.4973958432674408,0.24018364161254063,0.04850260561215691,0.4632080894718131,1.0
single_shape,TinyCNN,2006,template_retention_1,200,contrast,8,True,0.9168639898850536,0.8854166865348816,0.8854166865348816,0.8854166865348816,0.6513718036290936,0.4889323003590107,0.26549218625595994,1.0
single_shape,TinyCNN,2006,template_retention_1,200,auroc,8,True,0.9038834321877265,0.8619791865348816,0.8619791865348816,0.8619791865348816,0.6513718036290936,0.4889323003590107,0.25251162855863285,1.0
single_shape,TinyCNN,2006,template_retention_1,200,validation_patch,8,True,0.9530885751833511,0.9518229365348816,0.9518229365348816,0.9518229365348816,0.6513718036290936,0.4889323003590107,0.30171677155425747,1.0
single_shape,TinyCNN,2007,template_release,200,contrast,1,True,0.014968160158305932,0.0013020833721384406,0.0013020833721384406,0.0013020833721384406,0.007220370613435376,0.0004882812645519152,0.007747789544870556,1.0
single_shape,TinyCNN,2007,template_release,200,auroc,1,True,0.04583003851869438,0.010416666977107525,0.010416666977107525,0.010416666977107525,0.007220370613435376,0.0004882812645519152,0.03860966790525901,1.0
single_shape,TinyCNN,2007,template_release,200,validation_patch,1,True,0.10212105976718511,0.010416666977107525,0.010416666977107525,0.010416666977107525,0.007220370613435376,0.0004882812645519152,0.09490068915374973,1.0
single_shape,TinyCNN,2007,template_release,200,contrast,2,True,0.07541234094591387,0.0234375,0.0234375,0.0234375,0.03728575911239307,0.008951823154347949,0.0381265818335208,1.0
single_shape,TinyCNN,2007,template_release,200,auroc,2,True,0.17996661863654662,0.1276041716337204,0.1276041716337204,0.1276041716337204,0.03728575911239307,0.008951823154347949,0.14268085952415355,1.0
single_shape,TinyCNN,2007,template_release,200,validation_patch,2,True,0.3073222767308903,0.2044270932674408,0.2044270932674408,0.2044270932674408,0.03728575911239307,0.008951823154347949,0.27003651761849723,1.0
single_shape,TinyCNN,2007,template_release,200,contrast,4,True,0.41098977629229827,0.3372395932674408,0.3372395932674408,0.3372395932674408,0.16353181581588425,0.06738281506113708,0.24745796047641402,1.0
single_shape,TinyCNN,2007,template_release,200,auroc,4,True,0.5024906218718073,0.4296875,0.4296875,0.4296875,0.16353181581588425,0.06738281506113708,0.338958806055923,1.0
single_shape,TinyCNN,2007,template_release,200,validation_patch,4,True,0.5439637248970599,0.39453125,0.39453125,0.39453125,0.16353181581588425,0.06738281506113708,0.38043190908117563,1.0
single_shape,TinyCNN,2007,template_release,200,contrast,8,True,0.8787065253777051,0.828125,0.828125,0.828125,0.5658513384472297,0.4296875149011612,0.3128551869304754,1.0
single_shape,TinyCNN,2007,template_release,200,auroc,8,True,0.8787065253777051,0.828125,0.828125,0.828125,0.5658513384472297,0.4296875149011612,0.3128551869304754,1.0
single_shape,TinyCNN,2007,template_release,200,validation_patch,8,True,0.9794723881263964,0.98046875,0.98046875,0.98046875,0.5658513384472297,0.4296875149011612,0.4136210496791667,1.0
single_shape,TinyCNN,2007,template_retention_1,200,contrast,1,True,0.0974008721913332,0.006510416977107525,0.006510416977107525,0.006510416977107525,0.03866409856634867,0.0011393229506211355,0.05873677362498453,1.0
single_shape,TinyCNN,2007,template_retention_1,200,auroc,1,True,0.11895770485753776,0.00911458395421505,0.00911458395421505,0.00911458395421505,0.03866409856634867,0.0011393229506211355,0.08029360629118909,1.0
single_shape,TinyCNN,2007,template_retention_1,200,validation_patch,1,True,0.20172421758857784,0.04296875,0.04296875,0.04296875,0.03866409856634867,0.0011393229506211355,0.16306011902222917,1.0
single_shape,TinyCNN,2007,template_retention_1,200,contrast,2,True,0.2810842408685543,0.1419270932674408,0.1419270932674408,0.1419270932674408,0.11030008187198907,0.014973958765040152,0.17078415899656524,1.0
single_shape,TinyCNN,2007,template_retention_1,200,auroc,2,True,0.2810842408685543,0.1419270932674408,0.1419270932674408,0.1419270932674408,0.11030008187198907,0.014973958765040152,0.17078415899656524,1.0
single_shape,TinyCNN,2007,template_retention_1,200,validation_patch,2,True,0.34469969253920685,0.1666666716337204,0.1666666716337204,0.1666666716337204,0.11030008187198907,0.014973958765040152,0.23439961066721776,1.0
single_shape,TinyCNN,2007,template_retention_1,200,contrast,4,True,0.6589185696330084,0.45703125,0.45703125,0.45703125,0.2917230618153712,0.0895182317472063,0.3671955078176372,1.0
single_shape,TinyCNN,2007,template_retention_1,200,auroc,4,True,0.6602975920217613,0.4609375,0.4609375,0.4609375,0.2917230618153712,0.0895182317472063,0.3685745302063901,1.0
single_shape,TinyCNN,2007,template_retention_1,200,validation_patch,4,True,0.6048691176118559,0.375,0.375,0.375,0.2917230618153712,0.0895182317472063,0.3131460557964847,1.0
single_shape,TinyCNN,2007,template_retention_1,200,contrast,8,True,0.9069756614308063,0.859375,0.859375,0.859375,0.6206360572376917,0.4358724132180214,0.28633960419311466,1.0
single_shape,TinyCNN,2007,template_retention_1,200,auroc,8,True,0.9069756614308063,0.859375,0.859375,0.859375,0.6206360572376917,0.4358724132180214,0.28633960419311466,1.0
single_shape,TinyCNN,2007,template_retention_1,200,validation_patch,8,True,0.9409797996554697,0.90234375,0.90234375,0.90234375,0.6206360572376917,0.4358724132180214,0.3203437424177781,1.0
single_shape,TinyCNN,2008,template_release,200,contrast,1,True,0.02100147238531236,0.0,0.0,0.0,0.02419138978793095,0.0022786459885537624,-0.0031899174026185917,1.0
single_shape,TinyCNN,2008,template_release,200,auroc,1,True,0.06499648675447056,0.00911458395421505,0.00911458395421505,0.00911458395421505,0.02419138978793095,0.0022786459885537624,0.04080509696653961,1.0
single_shape,TinyCNN,2008,template_release,200,validation_patch,1,True,0.16319852036029303,0.0638020858168602,0.0638020858168602,0.0638020858168602,0.02419138978793095,0.0022786459885537624,0.13900713057236208,1.0
single_shape,TinyCNN,2008,template_release,200,contrast,2,True,0.07694368824335474,0.01171875,0.01171875,0.01171875,0.04514297817935879,0.004882812616415322,0.03180071006399594,1.0
single_shape,TinyCNN,2008,template_release,200,auroc,2,True,0.16929518099554053,0.08984375,0.08984375,0.08984375,0.04514297817935879,0.004882812616415322,0.12415220281618174,1.0
single_shape,TinyCNN,2008,template_release,200,validation_patch,2,True,0.28431384822201533,0.1901041716337204,0.1901041716337204,0.1901041716337204,0.04514297817935879,0.004882812616415322,0.23917087004265652,1.0
single_shape,TinyCNN,2008,template_release,200,contrast,4,True,0.4555200887347276,0.296875,0.296875,0.296875,0.151953456398039,0.06461588683305308,0.30356663233668857,1.0
single_shape,TinyCNN,2008,template_release,200,auroc,4,True,0.5292831984048036,0.3684895932674408,0.3684895932674408,0.3684895932674408,0.151953456398039,0.06461588683305308,0.3773297420067646,1.0
single_shape,TinyCNN,2008,template_release,200,validation_patch,4,True,0.47623242855625025,0.3489583432674408,0.3489583432674408,0.3489583432674408,0.151953456398039,0.06461588683305308,0.3242789721582112,1.0
single_shape,TinyCNN,2008,template_release,200,contrast,8,True,0.920098079575573,0.9075521230697632,0.9075521230697632,0.9075521230697632,0.6422801444972689,0.5174153819680214,0.2778179350783041,1.0
single_shape,TinyCNN,2008,template_release,200,auroc,8,True,0.9307342037162402,0.91796875,0.91796875,0.91796875,0.6422801444972689,0.5174153819680214,0.28845405921897127,1.0
single_shape,TinyCNN,2008,template_release,200,validation_patch,8,True,0.9609198555308178,0.953125,0.953125,0.953125,0.6422801444972689,0.5174153819680214,0.31863971103354893,1.0
single_shape,TinyCNN,2008,template_retention_1,200,contrast,1,True,0.10712596889636994,0.0,0.0,0.0,0.06222226504778372,0.005533854477107525,0.04490370384858622,1.0
single_shape,TinyCNN,2008,template_retention_1,200,auroc,1,True,0.22057327830696105,0.0807291716337204,0.0807291716337204,0.0807291716337204,0.06222226504778372,0.005533854477107525,0.15835101325917733,1.0
single_shape,TinyCNN,2008,template_retention_1,200,validation_patch,1,True,0.2692079834261242,0.0833333358168602,0.0833333358168602,0.0833333358168602,0.06222226504778372,0.005533854477107525,0.20698571837834046,1.0
single_shape,TinyCNN,2008,template_retention_1,200,contrast,2,True,0.38444039966603727,0.2005208432674408,0.2005208432674408,0.2005208432674408,0.12118647163522438,0.009440104273380712,0.2632539280308129,1.0
single_shape,TinyCNN,2008,template_retention_1,200,auroc,2,True,0.38444039966603727,0.2005208432674408,0.2005208432674408,0.2005208432674408,0.12118647163522438,0.009440104273380712,0.2632539280308129,1.0
single_shape,TinyCNN,2008,template_retention_1,200,validation_patch,2,True,0.4220893894749599,0.25,0.25,0.25,0.12118647163522438,0.009440104273380712,0.3009029178397355,1.0
single_shape,TinyCNN,2008,template_retention_1,200,contrast,4,True,0.6783220427255926,0.5390625,0.5390625,0.5390625,0.280642522206332,0.07356770968181081,0.3976795205192606,1.0
single_shape,TinyCNN,2008,template_retention_1,200,auroc,4,True,0.673636790468334,0.5221354365348816,0.5221354365348816,0.5221354365348816,0.280642522206332,0.07356770968181081,0.392994268262002,1.0
single_shape,TinyCNN,2008,template_retention_1,200,validation_patch,4,True,0.6481405684498847,0.4622395932674408,0.4622395932674408,0.4622395932674408,0.280642522206332,0.07356770968181081,0.36749804624355265,1.0
single_shape,TinyCNN,2008,template_retention_1,200,contrast,8,True,0.9136563632680174,0.8997396230697632,0.8997396230697632,0.8997396230697632,0.6618538126127287,0.48942059092223644,0.25180255065528867,1.0
single_shape,TinyCNN,2008,template_retention_1,200,auroc,8,True,0.9140001822163724,0.8997396230697632,0.8997396230697632,0.8997396230697632,0.6618538126127287,0.48942059092223644,0.25214636960364367,1.0
single_shape,TinyCNN,2008,template_retention_1,200,validation_patch,8,True,0.9537762401643428,0.96484375,0.96484375,0.96484375,0.6618538126127287,0.48942059092223644,0.2919224275516141,1.0
single_shape,TinyCNN,2009,template_release,200,contrast,1,True,0.07050478782652436,0.0234375,0.0234375,0.0234375,0.020384013426703,0.005859375,0.05012077439982136,1.0
single_shape,TinyCNN,2009,template_release,200,auroc,1,True,0.06991312680618222,0.0234375,0.0234375,0.0234375,0.020384013426703,0.005859375,0.049529113379479225,1.0
single_shape,TinyCNN,2009,template_release,200,validation_patch,1,True,0.16451929888048789,0.02473958395421505,0.02473958395421505,0.02473958395421505,0.020384013426703,0.005859375,0.1441352854537849,1.0
single_shape,TinyCNN,2009,template_release,200,contrast,2,True,0.1444323390669192,0.0638020858168602,0.0638020858168602,0.0638020858168602,0.04429051326052143,0.014322916671517305,0.10014182580639779,1.0
single_shape,TinyCNN,2009,template_release,200,auroc,2,True,0.1444323390669192,0.0638020858168602,0.0638020858168602,0.0638020858168602,0.04429051326052143,0.014322916671517305,0.10014182580639779,1.0
single_shape,TinyCNN,2009,template_release,200,validation_patch,2,True,0.3441343350426298,0.2369791716337204,0.2369791716337204,0.2369791716337204,0.04429051326052143,0.014322916671517305,0.2998438217821084,1.0
single_shape,TinyCNN,2009,template_release,200,contrast,4,True,0.539553385356514,0.4427083432674408,0.4427083432674408,0.4427083432674408,0.1655627260133869,0.08268229279201478,0.3739906593431271,1.0
single_shape,TinyCNN,2009,template_release,200,auroc,4,True,0.546847089191395,0.4401041865348816,0.4401041865348816,0.4401041865348816,0.1655627260133869,0.08268229279201478,0.3812843631780081,1.0
single_shape,TinyCNN,2009,template_release,200,validation_patch,4,True,0.5964427113008619,0.5143229365348816,0.5143229365348816,0.5143229365348816,0.1655627260133869,0.08268229279201478,0.430879985287475,1.0
single_shape,TinyCNN,2009,template_release,200,contrast,8,True,0.9456911957359342,0.9205729365348816,0.9205729365348816,0.9205729365348816,0.5628398572041327,0.4446614719927311,0.38285133853180153,1.0
single_shape,TinyCNN,2009,template_release,200,auroc,8,True,0.9029203327674176,0.87890625,0.87890625,0.87890625,0.5628398572041327,0.4446614719927311,0.3400804755632849,1.0
single_shape,TinyCNN,2009,template_release,200,validation_patch,8,True,0.8817317782521545,0.8307291865348816,0.8307291865348816,0.8307291865348816,0.5628398572041327,0.4446614719927311,0.3188919210480219,1.0
single_shape,TinyCNN,2009,template_retention_1,200,contrast,1,True,0.19987957277376622,0.06640625,0.06640625,0.06640625,0.05459275219774848,0.012695312965661287,0.14528682057601774,1.0
single_shape,TinyCNN,2009,template_retention_1,200,auroc,1,True,0.19987957277376622,0.06640625,0.06640625,0.06640625,0.05459275219774848,0.012695312965661287,0.14528682057601774,1.0
single_shape,TinyCNN,2009,template_retention_1,200,validation_patch,1,True,0.3367377580981017,0.09765625,0.09765625,0.09765625,0.05459275219774848,0.012695312965661287,0.2821450059003532,1.0
single_shape,TinyCNN,2009,template_retention_1,200,contrast,2,True,0.3298640159769368,0.1354166716337204,0.1354166716337204,0.1354166716337204,0.10899627803393841,0.02180989584303461,0.2208677379429984,1.0
single_shape,TinyCNN,2009,template_retention_1,200,auroc,2,True,0.33494645151110036,0.1653645932674408,0.1653645932674408,0.1653645932674408,0.10899627803393841,0.02180989584303461,0.22595017347716195,1.0
single_shape,TinyCNN,2009,template_retention_1,200,validation_patch,2,True,0.4997727468540323,0.27734375,0.27734375,0.27734375,0.10899627803393841,0.02180989584303461,0.39077646882009387,1.0
single_shape,TinyCNN,2009,template_retention_1,200,contrast,4,True,0.5848341560268309,0.4375,0.4375,0.4375,0.2848578675571569,0.11653646128252149,0.29997628846967395,1.0
single_shape,TinyCNN,2009,template_retention_1,200,auroc,4,True,0.6189848585028495,0.4869791865348816,0.4869791865348816,0.4869791865348816,0.2848578675571569,0.11653646128252149,0.33412699094569254,1.0
single_shape,TinyCNN,2009,template_retention_1,200,validation_patch,4,True,0.6634483523057845,0.5286458730697632,0.5286458730697632,0.5286458730697632,0.2848578675571569,0.11653646128252149,0.37859048474862755,1.0
single_shape,TinyCNN,2009,template_retention_1,200,contrast,8,True,0.9371766543496591,0.9192708730697632,0.9192708730697632,0.9192708730697632,0.5997200085141274,0.4339192844927311,0.3374566458355317,1.0
single_shape,TinyCNN,2009,template_retention_1,200,auroc,8,True,0.9423513343317306,0.9283854365348816,0.9283854365348816,0.9283854365348816,0.5997200085141274,0.4339192844927311,0.34263132581760314,1.0
single_shape,TinyCNN,2009,template_retention_1,200,validation_patch,8,True,0.9176739418328753,0.8763021230697632,0.8763021230697632,0.8763021230697632,0.5997200085141274,0.4339192844927311,0.3179539333187479,1.0
single_shape,TwoLayerCNN,2000,template_release,200,contrast,1,True,0.002801216768584136,0.0,0.0,0.0,0.00139028052921919,0.0,0.001410936239364946,1.0
single_shape,TwoLayerCNN,2000,template_release,200,auroc,1,True,0.0023647007206494264,0.0,0.0,0.0,0.00139028052921919,0.0,0.0009744201914302364,1.0
single_shape,TwoLayerCNN,2000,template_release,200,validation_patch,1,True,0.0051908316983880765,0.0,0.0,0.0,0.00139028052921919,0.0,0.0038005511691688865,1.0
single_shape,TwoLayerCNN,2000,template_release,200,contrast,2,True,0.00981237769750043,0.0013020833721384406,0.0013020833721384406,0.0013020833721384406,0.006062042987438135,0.00016276042151730508,0.0037503347100622947,1.0
single_shape,TwoLayerCNN,2000,template_release,200,auroc,2,True,0.010301110107113542,0.0013020833721384406,0.0013020833721384406,0.0013020833721384406,0.006062042987438135,0.00016276042151730508,0.004239067119675408,1.0
single_shape,TwoLayerCNN,2000,template_release,200,validation_patch,2,True,0.04427740515248135,0.00390625,0.00390625,0.00390625,0.006062042987438135,0.00016276042151730508,0.03821536216504322,1.0
single_shape,TwoLayerCNN,2000,template_release,200,contrast,4,True,0.10978076132728898,0.0377604179084301,0.0377604179084301,0.0377604179084301,0.0789881320806501,0.012695313183940016,0.030792629246638878,1.0
single_shape,TwoLayerCNN,2000,template_release,200,auroc,4,True,0.05581666389665241,0.00390625,0.00390625,0.00390625,0.0789881320806501,0.012695313183940016,-0.023171468183997693,1.0
single_shape,TwoLayerCNN,2000,template_release,200,validation_patch,4,True,0.2513928077692852,0.0924479216337204,0.0924479216337204,0.0924479216337204,0.0789881320806501,0.012695313183940016,0.1724046756886351,1.0
single_shape,TwoLayerCNN,2000,template_release,200,contrast,8,True,0.639855952888106,0.5299479365348816,0.5299479365348816,0.5299479365348816,0.5503643324997818,0.4073893316090107,0.08949162038832426,1.0
single_shape,TwoLayerCNN,2000,template_release,200,auroc,8,True,0.5694006389499672,0.46484375,0.46484375,0.46484375,0.5503643324997818,0.4073893316090107,0.019036306450185392,1.0
single_shape,TwoLayerCNN,2000,template_release,200,validation_patch,8,True,0.6217702269947127,0.5846354365348816,0.5846354365348816,0.5846354365348816,0.5503643324997818,0.4073893316090107,0.07140589449493095,1.0
single_shape,TwoLayerCNN,2000,template_retention_1,200,contrast,1,True,0.0043709521633915616,0.0,0.0,0.0,0.006273197578707521,0.00016276042151730508,-0.001902245415315959,1.0
single_shape,TwoLayerCNN,2000,template_retention_1,200,auroc,1,True,0.0043709521633915616,0.0,0.0,0.0,0.006273197578707521,0.00016276042151730508,-0.001902245415315959,1.0
single_shape,TwoLayerCNN,2000,template_retention_1,200,validation_patch,1,True,0.027896402239180773,0.0,0.0,0.0,0.006273197578707521,0.00016276042151730508,0.021623204660473253,1.0
single_shape,TwoLayerCNN,2000,template_retention_1,200,contrast,2,True,0.02208919444035029,0.0013020833721384406,0.0013020833721384406,0.0013020833721384406,0.023426017608179153,0.00032552084303461015,-0.0013368231678288628,1.0
single_shape,TwoLayerCNN,2000,template_retention_1,200,auroc,2,True,0.023765159055180507,0.0013020833721384406,0.0013020833721384406,0.0013020833721384406,0.023426017608179153,0.00032552084303461015,0.00033914144700135374,1.0
single_shape,TwoLayerCNN,2000,template_retention_1,200,validation_patch,2,True,0.05705777090311859,0.00390625,0.00390625,0.00390625,0.023426017608179153,0.00032552084303461015,0.033631753294939434,1.0
single_shape,TwoLayerCNN,2000,template_retention_1,200,contrast,4,True,0.1642319033708246,0.0338541679084301,0.0338541679084301,0.0338541679084301,0.15314412416461542,0.03466796944849193,0.01108777920620918,1.0
single_shape,TwoLayerCNN,2000,template_retention_1,200,auroc,4,True,0.12649128719006086,0.0234375,0.0234375,0.0234375,0.15314412416461542,0.03466796944849193,-0.02665283697455456,1.0
single_shape,TwoLayerCNN,2000,template_retention_1,200,validation_patch,4,True,0.3078328485867321,0.13671875,0.13671875,0.13671875,0.15314412416461542,0.03466796944849193,0.15468872442211667,1.0
single_shape,TwoLayerCNN,2000,template_retention_1,200,contrast,8,True,0.6280292133229275,0.51171875,0.51171875,0.51171875,0.5261623787347522,0.36816407553851604,0.10186683458817525,1.0
single_shape,TwoLayerCNN,2000,template_retention_1,200,auroc,8,True,0.6285343686246123,0.51171875,0.51171875,0.51171875,0.5261623787347522,0.36816407553851604,0.10237198988986007,1.0
single_shape,TwoLayerCNN,2000,template_retention_1,200,validation_patch,8,True,0.5052187658160767,0.42578125,0.42578125,0.42578125,0.5261623787347522,0.36816407553851604,-0.020943612918675525,1.0
single_shape,TwoLayerCNN,2001,template_release,200,contrast,1,True,0.0009801960471947924,0.0013020833721384406,0.0026041667442768812,0.0,0.000874161193739037,0.0011393229506211355,0.00010603485345575536,0.99609375
single_shape,TwoLayerCNN,2001,template_release,200,auroc,1,True,0.0009801960471947924,0.0013020833721384406,0.0026041667442768812,0.0,0.000874161193739037,0.0011393229506211355,0.00010603485345575536,0.99609375
single_shape,TwoLayerCNN,2001,template_release,200,validation_patch,1,True,0.002672441638408629,0.0,0.0013020833721384406,0.0,0.000874161193739037,0.0011393229506211355,0.0017982804446695921,0.99609375
single_shape,TwoLayerCNN,2001,template_release,200,contrast,2,True,0.005082007074180717,0.0013020833721384406,0.0026041667442768812,0.0,0.004767565771953294,0.0011393229506211355,0.0003144413022274223,0.99609375
single_shape,TwoLayerCNN,2001,template_release,200,auroc,2,True,0.0054210630755158196,0.0013020833721384406,0.0026041667442768812,0.0,0.004767565771953294,0.0011393229506211355,0.0006534973035625252,0.99609375
single_shape,TwoLayerCNN,2001,template_release,200,validation_patch,2,True,0.04015721466213584,0.0013020833721384406,0.0026041667442768812,0.0,0.004767565771953294,0.0011393229506211355,0.03538964889018255,0.99609375
single_shape,TwoLayerCNN,2001,template_release,200,contrast,4,True,0.05070867575314386,0.00390625,0.0052083334885537624,0.002624671906232834,0.057868379035223586,0.00797526074165944,-0.007159703282079724,0.99609375
single_shape,TwoLayerCNN,2001,template_release,200,auroc,4,True,0.04403056614606482,0.006510416977107525,0.0078125,0.005249343812465668,0.057868379035223586,0.00797526074165944,-0.013837812889158765,0.99609375
single_shape,TwoLayerCNN,2001,template_release,200,validation_patch,4,True,0.1618415068907183,0.04296875,0.0442708358168602,0.04199475049972534,0.057868379035223586,0.00797526074165944,0.10397312785549472,0.99609375
single_shape,TwoLayerCNN,2001,template_release,200,contrast,8,True,0.6184941234152666,0.4934895932674408,0.4908854365348816,0.4921259880065918,0.5001916872188424,0.3424479216337204,0.11830243619642411,0.99609375
single_shape,TwoLayerCNN,2001,template_release,200,auroc,8,True,0.6442797076260849,0.5065104365348816,0.50390625,0.5065616965293884,0.5001916872188424,0.3424479216337204,0.14408802040724245,0.99609375
single_shape,TwoLayerCNN,2001,template_release,200,validation_patch,8,True,0.5397110358096958,0.41015625,0.40625,0.40682414174079895,0.5001916872188424,0.3424479216337204,0.039519348590853376,0.99609375
single_shape,TwoLayerCNN,2001,template_retention_1,200,contrast,1,True,0.005314993323030093,0.0013020833721384406,0.0026041667442768812,0.0,0.00632592503418794,0.0013020833721384406,-0.0010109317111578475,0.99609375
single_shape,TwoLayerCNN,2001,template_retention_1,200,auroc,1,True,0.005090687610647016,0.0013020833721384406,0.0026041667442768812,0.0,0.00632592503418794,0.0013020833721384406,-0.0012352374235409247,0.99609375
single_shape,TwoLayerCNN,2001,template_retention_1,200,validation_patch,1,True,0.02266009709795147,0.0013020833721384406,0.0026041667442768812,0.0,0.00632592503418794,0.0013020833721384406,0.01633417206376353,0.99609375
single_shape,TwoLayerCNN,2001,template_retention_1,200,contrast,2,True,0.02669117512421537,0.0013020833721384406,0.0026041667442768812,0.0,0.028255000740457795,0.0022786459157941863,-0.001563825616242423,0.99609375
single_shape,TwoLayerCNN,2001,template_retention_1,200,auroc,2,True,0.02669117512421537,0.0013020833721384406,0.0026041667442768812,0.0,0.028255000740457795,0.0022786459157941863,-0.001563825616242423,0.99609375
single_shape,TwoLayerCNN,2001,template_retention_1,200,validation_patch,2,True,0.07482069195702201,0.006510416977107525,0.0078125,0.005249343812465668,0.028255000740457795,0.0022786459157941863,0.04656569121656422,0.99609375
single_shape,TwoLayerCNN,2001,template_retention_1,200,contrast,4,True,0.16546421243718556,0.0442708358168602,0.0455729179084301,0.04199475049972534,0.14464730918273697,0.03629557394015137,0.0208169032544486,0.99609375
single_shape,TwoLayerCNN,2001,template_retention_1,200,auroc,4,True,0.18065066485401737,0.0598958358168602,0.0611979179084301,0.057742781937122345,0.14464730918273697,0.03629557394015137,0.03600335567128041,0.99609375
single_shape,TwoLayerCNN,2001,template_retention_1,200,validation_patch,4,True,0.3098275456088282,0.1276041716337204,0.12890625,0.127296581864357,0.14464730918273697,0.03629557394015137,0.16518023642609123,0.99609375
single_shape,TwoLayerCNN,2001,template_retention_1,200,contrast,8,True,0.46208956391371625,0.296875,0.2994791865348816,0.2979002594947815,0.4912293093439994,0.3079427182674408,-0.029139745430283137,0.99609375
single_shape,TwoLayerCNN,2001,template_retention_1,200,auroc,8,True,0.45646332934888867,0.296875,0.2994791865348816,0.2979002594947815,0.4912293093439994,0.3079427182674408,-0.03476597999511072,0.99609375
single_shape,TwoLayerCNN,2001,template_retention_1,200,validation_patch,8,True,0.5680839714494887,0.35546875,0.3528645932674408,0.3530183732509613,0.4912293093439994,0.3079427182674408,0.07685466210548936,0.99609375
single_shape,TwoLayerCNN,2002,template_release,200,contrast,1,True,0.0014987437281870353,0.0,0.0,0.0,0.0010519546195672802,0.0,0.00044678910861975507,1.0
single_shape,TwoLayerCNN,2002,template_release,200,auroc,1,True,0.0014987437281870353,0.0,0.0,0.0,0.0010519546195672802,0.0,0.00044678910861975507,1.0
single_shape,TwoLayerCNN,2002,template_release,200,validation_patch,1,True,0.002736241468934364,0.0,0.0,0.0,0.0010519546195672802,0.0,0.0016842868493670837,1.0
single_shape,TwoLayerCNN,2002,template_release,200,contrast,2,True,0.017017105407187372,0.0013020833721384406,0.0013020833721384406,0.0013020833721384406,0.004518873431569467,0.0,0.012498231975617904,1.0
single_shape,TwoLayerCNN,2002,template_release,200,auroc,2,True,0.016659284319640366,0.0013020833721384406,0.0013020833721384406,0.0013020833721384406,0.004518873431569467,0.0,0.012140410888070899,1.0
single_shape,TwoLayerCNN,2002,template_release,200,validation_patch,2,True,0.02291574387328843,0.0013020833721384406,0.0013020833721384406,0.0013020833721384406,0.004518873431569467,0.0,0.018396870441718963,1.0
single_shape,TwoLayerCNN,2002,template_release,200,contrast,4,True,0.19220242777391694,0.1458333432674408,0.1458333432674408,0.1458333432674408,0.06727296975910639,0.011393229375244118,0.12492945801481055,1.0
single_shape,TwoLayerCNN,2002,template_release,200,auroc,4,True,0.1866922375893837,0.1458333432674408,0.1458333432674408,0.1458333432674408,0.06727296975910639,0.011393229375244118,0.1194192678302773,1.0
single_shape,TwoLayerCNN,2002,template_release,200,validation_patch,4,True,0.2114205544906308,0.0598958358168602,0.0598958358168602,0.0598958358168602,0.06727296975910639,0.011393229375244118,0.1441475847315244,1.0
single_shape,TwoLayerCNN,2002,template_release,200,contrast,8,True,0.6793930612938455,0.5481771230697632,0.5481771230697632,0.5481771230697632,0.5592702032881992,0.4012044332921505,0.12012285800564626,1.0
single_shape,TwoLayerCNN,2002,template_release,200,auroc,8,True,0.7238657755664679,0.6028646230697632,0.6028646230697632,0.6028646230697632,0.5592702032881992,0.4012044332921505,0.1645955722782687,1.0
single_shape,TwoLayerCNN,2002,template_release,200,validation_patch,8,True,0.7183969122060744,0.64453125,0.64453125,0.64453125,0.5592702032881992,0.4012044332921505,0.15912670891787517,1.0
single_shape,TwoLayerCNN,2002,template_retention_1,200,contrast,1,True,0.005097711594551413,0.0,0.0,0.0,0.005232020526891798,0.0,-0.0001343089323403851,1.0
single_shape,TwoLayerCNN,2002,template_retention_1,200,auroc,1,True,0.0041120209548280995,0.0,0.0,0.0,0.005232020526891798,0.0,-0.0011199995720636985,1.0
single_shape,TwoLayerCNN,2002,template_retention_1,200,validation_patch,1,True,0.015814243062082345,0.0,0.0,0.0,0.005232020526891798,0.0,0.010582222535190547,1.0
single_shape,TwoLayerCNN,2002,template_retention_1,200,contrast,2,True,0.029484652894142926,0.0,0.0,0.0,0.017135426596625647,0.0,0.01234922629751728,1.0
single_shape,TwoLayerCNN,2002,template_retention_1,200,auroc,2,True,0.02862143507487447,0.0,0.0,0.0,0.017135426596625647,0.0,0.011486008478248821,1.0
single_shape,TwoLayerCNN,2002,template_retention_1,200,validation_patch,2,True,0.03496112006903185,0.0,0.0,0.0,0.017135426596625647,0.0,0.0178256934724062,1.0
single_shape,TwoLayerCNN,2002,template_retention_1,200,contrast,4,True,0.23129495127753363,0.1770833432674408,0.1770833432674408,0.1770833432674408,0.12225862275720652,0.02034505248593632,0.10903632852032712,1.0
single_shape,TwoLayerCNN,2002,template_retention_1,200,auroc,4,True,0.19986318811921033,0.15234375,0.15234375,0.15234375,0.12225862275720652,0.02034505248593632,0.07760456536200382,1.0
single_shape,TwoLayerCNN,2002,template_retention_1,200,validation_patch,4,True,0.17616525623325974,0.0416666679084301,0.0416666679084301,0.0416666679084301,0.12225862275720652,0.02034505248593632,0.05390663347605322,1.0
single_shape,TwoLayerCNN,2002,template_retention_1,200,contrast,8,True,0.6531083106830471,0.5794271230697632,0.5794271230697632,0.5794271230697632,0.5710439811953922,0.3706054799258709,0.08206432948765485,1.0
single_shape,TwoLayerCNN,2002,template_retention_1,200,auroc,8,True,0.6142780794090136,0.5026041865348816,0.5026041865348816,0.5026041865348816,0.5710439811953922,0.3706054799258709,0.04323409821362134,1.0
single_shape,TwoLayerCNN,2002,template_retention_1,200,validation_patch,8,True,0.5075157913293076,0.4036458432674408,0.4036458432674408,0.4036458432674408,0.5710439811953922,0.3706054799258709,-0.06352818986608466,1.0
single_shape,TwoLayerCNN,2003,template_release,200,contrast,1,True,0.000940372115838084,0.0,0.0,0.0,0.001654464455812063,0.0,-0.000714092339973979,1.0
single_shape,TwoLayerCNN,2003,template_release,200,auroc,1,True,0.000940372115838084,0.0,0.0,0.0,0.001654464455812063,0.0,-0.000714092339973979,1.0
single_shape,TwoLayerCNN,2003,template_release,200,validation_patch,1,True,0.0027496553878778585,0.0,0.0,0.0,0.001654464455812063,0.0,0.0010951909320657954,1.0
single_shape,TwoLayerCNN,2003,template_release,200,contrast,2,True,0.00466270824941184,0.0,0.0,0.0,0.006073883151940809,0.00032552084303461015,-0.0014111749025289694,1.0
single_shape,TwoLayerCNN,2003,template_release,200,auroc,2,True,0.004842633894999504,0.0,0.0,0.0,0.006073883151940809,0.00032552084303461015,-0.0012312492569413053,1.0
single_shape,TwoLayerCNN,2003,template_release,200,validation_patch,2,True,0.014379727623926253,0.0026041667442768812,0.0026041667442768812,0.0026041667442768812,0.006073883151940809,0.00032552084303461015,0.008305844471985444,1.0
single_shape,TwoLayerCNN,2003,template_release,200,contrast,4,True,0.14827337429897836,0.0533854179084301,0.0533854179084301,0.0533854179084301,0.08017951502359248,0.008300781497382559,0.06809385927538587,1.0
single_shape,TwoLayerCNN,2003,template_release,200,auroc,4,True,0.11561460165448834,0.0221354179084301,0.0221354179084301,0.0221354179084301,0.08017951502359248,0.008300781497382559,0.035435086630895854,1.0
single_shape,TwoLayerCNN,2003,template_release,200,validation_patch,4,True,0.16748523153430495,0.0638020858168602,0.0638020858168602,0.0638020858168602,0.08017951502359248,0.008300781497382559,0.08730571651071246,1.0
single_shape,TwoLayerCNN,2003,template_release,200,contrast,8,True,0.6981317972463179,0.6328125,0.6328125,0.6328125,0.5353781934016865,0.4098307378590107,0.16275360384463144,1.0
single_shape,TwoLayerCNN,2003,template_release,200,auroc,8,True,0.609142848866755,0.4947916865348816,0.4947916865348816,0.4947916865348816,0.5353781934016865,0.4098307378590107,0.0737646554650685,1.0
single_shape,TwoLayerCNN,2003,template_release,200,validation_patch,8,True,0.7188007259414901,0.59375,0.59375,0.59375,0.5353781934016865,0.4098307378590107,0.18342253253980367,1.0
single_shape,TwoLayerCNN,2003,template_retention_1,200,contrast,1,True,0.009811424189291484,0.0,0.0,0.0,0.0064398115575447085,0.0,0.003371612631746776,1.0
single_shape,TwoLayerCNN,2003,template_retention_1,200,auroc,1,True,0.00980178403844878,0.0,0.0,0.0,0.0064398115575447085,0.0,0.0033619724809040713,1.0
single_shape,TwoLayerCNN,2003,template_retention_1,200,validation_patch,1,True,0.013255368077829455,0.0,0.0,0.0,0.0064398115575447085,0.0,0.006815556520284746,1.0
single_shape,TwoLayerCNN,2003,template_retention_1,200,contrast,2,True,0.037558027682978445,0.00390625,0.00390625,0.00390625,0.02545313127362943,0.0006510416860692203,0.012104896409349017,1.0
single_shape,TwoLayerCNN,2003,template_retention_1,200,auroc,2,True,0.03451302537014567,0.0,0.0,0.0,0.02545313127362943,0.0006510416860692203,0.009059894096516238,1.0
single_shape,TwoLayerCNN,2003,template_retention_1,200,validation_patch,2,True,0.0577772800603602,0.0013020833721384406,0.0013020833721384406,0.0013020833721384406,0.02545313127362943,0.0006510416860692203,0.032324148786730775,1.0
single_shape,TwoLayerCNN,2003,template_retention_1,200,contrast,4,True,0.18522384992598773,0.0572916679084301,0.0572916679084301,0.0572916679084301,0.1441615470771143,0.023925781715661287,0.04106230284887344,1.0
single_shape,TwoLayerCNN,2003,template_retention_1,200,auroc,4,True,0.18522384992598773,0.0572916679084301,0.0572916679084301,0.0572916679084301,0.1441615470771143,0.023925781715661287,0.04106230284887344,1.0
single_shape,TwoLayerCNN,2003,template_retention_1,200,validation_patch,4,True,0.28960459153957874,0.1432291716337204,0.1432291716337204,0.1432291716337204,0.1441615470771143,0.023925781715661287,0.14544304446246445,1.0
single_shape,TwoLayerCNN,2003,template_retention_1,200,contrast,8,True,0.5908834860842013,0.4921875,0.4921875,0.4921875,0.5761810460093872,0.412272147834301,0.014702440074814027,1.0
single_shape,TwoLayerCNN,2003,template_retention_1,200,auroc,8,True,0.5736839306236905,0.4674479365348816,0.4674479365348816,0.4674479365348816,0.5761810460093872,0.412272147834301,-0.0024971153856967465,1.0
single_shape,TwoLayerCNN,2003,template_retention_1,200,validation_patch,8,True,0.6429868946969369,0.4921875,0.4921875,0.4921875,0.5761810460093872,0.412272147834301,0.06680584868754968,1.0
single_shape,TwoLayerCNN,2004,template_release,200,contrast,1,True,0.00024268558686246777,0.0,0.0,0.0,0.001053059373573681,0.0,-0.0008103737867112132,1.0
single_shape,TwoLayerCNN,2004,template_release,200,auroc,1,True,0.002577987502527468,0.0,0.0,0.0,0.001053059373573681,0.0,0.001524928128953787,1.0
single_shape,TwoLayerCNN,2004,template_release,200,validation_patch,1,True,0.006200692310151967,0.0013020833721384406,0.0013020833721384406,0.0013020833721384406,0.001053059373573681,0.0,0.005147632936578286,1.0
single_shape,TwoLayerCNN,2004,template_release,200,contrast,2,True,0.0017707854915540722,0.0,0.0,0.0,0.005756255934899479,0.0,-0.003985470443345407,1.0
single_shape,TwoLayerCNN,2004,template_release,200,auroc,2,True,0.006868694132004083,0.0,0.0,0.0,0.005756255934899479,0.0,0.0011124381971046038,1.0
single_shape,TwoLayerCNN,2004,template_release,200,validation_patch,2,True,0.04366073589015185,0.01302083395421505,0.01302083395421505,0.01302083395421505,0.005756255934899479,0.0,0.03790447995525237,1.0
single_shape,TwoLayerCNN,2004,template_release,200,contrast,4,True,0.13636193703665234,0.0390625,0.0390625,0.0390625,0.0688640536749566,0.015136719375732355,0.06749788336169574,1.0
single_shape,TwoLayerCNN,2004,template_release,200,auroc,4,True,0.13741317686489674,0.0325520858168602,0.0325520858168602,0.0325520858168602,0.0688640536749566,0.015136719375732355,0.06854912318994014,1.0
single_shape,TwoLayerCNN,2004,template_release,200,validation_patch,4,True,0.20975567423719488,0.1393229216337204,0.1393229216337204,0.1393229216337204,0.0688640536749566,0.015136719375732355,0.14089162056223828,1.0
single_shape,TwoLayerCNN,2004,template_release,200,contrast,8,True,0.6503307157864628,0.53125,0.53125,0.53125,0.5673714448470555,0.41943360306322575,0.08295927093940736,1.0
single_shape,TwoLayerCNN,2004,template_release,200,auroc,8,True,0.7193851853772667,0.6041666865348816,0.6041666865348816,0.6041666865348816,0.5673714448470555,0.41943360306322575,0.15201374053021122,1.0
single_shape,TwoLayerCNN,2004,template_release,200,validation_patch,8,True,0.61625534469069,0.4934895932674408,0.4934895932674408,0.4934895932674408,0.5673714448470555,0.41943360306322575,0.048883899843634504,1.0
single_shape,TwoLayerCNN,2004,template_retention_1,200,contrast,1,True,0.001266460957283444,0.0,0.0,0.0,0.004985032661529679,0.0,-0.0037185717042462346,1.0
single_shape,TwoLayerCNN,2004,template_retention_1,200,auroc,1,True,0.001266460957283444,0.0,0.0,0.0,0.004985032661529679,0.0,-0.0037185717042462346,1.0
single_shape,TwoLayerCNN,2004,template_retention_1,200,validation_patch,1,True,0.023314191583210353,0.0026041667442768812,0.0026041667442768812,0.0026041667442768812,0.004985032661529679,0.0,0.018329158921680674,1.0
single_shape,TwoLayerCNN,2004,template_retention_1,200,contrast,2,True,0.00782448589161211,0.0,0.0,0.0,0.018767450180224673,0.00016276042151730508,-0.010942964288612564,1.0
single_shape,TwoLayerCNN,2004,template_retention_1,200,auroc,2,True,0.00782448589161211,0.0,0.0,0.0,0.018767450180224673,0.00016276042151730508,-0.010942964288612564,1.0
single_shape,TwoLayerCNN,2004,template_retention_1,200,validation_patch,2,True,0.03226975426695744,0.0026041667442768812,0.0026041667442768812,0.0026041667442768812,0.018767450180224673,0.00016276042151730508,0.013502304086732766,1.0
single_shape,TwoLayerCNN,2004,template_retention_1,200,contrast,4,True,0.1438249485140809,0.02083333395421505,0.02083333395421505,0.02083333395421505,0.11981121217310516,0.025553386672982015,0.02401373634097574,1.0
single_shape,TwoLayerCNN,2004,template_retention_1,200,auroc,4,True,0.11418779724611838,0.01302083395421505,0.01302083395421505,0.01302083395421505,0.11981121217310516,0.025553386672982015,-0.005623414926986772,1.0
single_shape,TwoLayerCNN,2004,template_retention_1,200,validation_patch,4,True,0.12111036101805062,0.010416666977107525,0.010416666977107525,0.010416666977107525,0.11981121217310516,0.025553386672982015,0.0012991488449454608,1.0
single_shape,TwoLayerCNN,2004,template_retention_1,200,contrast,8,True,0.6741852269437971,0.5651041865348816,0.5651041865348816,0.5651041865348816,0.583304070818139,0.40690105222165585,0.09088115612565817,1.0
single_shape,TwoLayerCNN,2004,template_retention_1,200,auroc,8,True,0.6841804321877889,0.5651041865348816,0.5651041865348816,0.5651041865348816,0.583304070818139,0.40690105222165585,0.10087636136964995,1.0
single_shape,TwoLayerCNN,2004,template_retention_1,200,validation_patch,8,True,0.5353422958981873,0.3385416865348816,0.3385416865348816,0.3385416865348816,0.583304070818139,0.40690105222165585,-0.04796177491995168,1.0
single_shape,TwoLayerCNN,2005,template_release,200,contrast,1,True,0.0027526972577852638,0.0,0.0,0.0,0.0023811492411483226,0.00016276042151730508,0.00037154801663694115,1.0
single_shape,TwoLayerCNN,2005,template_release,200,auroc,1,True,0.0027526972577852638,0.0,0.0,0.0,0.0023811492411483226,0.00016276042151730508,0.00037154801663694115,1.0
single_shape,TwoLayerCNN,2005,template_release,200,validation_patch,1,True,0.005235047432610718,0.0013020833721384406,0.0013020833721384406,0.0013020833721384406,0.0023811492411483226,0.00016276042151730508,0.002853898191462395,1.0
single_shape,TwoLayerCNN,2005,template_release,200,contrast,2,True,0.007746630777573649,0.0013020833721384406,0.0013020833721384406,0.0013020833721384406,0.008256857129930378,0.0006510416860692203,-0.0005102263523567296,1.0
single_shape,TwoLayerCNN,2005,template_release,200,auroc,2,True,0.007447050524476473,0.0013020833721384406,0.0013020833721384406,0.0013020833721384406,0.008256857129930378,0.0006510416860692203,-0.0008098066054539055,1.0
single_shape,TwoLayerCNN,2005,template_release,200,validation_patch,2,True,0.017555275384428137,0.0026041667442768812,0.0026041667442768812,0.0026041667442768812,0.008256857129930378,0.0006510416860692203,0.009298418254497759,1.0
single_shape,TwoLayerCNN,2005,template_release,200,contrast,4,True,0.08887122685003745,0.0182291679084301,0.0182291679084301,0.0182291679084301,0.0860083575801371,0.020833334114286117,0.002862869269900356,1.0
single_shape,TwoLayerCNN,2005,template_release,200,auroc,4,True,0.05420618322172155,0.014322916977107525,0.014322916977107525,0.014322916977107525,0.0860083575801371,0.020833334114286117,-0.03180217435841555,1.0
single_shape,TwoLayerCNN,2005,template_release,200,validation_patch,4,True,0.2269613943728298,0.1341145932674408,0.1341145932674408,0.1341145932674408,0.0860083575801371,0.020833334114286117,0.14095303679269272,1.0
single_shape,TwoLayerCNN,2005,template_release,200,contrast,8,True,0.5802260146220015,0.4270833432674408,0.4270833432674408,0.4270833432674408,0.5614004205912396,0.4342448003590107,0.018825594030761894,1.0
single_shape,TwoLayerCNN,2005,template_release,200,auroc,8,True,0.5937298275195169,0.4466145932674408,0.4466145932674408,0.4466145932674408,0.5614004205912396,0.4342448003590107,0.03232940692827724,1.0
single_shape,TwoLayerCNN,2005,template_release,200,validation_patch,8,True,0.6536467941647088,0.5481771230697632,0.5481771230697632,0.5481771230697632,0.5614004205912396,0.4342448003590107,0.09224637357346921,1.0
single_shape,TwoLayerCNN,2005,template_retention_1,200,contrast,1,True,0.0033197405516310896,0.0,0.0,0.0,0.007450798923662252,0.00016276042151730508,-0.004131058372031163,1.0
single_shape,TwoLayerCNN,2005,template_retention_1,200,auroc,1,True,0.0033197405516310896,0.0,0.0,0.0,0.007450798923662252,0.00016276042151730508,-0.004131058372031163,1.0
single_shape,TwoLayerCNN,2005,template_retention_1,200,validation_patch,1,True,0.019527158653890875,0.0013020833721384406,0.0013020833721384406,0.0013020833721384406,0.007450798923662252,0.00016276042151730508,0.012076359730228622,1.0
single_shape,TwoLayerCNN,2005,template_retention_1,200,contrast,2,True,0.024675167933018716,0.00390625,0.00390625,0.00390625,0.027379453671607837,0.0008138020930346102,-0.002704285738589121,1.0
single_shape,TwoLayerCNN,2005,template_retention_1,200,auroc,2,True,0.024675167933018716,0.00390625,0.00390625,0.00390625,0.027379453671607837,0.0008138020930346102,-0.002704285738589121,1.0
single_shape,TwoLayerCNN,2005,template_retention_1,200,validation_patch,2,True,0.0481441423338862,0.0013020833721384406,0.0013020833721384406,0.0013020833721384406,0.027379453671607837,0.0008138020930346102,0.02076468866227836,1.0
single_shape,TwoLayerCNN,2005,template_retention_1,200,contrast,4,True,0.13553744183291982,0.0559895858168602,0.0559895858168602,0.0559895858168602,0.14133811046745837,0.03466797017608769,-0.005800668634538542,1.0
single_shape,TwoLayerCNN,2005,template_retention_1,200,auroc,4,True,0.14182022476238043,0.046875,0.046875,0.046875,0.14133811046745837,0.03466797017608769,0.0004821142949220647,1.0
single_shape,TwoLayerCNN,2005,template_retention_1,200,validation_patch,4,True,0.2876269628831677,0.12890625,0.12890625,0.12890625,0.14133811046745837,0.03466797017608769,0.14628885241570933,1.0
single_shape,TwoLayerCNN,2005,template_retention_1,200,contrast,8,True,0.5595420332486032,0.3971354365348816,0.3971354365348816,0.3971354365348816,0.5898786512010256,0.4256185069680214,-0.030336617952422373,1.0
single_shape,TwoLayerCNN,2005,template_retention_1,200,auroc,8,True,0.5548418025543602,0.3958333432674408,0.3958333432674408,0.3958333432674408,0.5898786512010256,0.4256185069680214,-0.03503684864666534,1.0
single_shape,TwoLayerCNN,2005,template_retention_1,200,validation_patch,8,True,0.5630372741165681,0.4518229365348816,0.4518229365348816,0.4518229365348816,0.5898786512010256,0.4256185069680214,-0.02684137708445744,1.0
single_shape,TwoLayerCNN,2006,template_release,200,contrast,1,True,0.0007189398428160132,0.0,0.0,0.0,0.00262939406458787,0.0,-0.0019104542217718568,1.0
single_shape,TwoLayerCNN,2006,template_release,200,auroc,1,True,0.0007189398428160132,0.0,0.0,0.0,0.00262939406458787,0.0,-0.0019104542217718568,1.0
single_shape,TwoLayerCNN,2006,template_release,200,validation_patch,1,True,0.00995908992170691,0.0,0.0,0.0,0.00262939406458787,0.0,0.00732969585711904,1.0
single_shape,TwoLayerCNN,2006,template_release,200,contrast,2,True,0.008987463635574344,0.0,0.0,0.0,0.015498602114424179,0.0017903645930346102,-0.006511138478849834,1.0
single_shape,TwoLayerCNN,2006,template_release,200,auroc,2,True,0.010305997080986562,0.0,0.0,0.0,0.015498602114424179,0.0017903645930346102,-0.005192605033437617,1.0
single_shape,TwoLayerCNN,2006,template_release,200,validation_patch,2,True,0.07901198169462442,0.01953125,0.01953125,0.01953125,0.015498602114424179,0.0017903645930346102,0.06351337958020024,1.0
single_shape,TwoLayerCNN,2006,template_release,200,contrast,4,True,0.14547463864566423,0.0872395858168602,0.0872395858168602,0.0872395858168602,0.12423546051110404,0.05387369939126074,0.021239178134560194,1.0
single_shape,TwoLayerCNN,2006,template_release,200,auroc,4,True,0.0995363545663096,0.014322916977107525,0.014322916977107525,0.014322916977107525,0.12423546051110404,0.05387369939126074,-0.024699105944794436,1.0
single_shape,TwoLayerCNN,2006,template_release,200,validation_patch,4,True,0.287188081723471,0.1653645932674408,0.1653645932674408,0.1653645932674408,0.12423546051110404,0.05387369939126074,0.16295262121236695,1.0
single_shape,TwoLayerCNN,2006,template_release,200,contrast,8,True,0.7526173481249521,0.67578125,0.67578125,0.67578125,0.5109299856991241,0.380045585334301,0.241687362425828,1.0
single_shape,TwoLayerCNN,2006,template_release,200,auroc,8,True,0.6691030474080477,0.5690104365348816,0.5690104365348816,0.5690104365348816,0.5109299856991241,0.380045585334301,0.15817306170892365,1.0
single_shape,TwoLayerCNN,2006,template_release,200,validation_patch,8,True,0.5974663612166224,0.4778645932674408,0.4778645932674408,0.4778645932674408,0.5109299856991241,0.380045585334301,0.08653637551749838,1.0
single_shape,TwoLayerCNN,2006,template_retention_1,200,contrast,1,True,0.009464112797111901,0.0,0.0,0.0,0.013094724723615392,0.00016276042151730508,-0.003630611926503491,1.0
single_shape,TwoLayerCNN,2006,template_retention_1,200,auroc,1,True,0.009464112797111901,0.0,0.0,0.0,0.013094724723615392,0.00016276042151730508,-0.003630611926503491,1.0
single_shape,TwoLayerCNN,2006,template_retention_1,200,validation_patch,1,True,0.031740954743697536,0.0,0.0,0.0,0.013094724723615392,0.00016276042151730508,0.018646230020082144,1.0
single_shape,TwoLayerCNN,2006,template_retention_1,200,contrast,2,True,0.04660788516912673,0.00390625,0.00390625,0.00390625,0.040999282131387135,0.003092447921517305,0.005608603037739593,1.0
single_shape,TwoLayerCNN,2006,template_retention_1,200,auroc,2,True,0.04901355542894226,0.00390625,0.00390625,0.00390625,0.040999282131387135,0.003092447921517305,0.008014273297555122,1.0
single_shape,TwoLayerCNN,2006,template_retention_1,200,validation_patch,2,True,0.1250377657495152,0.02473958395421505,0.02473958395421505,0.02473958395421505,0.040999282131387135,0.003092447921517305,0.08403848361812806,1.0
single_shape,TwoLayerCNN,2006,template_retention_1,200,contrast,4,True,0.30176885828310673,0.2174479216337204,0.2174479216337204,0.2174479216337204,0.16229971577480945,0.05029297014698386,0.13946914250829728,1.0
single_shape,TwoLayerCNN,2006,template_retention_1,200,auroc,4,True,0.3156469328782068,0.2239583432674408,0.2239583432674408,0.2239583432674408,0.16229971577480945,0.05029297014698386,0.15334721710339733,1.0
single_shape,TwoLayerCNN,2006,template_retention_1,200,validation_patch,4,True,0.3658991330325274,0.2239583432674408,0.2239583432674408,0.2239583432674408,0.16229971577480945,0.05029297014698386,0.20359941725771796,1.0
single_shape,TwoLayerCNN,2006,template_retention_1,200,contrast,8,True,0.7288591645737149,0.6692708730697632,0.6692708730697632,0.6692708730697632,0.5718450718411545,0.4269205816090107,0.1570140927325604,1.0
single_shape,TwoLayerCNN,2006,template_retention_1,200,auroc,8,True,0.6324975392380549,0.5286458730697632,0.5286458730697632,0.5286458730697632,0.5718450718411545,0.4269205816090107,0.060652467396900334,1.0
single_shape,TwoLayerCNN,2006,template_retention_1,200,validation_patch,8,True,0.5350286907916084,0.3684895932674408,0.3684895932674408,0.3684895932674408,0.5718450718411545,0.4269205816090107,-0.0368163810495461,1.0
single_shape,TwoLayerCNN,2007,template_release,200,contrast,1,True,0.0021259283047521116,0.0,0.0,0.0,0.0017551266244834884,0.00032552084303461015,0.00037080168026862315,1.0
single_shape,TwoLayerCNN,2007,template_release,200,auroc,1,True,0.0021259283047521116,0.0,0.0,0.0,0.0017551266244834884,0.00032552084303461015,0.00037080168026862315,1.0
single_shape,TwoLayerCNN,2007,template_release,200,validation_patch,1,True,0.005797131029257052,0.0013020833721384406,0.0013020833721384406,0.0013020833721384406,0.0017551266244834884,0.00032552084303461015,0.004042004404773564,1.0
single_shape,TwoLayerCNN,2007,template_release,200,contrast,2,True,0.02127028541414666,0.006510416977107525,0.006510416977107525,0.006510416977107525,0.006965484698897101,0.00032552084303461015,0.01430480071524956,1.0
single_shape,TwoLayerCNN,2007,template_release,200,auroc,2,True,0.021563761584774466,0.006510416977107525,0.006510416977107525,0.006510416977107525,0.006965484698897101,0.00032552084303461015,0.014598276885877365,1.0
single_shape,TwoLayerCNN,2007,template_release,200,validation_patch,2,True,0.01770224980857482,0.00390625,0.00390625,0.00390625,0.006965484698897101,0.00032552084303461015,0.01073676510967772,1.0
single_shape,TwoLayerCNN,2007,template_release,200,contrast,4,True,0.27473611062831804,0.2161458432674408,0.2161458432674408,0.2161458432674408,0.07987627479957354,0.020833333837799728,0.1948598358287445,1.0
single_shape,TwoLayerCNN,2007,template_release,200,auroc,4,True,0.25779150929827543,0.20703125,0.20703125,0.20703125,0.07987627479957354,0.020833333837799728,0.1779152344987019,1.0
single_shape,TwoLayerCNN,2007,template_release,200,validation_patch,4,True,0.3078649540818621,0.1861979216337204,0.1861979216337204,0.1861979216337204,0.07987627479957354,0.020833333837799728,0.22798867928228855,1.0
single_shape,TwoLayerCNN,2007,template_release,200,contrast,8,True,0.773730430536957,0.7109375,0.7109375,0.7109375,0.49897698918802214,0.3595377691090107,0.27475344134893487,1.0
single_shape,TwoLayerCNN,2007,template_release,200,auroc,8,True,0.7840098101246648,0.7213541865348816,0.7213541865348816,0.7213541865348816,0.49897698918802214,0.3595377691090107,0.2850328209366426,1.0
single_shape,TwoLayerCNN,2007,template_release,200,validation_patch,8,True,0.7624297243763651,0.6875,0.6875,0.6875,0.49897698918802214,0.3595377691090107,0.263452735188343,1.0
single_shape,TwoLayerCNN,2007,template_retention_1,200,contrast,1,True,0.008097618608819968,0.0052083334885537624,0.006510416977107525,0.005249343812465668,0.006681868648397843,0.0011393229506211355,0.0014157499604221246,0.99609375
single_shape,TwoLayerCNN,2007,template_retention_1,200,auroc,1,True,0.008097618608819968,0.0052083334885537624,0.006510416977107525,0.005249343812465668,0.006681868648397843,0.0011393229506211355,0.0014157499604221246,0.99609375
single_shape,TwoLayerCNN,2007,template_retention_1,200,validation_patch,1,True,0.021980178518125393,0.0013020833721384406,0.0026041667442768812,0.0,0.006681868648397843,0.0011393229506211355,0.01529830986972755,0.99609375
single_shape,TwoLayerCNN,2007,template_retention_1,200,contrast,2,True,0.057651644088449694,0.010416666977107525,0.01171875,0.009186351671814919,0.024980315336361955,0.002278645886690356,0.03267132875208774,0.99609375
single_shape,TwoLayerCNN,2007,template_retention_1,200,auroc,2,True,0.03507944199331825,0.00911458395421505,0.010416666977107525,0.007874015718698502,0.024980315336361955,0.002278645886690356,0.010099126656956295,0.99609375
single_shape,TwoLayerCNN,2007,template_retention_1,200,validation_patch,2,True,0.0767003355014132,0.00911458395421505,0.00911458395421505,0.007874015718698502,0.024980315336361955,0.002278645886690356,0.05172002016505124,0.99609375
single_shape,TwoLayerCNN,2007,template_retention_1,200,contrast,4,True,0.21727056760641383,0.0716145858168602,0.0703125,0.06824146956205368,0.1163488429556011,0.021809896963532083,0.10092172465081273,0.99609375
single_shape,TwoLayerCNN,2007,template_retention_1,200,auroc,4,True,0.21727056760641383,0.0716145858168602,0.0703125,0.06824146956205368,0.1163488429556011,0.021809896963532083,0.10092172465081273,0.99609375
single_shape,TwoLayerCNN,2007,template_retention_1,200,validation_patch,4,True,0.27494290284670153,0.05078125,0.0520833358168602,0.04986876621842384,0.1163488429556011,0.021809896963532083,0.15859405989110043,0.99609375
single_shape,TwoLayerCNN,2007,template_retention_1,200,contrast,8,True,0.6540105386933361,0.5286458730697632,0.5286458730697632,0.5288714170455933,0.5086596480354875,0.3281250111758709,0.14535089065784867,0.99609375
single_shape,TwoLayerCNN,2007,template_retention_1,200,auroc,8,True,0.6949068408957889,0.5690104365348816,0.5690104365348816,0.569553792476654,0.5086596480354875,0.3281250111758709,0.18624719286030145,0.99609375
single_shape,TwoLayerCNN,2007,template_retention_1,200,validation_patch,8,True,0.6725586325490425,0.5559896230697632,0.5520833730697632,0.5551180839538574,0.5086596480354875,0.3281250111758709,0.163898984513555,0.99609375
single_shape,TwoLayerCNN,2008,template_release,200,contrast,1,True,0.002235740132657593,0.0,0.0,0.0,0.001230413197250091,0.0,0.0010053269354075023,1.0
single_shape,TwoLayerCNN,2008,template_release,200,auroc,1,True,0.002235740132657593,0.0,0.0,0.0,0.001230413197250091,0.0,0.0010053269354075023,1.0
single_shape,TwoLayerCNN,2008,template_release,200,validation_patch,1,True,0.0038945972293059627,0.0,0.0,0.0,0.001230413197250091,0.0,0.002664184032055872,1.0
single_shape,TwoLayerCNN,2008,template_release,200,contrast,2,True,0.006309737798382509,0.0,0.0,0.0,0.007288351658602421,0.0,-0.0009786138602199124,1.0
single_shape,TwoLayerCNN,2008,template_release,200,auroc,2,True,0.004675395047083475,0.0,0.0,0.0,0.007288351658602421,0.0,-0.002612956611518946,1.0
single_shape,TwoLayerCNN,2008,template_release,200,validation_patch,2,True,0.02304229074777664,0.0026041667442768812,0.0026041667442768812,0.0026041667442768812,0.007288351658602421,0.0,0.015753939089174218,1.0
single_shape,TwoLayerCNN,2008,template_release,200,contrast,4,True,0.054447475308960325,0.0078125,0.0078125,0.0078125,0.053907562771050646,0.005371093793655746,0.0005399125379096786,1.0
single_shape,TwoLayerCNN,2008,template_release,200,auroc,4,True,0.03647551526288606,0.0,0.0,0.0,0.053907562771050646,0.005371093793655746,-0.017432047508164586,1.0
single_shape,TwoLayerCNN,2008,template_release,200,validation_patch,4,True,0.125542897239048,0.0598958358168602,0.0598958358168602,0.0598958358168602,0.053907562771050646,0.005371093793655746,0.07163533446799734,1.0
single_shape,TwoLayerCNN,2008,template_release,200,contrast,8,True,0.5235820838976408,0.3854166865348816,0.3854166865348816,0.3854166865348816,0.599377609225735,0.43977866508066654,-0.0757955253280942,1.0
single_shape,TwoLayerCNN,2008,template_release,200,auroc,8,True,0.5235820838976408,0.3854166865348816,0.3854166865348816,0.3854166865348816,0.599377609225735,0.43977866508066654,-0.0757955253280942,1.0
single_shape,TwoLayerCNN,2008,template_release,200,validation_patch,8,True,0.6849865035794127,0.5494791865348816,0.5494791865348816,0.5494791865348816,0.599377609225735,0.43977866508066654,0.08560889435367769,1.0
single_shape,TwoLayerCNN,2008,template_retention_1,200,contrast,1,True,0.0023252125219879183,0.0,0.0,0.0,0.005372330155331825,0.0,-0.003047117633343907,1.0
single_shape,TwoLayerCNN,2008,template_retention_1,200,auroc,1,True,0.0023252125219879183,0.0,0.0,0.0,0.005372330155331825,0.0,-0.003047117633343907,1.0
single_shape,TwoLayerCNN,2008,template_retention_1,200,validation_patch,1,True,0.010928923644848987,0.0,0.0,0.0,0.005372330155331825,0.0,0.0055565934895171615,1.0
single_shape,TwoLayerCNN,2008,template_retention_1,200,contrast,2,True,0.022785095011833678,0.0,0.0,0.0,0.020881117368370145,0.00016276042151730508,0.0019039776434635336,1.0
single_shape,TwoLayerCNN,2008,template_retention_1,200,auroc,2,True,0.0248777942965569,0.0,0.0,0.0,0.020881117368370145,0.00016276042151730508,0.003996676928186754,1.0
single_shape,TwoLayerCNN,2008,template_retention_1,200,validation_patch,2,True,0.06548481654897942,0.0013020833721384406,0.0013020833721384406,0.0013020833721384406,0.020881117368370145,0.00016276042151730508,0.044603699180609274,1.0
single_shape,TwoLayerCNN,2008,template_retention_1,200,contrast,4,True,0.13933089246531272,0.0078125,0.0078125,0.0078125,0.10210398831935567,0.01383463601814583,0.03722690414595704,1.0
single_shape,TwoLayerCNN,2008,template_retention_1,200,auroc,4,True,0.1338702377365698,0.00911458395421505,0.00911458395421505,0.00911458395421505,0.10210398831935567,0.01383463601814583,0.031766249417214135,1.0
single_shape,TwoLayerCNN,2008,template_retention_1,200,validation_patch,4,True,0.20875609104933035,0.0846354216337204,0.0846354216337204,0.0846354216337204,0.10210398831935567,0.01383463601814583,0.10665210272997468,1.0
single_shape,TwoLayerCNN,2008,template_retention_1,200,contrast,8,True,0.5966794609059167,0.4596354365348816,0.4596354365348816,0.4596354365348816,0.596806818208231,0.4015299640595913,-0.00012735730231427933,1.0
single_shape,TwoLayerCNN,2008,template_retention_1,200,auroc,8,True,0.5842652096798924,0.4583333432674408,0.4583333432674408,0.4583333432674408,0.596806818208231,0.4015299640595913,-0.012541608528338632,1.0
single_shape,TwoLayerCNN,2008,template_retention_1,200,validation_patch,8,True,0.6396126574724152,0.4440104365348816,0.4440104365348816,0.4440104365348816,0.596806818208231,0.4015299640595913,0.04280583926418424,1.0
single_shape,TwoLayerCNN,2009,template_release,200,contrast,1,True,0.0012828614465902888,0.0,0.0,0.0,0.002601784237383664,0.0,-0.0013189227907933754,1.0
single_shape,TwoLayerCNN,2009,template_release,200,auroc,1,True,0.0012828614465902888,0.0,0.0,0.0,0.002601784237383664,0.0,-0.0013189227907933754,1.0
single_shape,TwoLayerCNN,2009,template_release,200,validation_patch,1,True,0.006668843865353047,0.0,0.0,0.0,0.002601784237383664,0.0,0.004067059627969383,1.0
single_shape,TwoLayerCNN,2009,template_release,200,contrast,2,True,0.052841757175869586,0.01171875,0.01171875,0.01171875,0.011548784637278944,0.0004882812645519152,0.04129297253859064,1.0
single_shape,TwoLayerCNN,2009,template_release,200,auroc,2,True,0.052841757175869586,0.01171875,0.01171875,0.01171875,0.011548784637278944,0.0004882812645519152,0.04129297253859064,1.0
single_shape,TwoLayerCNN,2009,template_release,200,validation_patch,2,True,0.03369258702015854,0.0013020833721384406,0.0013020833721384406,0.0013020833721384406,0.011548784637278944,0.0004882812645519152,0.022143802382879593,1.0
single_shape,TwoLayerCNN,2009,template_release,200,contrast,4,True,0.20896837280957148,0.1458333432674408,0.1458333432674408,0.1458333432674408,0.10896126987777231,0.02994791824312415,0.10000710293179917,1.0
single_shape,TwoLayerCNN,2009,template_release,200,auroc,4,True,0.17762561772446472,0.1393229216337204,0.1393229216337204,0.1393229216337204,0.10896126987777231,0.02994791824312415,0.06866434784669241,1.0
single_shape,TwoLayerCNN,2009,template_release,200,validation_patch,4,True,0.21059117305763542,0.1028645858168602,0.1028645858168602,0.1028645858168602,0.10896126987777231,0.02994791824312415,0.1016299031798631,1.0
single_shape,TwoLayerCNN,2009,template_release,200,contrast,8,True,0.7429253566753207,0.6731771230697632,0.6731771230697632,0.6731771230697632,0.5672835402904612,0.4285481870174408,0.17564181638485943,1.0
single_shape,TwoLayerCNN,2009,template_release,200,auroc,8,True,0.7253954879823483,0.64453125,0.64453125,0.64453125,0.5672835402904612,0.4285481870174408,0.15811194769188708,1.0
single_shape,TwoLayerCNN,2009,template_release,200,validation_patch,8,True,0.6658985242521087,0.5338541865348816,0.5338541865348816,0.5338541865348816,0.5672835402904612,0.4285481870174408,0.09861498396164747,1.0
single_shape,TwoLayerCNN,2009,template_retention_1,200,contrast,1,True,0.007476479877463804,0.0,0.0,0.0,0.011913237529464576,0.0,-0.004436757652000772,1.0
single_shape,TwoLayerCNN,2009,template_retention_1,200,auroc,1,True,0.007422381238304299,0.0,0.0,0.0,0.011913237529464576,0.0,-0.004490856291160278,1.0
single_shape,TwoLayerCNN,2009,template_retention_1,200,validation_patch,1,True,0.04721700458471978,0.00911458395421505,0.00911458395421505,0.00911458395421505,0.011913237529464576,0.0,0.0353037670552552,1.0
single_shape,TwoLayerCNN,2009,template_retention_1,200,contrast,2,True,0.07255051030918691,0.010416666977107525,0.010416666977107525,0.010416666977107525,0.047038976511281846,0.005208333575865254,0.025511533797905064,1.0
single_shape,TwoLayerCNN,2009,template_retention_1,200,auroc,2,True,0.07255051030918691,0.010416666977107525,0.010416666977107525,0.010416666977107525,0.047038976511281846,0.005208333575865254,0.025511533797905064,1.0
single_shape,TwoLayerCNN,2009,template_retention_1,200,validation_patch,2,True,0.13183886308793114,0.0325520858168602,0.0325520858168602,0.0325520858168602,0.047038976511281846,0.005208333575865254,0.08479988657664929,1.0
single_shape,TwoLayerCNN,2009,template_retention_1,200,contrast,4,True,0.3705860664599784,0.3098958432674408,0.3098958432674408,0.3098958432674408,0.17852498981555162,0.04182942879560869,0.19206107664442676,1.0
single_shape,TwoLayerCNN,2009,template_retention_1,200,auroc,4,True,0.26721355569658667,0.14453125,0.14453125,0.14453125,0.17852498981555162,0.04182942879560869,0.08868856588103505,1.0
single_shape,TwoLayerCNN,2009,template_retention_1,200,validation_patch,4,True,0.37966884440991655,0.2109375,0.2109375,0.2109375,0.17852498981555162,0.04182942879560869,0.20114385459436493,1.0
single_shape,TwoLayerCNN,2009,template_retention_1,200,contrast,8,True,0.7567970904681074,0.7057291865348816,0.7057291865348816,0.7057291865348816,0.5829875871591406,0.4226888082921505,0.17380950330896683,1.0
single_shape,TwoLayerCNN,2009,template_retention_1,200,auroc,8,True,0.7579272685748917,0.7057291865348816,0.7057291865348816,0.7057291865348816,0.5829875871591406,0.4226888082921505,0.1749396814157511,1.0
single_shape,TwoLayerCNN,2009,template_retention_1,200,validation_patch,8,True,0.6380208512297012,0.484375,0.484375,0.484375,0.5829875871591406,0.4226888082921505,0.05503326407056064,1.0
two_concepts,TinyCNN,2000,template_release,200,contrast,1,True,0.2866093085448035,0.09765625,0.1015625,0.09645669162273407,0.03243316551146751,0.013427734375,0.25417614303333597,0.99609375
two_concepts,TinyCNN,2000,template_release,200,auroc,1,True,0.2866093085448035,0.09765625,0.1015625,0.09645669162273407,0.03243316551146751,0.013427734375,0.25417614303333597,0.99609375
two_concepts,TinyCNN,2000,template_release,200,validation_patch,1,True,0.2866093085448035,0.09765625,0.1015625,0.09645669162273407,0.03243316551146751,0.013427734375,0.25417614303333597,0.99609375
two_concepts,TinyCNN,2000,template_release,200,contrast,2,True,0.7427349964910549,0.65234375,0.65234375,0.6535432934761047,0.1129741110092283,0.042236328125,0.6297608854818266,0.99609375
two_concepts,TinyCNN,2000,template_release,200,auroc,2,True,0.654197761489185,0.560546875,0.560546875,0.5610235929489136,0.1129741110092283,0.042236328125,0.5412236504799567,0.99609375
two_concepts,TinyCNN,2000,template_release,200,validation_patch,2,True,0.7535989152328718,0.677734375,0.677734375,0.6791338324546814,0.1129741110092283,0.042236328125,0.6406248042236435,0.99609375
two_concepts,TinyCNN,2000,template_release,200,contrast,4,True,0.8620082335229873,0.798828125,0.798828125,0.8011810779571533,0.31449239422697844,0.207275390625,0.5475158392960089,0.99609375
two_concepts,TinyCNN,2000,template_release,200,auroc,4,True,0.8620082335229873,0.798828125,0.798828125,0.8011810779571533,0.31449239422697844,0.207275390625,0.5475158392960089,0.99609375
two_concepts,TinyCNN,2000,template_release,200,validation_patch,4,True,0.9258263977087127,0.88671875,0.88671875,0.8897637724876404,0.31449239422697844,0.207275390625,0.6113340034817343,0.99609375
two_concepts,TinyCNN,2000,template_release,200,contrast,8,True,0.9898256490915661,0.98046875,0.98046875,0.9842519760131836,0.6281469220080785,0.490234375,0.3616787270834876,0.99609375
two_concepts,TinyCNN,2000,template_release,200,auroc,8,True,0.9898256490915661,0.98046875,0.98046875,0.9842519760131836,0.6281469220080785,0.490234375,0.3616787270834876,0.99609375
two_concepts,TinyCNN,2000,template_release,200,validation_patch,8,True,0.9952850300063851,0.986328125,0.986328125,0.9901574850082397,0.6281469220080785,0.490234375,0.3671381079983066,0.99609375
two_concepts,TinyCNN,2000,template_retention_1,200,contrast,1,True,0.559677091046819,0.2890625,0.306640625,0.2909835875034332,0.06091516573811892,0.029052734375,0.4987619253087,0.97265625
two_concepts,TinyCNN,2000,template_retention_1,200,auroc,1,True,0.559677091046819,0.2890625,0.306640625,0.2909835875034332,0.06091516573811892,0.029052734375,0.4987619253087,0.97265625
two_concepts,TinyCNN,2000,template_retention_1,200,validation_patch,1,True,0.559677091046819,0.2890625,0.306640625,0.2909835875034332,0.06091516573811892,0.029052734375,0.4987619253087,0.97265625
two_concepts,TinyCNN,2000,template_retention_1,200,contrast,2,True,0.8490873375419434,0.708984375,0.7265625,0.7254098057746887,0.19811785516242691,0.078857421875,0.6509694823795165,0.97265625
two_concepts,TinyCNN,2000,template_retention_1,200,auroc,2,True,0.8490873375419434,0.708984375,0.7265625,0.7254098057746887,0.19811785516242691,0.078857421875,0.6509694823795165,0.97265625
two_concepts,TinyCNN,2000,template_retention_1,200,validation_patch,2,True,0.8490873375419434,0.708984375,0.7265625,0.7254098057746887,0.19811785516242691,0.078857421875,0.6509694823795165,0.97265625
two_concepts,TinyCNN,2000,template_retention_1,200,contrast,4,True,0.9602629485917561,0.919921875,0.931640625,0.9426229000091553,0.39770392447975433,0.23876953125,0.5625590241120018,0.97265625
two_concepts,TinyCNN,2000,template_retention_1,200,auroc,4,True,0.9602629485917561,0.919921875,0.931640625,0.9426229000091553,0.39770392447975433,0.23876953125,0.5625590241120018,0.97265625
two_concepts,TinyCNN,2000,template_retention_1,200,validation_patch,4,True,0.9602629485917561,0.919921875,0.931640625,0.9426229000091553,0.39770392447975433,0.23876953125,0.5625590241120018,0.97265625
two_concepts,TinyCNN,2000,template_retention_1,200,contrast,8,True,0.9802884980659823,0.955078125,0.96484375,0.9774589538574219,0.6751605355913695,0.492919921875,0.3051279624746128,0.97265625
two_concepts,TinyCNN,2000,template_retention_1,200,auroc,8,True,0.9786208436479056,0.953125,0.962890625,0.9754098057746887,0.6751605355913695,0.492919921875,0.3034603080565361,0.97265625
two_concepts,TinyCNN,2000,template_retention_1,200,validation_patch,8,True,0.9823337087072188,0.955078125,0.96875,0.9774589538574219,0.6751605355913695,0.492919921875,0.30717317311584935,0.97265625
two_concepts,TinyCNN,2001,template_release,200,contrast,1,True,0.16351823152657696,0.02734375,0.03125,0.02182539738714695,0.03139503470398887,0.007568359375,0.1321231968225881,0.9921875
two_concepts,TinyCNN,2001,template_release,200,auroc,1,True,0.16351823152657696,0.02734375,0.03125,0.02182539738714695,0.03139503470398887,0.007568359375,0.1321231968225881,0.9921875
two_concepts,TinyCNN,2001,template_release,200,validation_patch,1,True,0.26097659449093047,0.0859375,0.08984375,0.0813492089509964,0.03139503470398887,0.007568359375,0.2295815597869416,0.9921875
two_concepts,TinyCNN,2001,template_release,200,contrast,2,True,0.6858643669041102,0.568359375,0.57421875,0.5714285969734192,0.06571849598872713,0.019287109375,0.6201458709153831,0.9921875
two_concepts,TinyCNN,2001,template_release,200,auroc,2,True,0.44349784174458906,0.22265625,0.2265625,0.2202381044626236,0.06571849598872713,0.019287109375,0.3777793457558619,0.9921875
two_concepts,TinyCNN,2001,template_release,200,validation_patch,2,True,0.6990150796395839,0.56640625,0.572265625,0.569444477558136,0.06571849598872713,0.019287109375,0.6332965836508567,0.9921875
two_concepts,TinyCNN,2001,template_release,200,contrast,4,True,0.9841982435512638,0.982421875,0.98828125,0.9920635223388672,0.25088377635984027,0.129150390625,0.7333144671914236,0.9921875
two_concepts,TinyCNN,2001,template_release,200,auroc,4,True,0.9841982435512638,0.982421875,0.98828125,0.9920635223388672,0.25088377635984027,0.129150390625,0.7333144671914236,0.9921875
two_concepts,TinyCNN,2001,template_release,200,validation_patch,4,True,0.9855017260128066,0.984375,0.990234375,0.9940477013587952,0.25088377635984027,0.129150390625,0.7346179496529663,0.9921875
two_concepts,TinyCNN,2001,template_release,200,contrast,8,True,0.997934588403164,0.990234375,0.994140625,0.9980159401893616,0.571521318824693,0.468505859375,0.4264132695784709,0.9921875
two_concepts,TinyCNN,2001,template_release,200,auroc,8,True,0.997934588403164,0.990234375,0.994140625,0.9980159401893616,0.571521318824693,0.468505859375,0.4264132695784709,0.9921875
two_concepts,TinyCNN,2001,template_release,200,validation_patch,8,True,0.9980411800554161,0.990234375,0.994140625,0.9980159401893616,0.571521318824693,0.468505859375,0.42651986123072305,0.9921875
two_concepts,TinyCNN,2001,template_retention_1,200,contrast,1,True,0.5289344513765502,0.232421875,0.23828125,0.22709164023399353,0.08108723011811284,0.0166015625,0.44784722125843734,0.98828125
two_concepts,TinyCNN,2001,template_retention_1,200,auroc,1,True,0.3371158461255337,0.0703125,0.076171875,0.0657370537519455,0.08108723011811284,0.0166015625,0.2560286160074209,0.98828125
two_concepts,TinyCNN,2001,template_retention_1,200,validation_patch,1,True,0.5289344513765502,0.232421875,0.23828125,0.22709164023399353,0.08108723011811284,0.0166015625,0.44784722125843734,0.98828125
two_concepts,TinyCNN,2001,template_retention_1,200,contrast,2,True,0.7884415929949438,0.603515625,0.611328125,0.6055777072906494,0.13762349329380558,0.0302734375,0.6508180997011381,0.98828125
two_concepts,TinyCNN,2001,template_retention_1,200,auroc,2,True,0.7884415929949438,0.603515625,0.611328125,0.6055777072906494,0.13762349329380558,0.0302734375,0.6508180997011381,0.98828125
two_concepts,TinyCNN,2001,template_retention_1,200,validation_patch,2,True,0.8150100839175562,0.677734375,0.685546875,0.6812748908996582,0.13762349329380558,0.0302734375,0.6773865906237506,0.98828125
two_concepts,TinyCNN,2001,template_retention_1,200,contrast,4,True,0.9749488568682853,0.970703125,0.978515625,0.980079710483551,0.3493286647683582,0.1611328125,0.625620192099927,0.98828125
two_concepts,TinyCNN,2001,template_retention_1,200,auroc,4,True,0.9538251080915399,0.935546875,0.943359375,0.944223165512085,0.3493286647683582,0.1611328125,0.6044964433231816,0.98828125
two_concepts,TinyCNN,2001,template_retention_1,200,validation_patch,4,True,0.9749488568682853,0.970703125,0.978515625,0.980079710483551,0.3493286647683582,0.1611328125,0.625620192099927,0.98828125
two_concepts,TinyCNN,2001,template_retention_1,200,contrast,8,True,0.9932994287063531,0.986328125,0.998046875,0.9980080127716064,0.6260836383853794,0.4716796875,0.36721579032097373,0.98828125
two_concepts,TinyCNN,2001,template_retention_1,200,auroc,8,True,0.9931915212258735,0.986328125,0.998046875,0.9980080127716064,0.6260836383853794,0.4716796875,0.3671078828404941,0.98828125
two_concepts,TinyCNN,2001,template_retention_1,200,validation_patch,8,True,0.9964701550433354,0.98828125,1.0,1.0,0.6260836383853794,0.4716796875,0.37038651665795597,0.98828125
two_concepts,TinyCNN,2002,template_release,200,contrast,1,True,0.2606469575714485,0.09765625,0.103515625,0.0936255007982254,0.05405604472958031,0.027099609375,0.2065909128418682,0.98828125
two_concepts,TinyCNN,2002,template_release,200,auroc,1,True,0.2606469575714485,0.09765625,0.103515625,0.0936255007982254,0.05405604472958031,0.027099609375,0.2065909128418682,0.98828125
two_concepts,TinyCNN,2002,template_release,200,validation_patch,1,True,0.2830042815352749,0.134765625,0.140625,0.12948207557201385,0.05405604472958031,0.027099609375,0.2289482368056946,0.98828125
two_concepts,TinyCNN,2002,template_release,200,contrast,2,True,0.7488296248394277,0.63671875,0.642578125,0.6394422650337219,0.08429857915692514,0.044921875,0.6645310456825025,0.98828125
two_concepts,TinyCNN,2002,template_release,200,auroc,2,True,0.7488296248394277,0.63671875,0.642578125,0.6394422650337219,0.08429857915692514,0.044921875,0.6645310456825025,0.98828125
two_concepts,TinyCNN,2002,template_release,200,validation_patch,2,True,0.704614245945103,0.630859375,0.63671875,0.6334661245346069,0.08429857915692514,0.044921875,0.6203156667881778,0.98828125
two_concepts,TinyCNN,2002,template_release,200,contrast,4,True,0.9370351884382436,0.888671875,0.896484375,0.8964143991470337,0.2548911680940416,0.139892578125,0.682144020344202,0.98828125
two_concepts,TinyCNN,2002,template_release,200,auroc,4,True,0.8913020107248615,0.81640625,0.822265625,0.8227092027664185,0.2548911680940416,0.139892578125,0.6364108426308199,0.98828125
two_concepts,TinyCNN,2002,template_release,200,validation_patch,4,True,0.9384302862395016,0.892578125,0.900390625,0.9003984332084656,0.2548911680940416,0.139892578125,0.68353911814546,0.98828125
two_concepts,TinyCNN,2002,template_release,200,contrast,8,True,0.9951884513626853,0.984375,0.98828125,0.9920319318771362,0.5998081023170942,0.485107421875,0.39538034904559105,0.98828125
two_concepts,TinyCNN,2002,template_release,200,auroc,8,True,0.9938111481971236,0.986328125,0.986328125,0.9920319318771362,0.5998081023170942,0.485107421875,0.3940030458800293,0.98828125
two_concepts,TinyCNN,2002,template_release,200,validation_patch,8,True,0.9978110523297901,0.990234375,0.994140625,0.9980080127716064,0.5998081023170942,0.485107421875,0.3980029500126958,0.98828125
two_concepts,TinyCNN,2002,template_retention_1,200,contrast,1,True,0.4581198008184424,0.1875,0.197265625,0.17573221027851105,0.08594163927822954,0.043701171875,0.3721781615402129,0.96484375
two_concepts,TinyCNN,2002,template_retention_1,200,auroc,1,True,0.5165602652640673,0.2734375,0.27734375,0.25732216238975525,0.08594163927822954,0.043701171875,0.4306186259858378,0.96484375
two_concepts,TinyCNN,2002,template_retention_1,200,validation_patch,1,True,0.5165602652640673,0.2734375,0.27734375,0.25732216238975525,0.08594163927822954,0.043701171875,0.4306186259858378,0.96484375
two_concepts,TinyCNN,2002,template_retention_1,200,contrast,2,True,0.8556248212211254,0.744140625,0.751953125,0.7615062594413757,0.11836552326022616,0.06103515625,0.7372592979608992,0.96484375
two_concepts,TinyCNN,2002,template_retention_1,200,auroc,2,True,0.8556248212211254,0.744140625,0.751953125,0.7615062594413757,0.11836552326022616,0.06103515625,0.7372592979608992,0.96484375
two_concepts,TinyCNN,2002,template_retention_1,200,validation_patch,2,True,0.8556248212211254,0.744140625,0.751953125,0.7615062594413757,0.11836552326022616,0.06103515625,0.7372592979608992,0.96484375
two_concepts,TinyCNN,2002,template_retention_1,200,contrast,4,True,0.9521963094202602,0.91796875,0.92578125,0.9456066489219666,0.33924446588169366,0.191650390625,0.6129518435385666,0.96484375
two_concepts,TinyCNN,2002,template_retention_1,200,auroc,4,True,0.9521963094202602,0.91796875,0.92578125,0.9456066489219666,0.33924446588169366,0.191650390625,0.6129518435385666,0.96484375
two_concepts,TinyCNN,2002,template_retention_1,200,validation_patch,4,True,0.9631900134850351,0.916015625,0.923828125,0.9435146450996399,0.33924446588169366,0.191650390625,0.6239455476033414,0.96484375
two_concepts,TinyCNN,2002,template_retention_1,200,contrast,8,True,0.9894050184324669,0.96484375,0.984375,0.9937238097190857,0.6392464506920568,0.48193359375,0.3501585677404101,0.96484375
two_concepts,TinyCNN,2002,template_retention_1,200,auroc,8,True,0.9894050184324669,0.96484375,0.984375,0.9937238097190857,0.6392464506920568,0.48193359375,0.3501585677404101,0.96484375
two_concepts,TinyCNN,2002,template_retention_1,200,validation_patch,8,True,0.992650415058873,0.966796875,0.990234375,0.9979079365730286,0.6392464506920568,0.48193359375,0.3534039643668162,0.96484375
two_concepts,TinyCNN,2003,template_release,200,contrast,1,True,0.3098745301671695,0.14453125,0.14453125,0.14453125,0.03934729467567753,0.017578125,0.27052723549149194,1.0
two_concepts,TinyCNN,2003,template_release,200,auroc,1,True,0.08555247339661864,0.005859375,0.005859375,0.005859375,0.03934729467567753,0.017578125,0.04620517872094111,1.0
two_concepts,TinyCNN,2003,template_release,200,validation_patch,1,True,0.3098745301671695,0.14453125,0.14453125,0.14453125,0.03934729467567753,0.017578125,0.27052723549149194,1.0
two_concepts,TinyCNN,2003,template_release,200,contrast,2,True,0.5570922723162357,0.42578125,0.42578125,0.42578125,0.05567318869920314,0.017822265625,0.5014190836170326,1.0
two_concepts,TinyCNN,2003,template_release,200,auroc,2,True,0.5570922723162357,0.42578125,0.42578125,0.42578125,0.05567318869920314,0.017822265625,0.5014190836170326,1.0
two_concepts,TinyCNN,2003,template_release,200,validation_patch,2,True,0.7338394936614681,0.57421875,0.57421875,0.57421875,0.05567318869920314,0.017822265625,0.6781663049622649,1.0
two_concepts,TinyCNN,2003,template_release,200,contrast,4,True,0.9462584604708497,0.9453125,0.9453125,0.9453125,0.14934766252893092,0.105712890625,0.7969107979419188,1.0
two_concepts,TinyCNN,2003,template_release,200,auroc,4,True,0.9462584604708497,0.9453125,0.9453125,0.9453125,0.14934766252893092,0.105712890625,0.7969107979419188,1.0
two_concepts,TinyCNN,2003,template_release,200,validation_patch,4,True,0.9513710663722444,0.92578125,0.92578125,0.92578125,0.14934766252893092,0.105712890625,0.8020234038433135,1.0
two_concepts,TinyCNN,2003,template_release,200,contrast,8,True,0.9970523147666397,0.998046875,0.998046875,0.998046875,0.5282366366873708,0.388671875,0.46881567807926894,1.0
two_concepts,TinyCNN,2003,template_release,200,auroc,8,True,0.9988566752011753,1.0,1.0,1.0,0.5282366366873708,0.388671875,0.4706200385138045,1.0
two_concepts,TinyCNN,2003,template_release,200,validation_patch,8,True,0.9990053491241682,1.0,1.0,1.0,0.5282366366873708,0.388671875,0.4707687124367974,1.0
two_concepts,TinyCNN,2003,template_retention_1,200,contrast,1,True,0.5420733635128376,0.3046875,0.306640625,0.30314961075782776,0.06427005976586668,0.031982421875,0.47780330374697094,0.99609375
two_concepts,TinyCNN,2003,template_retention_1,200,auroc,1,True,0.5420733635128376,0.3046875,0.306640625,0.30314961075782776,0.06427005976586668,0.031982421875,0.47780330374697094,0.99609375
two_concepts,TinyCNN,2003,template_retention_1,200,validation_patch,1,True,0.6315235969877089,0.392578125,0.39453125,0.39173227548599243,0.06427005976586668,0.031982421875,0.5672535372218422,0.99609375
two_concepts,TinyCNN,2003,template_retention_1,200,contrast,2,True,0.8963752624925789,0.869140625,0.869140625,0.8700787425041199,0.1087710817115795,0.036376953125,0.7876041807809995,0.99609375
two_concepts,TinyCNN,2003,template_retention_1,200,auroc,2,True,0.8963752624925789,0.869140625,0.869140625,0.8700787425041199,0.1087710817115795,0.036376953125,0.7876041807809995,0.99609375
two_concepts,TinyCNN,2003,template_retention_1,200,validation_patch,2,True,0.8963752624925789,0.869140625,0.869140625,0.8700787425041199,0.1087710817115795,0.036376953125,0.7876041807809995,0.99609375
two_concepts,TinyCNN,2003,template_retention_1,200,contrast,4,True,0.9593759063782363,0.953125,0.953125,0.9547244310379028,0.20433641277464792,0.094482421875,0.7550394936035885,0.99609375
two_concepts,TinyCNN,2003,template_retention_1,200,auroc,4,True,0.9593759063782363,0.953125,0.953125,0.9547244310379028,0.20433641277464792,0.094482421875,0.7550394936035885,0.99609375
two_concepts,TinyCNN,2003,template_retention_1,200,validation_patch,4,True,0.9711709719802947,0.966796875,0.966796875,0.9685039520263672,0.20433641277464792,0.094482421875,0.7668345592056467,0.99609375
two_concepts,TinyCNN,2003,template_retention_1,200,contrast,8,True,0.9938332035664981,0.9921875,0.9921875,0.9960629940032959,0.5487809535820067,0.369873046875,0.44505224998449133,0.99609375
two_concepts,TinyCNN,2003,template_retention_1,200,auroc,8,True,0.9936658998332673,0.990234375,0.990234375,0.9940944910049438,0.5487809535820067,0.369873046875,0.4448849462512605,0.99609375
two_concepts,TinyCNN,2003,template_retention_1,200,validation_patch,8,True,0.9957934174051013,0.994140625,0.998046875,0.998031497001648,0.5487809535820067,0.369873046875,0.44701246382309456,0.99609375
two_concepts,TinyCNN,2004,template_release,200,contrast,1,True,0.09756999126746668,0.03125,0.037109375,0.023904383182525635,0.018072922138482023,0.012939453125,0.07949706912898466,0.98828125
two_concepts,TinyCNN,2004,template_release,200,auroc,1,True,0.09756999126746668,0.03125,0.037109375,0.023904383182525635,0.018072922138482023,0.012939453125,0.07949706912898466,0.98828125
two_concepts,TinyCNN,2004,template_release,200,validation_patch,1,True,0.46838890051907334,0.34765625,0.353515625,0.34860557317733765,0.018072922138482023,0.012939453125,0.45031597838059134,0.98828125
two_concepts,TinyCNN,2004,template_release,200,contrast,2,True,0.6029317034841595,0.4609375,0.466796875,0.4621514081954956,0.14471853229165887,0.097900390625,0.4582131711925006,0.98828125
two_concepts,TinyCNN,2004,template_release,200,auroc,2,True,0.6029317034841595,0.4609375,0.466796875,0.4621514081954956,0.14471853229165887,0.097900390625,0.4582131711925006,0.98828125
two_concepts,TinyCNN,2004,template_release,200,validation_patch,2,True,0.7795765198880026,0.6796875,0.689453125,0.6852589845657349,0.14471853229165887,0.097900390625,0.6348579875963437,0.98828125
two_concepts,TinyCNN,2004,template_release,200,contrast,4,True,0.9465676867163016,0.90625,0.916015625,0.9163346886634827,0.25508467837276994,0.18017578125,0.6914830083435317,0.98828125
two_concepts,TinyCNN,2004,template_release,200,auroc,4,True,0.9465676867163016,0.90625,0.916015625,0.9163346886634827,0.25508467837276994,0.18017578125,0.6914830083435317,0.98828125
two_concepts,TinyCNN,2004,template_release,200,validation_patch,4,True,0.9774456711653969,0.962890625,0.970703125,0.9721115827560425,0.25508467837276994,0.18017578125,0.722360992792627,0.98828125
two_concepts,TinyCNN,2004,template_release,200,contrast,8,True,0.9980148239171565,0.98828125,0.99609375,0.9980080127716064,0.507764571535723,0.409912109375,0.4902502523814335,0.98828125
two_concepts,TinyCNN,2004,template_release,200,auroc,8,True,0.9980148239171565,0.98828125,0.99609375,0.9980080127716064,0.507764571535723,0.409912109375,0.4902502523814335,0.98828125
two_concepts,TinyCNN,2004,template_release,200,validation_patch,8,True,0.9991647743142764,0.986328125,0.998046875,0.9980080127716064,0.507764571535723,0.409912109375,0.49140020277855345,0.98828125
two_concepts,TinyCNN,2004,template_retention_1,200,contrast,1,True,0.6237452405578576,0.419921875,0.423828125,0.41803276538848877,0.050263859378719106,0.026611328125,0.5734813811791385,0.9765625
two_concepts,TinyCNN,2004,template_retention_1,200,auroc,1,True,0.6237452405578576,0.419921875,0.423828125,0.41803276538848877,0.050263859378719106,0.026611328125,0.5734813811791385,0.9765625
two_concepts,TinyCNN,2004,template_retention_1,200,validation_patch,1,True,0.6320992188827993,0.4296875,0.435546875,0.4344262182712555,0.050263859378719106,0.026611328125,0.5818353595040802,0.9765625
two_concepts,TinyCNN,2004,template_retention_1,200,contrast,2,True,0.894503322721957,0.822265625,0.833984375,0.8442622423171997,0.22372080477649148,0.133544921875,0.6707825179454655,0.9765625
two_concepts,TinyCNN,2004,template_retention_1,200,auroc,2,True,0.894503322721957,0.822265625,0.833984375,0.8442622423171997,0.22372080477649148,0.133544921875,0.6707825179454655,0.9765625
two_concepts,TinyCNN,2004,template_retention_1,200,validation_patch,2,True,0.894503322721957,0.822265625,0.833984375,0.8442622423171997,0.22372080477649148,0.133544921875,0.6707825179454655,0.9765625
two_concepts,TinyCNN,2004,template_retention_1,200,contrast,4,True,0.979187256613154,0.955078125,0.9609375,0.9795081615447998,0.3391582552996687,0.2109375,0.6400290013134853,0.9765625
two_concepts,TinyCNN,2004,template_retention_1,200,auroc,4,True,0.9741570562610088,0.951171875,0.962890625,0.9774589538574219,0.3391582552996687,0.2109375,0.6349988009613401,0.9765625
two_concepts,TinyCNN,2004,template_retention_1,200,validation_patch,4,True,0.9845144879987272,0.958984375,0.96484375,0.981557309627533,0.3391582552996687,0.2109375,0.6453562326990585,0.9765625
two_concepts,TinyCNN,2004,template_retention_1,200,contrast,8,True,0.9932863828217038,0.974609375,0.984375,0.9979507923126221,0.5490019771451523,0.428955078125,0.4442844056765515,0.9765625
two_concepts,TinyCNN,2004,template_retention_1,200,auroc,8,True,0.9932863828217038,0.974609375,0.984375,0.9979507923126221,0.5490019771451523,0.428955078125,0.4442844056765515,0.9765625
two_concepts,TinyCNN,2004,template_retention_1,200,validation_patch,8,True,0.9946871984684964,0.974609375,0.98046875,0.9959015846252441,0.5490019771451523,0.428955078125,0.4456852213233441,0.9765625
two_concepts,TinyCNN,2005,template_release,200,contrast,1,True,0.1107875832896188,0.029296875,0.033203125,0.025590550154447556,0.0267621932356608,0.009765625,0.084025390053958,0.99609375
two_concepts,TinyCNN,2005,template_release,200,auroc,1,True,0.14850788397241454,0.0546875,0.056640625,0.05314960703253746,0.0267621932356608,0.009765625,0.12174569073675374,0.99609375
two_concepts,TinyCNN,2005,template_release,200,validation_patch,1,True,0.2932594176848763,0.111328125,0.115234375,0.10826771706342697,0.0267621932356608,0.009765625,0.2664972244492155,0.99609375
two_concepts,TinyCNN,2005,template_release,200,contrast,2,True,0.8017811937677256,0.681640625,0.681640625,0.6811023354530334,0.09085262172387508,0.059814453125,0.7109285720438505,0.99609375
two_concepts,TinyCNN,2005,template_release,200,auroc,2,True,0.8017811937677256,0.681640625,0.681640625,0.6811023354530334,0.09085262172387508,0.059814453125,0.7109285720438505,0.99609375
two_concepts,TinyCNN,2005,template_release,200,validation_patch,2,True,0.8017811937677256,0.681640625,0.681640625,0.6811023354530334,0.09085262172387508,0.059814453125,0.7109285720438505,0.99609375
two_concepts,TinyCNN,2005,template_release,200,contrast,4,True,0.9724114704882537,0.955078125,0.955078125,0.9566929340362549,0.19537499179182008,0.103515625,0.7770364786964337,0.99609375
two_concepts,TinyCNN,2005,template_release,200,auroc,4,True,0.9724114704882537,0.955078125,0.955078125,0.9566929340362549,0.19537499179182008,0.103515625,0.7770364786964337,0.99609375
two_concepts,TinyCNN,2005,template_release,200,validation_patch,4,True,0.962938854396501,0.9375,0.9375,0.9389763474464417,0.19537499179182008,0.103515625,0.7675638626046809,0.99609375
two_concepts,TinyCNN,2005,template_release,200,contrast,8,True,0.9971753454567006,0.986328125,0.990234375,0.9901574850082397,0.5908826006965779,0.505615234375,0.40629274476012267,0.99609375
two_concepts,TinyCNN,2005,template_release,200,auroc,8,True,0.9971753454567006,0.986328125,0.990234375,0.9901574850082397,0.5908826006965779,0.505615234375,0.40629274476012267,0.99609375
two_concepts,TinyCNN,2005,template_release,200,validation_patch,8,True,0.998680350379775,0.994140625,0.994140625,0.9960629940032959,0.5908826006965779,0.505615234375,0.40779774968319704,0.99609375
two_concepts,TinyCNN,2005,template_retention_1,200,contrast,1,True,0.6828548946027421,0.44140625,0.453125,0.44758063554763794,0.061518279466508355,0.024658203125,0.6213366151362337,0.984375
two_concepts,TinyCNN,2005,template_retention_1,200,auroc,1,True,0.6828548946027421,0.44140625,0.453125,0.44758063554763794,0.061518279466508355,0.024658203125,0.6213366151362337,0.984375
two_concepts,TinyCNN,2005,template_retention_1,200,validation_patch,1,True,0.6828548946027421,0.44140625,0.453125,0.44758063554763794,0.061518279466508355,0.024658203125,0.6213366151362337,0.984375
two_concepts,TinyCNN,2005,template_retention_1,200,contrast,2,True,0.9130263537423213,0.865234375,0.873046875,0.8810483813285828,0.12776549749527708,0.08740234375,0.7852608562470442,0.984375
two_concepts,TinyCNN,2005,template_retention_1,200,auroc,2,True,0.9290860255744988,0.904296875,0.912109375,0.9193547964096069,0.12776549749527708,0.08740234375,0.8013205280792217,0.984375
two_concepts,TinyCNN,2005,template_retention_1,200,validation_patch,2,True,0.9290860255744988,0.904296875,0.912109375,0.9193547964096069,0.12776549749527708,0.08740234375,0.8013205280792217,0.984375
two_concepts,TinyCNN,2005,template_retention_1,200,contrast,4,True,0.9804915212788415,0.9765625,0.98046875,0.9919354319572449,0.29258618899176003,0.164794921875,0.6879053322870815,0.984375
two_concepts,TinyCNN,2005,template_retention_1,200,auroc,4,True,0.9804915212788415,0.9765625,0.98046875,0.9919354319572449,0.29258618899176003,0.164794921875,0.6879053322870815,0.984375
two_concepts,TinyCNN,2005,template_retention_1,200,validation_patch,4,True,0.9804915212788415,0.9765625,0.98046875,0.9919354319572449,0.29258618899176003,0.164794921875,0.6879053322870815,0.984375
two_concepts,TinyCNN,2005,template_retention_1,200,contrast,8,True,0.9911695764376951,0.98046875,0.98828125,0.9979838132858276,0.5883792053886553,0.471923828125,0.4027903710490398,0.984375
two_concepts,TinyCNN,2005,template_retention_1,200,auroc,8,True,0.987154433306506,0.978515625,0.986328125,0.9959676861763,0.5883792053886553,0.471923828125,0.3987752279178507,0.984375
two_concepts,TinyCNN,2005,template_retention_1,200,validation_patch,8,True,0.997144642090621,0.982421875,0.994140625,0.9979838132858276,0.5883792053886553,0.471923828125,0.40876543670196575,0.984375
two_concepts,TinyCNN,2006,template_release,200,contrast,1,True,0.09975234589722504,0.025390625,0.029296875,0.01984127052128315,0.04412019903896523,0.010986328125,0.055632146858259804,0.9921875
two_concepts,TinyCNN,2006,template_release,200,auroc,1,True,0.1344960303233519,0.03515625,0.0390625,0.0297619067132473,0.04412019903896523,0.010986328125,0.09037583128438666,0.9921875
two_concepts,TinyCNN,2006,template_release,200,validation_patch,1,True,0.14723381698777682,0.029296875,0.033203125,0.0238095261156559,0.04412019903896523,0.010986328125,0.10311361794881159,0.9921875
two_concepts,TinyCNN,2006,template_release,200,contrast,2,True,0.44379830148430943,0.24609375,0.25,0.2440476268529892,0.09000742784258851,0.04248046875,0.3537908736417209,0.9921875
two_concepts,TinyCNN,2006,template_release,200,auroc,2,True,0.44379830148430943,0.24609375,0.25,0.2440476268529892,0.09000742784258851,0.04248046875,0.3537908736417209,0.9921875
two_concepts,TinyCNN,2006,template_release,200,validation_patch,2,True,0.6365513571630512,0.478515625,0.482421875,0.4801587462425232,0.09000742784258851,0.04248046875,0.5465439293204627,0.9921875
two_concepts,TinyCNN,2006,template_release,200,contrast,4,True,0.9792157163827011,0.96484375,0.96875,0.9742063879966736,0.20143447388224037,0.10546875,0.7777812425004608,0.9921875
two_concepts,TinyCNN,2006,template_release,200,auroc,4,True,0.9792157163827011,0.96484375,0.96875,0.9742063879966736,0.20143447388224037,0.10546875,0.7777812425004608,0.9921875
two_concepts,TinyCNN,2006,template_release,200,validation_patch,4,True,0.9792157163827011,0.96484375,0.96875,0.9742063879966736,0.20143447388224037,0.10546875,0.7777812425004608,0.9921875
two_concepts,TinyCNN,2006,template_release,200,contrast,8,True,0.9963702068345913,0.98828125,0.9921875,0.9980159401893616,0.6383745241786737,0.517822265625,0.35799568265591764,0.9921875
two_concepts,TinyCNN,2006,template_release,200,auroc,8,True,0.9963702068345913,0.98828125,0.9921875,0.9980159401893616,0.6383745241786737,0.517822265625,0.35799568265591764,0.9921875
two_concepts,TinyCNN,2006,template_release,200,validation_patch,8,True,0.9979048951984889,0.99609375,0.99609375,1.0,0.6383745241786737,0.517822265625,0.3595303710198152,0.9921875
two_concepts,TinyCNN,2006,template_retention_1,200,contrast,1,True,0.49626099789409406,0.236328125,0.248046875,0.23265305161476135,0.15228558389016678,0.056396484375,0.3439754140039273,0.9765625
two_concepts,TinyCNN,2006,template_retention_1,200,auroc,1,True,0.49626099789409406,0.236328125,0.248046875,0.23265305161476135,0.15228558389016678,0.056396484375,0.3439754140039273,0.9765625
two_concepts,TinyCNN,2006,template_retention_1,200,validation_patch,1,True,0.49626099789409406,0.236328125,0.248046875,0.23265305161476135,0.15228558389016678,0.056396484375,0.3439754140039273,0.9765625
two_concepts,TinyCNN,2006,template_retention_1,200,contrast,2,True,0.7798945073845481,0.6171875,0.630859375,0.6306121945381165,0.18386806039821396,0.0927734375,0.5960264469863341,0.9765625
two_concepts,TinyCNN,2006,template_retention_1,200,auroc,2,True,0.7798945073845481,0.6171875,0.630859375,0.6306121945381165,0.18386806039821396,0.0927734375,0.5960264469863341,0.9765625
two_concepts,TinyCNN,2006,template_retention_1,200,validation_patch,2,True,0.7798945073845481,0.6171875,0.630859375,0.6306121945381165,0.18386806039821396,0.0927734375,0.5960264469863341,0.9765625
two_concepts,TinyCNN,2006,template_retention_1,200,contrast,4,True,0.9472027698235307,0.927734375,0.92578125,0.9408162832260132,0.3124842116686962,0.1513671875,0.6347185581548345,0.9765625
two_concepts,TinyCNN,2006,template_retention_1,200,auroc,4,True,0.9472027698235307,0.927734375,0.92578125,0.9408162832260132,0.3124842116686962,0.1513671875,0.6347185581548345,0.9765625
two_concepts,TinyCNN,2006,template_retention_1,200,validation_patch,4,True,0.9614856159763927,0.939453125,0.939453125,0.9551020264625549,0.3124842116686962,0.1513671875,0.6490014043076965,0.9765625
two_concepts,TinyCNN,2006,template_retention_1,200,contrast,8,True,0.9895326023078448,0.982421875,0.982421875,0.9979591369628906,0.7022305207295234,0.556396484375,0.2873020815783214,0.9765625
two_concepts,TinyCNN,2006,template_retention_1,200,auroc,8,True,0.9885088289703872,0.9765625,0.98046875,0.9938775300979614,0.7022305207295234,0.556396484375,0.28627830824086375,0.9765625
two_concepts,TinyCNN,2006,template_retention_1,200,validation_patch,8,True,0.9898723063819336,0.984375,0.984375,0.9999999403953552,0.7022305207295234,0.556396484375,0.28764178565241016,0.9765625
two_concepts,TinyCNN,2007,template_release,200,contrast,1,True,0.046104421721843925,0.0,0.0,0.0,0.016744431329468942,0.000732421875,0.029359990392374982,1.0
two_concepts,TinyCNN,2007,template_release,200,auroc,1,True,0.4134466155572176,0.31640625,0.31640625,0.31640625,0.016744431329468942,0.000732421875,0.39670218422774867,1.0
two_concepts,TinyCNN,2007,template_release,200,validation_patch,1,True,0.5132410849604377,0.34375,0.34375,0.34375,0.016744431329468942,0.000732421875,0.4964966536309688,1.0
two_concepts,TinyCNN,2007,template_release,200,contrast,2,True,0.7956149064578987,0.708984375,0.708984375,0.708984375,0.15278954042091486,0.111083984375,0.6428253660369838,1.0
two_concepts,TinyCNN,2007,template_release,200,auroc,2,True,0.7956149064578987,0.708984375,0.708984375,0.708984375,0.15278954042091486,0.111083984375,0.6428253660369838,1.0
two_concepts,TinyCNN,2007,template_release,200,validation_patch,2,True,0.8290743680618431,0.751953125,0.751953125,0.751953125,0.15278954042091486,0.111083984375,0.6762848276409282,1.0
two_concepts,TinyCNN,2007,template_release,200,contrast,4,True,0.9416019892151025,0.91796875,0.91796875,0.91796875,0.2647640080957466,0.19091796875,0.6768379811193559,1.0
two_concepts,TinyCNN,2007,template_release,200,auroc,4,True,0.9416019892151025,0.91796875,0.91796875,0.91796875,0.2647640080957466,0.19091796875,0.6768379811193559,1.0
two_concepts,TinyCNN,2007,template_release,200,validation_patch,4,True,0.9780020426198431,0.974609375,0.974609375,0.974609375,0.2647640080957466,0.19091796875,0.7132380345240965,1.0
two_concepts,TinyCNN,2007,template_release,200,contrast,8,True,0.9995431865861377,1.0,1.0,1.0,0.5963469953221261,0.492431640625,0.4031961912640116,1.0
two_concepts,TinyCNN,2007,template_release,200,auroc,8,True,0.9995431865861377,1.0,1.0,1.0,0.5963469953221261,0.492431640625,0.4031961912640116,1.0
two_concepts,TinyCNN,2007,template_release,200,validation_patch,8,True,0.9997576868497016,1.0,1.0,1.0,0.5963469953221261,0.492431640625,0.40341069152757547,1.0
two_concepts,TinyCNN,2007,template_retention_1,200,contrast,1,True,0.5261325446118815,0.390625,0.392578125,0.3920000195503235,0.03632851498846473,0.006591796875,0.4898040296234168,0.98828125
two_concepts,TinyCNN,2007,template_retention_1,200,auroc,1,True,0.5261325446118815,0.390625,0.392578125,0.3920000195503235,0.03632851498846473,0.006591796875,0.4898040296234168,0.98828125
two_concepts,TinyCNN,2007,template_retention_1,200,validation_patch,1,True,0.7402275336350748,0.564453125,0.564453125,0.5680000185966492,0.03632851498846473,0.006591796875,0.7038990186466101,0.98828125
two_concepts,TinyCNN,2007,template_retention_1,200,contrast,2,True,0.732427441648012,0.609375,0.611328125,0.6180000305175781,0.2162975154536685,0.13525390625,0.5161299261943435,0.98828125
two_concepts,TinyCNN,2007,template_retention_1,200,auroc,2,True,0.732427441648012,0.609375,0.611328125,0.6180000305175781,0.2162975154536685,0.13525390625,0.5161299261943435,0.98828125
two_concepts,TinyCNN,2007,template_retention_1,200,validation_patch,2,True,0.9195215144884892,0.884765625,0.884765625,0.8980000615119934,0.2162975154536685,0.13525390625,0.7032239990348207,0.98828125
two_concepts,TinyCNN,2007,template_retention_1,200,contrast,4,True,0.9856790983766338,0.9765625,0.978515625,0.9900000691413879,0.3358826793523816,0.244384765625,0.6497964190242522,0.98828125
two_concepts,TinyCNN,2007,template_retention_1,200,auroc,4,True,0.9856790983766338,0.9765625,0.978515625,0.9900000691413879,0.3358826793523816,0.244384765625,0.6497964190242522,0.98828125
two_concepts,TinyCNN,2007,template_retention_1,200,validation_patch,4,True,0.9856790983766338,0.9765625,0.978515625,0.9900000691413879,0.3358826793523816,0.244384765625,0.6497964190242522,0.98828125
two_concepts,TinyCNN,2007,template_retention_1,200,contrast,8,True,0.9939762118314277,0.982421875,0.98828125,0.9980000257492065,0.6189699864218982,0.46337890625,0.37500622540952955,0.98828125
two_concepts,TinyCNN,2007,template_retention_1,200,auroc,8,True,0.9945177533121401,0.984375,0.9921875,1.0,0.6189699864218982,0.46337890625,0.37554776689024194,0.98828125
two_concepts,TinyCNN,2007,template_retention_1,200,validation_patch,8,True,0.9945536799961856,0.986328125,0.990234375,0.9980000257492065,0.6189699864218982,0.46337890625,0.37558369357428745,0.98828125
two_concepts,TinyCNN,2008,template_release,200,contrast,1,True,0.34818707035177365,0.1875,0.203125,0.18346773087978363,0.0322922893006575,0.02099609375,0.3158947810511161,0.9765625
two_concepts,TinyCNN,2008,template_release,200,auroc,1,True,0.14872479635047442,0.033203125,0.048828125,0.024193547666072845,0.0322922893006575,0.02099609375,0.11643250704981692,0.9765625
two_concepts,TinyCNN,2008,template_release,200,validation_patch,1,True,0.4423624493809849,0.251953125,0.267578125,0.25,0.0322922893006575,0.02099609375,0.4100701600803274,0.9765625
two_concepts,TinyCNN,2008,template_release,200,contrast,2,True,0.8783956714074654,0.806640625,0.822265625,0.8225806355476379,0.07796476355253658,0.0439453125,0.8004309078549289,0.9765625
two_concepts,TinyCNN,2008,template_release,200,auroc,2,True,0.8783956714074654,0.806640625,0.822265625,0.8225806355476379,0.07796476355253658,0.0439453125,0.8004309078549289,0.9765625
two_concepts,TinyCNN,2008,template_release,200,validation_patch,2,True,0.8783956714074654,0.806640625,0.822265625,0.8225806355476379,0.07796476355253658,0.0439453125,0.8004309078549289,0.9765625
two_concepts,TinyCNN,2008,template_release,200,contrast,4,True,0.9613512146430057,0.931640625,0.94921875,0.9516128897666931,0.14922684244680756,0.09521484375,0.8121243721961982,0.9765625
two_concepts,TinyCNN,2008,template_release,200,auroc,4,True,0.9785217922307095,0.951171875,0.96875,0.971774160861969,0.14922684244680756,0.09521484375,0.829294949783902,0.9765625
two_concepts,TinyCNN,2008,template_release,200,validation_patch,4,True,0.9613512146430057,0.931640625,0.94921875,0.9516128897666931,0.14922684244680756,0.09521484375,0.8121243721961982,0.9765625
two_concepts,TinyCNN,2008,template_release,200,contrast,8,True,0.9921897069143844,0.974609375,0.9921875,0.9959676861763,0.5375752925538637,0.473388671875,0.45461441436052064,0.9765625
two_concepts,TinyCNN,2008,template_release,200,auroc,8,True,0.9921655990801675,0.974609375,0.9921875,0.9959676861763,0.5375752925538637,0.473388671875,0.45459030652630383,0.9765625
two_concepts,TinyCNN,2008,template_release,200,validation_patch,8,True,0.9971425597761455,0.978515625,0.99609375,1.0,0.5375752925538637,0.473388671875,0.4595672672222818,0.9765625
two_concepts,TinyCNN,2008,template_retention_1,200,contrast,1,True,0.6577405385838466,0.423828125,0.4375,0.42500001192092896,0.06633925352510063,0.0244140625,0.591401285058746,0.96875
two_concepts,TinyCNN,2008,template_retention_1,200,auroc,1,True,0.5297178254050204,0.3671875,0.380859375,0.3708333671092987,0.06633925352510063,0.0244140625,0.4633785718799198,0.96875
two_concepts,TinyCNN,2008,template_retention_1,200,validation_patch,1,True,0.6577405385838466,0.423828125,0.4375,0.42500001192092896,0.06633925352510063,0.0244140625,0.591401285058746,0.96875
two_concepts,TinyCNN,2008,template_retention_1,200,contrast,2,True,0.8758569517688447,0.818359375,0.822265625,0.8354167342185974,0.12346454197693658,0.068603515625,0.7523924097919081,0.96875
two_concepts,TinyCNN,2008,template_retention_1,200,auroc,2,True,0.8758569517688447,0.818359375,0.822265625,0.8354167342185974,0.12346454197693658,0.068603515625,0.7523924097919081,0.96875
two_concepts,TinyCNN,2008,template_retention_1,200,validation_patch,2,True,0.8942668039267168,0.861328125,0.865234375,0.8791667222976685,0.12346454197693658,0.068603515625,0.7708022619497802,0.96875
two_concepts,TinyCNN,2008,template_retention_1,200,contrast,4,True,0.9247111164965794,0.884765625,0.892578125,0.9083333611488342,0.19555920101964142,0.089599609375,0.729151915476938,0.96875
two_concepts,TinyCNN,2008,template_retention_1,200,auroc,4,True,0.9247111164965794,0.884765625,0.892578125,0.9083333611488342,0.19555920101964142,0.089599609375,0.729151915476938,0.96875
two_concepts,TinyCNN,2008,template_retention_1,200,validation_patch,4,True,0.9642243645854865,0.94140625,0.9453125,0.9645833969116211,0.19555920101964142,0.089599609375,0.7686651635658451,0.96875
two_concepts,TinyCNN,2008,template_retention_1,200,contrast,8,True,0.990422482327044,0.966796875,0.982421875,0.9958333969116211,0.553178171635394,0.463134765625,0.43724431069165004,0.96875
two_concepts,TinyCNN,2008,template_retention_1,200,auroc,8,True,0.990422482327044,0.966796875,0.982421875,0.9958333969116211,0.553178171635394,0.463134765625,0.43724431069165004,0.96875
two_concepts,TinyCNN,2008,template_retention_1,200,validation_patch,8,True,0.9919340235614513,0.96875,0.98046875,0.9958333969116211,0.553178171635394,0.463134765625,0.43875585192605737,0.96875
two_concepts,TinyCNN,2009,template_release,200,contrast,1,True,0.1509061652321605,0.044921875,0.048828125,0.0415019765496254,0.030127843422691286,0.015380859375,0.12077832180946921,0.9921875
two_concepts,TinyCNN,2009,template_release,200,auroc,1,True,0.21646622931482817,0.068359375,0.072265625,0.06521739065647125,0.030127843422691286,0.015380859375,0.1863383858921369,0.9921875
two_concepts,TinyCNN,2009,template_release,200,validation_patch,1,True,0.22038335828733902,0.111328125,0.115234375,0.10869565606117249,0.030127843422691286,0.015380859375,0.19025551486464773,0.9921875
two_concepts,TinyCNN,2009,template_release,200,contrast,2,True,0.49271135566113644,0.30859375,0.3125,0.3083004057407379,0.07997140395055496,0.0361328125,0.4127399517105815,0.9921875
two_concepts,TinyCNN,2009,template_release,200,auroc,2,True,0.5968216889251525,0.455078125,0.458984375,0.45652174949645996,0.07997140395055496,0.0361328125,0.5168502849745975,0.9921875
two_concepts,TinyCNN,2009,template_release,200,validation_patch,2,True,0.5968216889251525,0.455078125,0.458984375,0.45652174949645996,0.07997140395055496,0.0361328125,0.5168502849745975,0.9921875
two_concepts,TinyCNN,2009,template_release,200,contrast,4,True,0.8398252385949212,0.7734375,0.779296875,0.7786561846733093,0.15782161767599093,0.06494140625,0.6820036209189303,0.9921875
two_concepts,TinyCNN,2009,template_release,200,auroc,4,True,0.8398252385949212,0.7734375,0.779296875,0.7786561846733093,0.15782161767599093,0.06494140625,0.6820036209189303,0.9921875
two_concepts,TinyCNN,2009,template_release,200,validation_patch,4,True,0.8718916923288591,0.80859375,0.814453125,0.8142293095588684,0.15782161767599093,0.06494140625,0.7140700746528682,0.9921875
two_concepts,TinyCNN,2009,template_release,200,contrast,8,True,0.9958631398494419,0.9921875,1.0,1.0,0.619713812294509,0.50927734375,0.3761493275549329,0.9921875
two_concepts,TinyCNN,2009,template_release,200,auroc,8,True,0.9958631398494419,0.9921875,1.0,1.0,0.619713812294509,0.50927734375,0.3761493275549329,0.9921875
two_concepts,TinyCNN,2009,template_release,200,validation_patch,8,True,0.9960459102296157,0.990234375,0.998046875,0.9980237483978271,0.619713812294509,0.50927734375,0.3763320979351068,0.9921875
two_concepts,TinyCNN,2009,template_retention_1,200,contrast,1,True,0.5453589312377823,0.314453125,0.32421875,0.31526103615760803,0.061700494460966454,0.02001953125,0.48365843677681586,0.984375
two_concepts,TinyCNN,2009,template_retention_1,200,auroc,1,True,0.4596093578466445,0.275390625,0.28515625,0.27510038018226624,0.061700494460966454,0.02001953125,0.397908863385678,0.984375
two_concepts,TinyCNN,2009,template_retention_1,200,validation_patch,1,True,0.5453589312377823,0.314453125,0.32421875,0.31526103615760803,0.061700494460966454,0.02001953125,0.48365843677681586,0.984375
two_concepts,TinyCNN,2009,template_retention_1,200,contrast,2,True,0.7974014437618655,0.68359375,0.6953125,0.694779098033905,0.13910094552953145,0.0458984375,0.658300498232334,0.984375
two_concepts,TinyCNN,2009,template_retention_1,200,auroc,2,True,0.7974014437618655,0.68359375,0.6953125,0.694779098033905,0.13910094552953145,0.0458984375,0.658300498232334,0.984375
two_concepts,TinyCNN,2009,template_retention_1,200,validation_patch,2,True,0.7974014437618655,0.68359375,0.6953125,0.694779098033905,0.13910094552953145,0.0458984375,0.658300498232334,0.984375
two_concepts,TinyCNN,2009,template_retention_1,200,contrast,4,True,0.9238186055650213,0.87890625,0.89453125,0.8915662169456482,0.2527454445022672,0.092041015625,0.671073161062754,0.984375
two_concepts,TinyCNN,2009,template_retention_1,200,auroc,4,True,0.9238186055650213,0.87890625,0.89453125,0.8915662169456482,0.2527454445022672,0.092041015625,0.671073161062754,0.984375
two_concepts,TinyCNN,2009,template_retention_1,200,validation_patch,4,True,0.9400155319654829,0.908203125,0.923828125,0.9216867089271545,0.2527454445022672,0.092041015625,0.6872700874632157,0.984375
two_concepts,TinyCNN,2009,template_retention_1,200,contrast,8,True,0.9796838519063071,0.96484375,0.9765625,0.9779115915298462,0.6512007133804545,0.513671875,0.32848313852585265,0.984375
two_concepts,TinyCNN,2009,template_retention_1,200,auroc,8,True,0.9796838519063071,0.96484375,0.9765625,0.9779115915298462,0.6512007133804545,0.513671875,0.32848313852585265,0.984375
two_concepts,TinyCNN,2009,template_retention_1,200,validation_patch,8,True,0.9939280135611008,0.982421875,0.994140625,0.995983898639679,0.6512007133804545,0.513671875,0.34272730018064634,0.984375
two_concepts,TwoLayerCNN,2000,template_release,200,contrast,1,True,0.004702450364539645,0.005859375,0.009765625,0.0019762846641242504,0.0037254560064857722,0.0048828125,0.0009769943580538731,0.9921875
two_concepts,TwoLayerCNN,2000,template_release,200,auroc,1,True,0.004702450364539645,0.005859375,0.009765625,0.0019762846641242504,0.0037254560064857722,0.0048828125,0.0009769943580538731,0.9921875
two_concepts,TwoLayerCNN,2000,template_release,200,validation_patch,1,True,0.012489485541186784,0.0078125,0.01171875,0.003952569328248501,0.0037254560064857722,0.0048828125,0.008764029534701012,0.9921875
two_concepts,TwoLayerCNN,2000,template_release,200,contrast,2,True,0.020574811837113183,0.009765625,0.013671875,0.005928853992372751,0.012954807561607107,0.006103515625,0.007620004275506076,0.9921875
two_concepts,TwoLayerCNN,2000,template_release,200,auroc,2,True,0.020574811837113183,0.009765625,0.013671875,0.005928853992372751,0.012954807561607107,0.006103515625,0.007620004275506076,0.9921875
two_concepts,TwoLayerCNN,2000,template_release,200,validation_patch,2,True,0.03293182459463628,0.009765625,0.013671875,0.005928853992372751,0.012954807561607107,0.006103515625,0.019977017033029176,0.9921875
two_concepts,TwoLayerCNN,2000,template_release,200,contrast,4,True,0.09721489462138677,0.033203125,0.037109375,0.02964426949620247,0.08084513877024271,0.030029296875,0.016369755851144058,0.9921875
two_concepts,TwoLayerCNN,2000,template_release,200,auroc,4,True,0.09721489462138677,0.033203125,0.037109375,0.02964426949620247,0.08084513877024271,0.030029296875,0.016369755851144058,0.9921875
two_concepts,TwoLayerCNN,2000,template_release,200,validation_patch,4,True,0.4570292241629872,0.28515625,0.291015625,0.28458499908447266,0.08084513877024271,0.030029296875,0.3761840853927445,0.9921875
two_concepts,TwoLayerCNN,2000,template_release,200,contrast,8,True,0.8384718727844154,0.76953125,0.77734375,0.7747035622596741,0.5932431855030031,0.4755859375,0.24522868728141223,0.9921875
two_concepts,TwoLayerCNN,2000,template_release,200,auroc,8,True,0.8384718727844154,0.76953125,0.77734375,0.7747035622596741,0.5932431855030031,0.4755859375,0.24522868728141223,0.9921875
two_concepts,TwoLayerCNN,2000,template_release,200,validation_patch,8,True,0.9892889047404886,0.978515625,0.986328125,0.9861660599708557,0.5932431855030031,0.4755859375,0.39604571923748544,0.9921875
two_concepts,TwoLayerCNN,2000,template_retention_1,200,contrast,1,True,0.010006731505475597,0.0078125,0.013671875,0.0019920319318771362,0.011443385945993367,0.006103515625,-0.0014366544405177706,0.98828125
two_concepts,TwoLayerCNN,2000,template_retention_1,200,auroc,1,True,0.01395094738469227,0.005859375,0.01171875,0.0,0.011443385945993367,0.006103515625,0.002507561438698902,0.98828125
two_concepts,TwoLayerCNN,2000,template_retention_1,200,validation_patch,1,True,0.03533895380628871,0.009765625,0.015625,0.0039840638637542725,0.011443385945993367,0.006103515625,0.02389556786029534,0.98828125
two_concepts,TwoLayerCNN,2000,template_retention_1,200,contrast,2,True,0.03522239121381565,0.009765625,0.015625,0.0039840638637542725,0.03068390469176728,0.0087890625,0.004538486522048371,0.98828125
two_concepts,TwoLayerCNN,2000,template_retention_1,200,auroc,2,True,0.03522239121381565,0.009765625,0.015625,0.0039840638637542725,0.03068390469176728,0.0087890625,0.004538486522048371,0.98828125
two_concepts,TwoLayerCNN,2000,template_retention_1,200,validation_patch,2,True,0.10392970386797429,0.03125,0.037109375,0.02589641511440277,0.03068390469176728,0.0087890625,0.07324579917620701,0.98828125
two_concepts,TwoLayerCNN,2000,template_retention_1,200,contrast,4,True,0.20283618410509874,0.068359375,0.07421875,0.06175298988819122,0.12575210137326998,0.041748046875,0.07708408273182876,0.98828125
two_concepts,TwoLayerCNN,2000,template_retention_1,200,auroc,4,True,0.20283618410509874,0.068359375,0.07421875,0.06175298988819122,0.12575210137326998,0.041748046875,0.07708408273182876,0.98828125
two_concepts,TwoLayerCNN,2000,template_retention_1,200,validation_patch,4,True,0.35875374982931685,0.1875,0.193359375,0.18326693773269653,0.12575210137326998,0.041748046875,0.23300164845604687,0.98828125
two_concepts,TwoLayerCNN,2000,template_retention_1,200,contrast,8,True,0.6256841984622816,0.501953125,0.51171875,0.5039840936660767,0.6191980540130502,0.4755859375,0.006486144449231457,0.98828125
two_concepts,TwoLayerCNN,2000,template_retention_1,200,auroc,8,True,0.48693146737363235,0.34765625,0.357421875,0.34860557317733765,0.6191980540130502,0.4755859375,-0.13226658663941782,0.98828125
two_concepts,TwoLayerCNN,2000,template_retention_1,200,validation_patch,8,True,0.9738011901425241,0.962890625,0.96875,0.9721115827560425,0.6191980540130502,0.4755859375,0.3546031361294739,0.98828125
two_concepts,TwoLayerCNN,2001,template_release,200,contrast,1,True,0.007998303298658138,0.00390625,0.0078125,0.0,0.0034450575114080145,0.00390625,0.004553245787250124,0.9921875
two_concepts,TwoLayerCNN,2001,template_release,200,auroc,1,True,0.007998303298658138,0.00390625,0.0078125,0.0,0.0034450575114080145,0.00390625,0.004553245787250124,0.9921875
two_concepts,TwoLayerCNN,2001,template_release,200,validation_patch,1,True,0.0212849008082292,0.009765625,0.013671875,0.005928853992372751,0.0034450575114080145,0.00390625,0.017839843296821187,0.9921875
two_concepts,TwoLayerCNN,2001,template_release,200,contrast,2,True,0.030292282184152475,0.005859375,0.009765625,0.0019762846641242504,0.0187384363882014,0.0078125,0.011553845795951076,0.9921875
two_concepts,TwoLayerCNN,2001,template_release,200,auroc,2,True,0.030292282184152475,0.005859375,0.009765625,0.0019762846641242504,0.0187384363882014,0.0078125,0.011553845795951076,0.9921875
two_concepts,TwoLayerCNN,2001,template_release,200,validation_patch,2,True,0.11448311032909242,0.0703125,0.07421875,0.06719367951154709,0.0187384363882014,0.0078125,0.09574467394089102,0.9921875
two_concepts,TwoLayerCNN,2001,template_release,200,contrast,4,True,0.11753451409567273,0.052734375,0.056640625,0.04940711706876755,0.13603793952299004,0.077392578125,-0.01850342542731731,0.9921875
two_concepts,TwoLayerCNN,2001,template_release,200,auroc,4,True,0.11555122249506944,0.052734375,0.056640625,0.04940711706876755,0.13603793952299004,0.077392578125,-0.020486717027920598,0.9921875
two_concepts,TwoLayerCNN,2001,template_release,200,validation_patch,4,True,0.431911218047875,0.34375,0.34765625,0.343873530626297,0.13603793952299004,0.077392578125,0.295873278524885,0.9921875
two_concepts,TwoLayerCNN,2001,template_release,200,contrast,8,True,0.6286311100583937,0.56640625,0.5703125,0.5691699981689453,0.6136722469842464,0.544921875,0.014958863074147288,0.9921875
two_concepts,TwoLayerCNN,2001,template_release,200,auroc,8,True,0.5493597490235508,0.46484375,0.46875,0.46640318632125854,0.6136722469842464,0.544921875,-0.0643124979606956,0.9921875
two_concepts,TwoLayerCNN,2001,template_release,200,validation_patch,8,True,0.9363930504128156,0.904296875,0.912109375,0.9110672473907471,0.6136722469842464,0.544921875,0.32272080342856924,0.9921875
two_concepts,TwoLayerCNN,2001,template_retention_1,200,contrast,1,True,0.0175234206888637,0.00390625,0.0078125,0.0,0.011511714271120604,0.004638671875,0.006011706417743096,0.9921875
two_concepts,TwoLayerCNN,2001,template_retention_1,200,auroc,1,True,0.0175234206888637,0.00390625,0.0078125,0.0,0.011511714271120604,0.004638671875,0.006011706417743096,0.9921875
two_concepts,TwoLayerCNN,2001,template_retention_1,200,validation_patch,1,True,0.03207517277739835,0.00390625,0.0078125,0.0,0.011511714271120604,0.004638671875,0.02056345850627775,0.9921875
two_concepts,TwoLayerCNN,2001,template_retention_1,200,contrast,2,True,0.03515388229555583,0.005859375,0.009765625,0.0019762846641242504,0.043299311203133725,0.010498046875,-0.008145428907577898,0.9921875
two_concepts,TwoLayerCNN,2001,template_retention_1,200,auroc,2,True,0.028447345205908747,0.0078125,0.01171875,0.003952569328248501,0.043299311203133725,0.010498046875,-0.014851965997224978,0.9921875
two_concepts,TwoLayerCNN,2001,template_retention_1,200,validation_patch,2,True,0.15863859782952427,0.056640625,0.060546875,0.05335968732833862,0.043299311203133725,0.010498046875,0.11533928662639055,0.9921875
two_concepts,TwoLayerCNN,2001,template_retention_1,200,contrast,4,True,0.19048398201613637,0.048828125,0.052734375,0.04545454680919647,0.20303558860075444,0.10986328125,-0.012551606584618069,0.9921875
two_concepts,TwoLayerCNN,2001,template_retention_1,200,auroc,4,True,0.20211687483064222,0.056640625,0.060546875,0.05335968732833862,0.20303558860075444,0.10986328125,-0.0009187137701122117,0.9921875
two_concepts,TwoLayerCNN,2001,template_retention_1,200,validation_patch,4,True,0.4841870387609324,0.369140625,0.373046875,0.3695652186870575,0.20303558860075444,0.10986328125,0.28115145016017795,0.9921875
two_concepts,TwoLayerCNN,2001,template_retention_1,200,contrast,8,True,0.6508022256100991,0.5859375,0.58984375,0.5869565606117249,0.6105191138224021,0.502197265625,0.04028311178769706,0.9921875
two_concepts,TwoLayerCNN,2001,template_retention_1,200,auroc,8,True,0.6508022256100991,0.5859375,0.58984375,0.5869565606117249,0.6105191138224021,0.502197265625,0.04028311178769706,0.9921875
two_concepts,TwoLayerCNN,2001,template_retention_1,200,validation_patch,8,True,0.8832096550042154,0.841796875,0.84765625,0.8478261232376099,0.6105191138224021,0.502197265625,0.27269054118181335,0.9921875
two_concepts,TwoLayerCNN,2002,template_release,200,contrast,1,True,0.0032862096400118057,0.0078125,0.017578125,0.0,0.0064815047035955,0.009765625,-0.0031952950635836946,0.984375
two_concepts,TwoLayerCNN,2002,template_release,200,auroc,1,True,0.0032862096400118057,0.0078125,0.017578125,0.0,0.0064815047035955,0.009765625,-0.0031952950635836946,0.984375
two_concepts,TwoLayerCNN,2002,template_release,200,validation_patch,1,True,0.008442112153264403,0.0078125,0.017578125,0.0,0.0064815047035955,0.009765625,0.0019606074496689024,0.984375
two_concepts,TwoLayerCNN,2002,template_release,200,contrast,2,True,0.01270811336703137,0.013671875,0.0234375,0.006000000052154064,0.016732759504779093,0.014404296875,-0.004024646137747723,0.984375
two_concepts,TwoLayerCNN,2002,template_release,200,auroc,2,True,0.01270811336703137,0.013671875,0.0234375,0.006000000052154064,0.016732759504779093,0.014404296875,-0.004024646137747723,0.984375
two_concepts,TwoLayerCNN,2002,template_release,200,validation_patch,2,True,0.027674657796168622,0.021484375,0.03125,0.014000000432133675,0.016732759504779093,0.014404296875,0.010941898291389529,0.984375
two_concepts,TwoLayerCNN,2002,template_release,200,contrast,4,True,0.07907333308170683,0.037109375,0.046875,0.030000001192092896,0.08690361869191275,0.043212890625,-0.00783028561020592,0.984375
two_concepts,TwoLayerCNN,2002,template_release,200,auroc,4,True,0.07907333308170683,0.037109375,0.046875,0.030000001192092896,0.08690361869191275,0.043212890625,-0.00783028561020592,0.984375
two_concepts,TwoLayerCNN,2002,template_release,200,validation_patch,4,True,0.17878169873746375,0.1015625,0.111328125,0.09600000083446503,0.08690361869191275,0.043212890625,0.091878080045551,0.984375
two_concepts,TwoLayerCNN,2002,template_release,200,contrast,8,True,0.6088086385050204,0.505859375,0.515625,0.5100000500679016,0.6652826184676837,0.554443359375,-0.056473979962663234,0.984375
two_concepts,TwoLayerCNN,2002,template_release,200,auroc,8,True,0.6088086385050204,0.505859375,0.515625,0.5100000500679016,0.6652826184676837,0.554443359375,-0.056473979962663234,0.984375
two_concepts,TwoLayerCNN,2002,template_release,200,validation_patch,8,True,0.892162058507146,0.857421875,0.87109375,0.8700000643730164,0.6652826184676837,0.554443359375,0.22687944003946237,0.984375
two_concepts,TwoLayerCNN,2002,template_retention_1,200,contrast,1,True,0.00633038550970233,0.0078125,0.01953125,0.0,0.011717865742516778,0.01171875,-0.005387480232814448,0.98046875
two_concepts,TwoLayerCNN,2002,template_retention_1,200,auroc,1,True,0.00633038550970233,0.0078125,0.01953125,0.0,0.011717865742516778,0.01171875,-0.005387480232814448,0.98046875
two_concepts,TwoLayerCNN,2002,template_retention_1,200,validation_patch,1,True,0.02279688420873427,0.0078125,0.01953125,0.0,0.011717865742516778,0.01171875,0.011079018466217491,0.98046875
two_concepts,TwoLayerCNN,2002,template_retention_1,200,contrast,2,True,0.030577425872531983,0.009765625,0.021484375,0.002016128972172737,0.03589040847972315,0.01904296875,-0.005312982607191166,0.98046875
two_concepts,TwoLayerCNN,2002,template_retention_1,200,auroc,2,True,0.030577425872531983,0.009765625,0.021484375,0.002016128972172737,0.03589040847972315,0.01904296875,-0.005312982607191166,0.98046875
two_concepts,TwoLayerCNN,2002,template_retention_1,200,validation_patch,2,True,0.06621908300318102,0.021484375,0.033203125,0.012096773833036423,0.03589040847972315,0.01904296875,0.030328674523457874,0.98046875
two_concepts,TwoLayerCNN,2002,template_retention_1,200,contrast,4,True,0.24346704845454148,0.09765625,0.109375,0.09072580188512802,0.16535542005506298,0.073974609375,0.0781116283994785,0.98046875
two_concepts,TwoLayerCNN,2002,template_retention_1,200,auroc,4,True,0.24346704845454148,0.09765625,0.109375,0.09072580188512802,0.16535542005506298,0.073974609375,0.0781116283994785,0.98046875
two_concepts,TwoLayerCNN,2002,template_retention_1,200,validation_patch,4,True,0.4021874624498214,0.228515625,0.240234375,0.22580644488334656,0.16535542005506298,0.073974609375,0.2368320423947584,0.98046875
two_concepts,TwoLayerCNN,2002,template_retention_1,200,contrast,8,True,0.6878688034289417,0.5546875,0.5703125,0.5625,0.686342247026476,0.55712890625,0.0015265564024657952,0.98046875
two_concepts,TwoLayerCNN,2002,template_retention_1,200,auroc,8,True,0.6878688034289417,0.5546875,0.5703125,0.5625,0.686342247026476,0.55712890625,0.0015265564024657952,0.98046875
two_concepts,TwoLayerCNN,2002,template_retention_1,200,validation_patch,8,True,0.8751863967560631,0.822265625,0.83984375,0.836693525314331,0.686342247026476,0.55712890625,0.18884414972958719,0.98046875
two_concepts,TwoLayerCNN,2003,template_release,200,contrast,1,True,0.001002816897369141,0.0,0.0,0.0,0.001540455273135552,0.0,-0.000537638375766411,1.0
two_concepts,TwoLayerCNN,2003,template_release,200,auroc,1,True,0.001002816897369141,0.0,0.0,0.0,0.001540455273135552,0.0,-0.000537638375766411,1.0
two_concepts,TwoLayerCNN,2003,template_release,200,validation_patch,1,True,0.006838561177626379,0.0,0.0,0.0,0.001540455273135552,0.0,0.005298105904490827,1.0
two_concepts,TwoLayerCNN,2003,template_release,200,contrast,2,True,0.007248136358242729,0.0,0.0,0.0,0.007193100626915888,0.00048828125,5.503573132684125e-05,1.0
two_concepts,TwoLayerCNN,2003,template_release,200,auroc,2,True,0.007248136358242729,0.0,0.0,0.0,0.007193100626915888,0.00048828125,5.503573132684125e-05,1.0
two_concepts,TwoLayerCNN,2003,template_release,200,validation_patch,2,True,0.04270169292269621,0.001953125,0.001953125,0.001953125,0.007193100626915888,0.00048828125,0.03550859229578032,1.0
two_concepts,TwoLayerCNN,2003,template_release,200,contrast,4,True,0.07319906118557284,0.013671875,0.013671875,0.013671875,0.06078928423465964,0.015380859375,0.012409776950913207,1.0
two_concepts,TwoLayerCNN,2003,template_release,200,auroc,4,True,0.07319906118557284,0.013671875,0.013671875,0.013671875,0.06078928423465964,0.015380859375,0.012409776950913207,1.0
two_concepts,TwoLayerCNN,2003,template_release,200,validation_patch,4,True,0.3937643836768846,0.228515625,0.228515625,0.228515625,0.06078928423465964,0.015380859375,0.332975099442225,1.0
two_concepts,TwoLayerCNN,2003,template_release,200,contrast,8,True,0.45961463247513545,0.314453125,0.314453125,0.314453125,0.6432453027761371,0.524658203125,-0.18363067030100166,1.0
two_concepts,TwoLayerCNN,2003,template_release,200,auroc,8,True,0.45961463247513545,0.314453125,0.314453125,0.314453125,0.6432453027761371,0.524658203125,-0.18363067030100166,1.0
two_concepts,TwoLayerCNN,2003,template_release,200,validation_patch,8,True,0.9746909126410495,0.97265625,0.97265625,0.97265625,0.6432453027761371,0.524658203125,0.33144560986491234,1.0
two_concepts,TwoLayerCNN,2003,template_retention_1,200,contrast,1,True,0.023480755629117334,0.0,0.0,0.0,0.009396416581010023,0.0,0.014084339048107311,1.0
two_concepts,TwoLayerCNN,2003,template_retention_1,200,auroc,1,True,0.023480755629117334,0.0,0.0,0.0,0.009396416581010023,0.0,0.014084339048107311,1.0
two_concepts,TwoLayerCNN,2003,template_retention_1,200,validation_patch,1,True,0.031776917457695064,0.0,0.0,0.0,0.009396416581010023,0.0,0.02238050087668504,1.0
two_concepts,TwoLayerCNN,2003,template_retention_1,200,contrast,2,True,0.05030771029598857,0.001953125,0.001953125,0.001953125,0.032876698772078855,0.00048828125,0.017431011523909717,1.0
two_concepts,TwoLayerCNN,2003,template_retention_1,200,auroc,2,True,0.05030771029598857,0.001953125,0.001953125,0.001953125,0.032876698772078855,0.00048828125,0.017431011523909717,1.0
two_concepts,TwoLayerCNN,2003,template_retention_1,200,validation_patch,2,True,0.13464211565596707,0.021484375,0.021484375,0.021484375,0.032876698772078855,0.00048828125,0.10176541688388821,1.0
two_concepts,TwoLayerCNN,2003,template_retention_1,200,contrast,4,True,0.19521200800165284,0.0546875,0.0546875,0.0546875,0.16029251568362807,0.044189453125,0.03491949231802477,1.0
two_concepts,TwoLayerCNN,2003,template_retention_1,200,auroc,4,True,0.19521200800165284,0.0546875,0.0546875,0.0546875,0.16029251568362807,0.044189453125,0.03491949231802477,1.0
two_concepts,TwoLayerCNN,2003,template_retention_1,200,validation_patch,4,True,0.5643917286279985,0.38671875,0.38671875,0.38671875,0.16029251568362807,0.044189453125,0.4040992129443704,1.0
two_concepts,TwoLayerCNN,2003,template_retention_1,200,contrast,8,True,0.49682872868505545,0.318359375,0.318359375,0.318359375,0.7075023070177935,0.5986328125,-0.21067357833273803,1.0
two_concepts,TwoLayerCNN,2003,template_retention_1,200,auroc,8,True,0.49682872868505545,0.318359375,0.318359375,0.318359375,0.7075023070177935,0.5986328125,-0.21067357833273803,1.0
two_concepts,TwoLayerCNN,2003,template_retention_1,200,validation_patch,8,True,0.9725694690920704,0.970703125,0.970703125,0.970703125,0.7075023070177935,0.5986328125,0.26506716207427694,1.0
two_concepts,TwoLayerCNN,2004,template_release,200,contrast,1,True,0.016225924111011647,0.00390625,0.00390625,0.00390625,0.0053298870524280395,0.0,0.010896037058583607,1.0
two_concepts,TwoLayerCNN,2004,template_release,200,auroc,1,True,0.016225924111011647,0.00390625,0.00390625,0.00390625,0.0053298870524280395,0.0,0.010896037058583607,1.0
two_concepts,TwoLayerCNN,2004,template_release,200,validation_patch,1,True,0.02064358873469274,0.00390625,0.00390625,0.00390625,0.0053298870524280395,0.0,0.015313701682264702,1.0
two_concepts,TwoLayerCNN,2004,template_release,200,contrast,2,True,0.04210664481259485,0.017578125,0.017578125,0.017578125,0.026442871135003612,0.011474609375,0.01566377367759124,1.0
two_concepts,TwoLayerCNN,2004,template_release,200,auroc,2,True,0.04210664481259485,0.017578125,0.017578125,0.017578125,0.026442871135003612,0.011474609375,0.01566377367759124,1.0
two_concepts,TwoLayerCNN,2004,template_release,200,validation_patch,2,True,0.08597642077617362,0.048828125,0.048828125,0.048828125,0.026442871135003612,0.011474609375,0.05953354964117001,1.0
two_concepts,TwoLayerCNN,2004,template_release,200,contrast,4,True,0.2255764453982132,0.125,0.125,0.125,0.12787589043675154,0.07177734375,0.09770055496146166,1.0
two_concepts,TwoLayerCNN,2004,template_release,200,auroc,4,True,0.2255764453982132,0.125,0.125,0.125,0.12787589043675154,0.07177734375,0.09770055496146166,1.0
two_concepts,TwoLayerCNN,2004,template_release,200,validation_patch,4,True,0.43952977939135285,0.283203125,0.283203125,0.283203125,0.12787589043675154,0.07177734375,0.31165388895460133,1.0
two_concepts,TwoLayerCNN,2004,template_release,200,contrast,8,True,0.611945973934433,0.48046875,0.48046875,0.48046875,0.64458267226979,0.5439453125,-0.032636698335357095,1.0
two_concepts,TwoLayerCNN,2004,template_release,200,auroc,8,True,0.5762226230679544,0.423828125,0.423828125,0.423828125,0.64458267226979,0.5439453125,-0.0683600492018357,1.0
two_concepts,TwoLayerCNN,2004,template_release,200,validation_patch,8,True,0.9464292196322143,0.92578125,0.92578125,0.92578125,0.64458267226979,0.5439453125,0.3018465473624242,1.0
two_concepts,TwoLayerCNN,2004,template_retention_1,200,contrast,1,True,0.01320284725581189,0.005859375,0.009765625,0.0019841270986944437,0.012088896734075039,0.005859375,0.0011139505217368506,0.9921875
two_concepts,TwoLayerCNN,2004,template_retention_1,200,auroc,1,True,0.01320284725581189,0.005859375,0.009765625,0.0019841270986944437,0.012088896734075039,0.005859375,0.0011139505217368506,0.9921875
two_concepts,TwoLayerCNN,2004,template_retention_1,200,validation_patch,1,True,0.025745204687361634,0.005859375,0.009765625,0.0019841270986944437,0.012088896734075039,0.005859375,0.013656307953286595,0.9921875
two_concepts,TwoLayerCNN,2004,template_retention_1,200,contrast,2,True,0.028066873373896017,0.0078125,0.01171875,0.003968254197388887,0.03797407204936032,0.011962890625,-0.009907198675464302,0.9921875
two_concepts,TwoLayerCNN,2004,template_retention_1,200,auroc,2,True,0.028066873373896017,0.0078125,0.01171875,0.003968254197388887,0.03797407204936032,0.011962890625,-0.009907198675464302,0.9921875
two_concepts,TwoLayerCNN,2004,template_retention_1,200,validation_patch,2,True,0.0950578833248169,0.02734375,0.03125,0.02182539738714695,0.03797407204936032,0.011962890625,0.057083811275456586,0.9921875
two_concepts,TwoLayerCNN,2004,template_retention_1,200,contrast,4,True,0.25719104383310976,0.12109375,0.125,0.1150793731212616,0.18620604252402523,0.08984375,0.07098500130908453,0.9921875
two_concepts,TwoLayerCNN,2004,template_retention_1,200,auroc,4,True,0.25719104383310976,0.12109375,0.125,0.1150793731212616,0.18620604252402523,0.08984375,0.07098500130908453,0.9921875
two_concepts,TwoLayerCNN,2004,template_retention_1,200,validation_patch,4,True,0.40651264252650443,0.224609375,0.228515625,0.2202381044626236,0.18620604252402523,0.08984375,0.2203066000024792,0.9921875
two_concepts,TwoLayerCNN,2004,template_retention_1,200,contrast,8,True,0.6291335550492287,0.5,0.50390625,0.5,0.6555609404692696,0.5380859375,-0.02642738542004086,0.9921875
two_concepts,TwoLayerCNN,2004,template_retention_1,200,auroc,8,True,0.6291335550492287,0.5,0.50390625,0.5,0.6555609404692696,0.5380859375,-0.02642738542004086,0.9921875
two_concepts,TwoLayerCNN,2004,template_retention_1,200,validation_patch,8,True,0.9429961596429574,0.92578125,0.92578125,0.9285714626312256,0.6555609404692696,0.5380859375,0.28743521917368775,0.9921875
two_concepts,TwoLayerCNN,2005,template_release,200,contrast,1,True,0.0012580841218871042,0.0,0.0,0.0,0.002455836629235403,0.0,-0.0011977525073482986,1.0
two_concepts,TwoLayerCNN,2005,template_release,200,auroc,1,True,0.0012580841218871042,0.0,0.0,0.0,0.002455836629235403,0.0,-0.0011977525073482986,1.0
two_concepts,TwoLayerCNN,2005,template_release,200,validation_patch,1,True,0.003867692245214771,0.0,0.0,0.0,0.002455836629235403,0.0,0.0014118556159793683,1.0
two_concepts,TwoLayerCNN,2005,template_release,200,contrast,2,True,0.004383348606161519,0.0,0.0,0.0,0.010944048559507466,0.001220703125,-0.006560699953345947,1.0
two_concepts,TwoLayerCNN,2005,template_release,200,auroc,2,True,0.004383348606161519,0.0,0.0,0.0,0.010944048559507466,0.001220703125,-0.006560699953345947,1.0
two_concepts,TwoLayerCNN,2005,template_release,200,validation_patch,2,True,0.03454484326568308,0.0078125,0.0078125,0.0078125,0.010944048559507466,0.001220703125,0.023600794706175612,1.0
two_concepts,TwoLayerCNN,2005,template_release,200,contrast,4,True,0.03939694860093845,0.005859375,0.005859375,0.005859375,0.08337993098266948,0.037353515625,-0.043982982381731026,1.0
two_concepts,TwoLayerCNN,2005,template_release,200,auroc,4,True,0.019143734912978383,0.0,0.0,0.0,0.08337993098266948,0.037353515625,-0.0642361960696911,1.0
two_concepts,TwoLayerCNN,2005,template_release,200,validation_patch,4,True,0.3694565518635955,0.232421875,0.232421875,0.232421875,0.08337993098266948,0.037353515625,0.286076620880926,1.0
two_concepts,TwoLayerCNN,2005,template_release,200,contrast,8,True,0.6250667031960692,0.478515625,0.478515625,0.478515625,0.6284329609594406,0.526611328125,-0.0033662577633714053,1.0
two_concepts,TwoLayerCNN,2005,template_release,200,auroc,8,True,0.5522057891156557,0.408203125,0.408203125,0.408203125,0.6284329609594406,0.526611328125,-0.07622717184378491,1.0
two_concepts,TwoLayerCNN,2005,template_release,200,validation_patch,8,True,0.9536730580243084,0.951171875,0.951171875,0.951171875,0.6284329609594406,0.526611328125,0.3252400970648678,1.0
two_concepts,TwoLayerCNN,2005,template_retention_1,200,contrast,1,True,0.004847798769049172,0.001953125,0.00390625,0.0,0.011408012489688632,0.003662109375,-0.00656021372063946,0.99609375
two_concepts,TwoLayerCNN,2005,template_retention_1,200,auroc,1,True,0.006257025341654399,0.001953125,0.00390625,0.0,0.011408012489688632,0.003662109375,-0.005150987148034233,0.99609375
two_concepts,TwoLayerCNN,2005,template_retention_1,200,validation_patch,1,True,0.036555736731916366,0.0078125,0.009765625,0.005905511789023876,0.011408012489688632,0.003662109375,0.025147724242227734,0.99609375
two_concepts,TwoLayerCNN,2005,template_retention_1,200,contrast,2,True,0.019602600703494066,0.00390625,0.005859375,0.0019685039296746254,0.036032918991082574,0.0078125,-0.016430318287588508,0.99609375
two_concepts,TwoLayerCNN,2005,template_retention_1,200,auroc,2,True,0.019602600703494066,0.00390625,0.005859375,0.0019685039296746254,0.036032918991082574,0.0078125,-0.016430318287588508,0.99609375
two_concepts,TwoLayerCNN,2005,template_retention_1,200,validation_patch,2,True,0.14129816658330607,0.05078125,0.052734375,0.04921259731054306,0.036032918991082574,0.0078125,0.1052652475922235,0.99609375
two_concepts,TwoLayerCNN,2005,template_retention_1,200,contrast,4,True,0.16758295352149277,0.06640625,0.068359375,0.06496062874794006,0.14694856010755408,0.067138671875,0.02063439341393869,0.99609375
two_concepts,TwoLayerCNN,2005,template_retention_1,200,auroc,4,True,0.13582400367137193,0.060546875,0.0625,0.05905511975288391,0.14694856010755408,0.067138671875,-0.011124556436182154,0.99609375
two_concepts,TwoLayerCNN,2005,template_retention_1,200,validation_patch,4,True,0.5398172513051469,0.361328125,0.361328125,0.3602362275123596,0.14694856010755408,0.067138671875,0.3928686911975928,0.99609375
two_concepts,TwoLayerCNN,2005,template_retention_1,200,contrast,8,True,0.47460328364445736,0.345703125,0.345703125,0.3444881737232208,0.6016722852138304,0.479736328125,-0.12706900156937306,0.99609375
two_concepts,TwoLayerCNN,2005,template_retention_1,200,auroc,8,True,0.4496399828327995,0.287109375,0.287109375,0.2854330837726593,0.6016722852138304,0.479736328125,-0.15203230238103094,0.99609375
two_concepts,TwoLayerCNN,2005,template_retention_1,200,validation_patch,8,True,0.9565625046181216,0.939453125,0.939453125,0.9409448504447937,0.6016722852138304,0.479736328125,0.3548902194042912,0.99609375
two_concepts,TwoLayerCNN,2006,template_release,200,contrast,1,True,0.005069690049609887,0.00390625,0.00390625,0.00390625,0.009316026229205104,0.00537109375,-0.004246336179595217,1.0
two_concepts,TwoLayerCNN,2006,template_release,200,auroc,1,True,0.005069690049609887,0.00390625,0.00390625,0.00390625,0.009316026229205104,0.00537109375,-0.004246336179595217,1.0
two_concepts,TwoLayerCNN,2006,template_release,200,validation_patch,1,True,0.026203038023470127,0.015625,0.015625,0.015625,0.009316026229205104,0.00537109375,0.016887011794265022,1.0
two_concepts,TwoLayerCNN,2006,template_release,200,contrast,2,True,0.036531456998180056,0.017578125,0.017578125,0.017578125,0.026386612685022112,0.011962890625,0.010144844313157944,1.0
two_concepts,TwoLayerCNN,2006,template_release,200,auroc,2,True,0.036531456998180056,0.017578125,0.017578125,0.017578125,0.026386612685022112,0.011962890625,0.010144844313157944,1.0
two_concepts,TwoLayerCNN,2006,template_release,200,validation_patch,2,True,0.09683974932417994,0.037109375,0.037109375,0.037109375,0.026386612685022112,0.011962890625,0.07045313663915782,1.0
two_concepts,TwoLayerCNN,2006,template_release,200,contrast,4,True,0.13572587749009202,0.0546875,0.0546875,0.0546875,0.12571620942328224,0.060791015625,0.01000966806680978,1.0
two_concepts,TwoLayerCNN,2006,template_release,200,auroc,4,True,0.13572587749009202,0.0546875,0.0546875,0.0546875,0.12571620942328224,0.060791015625,0.01000966806680978,1.0
two_concepts,TwoLayerCNN,2006,template_release,200,validation_patch,4,True,0.48428935322292943,0.34765625,0.34765625,0.34765625,0.12571620942328224,0.060791015625,0.3585731437996472,1.0
two_concepts,TwoLayerCNN,2006,template_release,200,contrast,8,True,0.6751015075177802,0.580078125,0.580078125,0.580078125,0.5632672023848244,0.4609375,0.11183430513295578,1.0
two_concepts,TwoLayerCNN,2006,template_release,200,auroc,8,True,0.6535496389675396,0.576171875,0.576171875,0.576171875,0.5632672023848244,0.4609375,0.09028243658271518,1.0
two_concepts,TwoLayerCNN,2006,template_release,200,validation_patch,8,True,0.9773191789965826,0.96875,0.96875,0.96875,0.5632672023848244,0.4609375,0.4140519766117582,1.0
two_concepts,TwoLayerCNN,2006,template_retention_1,200,contrast,1,True,0.039531222980488834,0.01953125,0.02734375,0.012096773833036423,0.020228825807076467,0.013427734375,0.019302397173412367,0.984375
two_concepts,TwoLayerCNN,2006,template_retention_1,200,auroc,1,True,0.039531222980488834,0.01953125,0.02734375,0.012096773833036423,0.020228825807076467,0.013427734375,0.019302397173412367,0.984375
two_concepts,TwoLayerCNN,2006,template_retention_1,200,validation_patch,1,True,0.04392959027990628,0.021484375,0.029296875,0.01411290280520916,0.020228825807076467,0.013427734375,0.023700764472829816,0.984375
two_concepts,TwoLayerCNN,2006,template_retention_1,200,contrast,2,True,0.10968482869284368,0.041015625,0.048828125,0.03427419066429138,0.05303637898242769,0.021728515625,0.05664844971041599,0.984375
two_concepts,TwoLayerCNN,2006,template_retention_1,200,auroc,2,True,0.093517274724364,0.0390625,0.046875,0.032258063554763794,0.05303637898242769,0.021728515625,0.04048089574193631,0.984375
two_concepts,TwoLayerCNN,2006,template_retention_1,200,validation_patch,2,True,0.13482070754044595,0.048828125,0.052734375,0.038306452333927155,0.05303637898242769,0.021728515625,0.08178432855801826,0.984375
two_concepts,TwoLayerCNN,2006,template_retention_1,200,contrast,4,True,0.3156120399688418,0.154296875,0.16015625,0.14717741310596466,0.17536827722786624,0.08447265625,0.14024376274097555,0.984375
two_concepts,TwoLayerCNN,2006,template_retention_1,200,auroc,4,True,0.3359636004902906,0.1640625,0.171875,0.15927419066429138,0.17536827722786624,0.08447265625,0.16059532326242437,0.984375
two_concepts,TwoLayerCNN,2006,template_retention_1,200,validation_patch,4,True,0.567929064832337,0.421875,0.42578125,0.4254032075405121,0.17536827722786624,0.08447265625,0.3925607876044707,0.984375
two_concepts,TwoLayerCNN,2006,template_retention_1,200,contrast,8,True,0.647810314190065,0.53125,0.53125,0.5302419066429138,0.5909309961127175,0.470458984375,0.056879318077347474,0.984375
two_concepts,TwoLayerCNN,2006,template_retention_1,200,auroc,8,True,0.6515327428890605,0.5234375,0.52734375,0.524193525314331,0.5909309961127175,0.470458984375,0.060601746776343,0.984375
two_concepts,TwoLayerCNN,2006,template_retention_1,200,validation_patch,8,True,0.9210996433019385,0.87890625,0.880859375,0.8891128897666931,0.5909309961127175,0.470458984375,0.330168647189221,0.984375
two_concepts,TwoLayerCNN,2007,template_release,200,contrast,1,True,0.00278728699184716,0.00390625,0.00390625,0.00390625,0.0035281695212388137,0.001708984375,-0.0007408825293916538,1.0
two_concepts,TwoLayerCNN,2007,template_release,200,auroc,1,True,0.00278728699184716,0.00390625,0.00390625,0.00390625,0.0035281695212388137,0.001708984375,-0.0007408825293916538,1.0
two_concepts,TwoLayerCNN,2007,template_release,200,validation_patch,1,True,0.016216115232691286,0.00390625,0.00390625,0.00390625,0.0035281695212388137,0.001708984375,0.012687945711452472,1.0
two_concepts,TwoLayerCNN,2007,template_release,200,contrast,2,True,0.011104733132833777,0.0078125,0.0078125,0.0078125,0.009682117545034813,0.004638671875,0.0014226155877989644,1.0
two_concepts,TwoLayerCNN,2007,template_release,200,auroc,2,True,0.011104733132833777,0.0078125,0.0078125,0.0078125,0.009682117545034813,0.004638671875,0.0014226155877989644,1.0
two_concepts,TwoLayerCNN,2007,template_release,200,validation_patch,2,True,0.07515912051395857,0.02734375,0.02734375,0.02734375,0.009682117545034813,0.004638671875,0.06547700296892375,1.0
two_concepts,TwoLayerCNN,2007,template_release,200,contrast,4,True,0.02069026197219337,0.009765625,0.009765625,0.009765625,0.05742213618480187,0.021484375,-0.0367318742126085,1.0
two_concepts,TwoLayerCNN,2007,template_release,200,auroc,4,True,0.02069026197219337,0.009765625,0.009765625,0.009765625,0.05742213618480187,0.021484375,-0.0367318742126085,1.0
two_concepts,TwoLayerCNN,2007,template_release,200,validation_patch,4,True,0.54825828461713,0.404296875,0.404296875,0.404296875,0.05742213618480187,0.021484375,0.49083614843232815,1.0
two_concepts,TwoLayerCNN,2007,template_release,200,contrast,8,True,0.3977843807430054,0.23046875,0.23046875,0.23046875,0.5240138603512027,0.435546875,-0.1262294796081973,1.0
two_concepts,TwoLayerCNN,2007,template_release,200,auroc,8,True,0.4459147542524794,0.271484375,0.271484375,0.271484375,0.5240138603512027,0.435546875,-0.07809910609872328,1.0
two_concepts,TwoLayerCNN,2007,template_release,200,validation_patch,8,True,0.9811612494278652,0.970703125,0.970703125,0.970703125,0.5240138603512027,0.435546875,0.4571473890766625,1.0
two_concepts,TwoLayerCNN,2007,template_retention_1,200,contrast,1,True,0.008166040360418347,0.005859375,0.0078125,0.003937007859349251,0.008899746490354965,0.004638671875,-0.0007337061299366177,0.99609375
two_concepts,TwoLayerCNN,2007,template_retention_1,200,auroc,1,True,0.008166040360418347,0.005859375,0.0078125,0.003937007859349251,0.008899746490354965,0.004638671875,-0.0007337061299366177,0.99609375
two_concepts,TwoLayerCNN,2007,template_retention_1,200,validation_patch,1,True,0.04740944658482216,0.009765625,0.01171875,0.009842519648373127,0.008899746490354965,0.004638671875,0.03850970009446719,0.99609375
two_concepts,TwoLayerCNN,2007,template_retention_1,200,contrast,2,True,0.020965703405463,0.009765625,0.01171875,0.007874015718698502,0.02369551275565543,0.007568359375,-0.0027298093501924303,0.99609375
two_concepts,TwoLayerCNN,2007,template_retention_1,200,auroc,2,True,0.020965703405463,0.009765625,0.01171875,0.007874015718698502,0.02369551275565543,0.007568359375,-0.0027298093501924303,0.99609375
two_concepts,TwoLayerCNN,2007,template_retention_1,200,validation_patch,2,True,0.14200802494539333,0.046875,0.048828125,0.04330708831548691,0.02369551275565543,0.007568359375,0.1183125121897379,0.99609375
two_concepts,TwoLayerCNN,2007,template_retention_1,200,contrast,4,True,0.10900250471244277,0.021484375,0.0234375,0.019685039296746254,0.12215944893743004,0.03564453125,-0.013156944224987269,0.99609375
two_concepts,TwoLayerCNN,2007,template_retention_1,200,auroc,4,True,0.08279820473568589,0.01171875,0.013671875,0.009842519648373127,0.12215944893743004,0.03564453125,-0.03936124420174415,0.99609375
two_concepts,TwoLayerCNN,2007,template_retention_1,200,validation_patch,4,True,0.5254518037367778,0.353515625,0.35546875,0.3523622155189514,0.12215944893743004,0.03564453125,0.4032923547993478,0.99609375
two_concepts,TwoLayerCNN,2007,template_retention_1,200,contrast,8,True,0.5023220701128814,0.27734375,0.279296875,0.27559053897857666,0.6095836911193757,0.49267578125,-0.10726162100649428,0.99609375
two_concepts,TwoLayerCNN,2007,template_retention_1,200,auroc,8,True,0.39512114023923284,0.21484375,0.216796875,0.21259842813014984,0.6095836911193757,0.49267578125,-0.21446255088014288,0.99609375
two_concepts,TwoLayerCNN,2007,template_retention_1,200,validation_patch,8,True,0.9416212961879202,0.919921875,0.923828125,0.9232283234596252,0.6095836911193757,0.49267578125,0.3320376050685445,0.99609375
two_concepts,TwoLayerCNN,2008,template_release,200,contrast,1,True,0.006105599036199227,0.00390625,0.0078125,0.0,0.004587300366129796,0.004638671875,0.0015182986700694318,0.9921875
two_concepts,TwoLayerCNN,2008,template_release,200,auroc,1,True,0.006105599036199227,0.00390625,0.0078125,0.0,0.004587300366129796,0.004638671875,0.0015182986700694318,0.9921875
two_concepts,TwoLayerCNN,2008,template_release,200,validation_patch,1,True,0.01604818906635197,0.0078125,0.01171875,0.003952569328248501,0.004587300366129796,0.004638671875,0.011460888700222174,0.9921875
two_concepts,TwoLayerCNN,2008,template_release,200,contrast,2,True,0.016354469339719846,0.0078125,0.01171875,0.003952569328248501,0.017189472603799424,0.0078125,-0.0008350032640795785,0.9921875
two_concepts,TwoLayerCNN,2008,template_release,200,auroc,2,True,0.027589111069400762,0.01171875,0.015625,0.007905138656497002,0.017189472603799424,0.0078125,0.010399638465601338,0.9921875
two_concepts,TwoLayerCNN,2008,template_release,200,validation_patch,2,True,0.07244643975251197,0.029296875,0.033203125,0.025691701099276543,0.017189472603799424,0.0078125,0.055256967148712546,0.9921875
two_concepts,TwoLayerCNN,2008,template_release,200,contrast,4,True,0.06772704389338247,0.03515625,0.0390625,0.03162055462598801,0.08306310252701837,0.039306640625,-0.015336058633635907,0.9921875
two_concepts,TwoLayerCNN,2008,template_release,200,auroc,4,True,0.07592968066825845,0.04296875,0.046875,0.03952569514513016,0.08306310252701837,0.039306640625,-0.007133421858759925,0.9921875
two_concepts,TwoLayerCNN,2008,template_release,200,validation_patch,4,True,0.537697330099324,0.40625,0.41015625,0.4071146547794342,0.08306310252701837,0.039306640625,0.4546342275723056,0.9921875
two_concepts,TwoLayerCNN,2008,template_release,200,contrast,8,True,0.40268708195652714,0.24609375,0.25,0.2450592964887619,0.6043437349497074,0.489013671875,-0.20165665299318025,0.9921875
two_concepts,TwoLayerCNN,2008,template_release,200,auroc,8,True,0.46911146467931264,0.3203125,0.32421875,0.32015812397003174,0.6043437349497074,0.489013671875,-0.13523227027039475,0.9921875
two_concepts,TwoLayerCNN,2008,template_release,200,validation_patch,8,True,0.9708858324063687,0.953125,0.9609375,0.9604743719100952,0.6043437349497074,0.489013671875,0.36654209745666133,0.9921875
two_concepts,TwoLayerCNN,2008,template_retention_1,200,contrast,1,True,0.013146696576200156,0.009765625,0.013671875,0.005928853992372751,0.014819221972545107,0.007568359375,-0.001672525396344951,0.9921875
two_concepts,TwoLayerCNN,2008,template_retention_1,200,auroc,1,True,0.02532107469595657,0.009765625,0.013671875,0.005928853992372751,0.014819221972545107,0.007568359375,0.010501852723411462,0.9921875
two_concepts,TwoLayerCNN,2008,template_retention_1,200,validation_patch,1,True,0.039037397219869985,0.015625,0.01953125,0.011857707984745502,0.014819221972545107,0.007568359375,0.024218175247324877,0.9921875
two_concepts,TwoLayerCNN,2008,template_retention_1,200,contrast,2,True,0.05428834360357737,0.01953125,0.0234375,0.015810277312994003,0.040329926923448015,0.0146484375,0.013958416680129357,0.9921875
two_concepts,TwoLayerCNN,2008,template_retention_1,200,auroc,2,True,0.05428834360357737,0.01953125,0.0234375,0.015810277312994003,0.040329926923448015,0.0146484375,0.013958416680129357,0.9921875
two_concepts,TwoLayerCNN,2008,template_retention_1,200,validation_patch,2,True,0.15529371087653943,0.044921875,0.048828125,0.0415019765496254,0.040329926923448015,0.0146484375,0.11496378395309141,0.9921875
two_concepts,TwoLayerCNN,2008,template_retention_1,200,contrast,4,True,0.25541961172583527,0.09765625,0.1015625,0.09486166387796402,0.1471535627462628,0.06005859375,0.10826604897957248,0.9921875
two_concepts,TwoLayerCNN,2008,template_retention_1,200,auroc,4,True,0.25541961172583527,0.09765625,0.1015625,0.09486166387796402,0.1471535627462628,0.06005859375,0.10826604897957248,0.9921875
two_concepts,TwoLayerCNN,2008,template_retention_1,200,validation_patch,4,True,0.6235915616773382,0.474609375,0.478515625,0.47628459334373474,0.1471535627462628,0.06005859375,0.4764379989310754,0.9921875
two_concepts,TwoLayerCNN,2008,template_retention_1,200,contrast,8,True,0.5814767515153214,0.431640625,0.4375,0.4328063428401947,0.6183656237122568,0.475830078125,-0.036888872196935374,0.9921875
two_concepts,TwoLayerCNN,2008,template_retention_1,200,auroc,8,True,0.5814767515153214,0.431640625,0.4375,0.4328063428401947,0.6183656237122568,0.475830078125,-0.036888872196935374,0.9921875
two_concepts,TwoLayerCNN,2008,template_retention_1,200,validation_patch,8,True,0.9764596340334736,0.96484375,0.97265625,0.9723320603370667,0.6183656237122568,0.475830078125,0.3580940103212168,0.9921875
two_concepts,TwoLayerCNN,2009,template_release,200,contrast,1,True,0.004750394044954254,0.00390625,0.0078125,0.0,0.0020278113256165797,0.00390625,0.002722582719337674,0.9921875
two_concepts,TwoLayerCNN,2009,template_release,200,auroc,1,True,0.004750394044954254,0.00390625,0.0078125,0.0,0.0020278113256165797,0.00390625,0.002722582719337674,0.9921875
two_concepts,TwoLayerCNN,2009,template_release,200,validation_patch,1,True,0.004717582051056657,0.00390625,0.0078125,0.0,0.0020278113256165797,0.00390625,0.002689770725440077,0.9921875
two_concepts,TwoLayerCNN,2009,template_release,200,contrast,2,True,0.015180514130831324,0.005859375,0.009765625,0.0019762846641242504,0.007346492548366085,0.005126953125,0.00783402158246524,0.9921875
two_concepts,TwoLayerCNN,2009,template_release,200,auroc,2,True,0.015180514130831324,0.005859375,0.009765625,0.0019762846641242504,0.007346492548366085,0.005126953125,0.00783402158246524,0.9921875
two_concepts,TwoLayerCNN,2009,template_release,200,validation_patch,2,True,0.035439602451086016,0.015625,0.01953125,0.011857707984745502,0.007346492548366085,0.005126953125,0.02809310990271993,0.9921875
two_concepts,TwoLayerCNN,2009,template_release,200,contrast,4,True,0.08381375310208805,0.03515625,0.0390625,0.03162055462598801,0.06930136190846597,0.0263671875,0.014512391193622076,0.9921875
two_concepts,TwoLayerCNN,2009,template_release,200,auroc,4,True,0.08381375310208805,0.03515625,0.0390625,0.03162055462598801,0.06930136190846597,0.0263671875,0.014512391193622076,0.9921875
two_concepts,TwoLayerCNN,2009,template_release,200,validation_patch,4,True,0.2286195843653558,0.12109375,0.125,0.11857707798480988,0.06930136190846597,0.0263671875,0.1593182224568898,0.9921875
two_concepts,TwoLayerCNN,2009,template_release,200,contrast,8,True,0.46216211171972177,0.3671875,0.373046875,0.3695652186870575,0.6239797802860724,0.509765625,-0.1618176685663506,0.9921875
two_concepts,TwoLayerCNN,2009,template_release,200,auroc,8,True,0.395836669721092,0.279296875,0.28515625,0.2806324362754822,0.6239797802860724,0.509765625,-0.22814311056498038,0.9921875
two_concepts,TwoLayerCNN,2009,template_release,200,validation_patch,8,True,0.9658541684477459,0.94921875,0.955078125,0.95652174949646,0.6239797802860724,0.509765625,0.3418743881616735,0.9921875
two_concepts,TwoLayerCNN,2009,template_retention_1,200,contrast,1,True,0.00617839295354794,0.00390625,0.0078125,0.0,0.009918447194855323,0.00439453125,-0.0037400542413073834,0.9921875
two_concepts,TwoLayerCNN,2009,template_retention_1,200,auroc,1,True,0.00617839295354794,0.00390625,0.0078125,0.0,0.009918447194855323,0.00439453125,-0.0037400542413073834,0.9921875
two_concepts,TwoLayerCNN,2009,template_retention_1,200,validation_patch,1,True,0.029656861155930248,0.01171875,0.015625,0.007905138656497002,0.009918447194855323,0.00439453125,0.019738413961074924,0.9921875
two_concepts,TwoLayerCNN,2009,template_retention_1,200,contrast,2,True,0.02236007307370136,0.0078125,0.01171875,0.003952569328248501,0.02918620422540985,0.006591796875,-0.006826131151708492,0.9921875
two_concepts,TwoLayerCNN,2009,template_retention_1,200,auroc,2,True,0.02236007307370136,0.0078125,0.01171875,0.003952569328248501,0.02918620422540985,0.006591796875,-0.006826131151708492,0.9921875
two_concepts,TwoLayerCNN,2009,template_retention_1,200,validation_patch,2,True,0.128707558758256,0.033203125,0.037109375,0.02964426949620247,0.02918620422540985,0.006591796875,0.09952135453284616,0.9921875
two_concepts,TwoLayerCNN,2009,template_retention_1,200,contrast,4,True,0.25010267043445034,0.09375,0.099609375,0.09090909361839294,0.14802126057884715,0.064208984375,0.10208140985560318,0.9921875
two_concepts,TwoLayerCNN,2009,template_retention_1,200,auroc,4,True,0.2226685309032197,0.078125,0.08203125,0.07509882003068924,0.14802126057884715,0.064208984375,0.07464727032437254,0.9921875
two_concepts,TwoLayerCNN,2009,template_retention_1,200,validation_patch,4,True,0.4712260372955782,0.28515625,0.291015625,0.28458499908447266,0.14802126057884715,0.064208984375,0.3232047767167311,0.9921875
two_concepts,TwoLayerCNN,2009,template_retention_1,200,contrast,8,True,0.6654704862718894,0.556640625,0.564453125,0.5592885613441467,0.6185947016015487,0.5126953125,0.0468757846703407,0.9921875
two_concepts,TwoLayerCNN,2009,template_retention_1,200,auroc,8,True,0.625422410695684,0.505859375,0.513671875,0.5079051852226257,0.6185947016015487,0.5126953125,0.006827709094135326,0.9921875
two_concepts,TwoLayerCNN,2009,template_retention_1,200,validation_patch,8,True,0.9294915990689256,0.900390625,0.90234375,0.905138373374939,0.6185947016015487,0.5126953125,0.3108968974673769,0.9921875
