task,architecture,block,condition,id_acc,test_ce,alignment,initial_alignment,semantic_auc,localization_iou,fidelity_selected,fidelity_random,cf_accuracy,cf_accuracy_random,nuisance_acc,nuisance_prediction_stability,nuisance_probability_l2,refit_test_acc,refit_val_acc,refit_converged,drift_l2,seconds,causal_usefulness,epoch
single_shape,TinyCNN,2000,random,0.62109375,1.3057206869125366,0.18347714111939628,0.17818822830151826,0.9085286458333334,0.3505156488038532,0.5879900883829324,0.39072315762211396,0.4140625,0.3325195275247097,0.625,0.89453125,7.168685260694474e-05,0.9921875,0.99609375,True,0.09026555716991425,0.6704385280609131,0.19726693076081847,1
single_shape,TinyCNN,2000,random,0.87890625,1.099257230758667,0.2424155399660166,0.17818822830151826,0.9559936523437499,0.32311134717708656,0.604893620373449,0.4133627807753139,0.4192708432674408,0.18505859375,0.890625,0.98046875,0.0001813102135201916,1.0,1.0,True,0.3309362530708313,0.625999927520752,0.19153083959813505,5
single_shape,TinyCNN,2000,random,1.0,0.8040202260017395,0.28380630535608803,0.17818822830151826,0.9586995442708334,0.3195489091238575,0.6016177121827795,0.4075500012996607,0.3424479067325592,0.10660807107342407,1.0,1.0,0.0006165696540847421,1.0,1.0,True,0.5941709280014038,0.5658032894134521,0.1940677108831188,10
single_shape,TinyCNN,2000,random,1.0,0.24240051209926605,0.30460106946222554,0.17818822830151826,0.9623209635416667,0.30198834066056923,0.551520517343944,0.3580216747166294,0.2838541567325592,0.0735677084303461,1.0,1.0,0.0016232007183134556,1.0,1.0,True,1.1509203910827637,0.5112903118133545,0.19349884262731465,20
single_shape,TinyCNN,2000,random,1.0,0.04475387558341026,0.30981920943648406,0.17818822830151826,0.9632161458333334,0.2943393140066541,0.5103663685906303,0.26779761126301893,0.3138020932674408,0.05419921764405444,1.0,1.0,0.000772883475292474,1.0,1.0,True,1.661853313446045,0.4857332706451416,0.2425687573276114,40
single_shape,TinyCNN,2000,random,1.0,0.013243303634226322,0.3105298570875267,0.17818822830151826,0.9617919921875,0.29387514096860806,0.4797170330754009,0.21266433744009153,0.3190104067325592,0.050292968400754035,1.0,1.0,0.00034817808773368597,1.0,1.0,True,1.983513355255127,0.44326257705688477,0.2670526956353094,80
single_shape,TinyCNN,2000,random,1.0,0.007020268589258194,0.31098074405265413,0.17818822830151826,0.9609171549479166,0.2946786147098976,0.4662944532437332,0.1894671056475143,0.3190104067325592,0.05192057241220027,1.0,1.0,0.0002063317078864202,1.0,1.0,True,2.143336057662964,0.46016502380371094,0.2768273475962189,120
single_shape,TinyCNN,2000,random,1.0,0.004582113120704889,0.3112249791434642,0.17818822830151826,0.9603271484375,0.2960399246125677,0.4582438260048304,0.17606507689427423,0.3177083432674408,0.0543619793606922,1.0,1.0,0.00013953543384559453,1.0,1.0,True,2.250332832336426,0.5305862426757812,0.2821787491105562,160
single_shape,TinyCNN,2000,random,1.0,0.003310892730951309,0.31120538086953764,0.17818822830151826,0.95977783203125,0.29695309660278807,0.45277384327673265,0.1669135783171451,0.3177083432674408,0.054361978778615594,1.0,1.0,0.00010059164196718484,1.0,1.0,True,2.3314077854156494,0.5536670684814453,0.28586026495958755,200
single_shape,TinyCNN,2000,random_unitnorm,0.71875,1.2834385633468628,0.181587605253766,0.17818823036649623,0.8993937174479166,0.3584611388831138,0.6252367529219975,0.3503805765075335,0.4986979067325592,0.28873698227107525,0.703125,0.94921875,0.00019721599528566003,0.9921875,0.9921875,True,0.09077783674001694,0.5831975936889648,0.274856176414464,1
single_shape,TinyCNN,2000,random_unitnorm,0.94140625,1.0579562187194824,0.20764081678526236,0.17818823036649623,0.9361979166666667,0.31980557765837136,0.6326948482643975,0.4067954604349229,0.4010416567325592,0.15934244636446238,0.953125,0.97265625,0.0003395258681848645,1.0,0.99609375,True,0.34926602244377136,0.5551142692565918,0.2258993878294746,5
single_shape,TinyCNN,2000,random_unitnorm,1.0,0.7636130452156067,0.25614206176745075,0.17818823036649623,0.9465738932291666,0.3235698362326317,0.6421461832043688,0.4070326323389748,0.4700520932674408,0.11637369921663776,1.0,1.0,0.0008358884952031076,1.0,1.0,True,0.6276733875274658,0.5213325023651123,0.23511355086539398,10
single_shape,TinyCNN,2000,random_unitnorm,1.0,0.2481897622346878,0.2948119535982511,0.17818823036649623,0.9561971028645834,0.3198207703822051,0.6254654905192212,0.36375124614818466,0.3697916567325592,0.1033528650586959,1.0,1.0,0.0016696045640856028,1.0,1.0,True,1.1545891761779785,0.4638066291809082,0.2617142443710365,20
single_shape,TinyCNN,2000,random_unitnorm,1.0,0.04701095074415207,0.303807292476827,0.17818823036649623,0.9601033528645834,0.3144720095074794,0.5341021446652552,0.28263621307277065,0.3411458432674408,0.08007812686264515,1.0,1.0,0.0007342691533267498,1.0,1.0,True,1.6781429052352905,0.5247972011566162,0.25146593159248454,40
single_shape,TinyCNN,2000,random_unitnorm,1.0,0.013751351274549961,0.3065577142916218,0.17818823036649623,0.9593505859375,0.31806214589093323,0.5131853890427284,0.22986677723030835,0.3528645932674408,0.07226562552386895,1.0,1.0,0.0003067291108891368,1.0,1.0,True,2.0141477584838867,0.5022628307342529,0.28331861181242,80
single_shape,TinyCNN,2000,random_unitnorm,1.0,0.007250664755702019,0.30739534225527126,0.17818823036649623,0.9587605794270833,0.3190393549102481,0.5053507988832524,0.20639446456629035,0.35546875,0.06819661491317675,1.0,1.0,0.00017833759193308651,1.0,1.0,True,2.181377410888672,0.5257928371429443,0.29895633431696206,120
single_shape,TinyCNN,2000,random_unitnorm,1.0,0.004653174430131912,0.3079192553798982,0.17818823036649623,0.9581502278645834,0.3192311075321218,0.501140423650736,0.1922926066635554,0.3684895932674408,0.06608072947710752,1.0,1.0,0.00011983276635874063,1.0,1.0,True,2.2950596809387207,0.5011098384857178,0.30884781698718056,160
single_shape,TinyCNN,2000,random_unitnorm,1.0,0.003316538641229272,0.30840946135064107,0.17818823036649623,0.95819091796875,0.31952809000175364,0.4981932259802224,0.18243206059935613,0.3671875,0.06510416697710752,1.0,1.0,8.647648792248219e-05,1.0,1.0,True,2.3818166255950928,0.521547794342041,0.3157611653808663,200
single_shape,TinyCNN,2000,template_init,0.48046875,1.3126376867294312,0.9974411134738688,1.0,0.87030029296875,0.48158756448153867,0.4855569810290705,0.0870270047272231,0.5221354365348816,0.2849934883415699,0.4921875,0.859375,0.00018296031339559704,1.0,1.0,True,0.09144218266010284,0.5317215919494629,0.3985299763018474,1
single_shape,TinyCNN,2000,template_init,0.53515625,1.0939810276031494,0.9564349606730668,1.0,0.8931681315104166,0.5097801347801681,0.6366239453148086,0.3718851498013357,0.4127604067325592,0.20703125279396772,0.54296875,0.98046875,0.00028924932121299207,1.0,0.99609375,True,0.3244214653968811,0.5897393226623535,0.2647387955134729,5
single_shape,TinyCNN,2000,template_init,0.99609375,0.7911608815193176,0.8764531378745284,1.0,0.9431355794270834,0.5075321283824189,0.6272732018748294,0.3923136606783692,0.4908854067325592,0.10074869776144624,0.9921875,0.99609375,0.0005789705319330096,1.0,1.0,True,0.6124399304389954,0.5953195095062256,0.23495954119646018,10
single_shape,TinyCNN,2000,template_init,1.0,0.2758997678756714,0.733169473778629,1.0,0.9733886718750001,0.45896035533154056,0.5756139664276451,0.3520750531335909,0.4479166567325592,0.08040364715270698,1.0,1.0,0.0012245066463947296,1.0,1.0,True,1.1703990697860718,0.5272195339202881,0.22353891329405418,20
single_shape,TinyCNN,2000,template_init,1.0,0.05457978695631027,0.643540152732122,1.0,0.9686279296875,0.43543436576685646,0.5203913018850044,0.26518576940296634,0.3528645932674408,0.07975260610692203,1.0,1.0,0.0007733377860859036,1.0,1.0,True,1.7239848375320435,0.5528838634490967,0.25520553248203803,40
single_shape,TinyCNN,2000,template_init,1.0,0.014950710348784924,0.6067219832371948,1.0,0.970947265625,0.43242638238348247,0.4870847989720596,0.21168439051631258,0.3307291567325592,0.08349609351716936,1.0,1.0,0.0003009266220033169,1.0,1.0,True,2.1143860816955566,0.543708086013794,0.275400408455747,80
single_shape,TinyCNN,2000,template_init,1.0,0.007370688021183014,0.5887593867429861,1.0,0.9715372721354167,0.4288280870201653,0.4791683793226864,0.18849836034531034,0.3372395932674408,0.0817057287786156,1.0,1.0,0.00016860797768458724,1.0,1.0,True,2.317509174346924,0.4516763687133789,0.2906700189773761,120
single_shape,TinyCNN,2000,template_init,1.0,0.0045949481427669525,0.5799124748276746,1.0,0.9719848632812501,0.42553176385404456,0.46878823428833893,0.17520546839644657,0.3372395932674408,0.07958984258584678,1.0,1.0,0.00011517038365127519,1.0,1.0,True,2.450489044189453,0.43680572509765625,0.29358276589189236,160
single_shape,TinyCNN,2000,template_init,1.0,0.003237419994547963,0.5740882543980911,1.0,0.9721883138020834,0.4213945808366296,0.46178057723328525,0.16624676904473365,0.3411458432674408,0.07991536450572312,1.0,1.0,8.49291100166738e-05,1.0,1.0,True,2.549302577972412,0.45903563499450684,0.29553380818855157,200
single_shape,TinyCNN,2000,template_release,0.484375,1.3131364583969116,0.9978412226390686,1.0,0.8700764973958334,0.48137232549003306,0.4840981594944943,0.08437132394367325,0.51953125,0.28385416977107525,0.4921875,0.875,0.00018190596892964095,1.0,1.0,True,0.08022559434175491,0.48559069633483887,0.39972683555082106,1
single_shape,TinyCNN,2000,template_release,0.5703125,1.1092016696929932,0.9728744356263082,1.0,0.8968098958333334,0.4944381963377007,0.6312047998131771,0.36656984825437344,0.4153645932674408,0.20670572947710752,0.58203125,0.96875,0.00027566213975660503,1.0,0.99609375,True,0.24307280778884888,0.581758975982666,0.2646349515588037,5
single_shape,TinyCNN,2000,template_release,0.9921875,0.9040820002555847,0.9471556866773506,1.0,0.9309692382812499,0.5086677933931092,0.6364770756946422,0.3924339506883692,0.5611979365348816,0.11897786520421505,0.98828125,0.99609375,0.0004595757054630667,1.0,1.0,True,0.3398597538471222,0.6474294662475586,0.24404312500627295,10
single_shape,TinyCNN,2000,template_release,0.99609375,0.5601938962936401,0.9137124067504541,1.0,0.9318033854166666,0.513947521997719,0.6476333778526218,0.3903347773067766,0.4713541567325592,0.10302734328433871,0.99609375,0.9921875,0.0010776591952890158,1.0,0.99609375,True,0.46069300174713135,0.45905017852783203,0.25729860054584514,20
single_shape,TinyCNN,2000,template_release,0.99609375,0.25370627641677856,0.895761319325146,1.0,0.9455362955729166,0.5149494098561334,0.5768134229684475,0.3582395836618229,0.3033854067325592,0.09472656296566129,1.0,0.99609375,0.0014139132108539343,1.0,1.0,True,0.5274553298950195,0.46033239364624023,0.2185738393066246,40
single_shape,TinyCNN,2000,template_release,1.0,0.0486774668097496,0.824302295826481,1.0,0.9556681315104166,0.4909637146723545,0.5316451491453205,0.274334944517341,0.2981770932674408,0.0965169279370457,1.0,1.0,0.0009877914562821388,1.0,1.0,True,0.8169097900390625,0.48517727851867676,0.2573102046279795,80
single_shape,TinyCNN,2000,template_release,1.0,0.011247377842664719,0.7241263402443213,1.0,0.9643147786458333,0.4500255409240481,0.4834973005497003,0.21451330595187096,0.27734375,0.09700520767364651,1.0,1.0,0.00021019502310082316,1.0,1.0,True,1.325065016746521,0.47823119163513184,0.26898399459782935,120
single_shape,TinyCNN,2000,template_release,1.0,0.0063056969083845615,0.696943382729479,1.0,0.9654541015624999,0.43541051915239626,0.4666009489643749,0.19759008531376118,0.2747395932674408,0.09554036578629166,1.0,1.0,0.00010944331006612629,1.0,1.0,True,1.5233612060546875,0.5491025447845459,0.26901086365061366,160
single_shape,TinyCNN,2000,template_release,1.0,0.004290602635592222,0.6816283272427761,1.0,0.9631144205729167,0.429448993927474,0.4561903586488024,0.18785337257021328,0.2708333432674408,0.09667968761641532,1.0,1.0,7.232830830616876e-05,1.0,1.0,True,1.655890703201294,0.5492134094238281,0.26833698607858913,200
single_shape,TinyCNN,2000,template_retention_1,0.484375,1.3131364583969116,0.9978412226390686,1.0,0.8700764973958334,0.48137232549003306,0.4840981594944943,0.08437132394367325,0.51953125,0.28385416977107525,0.4921875,0.875,0.00018190596892964095,1.0,1.0,True,0.08022559434175491,0.5299851894378662,0.39972683555082106,1
single_shape,TinyCNN,2000,template_retention_1,0.5703125,1.1092016696929932,0.9728744356263082,1.0,0.8968098958333334,0.4944381963377007,0.6312047998131771,0.36656984825437344,0.4153645932674408,0.20670572947710752,0.58203125,0.96875,0.00027566213975660503,1.0,0.99609375,True,0.24307280778884888,0.5511469841003418,0.2646349515588037,5
single_shape,TinyCNN,2000,template_retention_1,0.9921875,0.9040820002555847,0.9471556866773506,1.0,0.9309692382812499,0.5086677933931092,0.6364770756946422,0.3924339506883692,0.5611979365348816,0.11897786520421505,0.98828125,0.99609375,0.0004595757054630667,1.0,1.0,True,0.3398597538471222,0.6347832679748535,0.24404312500627295,10
single_shape,TinyCNN,2000,template_retention_1,0.99609375,0.5843064785003662,0.9210068557644533,1.0,0.9442545572916666,0.5143123104920899,0.6478319212371285,0.3912355970320173,0.4752604067325592,0.10595703125,0.99609375,0.9921875,0.0010609813034534454,1.0,0.99609375,True,0.4347028136253357,0.472989559173584,0.2565963242051112,20
single_shape,TinyCNN,2000,template_retention_1,0.9921875,0.3291199505329132,0.922385260935229,1.0,0.9399210611979166,0.5283717140762807,0.5771661559134293,0.370627037699312,0.2747395932674408,0.0957031266298145,0.99609375,0.99609375,0.001540611730888486,1.0,0.99609375,True,0.4274575114250183,0.4570889472961426,0.20653911821411736,40
single_shape,TinyCNN,2000,template_retention_1,0.99609375,0.18834425508975983,0.936700922860469,1.0,0.9398803710937501,0.535478011179706,0.5698428977911245,0.3407611463770481,0.2877604067325592,0.09049479267559946,1.0,0.99609375,0.0018604774959385395,1.0,1.0,True,0.3704671859741211,0.7423088550567627,0.22908175141407644,80
single_shape,TinyCNN,2000,template_retention_1,1.0,0.1362120509147644,0.9464636622848799,1.0,0.9378865559895833,0.5370453177438546,0.5668357132586357,0.3212472762667433,0.3072916567325592,0.08577473810873926,1.0,1.0,0.0020040497183799744,1.0,1.0,True,0.33283287286758423,0.4796895980834961,0.24558843699189237,120
single_shape,TinyCNN,2000,template_retention_1,1.0,0.10912381857633591,0.9532370058119249,1.0,0.9354451497395833,0.5369984424414301,0.584735994268712,0.30850296114816245,0.3763020932674408,0.0854492171201855,1.0,1.0,0.0019922167994081974,1.0,1.0,True,0.3067307770252228,0.4977426528930664,0.2762330331205496,160
single_shape,TinyCNN,2000,template_retention_1,1.0,0.09112588316202164,0.9585087768085675,1.0,0.9331868489583333,0.5361988938170229,0.6328744342091226,0.2988080991711237,0.4296875,0.08382161520421505,1.0,1.0,0.0019240385154262185,1.0,1.0,True,0.286116361618042,0.4572334289550781,0.3340663350379989,200
single_shape,TinyCNN,2001,random,0.421875,1.2815005779266357,0.18112508742507336,0.17255583202058805,0.9350789388020833,0.3272822179465431,0.6030271195681107,0.3321994610790907,0.3372395932674408,0.23095703125,0.44140625,0.94921875,0.00013351008237805218,0.99609375,0.98828125,True,0.08726875483989716,0.5273458957672119,0.27082765848902,1
single_shape,TinyCNN,2001,random,0.9453125,1.004136323928833,0.24119713896584663,0.17255583202058805,0.9540201822916666,0.36949863865885335,0.49994946209349,0.39072498916697485,0.36328125,0.1666666641831398,0.93359375,0.96484375,0.00029759196331724524,1.0,1.0,True,0.3303372263908386,0.48552846908569336,0.10922447292651516,5
single_shape,TinyCNN,2001,random,0.984375,0.6349825263023376,0.2762977925871535,0.17255583202058805,0.9598795572916667,0.36415652262868364,0.5257438407986561,0.37997194101714316,0.30859375,0.08561197808012366,0.98828125,0.99609375,0.0008965649176388979,1.0,1.0,True,0.6138241291046143,0.486189603805542,0.14577189978151295,10
single_shape,TinyCNN,2001,random,1.0,0.18031145632266998,0.3021065401993017,0.17255583202058805,0.9659830729166666,0.35953897111986294,0.45654411600651446,0.3051687408998822,0.2682291567325592,0.07063802075572312,1.0,1.0,0.0018119968008249998,1.0,0.99609375,True,1.0997514724731445,0.48335957527160645,0.15137537510663224,20
single_shape,TinyCNN,2001,random,1.0,0.03957945108413696,0.31287421642269514,0.17255583202058805,0.9686686197916666,0.3591031022133143,0.4602775737154585,0.227036822595637,0.2786458432674408,0.06477864540647715,1.0,1.0,0.0006730135064572096,1.0,1.0,True,1.5220556259155273,0.4977147579193115,0.2332407511198215,40
single_shape,TinyCNN,2001,random,1.0,0.010787146165966988,0.31675309363628146,0.17255583202058805,0.96990966796875,0.3487605487799507,0.43927134704263626,0.17871920768005145,0.2903645932674408,0.06722005193296354,1.0,1.0,0.00011622734746197239,1.0,1.0,True,1.8287245035171509,0.48635029792785645,0.2605521393625848,80
single_shape,TinyCNN,2001,random,1.0,0.005313824862241745,0.3184075390174144,0.17255583202058805,0.9697469075520834,0.3515430359386038,0.4271880923512281,0.1590538545731348,0.2994791567325592,0.06901041764649563,1.0,1.0,4.066105611855164e-05,1.0,1.0,True,1.9850151538848877,0.484804630279541,0.2681342377780933,120
single_shape,TinyCNN,2001,random,1.0,0.0032770053949207067,0.3192315951187267,0.17255583202058805,0.9693400065104167,0.3531899241069602,0.419191500577314,0.1482454185214411,0.296875,0.06998698045208585,1.0,1.0,1.953648097696714e-05,1.0,1.0,True,2.0896081924438477,0.49952197074890137,0.2709460820558729,160
single_shape,TinyCNN,2001,random,1.0,0.0022691888734698296,0.3199572261923319,0.17255583202058805,0.96905517578125,0.3543186551612329,0.41307048209425634,0.14125154722388739,0.296875,0.06966145760088693,1.0,1.0,1.124444133893121e-05,1.0,1.0,True,2.168242931365967,0.4987473487854004,0.27181893487036896,200
single_shape,TinyCNN,2001,random_unitnorm,0.4921875,1.275774359703064,0.174999435261031,0.17255583274231553,0.92034912109375,0.3051742154467464,0.5329889517304166,0.3025507361804445,0.4348958432674408,0.21940104104578495,0.5,0.890625,0.00036133130197413266,0.9921875,0.98828125,True,0.08934769779443741,0.5561938285827637,0.23043821554997213,1
single_shape,TinyCNN,2001,random_unitnorm,0.91015625,0.9961803555488586,0.2048856915720183,0.17255583274231553,0.9517008463541666,0.3481065529335861,0.5739992219166588,0.39095135472789766,0.4388020932674408,0.19384765718132257,0.92578125,0.984375,0.0006267254939302802,0.99609375,0.99609375,True,0.3532700836658478,0.5130319595336914,0.1830478671887611,5
single_shape,TinyCNN,2001,random_unitnorm,0.97265625,0.6436847448348999,0.23392650785242391,0.17255583274231553,0.9565226236979167,0.35918177115278416,0.5262742595672714,0.38767198166332784,0.30859375,0.10074869822710752,0.98046875,0.98046875,0.0012498345458880067,1.0,1.0,True,0.6431764364242554,0.48572707176208496,0.13860227790394353,10
single_shape,TinyCNN,2001,random_unitnorm,1.0,0.19981661438941956,0.26881266586226554,0.17255583274231553,0.9615681966145833,0.3537527879894634,0.47859137824012465,0.3169671531066233,0.2513020932674408,0.07584635494276881,1.0,1.0,0.00229748897254467,1.0,1.0,True,1.123631238937378,0.514521598815918,0.16162422513350133,20
single_shape,TinyCNN,2001,random_unitnorm,1.0,0.04531678557395935,0.28935720162745804,0.17255583274231553,0.964599609375,0.35453497437993964,0.4663654557777941,0.23655022511694135,0.2799479067325592,0.06738281232537702,1.0,1.0,0.001311178202740848,1.0,1.0,True,1.5540719032287598,0.4947645664215088,0.22981523066085274,40
single_shape,TinyCNN,2001,random_unitnorm,1.0,0.012705153785645962,0.29799591531480585,0.17255583274231553,0.9659423828125,0.3520247586519481,0.44868137991804335,0.18751442501786425,0.2473958283662796,0.07014973973855376,1.0,1.0,0.00027319457149133086,1.0,1.0,True,1.8721554279327393,0.5306389331817627,0.2611669549001791,80
single_shape,TinyCNN,2001,random_unitnorm,1.0,0.006387603469192982,0.30107266235276,0.17255583274231553,0.96630859375,0.35144336374322593,0.428396127622646,0.16760117074692182,0.2447916716337204,0.07063802116317675,1.0,1.0,9.853969822870567e-05,1.0,1.0,True,2.0351338386535645,0.4527857303619385,0.2607949568757242,120
single_shape,TinyCNN,2001,random_unitnorm,1.0,0.003981789108365774,0.30282821439779417,0.17255583274231553,0.9663289388020833,0.3418802592486455,0.41544128423178917,0.15656755557836197,0.2434895783662796,0.07112630241317675,1.0,1.0,4.808744779438712e-05,1.0,1.0,True,2.145409107208252,0.5337839126586914,0.25887372865342717,160
single_shape,TinyCNN,2001,random_unitnorm,1.0,0.0027691295836120844,0.30378936391262695,0.17255583274231553,0.9662272135416667,0.34263125558623114,0.4060378862266849,0.14933224913067122,0.2434895783662796,0.07194010465173051,1.0,1.0,2.758706068561878e-05,1.0,1.0,True,2.2292630672454834,0.5225331783294678,0.2567056370960137,200
single_shape,TinyCNN,2001,template_init,0.56640625,1.2526941299438477,0.9968926745003888,1.0,0.8762207031249999,0.5456355038343221,0.3315491317308372,0.21555213540564344,0.2890625,0.2210286483168602,0.5703125,0.9375,0.0002757404581643641,0.98828125,0.98828125,True,0.08698494732379913,0.5576534271240234,0.11599699632519378,1
single_shape,TinyCNN,2001,template_init,0.9921875,0.9454258680343628,0.9466019139709458,1.0,0.9035847981770834,0.5717213140540119,0.5148003879835399,0.3850868131707714,0.4010416567325592,0.12841796735301614,1.0,0.9921875,0.0005406024865806103,0.99609375,0.9921875,True,0.36090463399887085,0.5170376300811768,0.12971357481276846,5
single_shape,TinyCNN,2001,template_init,0.9921875,0.6185930371284485,0.8662529191016166,1.0,0.9494222005208334,0.5645722835170887,0.5807224098625328,0.39229562327798995,0.3984375,0.0880533850286156,1.0,0.9921875,0.0012409621849656105,0.99609375,1.0,True,0.6547608375549316,0.45551013946533203,0.18842678658454282,10
single_shape,TinyCNN,2001,template_init,1.0,0.19682876765727997,0.7602360940947616,1.0,0.9673258463541666,0.5037472934078525,0.5614575742279041,0.33213411107536656,0.3020833432674408,0.060546874708961695,1.0,1.0,0.0018381195841357112,1.0,1.0,True,1.136620044708252,0.5080664157867432,0.22932346315253754,20
single_shape,TinyCNN,2001,template_init,1.0,0.04604232683777809,0.7001811271778968,1.0,0.9694010416666666,0.4462239908644593,0.5238798228801375,0.24532230663856197,0.29296875,0.05712890613358468,1.0,1.0,0.001438746927306056,1.0,1.0,True,1.5889692306518555,0.48635149002075195,0.2785575162415755,40
single_shape,TinyCNN,2001,template_init,1.0,0.014069348573684692,0.6679719435937073,1.0,0.9694824218749999,0.41144886775462464,0.5048649741844329,0.18649005337637942,0.3515625,0.05126953171566129,1.0,1.0,0.0008754662703722715,1.0,1.0,True,1.9332501888275146,0.5445008277893066,0.31837492080805346,80
single_shape,TinyCNN,2001,template_init,1.0,0.007667553145438433,0.656777963763518,1.0,0.9696044921875,0.41008611160829045,0.4877049415950615,0.1625618595163955,0.3580729067325592,0.051432291977107525,1.0,1.0,0.0005836116033606231,1.0,1.0,True,2.110179901123047,0.46082425117492676,0.325143082078666,120
single_shape,TinyCNN,2001,template_init,1.0,0.0051244585774838924,0.6494906451268101,1.0,0.9827677408854166,0.40726199984143974,0.4764465540149575,0.1487806426249667,0.3580729067325592,0.051920571364462376,1.0,1.0,0.00041636390960775316,1.0,1.0,True,2.230583429336548,0.5246274471282959,0.3276659113899908,160
single_shape,TinyCNN,2001,template_init,1.0,0.003743970301002264,0.6445900958608176,1.0,0.9829915364583333,0.4061093480935117,0.46818284853683534,0.13956531144817472,0.3528645932674408,0.05126953055150807,1.0,1.0,0.0002894552890211344,1.0,1.0,True,2.3224573135375977,0.49405598640441895,0.3286175370886606,200
single_shape,TinyCNN,2001,template_release,0.5625,1.2532597780227661,0.9973676129906986,1.0,0.8762003580729167,0.546945988372236,0.32984656171409144,0.2143310463871414,0.2903645932674408,0.22054036147892475,0.578125,0.92578125,0.00027546106139197946,0.98828125,0.98828125,True,0.07801418751478195,0.4843435287475586,0.11551551532695004,1
single_shape,TinyCNN,2001,template_release,0.98046875,0.9687067270278931,0.9652124588957267,1.0,0.8980916341145834,0.5701347623638695,0.5141713916574939,0.38163072581207347,0.3997395932674408,0.1274414067156613,0.9921875,0.98828125,0.00044886107207275927,0.99609375,0.98828125,True,0.2739548981189728,0.4715585708618164,0.13254066584542046,5
single_shape,TinyCNN,2001,template_release,0.9921875,0.7349976301193237,0.9381854563142893,1.0,0.9101765950520833,0.5765664922426225,0.5603570520089444,0.3926302961886605,0.3932291567325592,0.09375000069849193,0.99609375,0.99609375,0.000833075144328177,0.99609375,1.0,True,0.38153648376464844,0.46834444999694824,0.16772675582028385,10
single_shape,TinyCNN,2001,template_release,0.9921875,0.4393652379512787,0.9143358525440678,1.0,0.93707275390625,0.5642617447493331,0.5907576092779878,0.38252880209908113,0.4140625,0.0821940100286156,1.0,0.9921875,0.0015526075148954988,1.0,1.0,True,0.4757877290248871,0.5456929206848145,0.20822880717890668,20
single_shape,TinyCNN,2001,template_release,0.99609375,0.2085392326116562,0.9005412464973918,1.0,0.9513956705729166,0.552242631442138,0.5945989006425356,0.35242305826284015,0.3958333432674408,0.08430989482440054,1.0,0.99609375,0.0019543312955647707,1.0,1.0,True,0.5208679437637329,0.5167336463928223,0.24217584237969547,40
single_shape,TinyCNN,2001,template_release,1.0,0.04162559285759926,0.8295872357772944,1.0,0.9671630859375,0.5276481745049336,0.5585335819801929,0.2584010945603937,0.4140625,0.0802408845629543,1.0,1.0,0.001919712289236486,1.0,1.0,True,0.7835310697555542,0.5393416881561279,0.3001324874197992,80
single_shape,TinyCNN,2001,template_release,1.0,0.01081274077296257,0.7424651124915855,1.0,0.9741007486979167,0.463883689318031,0.517026928514714,0.18999473542624715,0.41015625,0.07666015694849193,1.0,1.0,0.0013702354626730084,1.0,1.0,True,1.2248191833496094,0.47857117652893066,0.32703219308846687,120
single_shape,TinyCNN,2001,template_release,1.0,0.006891528610140085,0.7189011411176458,1.0,0.97528076171875,0.44306775576305424,0.5171414940104314,0.17063554285486482,0.4153645932674408,0.07600911427289248,1.0,1.0,0.0012059176806360483,1.0,1.0,True,1.401228904724121,0.4856991767883301,0.3465059511555666,160
single_shape,TinyCNN,2001,template_release,1.0,0.005246572196483612,0.7049252546347982,1.0,0.975830078125,0.43115116899152706,0.5105391246278184,0.15916847897817785,0.41796875,0.07486979058012366,1.0,1.0,0.0011130650527775288,1.0,1.0,True,1.5200953483581543,0.48209214210510254,0.3513706456496405,200
single_shape,TinyCNN,2001,template_retention_1,0.5625,1.2532597780227661,0.9973676129906986,1.0,0.8762003580729167,0.546945988372236,0.32984656171409144,0.2143310463871414,0.2903645932674408,0.22054036147892475,0.578125,0.92578125,0.00027546106139197946,0.98828125,0.98828125,True,0.07801418751478195,0.5074410438537598,0.11551551532695004,1
single_shape,TinyCNN,2001,template_retention_1,0.98046875,0.9687067270278931,0.9652124588957267,1.0,0.8980916341145834,0.5701347623638695,0.5141713916574939,0.38163072581207347,0.3997395932674408,0.1274414067156613,0.9921875,0.98828125,0.00044886107207275927,0.99609375,0.98828125,True,0.2739548981189728,0.4961867332458496,0.13254066584542046,5
single_shape,TinyCNN,2001,template_retention_1,0.9921875,0.7349976301193237,0.9381854563142893,1.0,0.9101765950520833,0.5765664922426225,0.5603570520089444,0.3926302961886605,0.3932291567325592,0.09375000069849193,0.99609375,0.99609375,0.000833075144328177,0.99609375,1.0,True,0.38153648376464844,0.456575870513916,0.16772675582028385,10
single_shape,TinyCNN,2001,template_retention_1,0.9921875,0.46098577976226807,0.9214902352543637,1.0,0.933349609375,0.5627637218466006,0.5914467433943063,0.384442451297603,0.4192708432674408,0.08382161508779973,1.0,0.9921875,0.0015177454333752394,1.0,1.0,True,0.45043230056762695,0.4539647102355957,0.20700429209670324,20
single_shape,TinyCNN,2001,template_retention_1,0.99609375,0.27323028445243835,0.9269716188720252,1.0,0.9419352213541666,0.5463818127302711,0.6020769053877054,0.3681338295690094,0.41796875,0.09261067840270698,1.0,0.99609375,0.0020076462533324957,1.0,1.0,True,0.42487525939941406,0.487835168838501,0.233943075818696,40
single_shape,TinyCNN,2001,template_retention_1,0.99609375,0.16109807789325714,0.942260311724054,1.0,0.9393107096354167,0.5365997799056217,0.644029090240244,0.34113905202688494,0.4361979067325592,0.09407551918411627,1.0,0.99609375,0.0022413532715290785,1.0,1.0,True,0.3635459542274475,0.481579065322876,0.3028900382133591,80
single_shape,TinyCNN,2001,template_retention_1,0.99609375,0.1175147220492363,0.9513334393197275,1.0,0.93621826171875,0.5305034509157678,0.6478052148668787,0.3229636830073945,0.4518229067325592,0.09798177191987634,1.0,0.99609375,0.0022716091480106115,1.0,1.0,True,0.32654088735580444,0.49973344802856445,0.3248415318594842,120
single_shape,TinyCNN,2001,template_retention_1,0.99609375,0.09482839703559875,0.9580575536245258,1.0,0.9311523437500001,0.530862730729188,0.680598557786598,0.3118971314826768,0.5247395634651184,0.09814452816499397,1.0,0.99609375,0.002192562445998192,1.0,1.0,True,0.29861268401145935,0.5171201229095459,0.36870142630392116,160
single_shape,TinyCNN,2001,template_retention_1,0.99609375,0.0806734710931778,0.9628938062140405,1.0,0.9346516927083333,0.5367191507507012,0.692055427333903,0.30433561609651916,0.5481770634651184,0.09586588741512969,1.0,0.99609375,0.0021203046198934317,0.99609375,1.0,True,0.27707943320274353,0.508357048034668,0.38771981123738386,200
single_shape,TinyCNN,2002,random,0.8046875,1.296697974205017,0.17690881172899758,0.17046222140617595,0.8831380208333333,0.32643043231927993,0.6227325833358957,0.35407401399562877,0.5390625,0.28271484561264515,0.80859375,0.8984375,0.00010268335608998314,0.984375,0.984375,True,0.08735042810440063,0.5698139667510986,0.2686585693402669,1
single_shape,TinyCNN,2002,random,0.7890625,1.0606067180633545,0.21863889051955154,0.17046222140617595,0.97332763671875,0.35460558449035273,0.5502699591672404,0.4172646869811184,0.36328125,0.20052083302289248,0.78515625,0.96875,0.000258701853454113,1.0,1.0,True,0.33324959874153137,0.49772024154663086,0.13300527218612201,5
single_shape,TinyCNN,2002,random,1.0,0.6975473761558533,0.2640812234897809,0.17046222140617595,0.9778035481770834,0.38469329412007774,0.5649881758792723,0.41222993279078257,0.25390625,0.10400390764698386,1.0,1.0,0.0007868842221796513,1.0,1.0,True,0.6209883093833923,0.474682092666626,0.15275824308848973,10
single_shape,TinyCNN,2002,random,1.0,0.18730652332305908,0.30030623963009495,0.17046222140617595,0.97857666015625,0.40091849541005903,0.5573688201191099,0.32927647248165537,0.296875,0.07845051982440054,1.0,1.0,0.0010304218158125877,1.0,1.0,True,1.159205436706543,0.4897651672363281,0.22809234763745456,20
single_shape,TinyCNN,2002,random,1.0,0.03451576828956604,0.31531991199810894,0.17046222140617595,0.97967529296875,0.40276625275511213,0.5055335030829102,0.23985346541838778,0.2994791567325592,0.07340494764503092,1.0,1.0,0.0004063884261995554,1.0,1.0,True,1.6441259384155273,0.5059390068054199,0.2656800376645224,40
single_shape,TinyCNN,2002,random,1.0,0.009408313781023026,0.32150708840387154,0.17046222140617595,0.97906494140625,0.3988661161841221,0.4669751721523785,0.19220400716289363,0.2981770932674408,0.07324218796566129,1.0,1.0,0.0001248489716090262,1.0,1.0,True,1.9731974601745605,0.5033426284790039,0.27477116498948484,80
single_shape,TinyCNN,2002,random,1.0,0.0047355471178889275,0.3227592935426069,0.17046222140617595,0.9796956380208333,0.3964872607350741,0.448016441402863,0.17357358625183467,0.2955729067325592,0.07177734293509275,1.0,1.0,6.337123340927064e-05,1.0,1.0,True,2.138272523880005,0.48108649253845215,0.27444285515102834,120
single_shape,TinyCNN,2002,random,1.0,0.0029661222361028194,0.32364612759812594,0.17046222140617595,0.9798177083333333,0.3958387792789436,0.43584169403287565,0.16293166602287368,0.2903645932674408,0.07063802017364651,1.0,1.0,3.9976996049517766e-05,1.0,1.0,True,2.2493109703063965,0.49281787872314453,0.27291002801000197,160
single_shape,TinyCNN,2002,random,1.0,0.0020728660747408867,0.3240392195230074,0.17046222140617595,0.97998046875,0.3951882163199571,0.42681857847704807,0.15576695791473763,0.2890625,0.07096354133682325,1.0,1.0,2.7620908440439962e-05,1.0,1.0,True,2.3332908153533936,0.49309277534484863,0.27105162056231047,200
single_shape,TinyCNN,2002,random_unitnorm,0.78125,1.2879645824432373,0.1711504567842851,0.17046222207847003,0.86083984375,0.3244674012555493,0.516519498680527,0.2968611068501116,0.58203125,0.2913411483168602,0.7890625,0.87109375,0.00026454744511283934,0.98046875,0.9765625,True,0.09008191525936127,0.8380217552185059,0.21965839183041547,1
single_shape,TinyCNN,2002,random_unitnorm,0.76171875,1.0497245788574219,0.2056944518088652,0.17046222207847003,0.9442952473958334,0.3591453459185095,0.5699297393861518,0.4048223494744351,0.3736979067325592,0.2029622420668602,0.7578125,0.97265625,0.00043570660636760294,1.0,1.0,True,0.3513999581336975,0.5101146697998047,0.1651073899117167,5
single_shape,TinyCNN,2002,random_unitnorm,1.0,0.7002395987510681,0.23536923001964072,0.17046222207847003,0.9774983723958334,0.36262706202046324,0.5577600119080437,0.4072757729786134,0.3841145932674408,0.1083984375,1.0,1.0,0.0009792633354663849,1.0,1.0,True,0.6424830555915833,0.4940335750579834,0.1504842389294303,10
single_shape,TinyCNN,2002,random_unitnorm,1.0,0.20128969848155975,0.2742734549733103,0.17046222207847003,0.9799601236979166,0.3902900712984466,0.5109312171671381,0.33248864034406655,0.2591145932674408,0.08382161508779973,1.0,1.0,0.0012590375263243914,1.0,1.0,True,1.1662249565124512,0.5578670501708984,0.17844257682307152,20
single_shape,TinyCNN,2002,random_unitnorm,1.0,0.039031628519296646,0.293012346620083,0.17046222207847003,0.9812011718750001,0.40495501085372976,0.4490351150850884,0.24732277505282757,0.2643229067325592,0.08203125034924597,1.0,1.0,0.0005628517246805131,1.0,1.0,True,1.6599278450012207,0.4873623847961426,0.20171234003226085,40
single_shape,TinyCNN,2002,random_unitnorm,1.0,0.010732739232480526,0.30226868036247667,0.17046222207847003,0.98077392578125,0.40461903470547084,0.4091666442784385,0.20061338913486904,0.2747395932674408,0.08349609235301614,1.0,1.0,0.00021162621851544827,1.0,1.0,True,2.0030276775360107,0.5108249187469482,0.20855325514356948,80
single_shape,TinyCNN,2002,random_unitnorm,1.0,0.005496334750205278,0.3055046050802429,0.17046222207847003,0.9807535807291667,0.40528949990297114,0.3928080920953154,0.18264737560461974,0.26953125,0.08365885494276881,1.0,1.0,0.0001158207596745342,1.0,1.0,True,2.17744517326355,0.5245308876037598,0.21016071649069568,120
single_shape,TinyCNN,2002,random_unitnorm,1.0,0.0034828369971364737,0.30652614725005894,0.17046222207847003,0.98077392578125,0.40579176494969693,0.3833227936006528,0.17263033637117137,0.2760416567325592,0.08251953017315827,1.0,1.0,7.505101530114189e-05,1.0,1.0,True,2.295182228088379,0.5133349895477295,0.21069245722948143,160
single_shape,TinyCNN,2002,random_unitnorm,1.0,0.0024474067613482475,0.30683981242531766,0.17046222207847003,0.9806925455729166,0.40657172886129234,0.37693332723355466,0.16603915993891477,0.2760416567325592,0.08317057276144624,1.0,1.0,5.075025910628028e-05,1.0,1.0,True,2.384342670440674,0.5257208347320557,0.2108941672946399,200
single_shape,TinyCNN,2002,template_init,0.53125,1.3215644359588623,0.9972605300464086,1.0,0.8684488932291666,0.5808837826735405,0.32248906892825024,-0.018405748917755316,0.28515625,0.26171875558793545,0.546875,0.83203125,0.00030610675457865,0.984375,0.9921875,True,0.08801434189081192,0.7024047374725342,0.34089481784600556,1
single_shape,TinyCNN,2002,template_init,0.72265625,1.0629714727401733,0.9530794682374404,1.0,0.9261474609375,0.5400738011584182,0.5767008522353619,0.38161937551189923,0.3020833432674408,0.15852864645421505,0.72265625,0.984375,0.000472135201562196,1.0,1.0,True,0.3411060571670532,0.685755729675293,0.1950814767234627,5
single_shape,TinyCNN,2002,template_init,0.984375,0.7618677616119385,0.8671835192135269,1.0,0.9651285807291667,0.4824865194222808,0.6359737614718226,0.39251540117191697,0.3463541567325592,0.11263020988553762,0.98828125,0.98828125,0.0010190324392169714,1.0,1.0,True,0.6300811767578125,0.5452463626861572,0.24345836029990564,10
single_shape,TinyCNN,2002,template_init,1.0,0.27207455039024353,0.7384350833955049,1.0,0.9791259765625,0.3790554012855839,0.600856230173338,0.3346771624475267,0.3046875,0.07682291683158837,1.0,1.0,0.0015979459276422858,1.0,1.0,True,1.1654813289642334,0.500626802444458,0.2661790677258113,20
single_shape,TinyCNN,2002,template_init,1.0,0.04967502877116203,0.6603560101139879,1.0,0.9817911783854166,0.3584663346654236,0.5450685373656907,0.24063128529955274,0.34375,0.05501302034826949,1.0,1.0,0.0007638410897925496,1.0,1.0,True,1.7621893882751465,0.4918506145477295,0.304437252066138,40
single_shape,TinyCNN,2002,template_init,1.0,0.012690096162259579,0.625347983481501,1.0,0.9826253255208334,0.36677253310431324,0.5408930808165971,0.1792725025160182,0.3880208432674408,0.04410807287786156,1.0,1.0,0.0002935196098405868,1.0,1.0,True,2.185910701751709,0.5487914085388184,0.3616205783005789,80
single_shape,TinyCNN,2002,template_init,1.0,0.006445521488785744,0.6112784641339017,1.0,0.9829915364583334,0.36956986443492656,0.534119274644728,0.15443427244441227,0.40625,0.039876302471384406,1.0,1.0,0.0001649457699386403,1.0,1.0,True,2.393005132675171,0.5681452751159668,0.3796850022003157,120
single_shape,TinyCNN,2002,template_init,1.0,0.004083756357431412,0.6029529551237739,1.0,0.9830729166666667,0.3701261936712517,0.5295851891186372,0.13988293434049692,0.4075520932674408,0.03776041674427688,1.0,1.0,0.00010669708717614412,1.0,1.0,True,2.530379295349121,0.4858670234680176,0.38970225477814024,160
single_shape,TinyCNN,2002,template_init,1.0,0.0028817360289394855,0.5969471177091557,1.0,0.98297119140625,0.3696557920819059,0.5254426312777289,0.12993769710354863,0.4088541567325592,0.036783854477107525,1.0,1.0,7.424542855005711e-05,1.0,1.0,True,2.6346240043640137,0.5685594081878662,0.3955049341741803,200
single_shape,TinyCNN,2002,template_release,0.52734375,1.32180917263031,0.9976440832820171,1.0,0.8679402669270833,0.5798428785387786,0.3202633845186288,-0.019653887091572703,0.2877604067325592,0.26041666604578495,0.53515625,0.83203125,0.0003064163320232183,0.984375,0.9921875,True,0.07821480929851532,0.47289085388183594,0.33991727161020147,1
single_shape,TinyCNN,2002,template_release,0.71875,1.0836718082427979,0.9705150622961074,1.0,0.9251505533854167,0.5615281650895686,0.5636984080307437,0.37439279129430914,0.3190104067325592,0.16927083302289248,0.71875,0.984375,0.00044209795305505395,0.99609375,1.0,True,0.252734899520874,0.4975240230560303,0.18930561673643453,5
single_shape,TinyCNN,2002,template_release,0.953125,0.8802522420883179,0.9462665094463312,1.0,0.948486328125,0.5363096790279709,0.598032283977065,0.39049405436464035,0.3020833432674408,0.1184895837213844,0.9453125,0.9609375,0.0007604336133226752,1.0,1.0,True,0.3450077772140503,0.48123669624328613,0.20753822961242463,10
single_shape,TinyCNN,2002,template_release,1.0,0.5448837876319885,0.9193383047900548,1.0,0.96258544921875,0.5018789553693984,0.6302866101433577,0.3785010374911598,0.3333333432674408,0.10270182357635349,1.0,1.0,0.0014022324467077851,1.0,1.0,True,0.4485629200935364,0.5024025440216064,0.2517855726521979,20
single_shape,TinyCNN,2002,template_release,1.0,0.22884295880794525,0.9038881996058934,1.0,0.96380615234375,0.48492964182858067,0.6480482916755542,0.334853853211048,0.50390625,0.10563151107635349,1.0,1.0,0.0014586885226890445,1.0,1.0,True,0.5127285718917847,0.5343315601348877,0.31319443846450623,40
single_shape,TinyCNN,2002,template_release,1.0,0.04102465882897377,0.8386925936416917,1.0,0.9724121093749999,0.4334859355514017,0.6442340277804659,0.25225781499361105,0.5052083134651184,0.10286458244081587,1.0,1.0,0.00047433419968001544,1.0,1.0,True,0.7979657649993896,0.5345816612243652,0.39197621278685485,80
single_shape,TinyCNN,2002,template_release,1.0,0.008625898510217667,0.7416721387588121,1.0,0.9796346028645833,0.3968055302589882,0.64832108045463,0.19738110764376834,0.5390625,0.09440104104578495,1.0,1.0,0.00013671384658664465,1.0,1.0,True,1.3263094425201416,0.49762439727783203,0.4509399728108616,120
single_shape,TinyCNN,2002,template_release,1.0,0.004690607078373432,0.7154896313737458,1.0,0.98077392578125,0.38451949790338985,0.6386197671692899,0.18155180064190216,0.5364583134651184,0.09309895848855376,1.0,1.0,8.770803833613172e-05,1.0,1.0,True,1.5365527868270874,0.5200378894805908,0.4570679665273878,160
single_shape,TinyCNN,2002,template_release,1.0,0.0031036455184221268,0.7004363647649506,1.0,0.9814249674479166,0.38106463956646636,0.6309842341629589,0.17191293918673967,0.53125,0.09179687360301614,1.0,1.0,6.317992665572092e-05,1.0,1.0,True,1.677480936050415,0.5240836143493652,0.45907129497621924,200
single_shape,TinyCNN,2002,template_retention_1,0.52734375,1.32180917263031,0.9976440832820171,1.0,0.8679402669270833,0.5798428785387786,0.3202633845186288,-0.019653887091572703,0.2877604067325592,0.26041666604578495,0.53515625,0.83203125,0.0003064163320232183,0.984375,0.9921875,True,0.07821480929851532,0.5112552642822266,0.33991727161020147,1
single_shape,TinyCNN,2002,template_retention_1,0.71875,1.0836718082427979,0.9705150622961074,1.0,0.9251505533854167,0.5615281650895686,0.5636984080307437,0.37439279129430914,0.3190104067325592,0.16927083302289248,0.71875,0.984375,0.00044209795305505395,0.99609375,1.0,True,0.252734899520874,0.5221080780029297,0.18930561673643453,5
single_shape,TinyCNN,2002,template_retention_1,0.953125,0.8802522420883179,0.9462665094463312,1.0,0.948486328125,0.5363096790279709,0.598032283977065,0.39049405436464035,0.3020833432674408,0.1184895837213844,0.9453125,0.9609375,0.0007604336133226752,1.0,1.0,True,0.3450077772140503,0.5228250026702881,0.20753822961242463,10
single_shape,TinyCNN,2002,template_retention_1,1.0,0.5672526955604553,0.9261751118243968,1.0,0.9609375,0.5052584781826277,0.6300635451021805,0.37970304776690544,0.33984375,0.10172526107635349,1.0,1.0,0.0013874010182917118,0.99609375,1.0,True,0.42318546772003174,0.6010997295379639,0.2503604973352751,20
single_shape,TinyCNN,2002,template_retention_1,1.0,0.298505038022995,0.9278486880833644,1.0,0.9600016276041667,0.4976853755648128,0.6617796192510126,0.3475818169227882,0.4921875,0.103515625,1.0,1.0,0.0016369738150388002,1.0,1.0,True,0.4160013794898987,0.5489070415496826,0.31419780232822436,40
single_shape,TinyCNN,2002,template_retention_1,1.0,0.15952946245670319,0.9422449022498303,1.0,0.95465087890625,0.4912854753435666,0.6682837482138029,0.3180382889669748,0.5416666865348816,0.09993489552289248,1.0,1.0,0.0015193584840744734,1.0,1.0,True,0.35963672399520874,0.4846169948577881,0.3502454592468281,80
single_shape,TinyCNN,2002,template_retention_1,1.0,0.11084546148777008,0.951446022920958,1.0,0.9500935872395833,0.4924844101606174,0.6563386772462674,0.3032057601479885,0.5364583134651184,0.0953776054084301,1.0,1.0,0.0013549141585826874,1.0,1.0,True,0.3213578462600708,0.4989964962005615,0.3531329170982789,120
single_shape,TinyCNN,2002,template_retention_1,1.0,0.08447053283452988,0.9578999723357584,1.0,0.9425455729166667,0.4954083198126845,0.6279184674886555,0.2945915193254989,0.5052083134651184,0.09114583441987634,1.0,1.0,0.0011595278047025204,1.0,1.0,True,0.29524388909339905,0.5579733848571777,0.33332694816315667,160
single_shape,TinyCNN,2002,template_retention_1,1.0,0.06845004111528397,0.9625192459719965,1.0,0.9400838216145834,0.49683806868676345,0.6342179561482763,0.2861075119482488,0.5260416865348816,0.08805338433012366,1.0,1.0,0.001114584389142692,1.0,1.0,True,0.2759558856487274,0.4837813377380371,0.34811044420002746,200
single_shape,TinyCNN,2003,random,0.484375,1.335670828819275,0.17447186474662768,0.1619630300243563,0.8862304687500001,0.28817873284557816,0.5489107435991756,0.3059242253428488,0.35546875,0.22574869729578495,0.484375,0.92578125,0.00011653808178380132,0.9921875,0.984375,True,0.08854348957538605,0.5015666484832764,0.24298651825632678,1
single_shape,TinyCNN,2003,random,0.73046875,1.1097835302352905,0.23052000250037002,0.1619630300243563,0.9538370768229166,0.3894993458807024,0.5934746701117989,0.36792643132508784,0.3528645932674408,0.17561849020421505,0.72265625,0.96875,0.0003084332565777004,1.0,1.0,True,0.3345635235309601,0.5355231761932373,0.22554823878671104,5
single_shape,TinyCNN,2003,random,0.9453125,0.7604348063468933,0.28124496257105824,0.1619630300243563,0.9758504231770834,0.3881137947600568,0.5580925073720585,0.3699276290579634,0.3177083432674408,0.14501953218132257,0.95703125,0.984375,0.0009763973066583276,1.0,1.0,True,0.6221505999565125,0.5421242713928223,0.18816487831409512,10
single_shape,TinyCNN,2003,random,0.99609375,0.22924208641052246,0.31269675031187566,0.1619630300243563,0.9816691080729166,0.371237093535877,0.4859507533587766,0.3202867825712349,0.2473958283662796,0.09000651119276881,0.99609375,1.0,0.0021487236954271793,1.0,1.0,True,1.146087646484375,0.4843118190765381,0.1656639707875417,20
single_shape,TinyCNN,2003,random,1.0,0.04524138197302818,0.3275247166639067,0.1619630300243563,0.9852294921875,0.36019070167910205,0.4752142388332299,0.24975211404459002,0.2955729067325592,0.0966796875,1.0,1.0,0.0012165741063654423,1.0,1.0,True,1.5930867195129395,0.4707520008087158,0.22546212478863986,40
single_shape,TinyCNN,2003,random,1.0,0.012964079156517982,0.331172892163109,0.1619630300243563,0.98138427734375,0.3499323614772349,0.4463919061971183,0.2073813902400779,0.3125,0.10026041744276881,1.0,1.0,0.0007128755678422749,1.0,1.0,True,1.8935484886169434,0.5307822227478027,0.23901051595704043,80
single_shape,TinyCNN,2003,random,1.0,0.0067634121514856815,0.33195066763237346,0.1619630300243563,0.9820353190104166,0.3447794203036288,0.43149148299273976,0.18962007775080075,0.3151041567325592,0.10156250093132257,1.0,1.0,0.0005576674011535943,1.0,1.0,True,2.0453944206237793,0.45406436920166016,0.241871405241939,120
single_shape,TinyCNN,2003,random,1.0,0.0043337675742805,0.3317526822408671,0.1619630300243563,0.9822998046875,0.3428178213373251,0.4222253673991617,0.17927878490396487,0.3177083432674408,0.10107421921566129,1.0,1.0,0.0004813136765733361,1.0,1.0,True,2.1475560665130615,0.474764347076416,0.24294658249519685,160
single_shape,TinyCNN,2003,random,1.0,0.003097705077379942,0.33168162325603845,0.1619630300243563,0.9824625651041666,0.3404551310775381,0.4157130908193183,0.17221002466985508,0.3216145932674408,0.10172525933012366,1.0,1.0,0.00044607880408875644,1.0,1.0,True,2.2250239849090576,0.4783143997192383,0.2435030661494632,200
single_shape,TinyCNN,2003,random_unitnorm,0.4375,1.3304409980773926,0.17000376749124016,0.16196302848160848,0.87982177734375,0.24283831446612963,0.47922229304609154,0.23547133245377316,0.3919270932674408,0.23225911520421505,0.4453125,0.8828125,0.0003442073939368129,0.98828125,0.98828125,True,0.09131418168544769,0.5067307949066162,0.24375096059231838,1
single_shape,TinyCNN,2003,random_unitnorm,0.7109375,1.0924794673919678,0.2066866698059917,0.16196302848160848,0.9395345052083333,0.34595778606574823,0.5721779652320327,0.3651166507369977,0.3580729067325592,0.18733724020421505,0.72265625,0.95703125,0.0006214979803189635,1.0,1.0,True,0.359192818403244,0.556351900100708,0.20706131449503495,5
single_shape,TinyCNN,2003,random_unitnorm,0.9453125,0.7571538686752319,0.24821492676063323,0.16196302848160848,0.9726969401041667,0.37529087289480806,0.5939529847886085,0.3695564866750742,0.3463541567325592,0.1368815116584301,0.94921875,0.98828125,0.0014220662415027618,1.0,1.0,True,0.6548632979393005,0.5730600357055664,0.2243964981135343,10
single_shape,TinyCNN,2003,random_unitnorm,0.99609375,0.24838586151599884,0.2886068337154658,0.16196302848160848,0.985107421875,0.3649587068518829,0.5237529621698787,0.3269385974304069,0.3098958432674408,0.10107421875,0.9921875,0.99609375,0.0025333536323159933,1.0,1.0,True,1.160874843597412,0.4836280345916748,0.19681436473947178,20
single_shape,TinyCNN,2003,random_unitnorm,1.0,0.05013685300946236,0.30061338140846994,0.16196302848160848,0.9880981445312501,0.3585589598312894,0.49374513345036064,0.2597905947109671,0.2916666567325592,0.09651692770421505,1.0,1.0,0.0014580243732780218,1.0,1.0,True,1.6192128658294678,0.5350522994995117,0.23395453873939354,40
single_shape,TinyCNN,2003,random_unitnorm,1.0,0.013973492197692394,0.30414748054246343,0.16196302848160848,0.9903564453125,0.35527726398981224,0.4595701674986348,0.21638014512604423,0.3307291567325592,0.09993489691987634,1.0,1.0,0.0006239368813112378,1.0,1.0,True,1.9270949363708496,0.4992389678955078,0.24319002237259055,80
single_shape,TinyCNN,2003,random_unitnorm,1.0,0.0071378909051418304,0.3047759800678321,0.16196302848160848,0.9907023111979166,0.35290976379966904,0.44571733542297676,0.19802579306557835,0.3346354067325592,0.10237630177289248,1.0,1.0,0.00045377016067504883,1.0,1.0,True,2.0825910568237305,0.5068068504333496,0.2476915423573984,120
single_shape,TinyCNN,2003,random_unitnorm,1.0,0.004527559503912926,0.3048610156985526,0.16196302848160848,0.9905802408854166,0.3526935573769825,0.43698978976564695,0.1873787333681714,0.3385416567325592,0.10335286520421505,1.0,1.0,0.00038968658191151917,1.0,1.0,True,2.1879982948303223,0.4638817310333252,0.24961105639747555,160
single_shape,TinyCNN,2003,random_unitnorm,1.0,0.003205276560038328,0.3048400657348296,0.16196302848160848,0.9904174804687499,0.35244112044707515,0.434888281581409,0.1801059154679484,0.3424479067325592,0.10221354058012366,1.0,1.0,0.00036802873364649713,1.0,1.0,True,2.2677793502807617,0.45132899284362793,0.2547823661134606,200
single_shape,TinyCNN,2003,template_init,0.296875,1.3496320247650146,0.9970467273032568,1.0,0.8669840494791666,0.5758827535990909,-0.3680736704121492,-0.07408520865809597,0.1236979141831398,0.2517903670668602,0.30078125,0.84375,0.0002542120637372136,0.984375,0.99609375,True,0.09082195162773132,0.4911832809448242,-0.29398846175405324,1
single_shape,TinyCNN,2003,template_init,0.90625,1.0758495330810547,0.9511635597473475,1.0,0.9247639973958334,0.5895506828188268,0.5769759832416532,0.3394291100342103,0.5234375,0.1643880191259086,0.90234375,0.95703125,0.00040233207982964814,1.0,1.0,True,0.34956181049346924,0.5474612712860107,0.23754687320744294,5
single_shape,TinyCNN,2003,template_init,0.99609375,0.753186821937561,0.8727305297176666,1.0,0.9596150716145834,0.5629919461808411,0.5609886432057958,0.36931675321132595,0.3736979067325592,0.11328125046566129,0.99609375,0.9921875,0.001061541959643364,1.0,1.0,True,0.6341307163238525,0.5459709167480469,0.19167188999446982,10
single_shape,TinyCNN,2003,template_init,1.0,0.24534213542938232,0.7535089699062312,1.0,0.968017578125,0.5018144916900503,0.5488340844226786,0.33792920290457995,0.30859375,0.1105143225286156,1.0,1.0,0.0023014128673821688,1.0,1.0,True,1.1285897493362427,0.44267773628234863,0.2109048815180986,20
single_shape,TinyCNN,2003,template_init,1.0,0.05626113340258598,0.6854254615965834,1.0,0.9758707682291666,0.486037330544206,0.5193170478463995,0.267122865581587,0.3385416567325592,0.09554036450572312,1.0,1.0,0.0012063798494637012,1.0,1.0,True,1.589470386505127,0.5535159111022949,0.25219418226481255,40
single_shape,TinyCNN,2003,template_init,1.0,0.01735311560332775,0.655326976838231,1.0,0.9764200846354167,0.4836869776362801,0.4774194366148876,0.22014620221688644,0.3294270932674408,0.08919270779006183,1.0,1.0,0.0006824457086622715,1.0,1.0,True,1.9367886781692505,0.45643162727355957,0.2572732343980012,80
single_shape,TinyCNN,2003,template_init,1.0,0.00933353416621685,0.6431527631305018,1.0,0.9764811197916666,0.4830017244873298,0.45673583933167594,0.19928619451702434,0.3229166567325592,0.08544921781867743,1.0,1.0,0.0004385267093311995,1.0,1.0,True,2.1214795112609863,0.49770283699035645,0.2574496448146516,120
single_shape,TinyCNN,2003,template_init,1.0,0.006085628643631935,0.6355990202556627,1.0,0.9764607747395833,0.4817486605556345,0.443764199482756,0.1868598182208053,0.3229166567325592,0.08186848880723119,1.0,1.0,0.0003005423932336271,1.0,1.0,True,2.2472143173217773,0.44605374336242676,0.2569043812619507,160
single_shape,TinyCNN,2003,template_init,1.0,0.00440850667655468,0.6304106482648991,1.0,0.97625732421875,0.4814121454109468,0.43439187160368364,0.17818495542178464,0.3229166567325592,0.08072916604578495,1.0,1.0,0.00022262957645580173,1.0,1.0,True,2.34368896484375,0.48133277893066406,0.256206916181899,200
single_shape,TinyCNN,2003,template_release,0.29296875,1.350102424621582,0.997365719896331,1.0,0.86724853515625,0.5777648571306182,-0.21457280900231668,-0.07112751820329408,0.11328125,0.25309244729578495,0.296875,0.8515625,0.00025482079945504665,0.984375,0.9921875,True,0.08008848130702972,0.496478796005249,-0.1434452907990226,1
single_shape,TinyCNN,2003,template_release,0.87109375,1.095497965812683,0.9667732881193527,1.0,0.9188232421874999,0.5812226384007417,0.5718834676468851,0.3343332890695644,0.51953125,0.16764322854578495,0.88671875,0.9296875,0.0003876002156175673,1.0,1.0,True,0.26432496309280396,0.554685115814209,0.23755017857732075,5
single_shape,TinyCNN,2003,template_release,0.98828125,0.8602340221405029,0.9381477772270516,1.0,0.9453938802083333,0.5772006200213613,0.5752189168146289,0.3687271672806906,0.4778645932674408,0.12386067537590861,0.98046875,0.9921875,0.000806380994617939,1.0,1.0,True,0.369101881980896,0.5608005523681641,0.20649174953393828,10
single_shape,TinyCNN,2003,template_release,0.99609375,0.4828134775161743,0.903432890906765,1.0,0.9563395182291666,0.547947295699142,0.5472208653141817,0.3777237499299904,0.3580729067325592,0.1267903649713844,0.99609375,0.9921875,0.0018338519148528576,1.0,1.0,True,0.4838850200176239,0.48839354515075684,0.16949711538419127,20
single_shape,TinyCNN,2003,template_release,1.0,0.21759524941444397,0.8910252187929687,1.0,0.9698079427083334,0.5324792017395057,0.5757466489392677,0.3537451019627744,0.4283854067325592,0.12174479069653898,0.99609375,0.99609375,0.002383235841989517,1.0,1.0,True,0.5228724479675293,0.5169463157653809,0.22200154697649332,40
single_shape,TinyCNN,2003,template_release,1.0,0.04402472451329231,0.8198834096619094,1.0,0.98065185546875,0.5237474826201934,0.5461539447445833,0.2791290136459099,0.3932291567325592,0.11490885383682325,0.99609375,0.99609375,0.0024031633511185646,1.0,1.0,True,0.7764037847518921,0.5895097255706787,0.2670249310986734,80
single_shape,TinyCNN,2003,template_release,1.0,0.010445182211697102,0.7337149149671574,1.0,0.9860432942708334,0.4910586274118606,0.5016184943284805,0.22396158915093783,0.3854166567325592,0.1131184880505316,1.0,1.0,0.001535291550680995,1.0,1.0,True,1.2264320850372314,0.48528051376342773,0.27765690517754266,120
single_shape,TinyCNN,2003,template_release,1.0,0.0058610402047634125,0.7092624605404403,1.0,0.9871215820312499,0.48276736301828066,0.48717061952141505,0.20747465792176611,0.3828125,0.11051432153908536,1.0,1.0,0.0015464590396732092,1.0,1.0,True,1.4086177349090576,0.4817640781402588,0.27969596159964893,160
single_shape,TinyCNN,2003,template_release,1.0,0.0039709811098873615,0.6939810178211835,1.0,0.9876302083333333,0.4776754824876288,0.4779951357372707,0.19731064079950134,0.3776041567325592,0.10904947965173051,1.0,1.0,0.0016386533388867974,1.0,1.0,True,1.5326685905456543,0.4710392951965332,0.28068449493776937,200
single_shape,TinyCNN,2003,template_retention_1,0.29296875,1.350102424621582,0.997365719896331,1.0,0.86724853515625,0.5777648571306182,-0.21457280900231668,-0.07112751820329408,0.11328125,0.25309244729578495,0.296875,0.8515625,0.00025482079945504665,0.984375,0.9921875,True,0.08008848130702972,0.4711291790008545,-0.1434452907990226,1
single_shape,TinyCNN,2003,template_retention_1,0.87109375,1.095497965812683,0.9667732881193527,1.0,0.9188232421874999,0.5812226384007417,0.5718834676468851,0.3343332890695644,0.51953125,0.16764322854578495,0.88671875,0.9296875,0.0003876002156175673,1.0,1.0,True,0.26432496309280396,0.5175995826721191,0.23755017857732075,5
single_shape,TinyCNN,2003,template_retention_1,0.98828125,0.8602340221405029,0.9381477772270516,1.0,0.9453938802083333,0.5772006200213613,0.5752189168146289,0.3687271672806906,0.4778645932674408,0.12386067537590861,0.98046875,0.9921875,0.000806380994617939,1.0,1.0,True,0.369101881980896,0.528019905090332,0.20649174953393828,10
single_shape,TinyCNN,2003,template_retention_1,0.99609375,0.5054804086685181,0.9106859546091005,1.0,0.9545898437499999,0.5468772124672662,0.5474538493354526,0.3789711153255545,0.3606770932674408,0.1271158850286156,0.99609375,0.9921875,0.0018175796139985323,1.0,1.0,True,0.45919036865234375,0.5243566036224365,0.1684827340098981,20
single_shape,TinyCNN,2003,template_retention_1,1.0,0.28314098715782166,0.9168189910494463,1.0,0.95703125,0.5503300362137258,0.5530029749851902,0.36680499953961476,0.3502604067325592,0.12483723775949329,0.99609375,0.99609375,0.0026004535611718893,1.0,1.0,True,0.43377697467803955,0.46999382972717285,0.18619797544557548,40
single_shape,TinyCNN,2003,template_retention_1,1.0,0.1670893281698227,0.9335120383854651,1.0,0.9521484375,0.5614671614561478,0.5863211093781966,0.34538669655774135,0.3997395932674408,0.11962890659924597,0.99609375,0.99609375,0.003064009128138423,1.0,1.0,True,0.3750576972961426,0.5200686454772949,0.24093441282045525,80
single_shape,TinyCNN,2003,template_retention_1,1.0,0.12272492796182632,0.9431476411637956,1.0,0.9429117838541667,0.570151488522216,0.602131119968043,0.33142352611676934,0.4348958432674408,0.12076822921517305,0.99609375,0.99609375,0.0033888695761561394,1.0,1.0,True,0.3412467837333679,0.5471525192260742,0.2707075938512737,120
single_shape,TinyCNN,2003,template_retention_1,1.0,0.0969073623418808,0.9498114896519179,1.0,0.9470621744791667,0.5755782650430094,0.6105886209983439,0.3230101246349693,0.44140625,0.1197916650417028,0.99609375,0.99609375,0.003554979106411338,1.0,1.0,True,0.3176712989807129,0.5099296569824219,0.28757849636337457,160
single_shape,TinyCNN,2003,template_retention_1,1.0,0.08220312744379044,0.9550392215697695,1.0,0.9438883463541666,0.5804089392395095,0.6610279556062169,0.31411772723440806,0.5481770634651184,0.12288411489862483,0.99609375,0.99609375,0.003627247177064419,1.0,1.0,True,0.2981840968132019,0.5184445381164551,0.3469102283718088,200
single_shape,TinyCNN,2004,random,0.2890625,1.3141237497329712,0.1565374564767666,0.15065180330061792,0.8936971028645834,0.2269813841172723,0.36693384765535253,0.3244368276995401,0.3203125,0.2532552070915699,0.3125,0.90625,7.038628973532468e-05,1.0,1.0,True,0.08898043632507324,0.4980316162109375,0.042497019955812454,1
single_shape,TinyCNN,2004,random,0.87890625,1.104060173034668,0.21721972444413196,0.15065180330061792,0.9534912109375001,0.24566513295628944,0.6145481808295187,0.3811400237991166,0.4140625,0.2024739570915699,0.89453125,0.96875,0.00020247168140485883,1.0,1.0,True,0.33137428760528564,0.5550644397735596,0.23340815703040207,5
single_shape,TinyCNN,2004,random,0.99609375,0.7620195746421814,0.25126866701729966,0.15065180330061792,0.9603068033854166,0.24290168417419897,0.6325666112826811,0.3820265045481088,0.4791666567325592,0.10221354197710752,0.9921875,0.99609375,0.0006457319832406938,1.0,1.0,True,0.6130739450454712,0.5291426181793213,0.2505401067345723,10
single_shape,TinyCNN,2004,random,1.0,0.20791880786418915,0.27651273124769216,0.15065180330061792,0.9634806315104166,0.2501361050560508,0.5811652448920757,0.3195896264764434,0.4192708432674408,0.05908203206490725,1.0,1.0,0.0014203735627233982,1.0,1.0,True,1.1724587678909302,0.4813864231109619,0.26157561841563226,20
single_shape,TinyCNN,2004,random,1.0,0.036520861089229584,0.2857622003137594,0.15065180330061792,0.9636433919270834,0.25004238162061637,0.5307290780536857,0.2219539834014244,0.3880208432674408,0.05436197924427688,1.0,1.0,0.000396982446545735,1.0,1.0,True,1.6793186664581299,0.4919428825378418,0.3087750946522614,40
single_shape,TinyCNN,2004,random,1.0,0.009359738789498806,0.29241235192595066,0.15065180330061792,0.95880126953125,0.24887483895641416,0.46776609692489235,0.1658571444853254,0.3684895932674408,0.0498046875,1.0,1.0,6.749712338205427e-05,1.0,1.0,True,2.010399341583252,0.487520694732666,0.30190895243956695,80
single_shape,TinyCNN,2004,random,1.0,0.004531093407422304,0.2940668343128305,0.15065180330061792,0.9558308919270834,0.24654113199192484,0.4456614295909854,0.1439833639918378,0.36328125,0.04768880223855376,1.0,1.0,2.4030872737057507e-05,1.0,1.0,True,2.1756086349487305,0.476149320602417,0.3016780655991476,120
single_shape,TinyCNN,2004,random,1.0,0.0027512197848409414,0.2946180761328618,0.15065180330061792,0.9571126302083333,0.24569859694084523,0.4317718997997211,0.13125609361717117,0.3567708432674408,0.047037760028615594,1.0,1.0,1.2006947144982405e-05,1.0,1.0,True,2.2871692180633545,0.46494150161743164,0.3005158061825499,160
single_shape,TinyCNN,2004,random,1.0,0.0018718739738687873,0.2952689528731302,0.15065180330061792,0.9577840169270834,0.25143898093948175,0.4220000122991966,0.1229211462563761,0.3567708432674408,0.046712239272892475,1.0,1.0,6.899208983668359e-06,1.0,1.0,True,2.371904134750366,0.48116374015808105,0.2990788660428205,200
single_shape,TinyCNN,2004,random_unitnorm,0.30078125,1.3101520538330078,0.15271379866237256,0.15065180252163346,0.881591796875,0.19651263569996083,0.38914840447375854,0.2671081141241922,0.3567708432674408,0.2477213554084301,0.32421875,0.87890625,0.00021201116032898426,0.9921875,1.0,True,0.09072985500097275,0.513744592666626,0.12204029034956632,1
single_shape,TinyCNN,2004,random_unitnorm,0.89453125,1.0865217447280884,0.18969879309270118,0.15065180252163346,0.949462890625,0.21400287766228154,0.6081898516091973,0.3714346017304154,0.4544270932674408,0.19417318049818277,0.89453125,0.9765625,0.0004046371905133128,1.0,1.0,True,0.3512378931045532,0.5709278583526611,0.23675524987878183,5
single_shape,TinyCNN,2004,random_unitnorm,0.9921875,0.7560189366340637,0.22364136937843018,0.15065180252163346,0.9610799153645833,0.24790710465253457,0.6307652656945477,0.37796700377452974,0.4739583432674408,0.11100260308012366,0.9921875,0.9921875,0.0009785420261323452,1.0,1.0,True,0.6351735591888428,0.5511658191680908,0.252798261920018,10
single_shape,TinyCNN,2004,random_unitnorm,1.0,0.2191912978887558,0.2601786770582829,0.15065180252163346,0.95916748046875,0.24802455506367155,0.6327407437834063,0.32075556707965147,0.4453125,0.06542968656867743,1.0,1.0,0.0015427605248987675,1.0,1.0,True,1.1836917400360107,0.4964320659637451,0.3119851767037548,20
single_shape,TinyCNN,2004,random_unitnorm,1.0,0.04042686149477959,0.2818122012256865,0.15065180252163346,0.9665730794270834,0.2444676236310831,0.551830341722674,0.22694635418139175,0.40234375,0.053873696946538985,1.0,1.0,0.0004995552590116858,1.0,1.0,True,1.7001543045043945,0.4979217052459717,0.3248839875412822,40
single_shape,TinyCNN,2004,random_unitnorm,1.0,0.010671138763427734,0.2913709037377112,0.15065180252163346,0.95623779296875,0.2402175619439344,0.5103009518595918,0.170378951465025,0.3802083432674408,0.05110677098855376,1.0,1.0,0.00010712298535509035,1.0,1.0,True,2.051187038421631,0.49237489700317383,0.33992200039456677,80
single_shape,TinyCNN,2004,random_unitnorm,1.0,0.0053037796169519424,0.29467506769312635,0.15065180252163346,0.95709228515625,0.24112284058181555,0.4891460110759872,0.1479983354356907,0.3723958432674408,0.048828124767169356,1.0,1.0,4.070225986652076e-05,1.0,1.0,True,2.2282698154449463,0.4880228042602539,0.3411476756402965,120
single_shape,TinyCNN,2004,random_unitnorm,1.0,0.0032708635553717613,0.29594270177317056,0.15065180252163346,0.9568888346354166,0.2403393748617459,0.4747824643556052,0.13469021869461623,0.3619791567325592,0.046874999767169356,1.0,1.0,2.0882496755803004e-05,1.0,1.0,True,2.347443103790283,0.5152678489685059,0.340092245660989,160
single_shape,TinyCNN,2004,random_unitnorm,1.0,0.0022441777400672436,0.2964552363679439,0.15065180252163346,0.9566446940104166,0.24050805587545643,0.4642772064319375,0.1257910919344975,0.3580729067325592,0.04622395755723119,1.0,1.0,1.2054717444698326e-05,1.0,1.0,True,2.438293933868408,0.4784700870513916,0.33848611449744,200
single_shape,TinyCNN,2004,template_init,0.25,1.339821696281433,0.9972179242642928,1.0,0.8682047526041666,0.6075343480874875,0.11492276452654737,0.15921247923028214,0.25,0.25569661520421505,0.25,1.0,0.00014707368973176926,0.99609375,0.99609375,True,0.09254998713731766,0.5172765254974365,-0.04428971470373477,1
single_shape,TinyCNN,2004,template_init,0.83984375,1.1062225103378296,0.9490418312978093,1.0,0.9051106770833333,0.5892176264428771,0.6417906116591348,0.38014546877494604,0.5651041865348816,0.22119140811264515,0.8359375,0.9296875,0.00027638551546260715,1.0,1.0,True,0.3402670621871948,0.5343630313873291,0.2616451428841887,5
single_shape,TinyCNN,2004,template_init,0.9765625,0.8068867325782776,0.8641890890226629,1.0,0.9499511718750001,0.5686031521586761,0.6339526937779332,0.3855181572729408,0.5533854365348816,0.09993489598855376,0.98046875,0.98828125,0.0005995580577291548,1.0,1.0,True,0.6127480268478394,0.5551791191101074,0.24843453650499236,10
single_shape,TinyCNN,2004,template_init,1.0,0.26622140407562256,0.7285846001838134,1.0,0.9711507161458334,0.5174971121329134,0.6213033367044518,0.3459879415163661,0.43359375,0.0665690095629543,1.0,1.0,0.0012933001853525639,1.0,1.0,True,1.1449649333953857,0.4573698043823242,0.27531539518808573,20
single_shape,TinyCNN,2004,template_init,1.0,0.04501594975590706,0.6493265124584513,1.0,0.9742431640625,0.46608081578611993,0.551481691044601,0.25994905546446684,0.3515625,0.060709635028615594,1.0,1.0,0.0003953708801418543,1.0,1.0,True,1.72782564163208,0.4623887538909912,0.29153263558013415,40
single_shape,TinyCNN,2004,template_init,1.0,0.011341800913214684,0.6172993468097279,1.0,0.9748942057291666,0.44296816955291746,0.5054075340162025,0.20642260461824585,0.3307291567325592,0.06347656226716936,1.0,1.0,0.00011058468226110563,1.0,1.0,True,2.125443458557129,0.48335695266723633,0.2989849293979567,80
single_shape,TinyCNN,2004,template_init,1.0,0.005539835896342993,0.6041196676547089,1.0,0.9744873046875,0.43503955084650303,0.48496815426311346,0.1847484604440262,0.3307291567325592,0.06412760447710752,1.0,1.0,6.002101144986227e-05,1.0,1.0,True,2.327625274658203,0.49796533584594727,0.30021969381908725,120
single_shape,TinyCNN,2004,template_init,1.0,0.003402936039492488,0.5959779145676122,1.0,0.9742024739583334,0.4317869088589805,0.4746514890456073,0.1718545431029727,0.3515625,0.06494140601716936,1.0,1.0,3.891008600476198e-05,1.0,1.0,True,2.4641032218933105,0.48645734786987305,0.30279694594263457,160
single_shape,TinyCNN,2004,template_init,1.0,0.0023518966045230627,0.5903703859459211,1.0,0.9736735026041667,0.43050736101725884,0.46865634106007925,0.16310956276768265,0.35546875,0.06445312523283064,1.0,1.0,2.7789545129053295e-05,1.0,1.0,True,2.5683445930480957,0.473907470703125,0.3055467782923966,200
single_shape,TinyCNN,2004,template_release,0.25,1.3405629396438599,0.9977024097374924,1.0,0.8687133789062499,0.6083017340887348,0.11242912610489997,0.1578945623060965,0.25,0.25553385354578495,0.25,1.0,0.00014685565838590264,0.99609375,0.99609375,True,0.08066387474536896,0.4848306179046631,-0.04546543620119653,1
single_shape,TinyCNN,2004,template_release,0.85546875,1.1255519390106201,0.9719701992859373,1.0,0.90234375,0.6012594979998938,0.6844875979586378,0.37452652883048,0.5924479365348816,0.2275390587747097,0.8515625,0.94921875,0.00025208856095559895,1.0,1.0,True,0.2388538122177124,0.5650851726531982,0.3099610691281578,5
single_shape,TinyCNN,2004,template_release,0.9765625,0.926790177822113,0.9492550934792499,1.0,0.9242146809895833,0.5894171258304249,0.6607725678743023,0.38801347016470655,0.54296875,0.11800130177289248,0.97265625,0.99609375,0.00045287382090464234,1.0,1.0,True,0.32631024718284607,0.5544767379760742,0.2727590977095957,10
single_shape,TinyCNN,2004,template_release,1.0,0.5658132433891296,0.9140450183724295,1.0,0.9361165364583334,0.6007939761154347,0.6927995721456803,0.382198583122181,0.5130208134651184,0.08024088619276881,1.0,1.0,0.0011791822034865618,1.0,1.0,True,0.45778536796569824,0.4689302444458008,0.3106009890234993,20
single_shape,TinyCNN,2004,template_release,1.0,0.24355076253414154,0.8914054195113839,1.0,0.95526123046875,0.6049387552681571,0.6654299307323721,0.34692591627686703,0.5104166865348816,0.0750325508415699,1.0,1.0,0.0016384683549404144,1.0,1.0,True,0.5412472486495972,0.4854891300201416,0.3185040144555051,40
single_shape,TinyCNN,2004,template_release,1.0,0.03939038887619972,0.8100341908812593,1.0,0.9665323893229166,0.6030235477232085,0.6338330177243943,0.259878014920185,0.4947916567325592,0.07145182404201478,1.0,1.0,0.000377247401047498,1.0,1.0,True,0.8400275707244873,0.5313699245452881,0.3739550028042093,80
single_shape,TinyCNN,2004,template_release,1.0,0.007765931077301502,0.7129112393902441,1.0,0.9715779622395834,0.5679939170422087,0.607687789144342,0.19690196524899783,0.4908854067325592,0.06738281360594556,1.0,1.0,6.518980080727488e-05,1.0,1.0,True,1.3327116966247559,0.4755735397338867,0.4107858238953441,120
single_shape,TinyCNN,2004,template_release,1.0,0.004130115732550621,0.6885909925015168,1.0,0.9714762369791666,0.5518713327232252,0.5989966120735439,0.17857459459237995,0.4921875,0.06770833302289248,1.0,1.0,3.215019387425855e-05,1.0,1.0,True,1.5268728733062744,0.44486117362976074,0.420422017481164,160
single_shape,TinyCNN,2004,template_release,1.0,0.0026988808531314135,0.6745580984279064,1.0,0.9716796875,0.5433248717961937,0.5939485911294975,0.16785884706774246,0.4947916567325592,0.06722005270421505,1.0,1.0,1.943413371918723e-05,1.0,1.0,True,1.6581008434295654,0.5444574356079102,0.42608974406175504,200
single_shape,TinyCNN,2004,template_retention_1,0.25,1.3405629396438599,0.9977024097374924,1.0,0.8687133789062499,0.6083017340887348,0.11242912610489997,0.1578945623060965,0.25,0.25553385354578495,0.25,1.0,0.00014685565838590264,0.99609375,0.99609375,True,0.08066387474536896,0.4985997676849365,-0.04546543620119653,1
single_shape,TinyCNN,2004,template_retention_1,0.85546875,1.1255519390106201,0.9719701992859373,1.0,0.90234375,0.6012594979998938,0.6844875979586378,0.37452652883048,0.5924479365348816,0.2275390587747097,0.8515625,0.94921875,0.00025208856095559895,1.0,1.0,True,0.2388538122177124,0.5544877052307129,0.3099610691281578,5
single_shape,TinyCNN,2004,template_retention_1,0.9765625,0.926790177822113,0.9492550934792499,1.0,0.9242146809895833,0.5894171258304249,0.6607725678743023,0.38801347016470655,0.54296875,0.11800130177289248,0.97265625,0.99609375,0.00045287382090464234,1.0,1.0,True,0.32631024718284607,0.5975990295410156,0.2727590977095957,10
single_shape,TinyCNN,2004,template_retention_1,0.99609375,0.5900780558586121,0.9213864800457956,1.0,0.9332275390625,0.6000884645503695,0.6916626808176416,0.3837856537673565,0.5169270634651184,0.08219401026144624,1.0,0.99609375,0.0011527389287948608,1.0,1.0,True,0.43187832832336426,0.4745209217071533,0.3078770270502851,20
single_shape,TinyCNN,2004,template_retention_1,1.0,0.3232478201389313,0.9201666112205509,1.0,0.9463500976562499,0.6013065653389257,0.6807792275771447,0.36253738710274785,0.5091145634651184,0.08138020825572312,1.0,1.0,0.0017400169745087624,1.0,1.0,True,0.4379061460494995,0.4889402389526367,0.31824184047439685,40
single_shape,TinyCNN,2004,template_retention_1,1.0,0.1755363643169403,0.9353547841646298,1.0,0.9469197591145834,0.6014472764958607,0.6636557539913176,0.3430567270033307,0.48046875,0.0950520841870457,1.0,1.0,0.0016082603251561522,1.0,1.0,True,0.382760226726532,0.5372862815856934,0.3205990269879869,80
single_shape,TinyCNN,2004,template_retention_1,1.0,0.12337075173854828,0.9460201452401809,1.0,0.941162109375,0.6014668434451333,0.6701254337677286,0.33422988881267157,0.51953125,0.10205078066792339,1.0,1.0,0.0013940536882728338,1.0,1.0,True,0.342759370803833,0.47199225425720215,0.335895544955057,120
single_shape,TinyCNN,2004,template_retention_1,1.0,0.09537135064601898,0.9531818043689684,1.0,0.9359334309895834,0.6009542902930014,0.6279335594621649,0.32908185824264463,0.4895833432674408,0.11246744787786156,1.0,1.0,0.0012040052097290754,1.0,1.0,True,0.3144371509552002,0.4668588638305664,0.29885170121952026,160
single_shape,TinyCNN,2004,template_retention_1,1.0,0.07824324071407318,0.9585795279341262,1.0,0.9328816731770834,0.5963869781538489,0.625702884522082,0.32601365421781986,0.4973958432674408,0.11718750093132257,1.0,1.0,0.0010836453875526786,1.0,1.0,True,0.29368558526039124,0.5047576427459717,0.29968923030426214,200
single_shape,TinyCNN,2005,random,0.328125,1.328463077545166,0.1752471109302924,0.17035902189261165,0.86431884765625,0.25581893308112147,0.5829559616237917,0.3944971810827314,0.4075520932674408,0.2646484337747097,0.35546875,0.90234375,5.965691525489092e-05,0.9609375,0.9765625,True,0.0872734859585762,0.5461440086364746,0.1884587805410603,1
single_shape,TinyCNN,2005,random,0.67578125,1.146162509918213,0.22331729937893996,0.17035902189261165,0.93182373046875,0.2816525064514253,0.5437522051783907,0.4110937975471845,0.43359375,0.20572916511446238,0.66796875,0.93359375,0.00015688608982600272,1.0,1.0,True,0.3331736922264099,0.4834327697753906,0.13265840763120623,5
single_shape,TinyCNN,2005,random,0.93359375,0.8430973291397095,0.25910167778159987,0.17035902189261165,0.9553019205729166,0.3310768080023206,0.5791385818465259,0.4089162924134213,0.3515625,0.13639322947710752,0.93359375,0.9609375,0.0005836132913827896,1.0,1.0,True,0.6251732707023621,0.46733570098876953,0.17022228943310458,10
single_shape,TinyCNN,2005,random,1.0,0.2495788335800171,0.29278641434890834,0.17035902189261165,0.9657796223958333,0.3212130065403227,0.5496380325786748,0.35109314218373977,0.3489583432674408,0.07438151049427688,1.0,1.0,0.0014758341712877154,1.0,1.0,True,1.2201225757598877,0.4617044925689697,0.19854489039493506,20
single_shape,TinyCNN,2005,random,1.0,0.048911165446043015,0.3010227447915507,0.17035902189261165,0.9687296549479167,0.30311581762312734,0.46821383731484933,0.25594406994516494,0.2369791716337204,0.051757812907453626,1.0,1.0,0.000642648374196142,1.0,1.0,True,1.7453656196594238,0.47478556632995605,0.2122697673696844,40
single_shape,TinyCNN,2005,random,1.0,0.015084321610629559,0.30104214239212335,0.17035902189261165,0.9690348307291666,0.2917705467198078,0.4118781042029531,0.19820958777866518,0.2057291716337204,0.0467122396803461,1.0,1.0,0.00038294412661343813,1.0,1.0,True,2.0866541862487793,0.477924108505249,0.21366851642428794,80
single_shape,TinyCNN,2005,random,1.0,0.008184007368981838,0.299699785576083,0.17035902189261165,0.9549763997395834,0.28772769271637,0.3820702073477136,0.17416373261566673,0.19921875,0.04443359316792339,1.0,1.0,0.00030081416480243206,1.0,1.0,True,2.2603092193603516,0.47586822509765625,0.20790647473204685,120
single_shape,TinyCNN,2005,random,1.0,0.005391321144998074,0.29859751815482294,0.17035902189261165,0.95599365234375,0.2865329835870896,0.36130549452461436,0.15969527449746537,0.1953125,0.044433594157453626,1.0,1.0,0.00021977988944854587,1.0,1.0,True,2.37665057182312,0.4629175662994385,0.20161022002714898,160
single_shape,TinyCNN,2005,random,1.0,0.0039000161923468113,0.29760383272474633,0.17035902189261165,0.9571329752604167,0.2856871583649886,0.34627907766266797,0.1497659793864905,0.1888020783662796,0.04410807299427688,1.0,1.0,0.00016329350182786584,1.0,1.0,True,2.4653701782226562,0.46993017196655273,0.19651309827617747,200
single_shape,TinyCNN,2005,random_unitnorm,0.30078125,1.3277498483657837,0.1739871284728317,0.17035902257895513,0.8802490234375,0.20437006827559218,0.45497621509024144,0.3303864224105477,0.4075520932674408,0.2444661445915699,0.34375,0.83984375,0.00016960242646746337,0.94140625,0.93359375,True,0.08844637870788574,0.5927660465240479,0.12458979267969372,1
single_shape,TinyCNN,2005,random_unitnorm,0.71484375,1.1470561027526855,0.2050429979804606,0.17035902257895513,0.9289957682291666,0.27468392367356237,0.5796523724357071,0.4033468562696616,0.4466145932674408,0.20410156343132257,0.71875,0.94140625,0.0002851485915016383,0.99609375,1.0,True,0.35240060091018677,0.5231451988220215,0.1763055161660455,5
single_shape,TinyCNN,2005,random_unitnorm,0.9453125,0.8573402166366577,0.2454776665437385,0.17035902257895513,0.939208984375,0.2850747302865163,0.5590172663193869,0.40919002890669043,0.3502604067325592,0.13525390531867743,0.953125,0.96484375,0.0007867919048294425,1.0,1.0,True,0.6416741609573364,0.48169851303100586,0.14982723741269643,10
single_shape,TinyCNN,2005,random_unitnorm,0.9921875,0.2800411581993103,0.2898162197364426,0.17035902257895513,0.9638875325520834,0.32984418759483924,0.587371281892264,0.3575435980039806,0.38671875,0.08675130270421505,0.9921875,1.0,0.0019006411312147975,1.0,1.0,True,1.2302069664001465,0.4599435329437256,0.22982768388828334,20
single_shape,TinyCNN,2005,random_unitnorm,1.0,0.05358435586094856,0.2987989393370107,0.17035902257895513,0.97369384765625,0.3376263130191537,0.5311770918472634,0.2642950387086251,0.3138020932674408,0.06249999941792339,1.0,1.0,0.0008049721363931894,1.0,1.0,True,1.7870383262634277,0.4643397331237793,0.2668820531386383,40
single_shape,TinyCNN,2005,random_unitnorm,1.0,0.01595383696258068,0.29970971209686936,0.17035902257895513,0.97174072265625,0.33747817973135236,0.4825299641801899,0.20531377915723703,0.3033854067325592,0.05875651095993817,1.0,1.0,0.00026104567223228514,1.0,1.0,True,2.147341251373291,0.4668264389038086,0.27721618502295287,80
single_shape,TinyCNN,2005,random_unitnorm,1.0,0.008567297831177711,0.2997730422880829,0.17035902257895513,0.9701944986979167,0.33732813522517796,0.4390920630292672,0.18118623306231302,0.2981770932674408,0.05859374988358468,1.0,1.0,0.00015834448277018964,1.0,1.0,True,2.327549457550049,0.4552881717681885,0.25790582996695416,120
single_shape,TinyCNN,2005,random_unitnorm,1.0,0.0056381383910775185,0.2997643553693261,0.17035902257895513,0.9692586263020834,0.3373611152146029,0.4253152177320991,0.1671874152448215,0.2942708432674408,0.05859374935971573,1.0,1.0,0.00010824279161170125,1.0,1.0,True,2.4502434730529785,0.46897029876708984,0.2581278024872776,160
single_shape,TinyCNN,2005,random_unitnorm,1.0,0.004082606174051762,0.29979066119538045,0.17035902257895513,0.9683024088541666,0.3369559734840025,0.4151210065618457,0.1576331017579888,0.29296875,0.05924479215173051,1.0,1.0,7.998030196176842e-05,1.0,1.0,True,2.543713092803955,0.5180413722991943,0.25748790480385686,200
single_shape,TinyCNN,2005,template_init,0.25,1.375692367553711,0.9973971243262331,1.0,0.8504028320312501,0.6246909845287321,-0.043352461594341696,0.17934242455208843,0.2239583283662796,0.23942057229578495,0.25,0.9921875,0.00017612754891160876,1.0,1.0,True,0.09411242604255676,0.47010135650634766,-0.22269488614643013,1
single_shape,TinyCNN,2005,template_init,0.90234375,1.1534976959228516,0.9492536790924974,1.0,0.8920491536458334,0.5448829451679134,0.45321631611945423,0.3697835211581114,0.4778645932674408,0.1826171875,0.8984375,0.97265625,0.0002959342091344297,1.0,1.0,True,0.3601981997489929,0.47698187828063965,0.08343279496134282,5
single_shape,TinyCNN,2005,template_init,0.96875,0.8604313731193542,0.859485874183523,1.0,0.9365030924479166,0.4766219112954896,0.5036479386042116,0.3862066180601732,0.265625,0.10904947901144624,0.96484375,0.98828125,0.0007303679594770074,1.0,1.0,True,0.6555219888687134,0.47298097610473633,0.11744132054403844,10
single_shape,TinyCNN,2005,template_init,1.0,0.28763771057128906,0.7332937163580819,1.0,0.9616495768229167,0.41342520699178054,0.5487303002528001,0.33483203881941265,0.3059895932674408,0.06184895965270698,0.99609375,0.99609375,0.0017050844617187977,1.0,1.0,True,1.219977855682373,0.4536261558532715,0.21389826143338747,20
single_shape,TinyCNN,2005,template_init,1.0,0.05898679047822952,0.665612439643873,1.0,0.9672444661458333,0.40693095071383834,0.520000442384533,0.24650094628245267,0.3125,0.050455728778615594,1.0,1.0,0.001033320906572044,1.0,1.0,True,1.7955001592636108,0.49364471435546875,0.27349949610208035,40
single_shape,TinyCNN,2005,template_init,1.0,0.016267772763967514,0.6330479944304396,1.0,0.966796875,0.40855047015798296,0.4964361309556451,0.19487572239107756,0.3385416567325592,0.053059896832564846,1.0,1.0,0.0005860470701009035,1.0,1.0,True,2.205482244491577,0.4894392490386963,0.30156040856456756,80
single_shape,TinyCNN,2005,template_init,1.0,0.008432011120021343,0.6179716363162833,1.0,0.9664510091145834,0.4074709120140275,0.4867626474851112,0.1751463681916909,0.34375,0.056315104171517305,1.0,1.0,0.0004763850593008101,1.0,1.0,True,2.4184699058532715,0.4928107261657715,0.3116162792934203,120
single_shape,TinyCNN,2005,template_init,1.0,0.0054314108565449715,0.6086852765468174,1.0,0.9663899739583334,0.4070825507134198,0.43332356363241453,0.16439420751263684,0.3033854067325592,0.06038411629560869,1.0,1.0,0.0003922309260815382,1.0,1.0,True,2.5604546070098877,0.5110883712768555,0.2689293561197777,160
single_shape,TinyCNN,2005,template_init,1.0,0.00389975868165493,0.6027083184594,1.0,0.96636962890625,0.40698747239455463,0.4274012050118051,0.15751072096766933,0.3098958432674408,0.06347656347497832,1.0,1.0,0.0003314091300126165,1.0,1.0,True,2.6682968139648438,0.4866044521331787,0.2698904840441358,200
single_shape,TinyCNN,2005,template_release,0.25,1.3761135339736938,0.9977137342985078,1.0,0.85076904296875,0.6253096806139772,-0.0843989243275376,0.18716692878832594,0.2239583283662796,0.23942057229578495,0.25,0.99609375,0.00017728072998579592,1.0,1.0,True,0.08199822902679443,0.4749186038970947,-0.27156585311586356,1
single_shape,TinyCNN,2005,template_release,0.859375,1.1763569116592407,0.9691896482274267,1.0,0.88299560546875,0.5792608176741028,0.4945494620229539,0.3737397885475192,0.5221354365348816,0.23095703125,0.85546875,0.96484375,0.000264679198153317,1.0,1.0,True,0.2555815875530243,0.4830455780029297,0.1208096734754347,5
single_shape,TinyCNN,2005,template_release,0.94921875,0.9901831746101379,0.9463872494095393,1.0,0.91912841796875,0.5874220264788917,0.5245290967162088,0.3800023173835817,0.4309895932674408,0.12174479011446238,0.94140625,0.984375,0.0004994419869035482,1.0,1.0,True,0.3397217392921448,0.46424245834350586,0.14452677933262714,10
single_shape,TinyCNN,2005,template_release,0.98828125,0.5864535570144653,0.9068590136173089,1.0,0.9416300455729166,0.5573081175390336,0.5745499670163303,0.3798708818092593,0.328125,0.07324218738358468,0.98828125,1.0,0.001247977139428258,1.0,1.0,True,0.47791650891304016,0.4718899726867676,0.194679085207071,20
single_shape,TinyCNN,2005,template_release,1.0,0.2507455348968506,0.8870827469275201,1.0,0.9478759765625,0.5511752530077356,0.5471132477149983,0.3411428842691829,0.2981770932674408,0.06347656331490725,1.0,1.0,0.001496385782957077,1.0,1.0,True,0.5439453721046448,0.46909093856811523,0.20597036344581537,40
single_shape,TinyCNN,2005,template_release,1.0,0.046333856880664825,0.8065976915412414,1.0,0.9574788411458334,0.5120769504092857,0.4573568798944255,0.2528106332725833,0.2838541567325592,0.06347656319849193,1.0,1.0,0.0008038070518523455,1.0,1.0,True,0.8371108174324036,0.5320100784301758,0.20454624662184223,80
single_shape,TinyCNN,2005,template_release,1.0,0.010540621355175972,0.7097677469805904,1.0,0.9645182291666666,0.4467271031351075,0.4236386566313456,0.19247463119297348,0.2825520932674408,0.06249999892315827,1.0,1.0,0.0003119398024864495,1.0,1.0,True,1.344224214553833,0.5038533210754395,0.2311640254383721,120
single_shape,TinyCNN,2005,template_release,1.0,0.005924779921770096,0.6879990625833337,1.0,0.9656778971354167,0.4381667455466378,0.41444177072820987,0.17585227293354844,0.2864583432674408,0.06526692686020397,1.0,1.0,0.00022077176254242659,1.0,1.0,True,1.541355848312378,0.5469455718994141,0.23858949779466143,160
single_shape,TinyCNN,2005,template_release,1.0,0.004020776599645615,0.6758713030133355,1.0,0.96624755859375,0.4333961858840886,0.40912693916875387,0.1662926909797233,0.2916666567325592,0.06624348966579419,1.0,1.0,0.0001732237433316186,1.0,1.0,True,1.6739811897277832,0.4715287685394287,0.24283424818903057,200
single_shape,TinyCNN,2005,template_retention_1,0.25,1.3761135339736938,0.9977137342985078,1.0,0.85076904296875,0.6253096806139772,-0.0843989243275376,0.18716692878832594,0.2239583283662796,0.23942057229578495,0.25,0.99609375,0.00017728072998579592,1.0,1.0,True,0.08199822902679443,0.4918215274810791,-0.27156585311586356,1
single_shape,TinyCNN,2005,template_retention_1,0.859375,1.1763569116592407,0.9691896482274267,1.0,0.88299560546875,0.5792608176741028,0.4945494620229539,0.3737397885475192,0.5221354365348816,0.23095703125,0.85546875,0.96484375,0.000264679198153317,1.0,1.0,True,0.2555815875530243,0.4639627933502197,0.1208096734754347,5
single_shape,TinyCNN,2005,template_retention_1,0.94921875,0.9901831746101379,0.9463872494095393,1.0,0.91912841796875,0.5874220264788917,0.5245290967162088,0.3800023173835817,0.4309895932674408,0.12174479011446238,0.94140625,0.984375,0.0004994419869035482,1.0,1.0,True,0.3397217392921448,0.46120786666870117,0.14452677933262714,10
single_shape,TinyCNN,2005,template_retention_1,0.98828125,0.6111244559288025,0.9148853157297123,1.0,0.9397176106770834,0.5609483861615896,0.574849819008254,0.3808765069938486,0.3359375,0.07584635505918413,0.98828125,1.0,0.001215031836181879,1.0,1.0,True,0.4508540630340576,0.4813227653503418,0.19397331201440543,20
single_shape,TinyCNN,2005,template_retention_1,1.0,0.32887935638427734,0.9167205413022672,1.0,0.9420369466145833,0.5615910073656152,0.5920384130003957,0.35409726941775876,0.3776041567325592,0.06689452970749699,1.0,1.0,0.001634478336200118,1.0,1.0,True,0.44198253750801086,0.5297257900238037,0.23794114358263696,40
single_shape,TinyCNN,2005,template_retention_1,1.0,0.18811610341072083,0.9325794291243621,1.0,0.93817138671875,0.5675649386029202,0.5958599298694213,0.32121579542397033,0.4010416567325592,0.07340494857635349,1.0,1.0,0.0018000437412410975,1.0,1.0,True,0.3851420283317566,0.5042588710784912,0.27464413444545094,80
single_shape,TinyCNN,2005,template_retention_1,1.0,0.13758662343025208,0.9430646909562059,1.0,0.9355672200520833,0.569836897049866,0.6049535420217511,0.30470699535431267,0.41796875,0.08170572793460451,1.0,1.0,0.0017584747401997447,1.0,1.0,True,0.3479765057563782,0.5462768077850342,0.30024654666743844,120
single_shape,TinyCNN,2005,template_retention_1,1.0,0.11073535680770874,0.9505067316753925,1.0,0.932373046875,0.5957352428585567,0.6138155480410211,0.2942590895348791,0.44140625,0.08837890489667188,0.99609375,0.99609375,0.0016486798413097858,1.0,1.0,True,0.3202216923236847,0.5157730579376221,0.319556458506142,160
single_shape,TinyCNN,2005,template_retention_1,1.0,0.09236419945955276,0.9556196156770456,1.0,0.92962646484375,0.597009829337976,0.622725820811162,0.28666361964247017,0.4635416567325592,0.09847005101619288,1.0,1.0,0.0015720948576927185,1.0,1.0,True,0.3004801273345947,0.5109012126922607,0.33606220116869184,200
single_shape,TinyCNN,2006,random,0.3359375,1.3433574438095093,0.1487870984122024,0.12979782721535163,0.884765625,0.2555362954926774,0.34511302720085013,0.17951784103336826,0.3411458432674408,0.2467447891831398,0.35546875,0.8828125,5.893108027521521e-05,0.98046875,0.9765625,True,0.09051337838172913,0.5213959217071533,0.16559518616748187,1
single_shape,TinyCNN,2006,random,0.75,1.1455786228179932,0.19209144067273004,0.12979782721535163,0.9491780598958333,0.2826659218144053,0.4705735780407059,0.3433731139927173,0.3880208432674408,0.18603515625,0.73828125,0.94921875,0.00013838305312674493,1.0,1.0,True,0.3309839963912964,0.4710054397583008,0.12720046404798857,5
single_shape,TinyCNN,2006,random,0.98828125,0.826200544834137,0.22331667076765593,0.12979782721535163,0.9683024088541666,0.27289169937236196,0.4963280192648899,0.37432341588813167,0.2265625,0.12923177098855376,0.98828125,1.0,0.0004856690648011863,1.0,1.0,True,0.5978457927703857,0.46871304512023926,0.12200460337675822,10
single_shape,TinyCNN,2006,random,1.0,0.24621479213237762,0.25158093545290733,0.12979782721535163,0.9820760091145834,0.25712354620988676,0.4694703068193645,0.3202169610204103,0.1197916641831398,0.0452473954501329,1.0,1.0,0.0013245729496702552,1.0,1.0,True,1.146864891052246,0.46065187454223633,0.14925334579895422,20
single_shape,TinyCNN,2006,random,1.0,0.04699598252773285,0.26208635195192365,0.12979782721535163,0.9733683268229166,0.2445619893822773,0.4085848955202136,0.22315020566108756,0.2174479216337204,0.029296875465661287,1.0,1.0,0.0008721535559743643,1.0,1.0,True,1.6679247617721558,0.4880847930908203,0.18543468985912603,40
single_shape,TinyCNN,2006,random,1.0,0.012337575666606426,0.26358691801943546,0.12979782721535163,0.9657185872395834,0.23521455930279792,0.4391930062377756,0.16964800069024294,0.296875,0.029296874767169356,1.0,1.0,0.00019001009059138596,1.0,1.0,True,2.0086092948913574,0.47040367126464844,0.26954500554753263,80
single_shape,TinyCNN,2006,random,1.0,0.005949791986495256,0.2626536495190625,0.12979782721535163,0.9673055013020834,0.23076294499406355,0.4267874177182558,0.1477595580076964,0.2981770932674408,0.030924478778615594,1.0,1.0,6.416392716346309e-05,1.0,1.0,True,2.180779457092285,0.45641422271728516,0.2790278597105594,120
single_shape,TinyCNN,2006,random,1.0,0.0035848072730004787,0.26261681167724293,0.12979782721535163,0.9687296549479166,0.22867537120602083,0.41815608569664364,0.13499543212652637,0.2981770932674408,0.03271484421566129,1.0,1.0,2.8910633773193695e-05,1.0,1.0,True,2.297701120376587,0.47397279739379883,0.28316065357011727,160
single_shape,TinyCNN,2006,random,1.0,0.0024393266066908836,0.2622727378970173,0.12979782721535163,0.9692382812499999,0.22737316495338938,0.41208388649299676,0.126445500382406,0.3033854067325592,0.03401692654006183,1.0,1.0,1.5553672710666433e-05,1.0,1.0,True,2.386916160583496,0.5396981239318848,0.2856383861105908,200
single_shape,TinyCNN,2006,random_unitnorm,0.32421875,1.3585680723190308,0.13822042140796906,0.1297978262528433,0.87091064453125,0.23967630307864068,0.15621688580966586,-0.04192831595335397,0.4192708432674408,0.23583984188735485,0.3203125,0.8125,0.0001738842693157494,0.9921875,0.9921875,True,0.09380695223808289,0.5057022571563721,0.19814520176301983,1
single_shape,TinyCNN,2006,random_unitnorm,0.71875,1.147303819656372,0.16647286703935113,0.1297978262528433,0.92742919921875,0.2759556189135616,0.414033736479302,0.3141975559705489,0.3763020932674408,0.20166015811264515,0.71875,0.9609375,0.0002530348428990692,0.99609375,1.0,True,0.3505389094352722,0.47829508781433105,0.09983618050875309,5
single_shape,TinyCNN,2006,random_unitnorm,0.9921875,0.8487410545349121,0.18176400283651975,0.1297978262528433,0.9441121419270834,0.2758779118509612,0.4949223305496694,0.358451278314475,0.2291666716337204,0.12548828148283064,0.9921875,0.984375,0.0006429306231439114,1.0,1.0,True,0.6118980646133423,0.45310449600219727,0.1364710522351944,10
single_shape,TinyCNN,2006,random_unitnorm,1.0,0.2722691595554352,0.22377659366896938,0.1297978262528433,0.9510701497395833,0.2687858271712932,0.4249470944280793,0.32247005203003487,0.1627604216337204,0.04882812517462298,1.0,1.0,0.0017036941135302186,1.0,1.0,True,1.1463249921798706,0.5050482749938965,0.10247704239804445,20
single_shape,TinyCNN,2006,random_unitnorm,1.0,0.05055965855717659,0.2438537179846142,0.1297978262528433,0.9549967447916666,0.2748604078676419,0.4030677837846973,0.23077116385897964,0.2252604216337204,0.03678385424427688,1.0,1.0,0.0009659361676312983,1.0,1.0,True,1.6809115409851074,0.4744269847869873,0.17229661992571768,40
single_shape,TinyCNN,2006,random_unitnorm,1.0,0.013216161169111729,0.2476186027510639,0.1297978262528433,0.95404052734375,0.2601297508296943,0.4471954684932543,0.1787437970028334,0.33203125,0.04069010465173051,1.0,1.0,0.0001976656203623861,1.0,1.0,True,2.0300073623657227,0.506441593170166,0.26845167149042093,80
single_shape,TinyCNN,2006,random_unitnorm,1.0,0.006578109692782164,0.24830788871868395,0.1297978262528433,0.9615885416666666,0.2479566782157312,0.4382572230036701,0.15819401666909183,0.3307291567325592,0.0411783853196539,1.0,1.0,8.062120468821377e-05,1.0,1.0,True,2.2033021450042725,0.47176170349121094,0.28006320633457826,120
single_shape,TinyCNN,2006,random_unitnorm,1.0,0.004065222106873989,0.24839368167968723,0.1297978262528433,0.96246337890625,0.24534739412263068,0.43286990517782997,0.1465814432593882,0.3307291567325592,0.04378255252959207,1.0,1.0,4.2392774048494175e-05,1.0,1.0,True,2.321655035018921,0.4733569622039795,0.28628846191844176,160
single_shape,TinyCNN,2006,random_unitnorm,1.0,0.0027972483076155186,0.24802187541958204,0.1297978262528433,0.9632364908854166,0.24343802062996342,0.42901217172543626,0.1386088097942537,0.3385416567325592,0.04410807235399261,1.0,1.0,2.4784983907011338e-05,1.0,1.0,True,2.4118800163269043,0.5015709400177002,0.29040336193118255,200
single_shape,TinyCNN,2006,template_init,0.375,1.3993476629257202,0.9974840214686804,1.0,0.8812052408854166,0.55215001894526,0.034199070530498976,0.05292886172181911,0.3502604067325592,0.22298177145421505,0.390625,0.89453125,0.00017680088058114052,0.99609375,0.9921875,True,0.09440529346466064,0.4831843376159668,-0.018729791191320136,1
single_shape,TinyCNN,2006,template_init,0.4140625,1.140697717666626,0.9571341747910784,1.0,0.9007568359375,0.5472357382922487,0.554503720669671,0.3147563790749728,0.4270833432674408,0.24755859933793545,0.40234375,0.89453125,0.00024037942057475448,1.0,0.99609375,True,0.3414696455001831,0.45887279510498047,0.23974734159469824,5
single_shape,TinyCNN,2006,template_init,0.99609375,0.8649562001228333,0.8817784803192482,1.0,0.9465128580729166,0.5280451249680727,0.566157761010585,0.33720616635816847,0.3294270932674408,0.09212239598855376,0.98828125,0.984375,0.0005480461986735463,1.0,1.0,True,0.6187348961830139,0.4520430564880371,0.22895159465241655,10
single_shape,TinyCNN,2006,template_init,1.0,0.3234484791755676,0.7493032562866461,1.0,0.9758504231770834,0.465219629780986,0.5546991679064397,0.3110172428436766,0.2669270932674408,0.04931640694849193,1.0,1.0,0.0014349311823025346,1.0,1.0,True,1.1624844074249268,0.4527015686035156,0.2436819250627631,20
single_shape,TinyCNN,2006,template_init,1.0,0.06423638761043549,0.6703285416496391,1.0,0.9782714843750001,0.43589155864096046,0.5071512139429117,0.23238311597684186,0.3125,0.039713541395030916,1.0,1.0,0.0006413838127627969,1.0,1.0,True,1.7667760848999023,0.45606565475463867,0.2747680979660699,40
single_shape,TinyCNN,2006,template_init,1.0,0.015934111550450325,0.6348866157805705,1.0,0.9783732096354167,0.43716337418075046,0.4733538358814685,0.18029159164236605,0.3138020932674408,0.03629557338717859,1.0,1.0,0.00016233898350037634,1.0,1.0,True,2.223750591278076,0.44787025451660156,0.29306224423910243,80
single_shape,TinyCNN,2006,template_init,1.0,0.007584248203784227,0.6227756549560894,1.0,0.9788818359375001,0.4365913264865881,0.45817097897670833,0.1581337952019252,0.3203125,0.03678385337116197,1.0,1.0,6.413691153284162e-05,1.0,1.0,True,2.456700325012207,0.5109865665435791,0.30003718377478317,120
single_shape,TinyCNN,2006,template_init,1.0,0.004555038642138243,0.6155114386434242,1.0,0.9789835611979166,0.43663399012576015,0.45049500650416363,0.14520469938892872,0.32421875,0.036458333663176745,1.0,1.0,3.2503852708032355e-05,1.0,1.0,True,2.6156935691833496,0.442279577255249,0.3052903071152349,160
single_shape,TinyCNN,2006,template_init,1.0,0.0030766876880079508,0.6102012096729015,1.0,0.9789835611979166,0.437204196243755,0.444950505092102,0.1363541067946557,0.3203125,0.03564453119179234,1.0,1.0,1.8964405171573162e-05,1.0,1.0,True,2.7374677658081055,0.4909496307373047,0.3085963982974463,200
single_shape,TinyCNN,2006,template_release,0.37890625,1.3999724388122559,0.9979234107139456,1.0,0.88153076171875,0.5519961553748229,0.03652951173877905,0.05412511111205043,0.3502604067325592,0.22379557229578495,0.3984375,0.90625,0.00017617529374547303,0.99609375,0.9921875,True,0.08229587972164154,0.4689352512359619,-0.017595599373271376,1
single_shape,TinyCNN,2006,template_release,0.4296875,1.1589401960372925,0.9730767003940501,1.0,0.9100341796875,0.5664551728561613,0.543414911088616,0.3021751245769967,0.44140625,0.24430338479578495,0.44140625,0.87890625,0.00023306826187763363,1.0,0.99609375,True,0.2468079924583435,0.4989748001098633,0.24123978651161926,5
single_shape,TinyCNN,2006,template_release,0.98046875,0.9838506579399109,0.950924260609494,1.0,0.9343465169270833,0.5521876682428032,0.6639790307733975,0.31154227733582485,0.55859375,0.09749348880723119,0.98046875,1.0,0.00041149306343868375,1.0,0.99609375,True,0.3247165083885193,0.4641385078430176,0.35243675343757264,10
single_shape,TinyCNN,2006,template_release,0.9921875,0.6188951134681702,0.9162073929883869,1.0,0.9498291015625,0.5452124025043534,0.5953636214639488,0.324005285492476,0.4075520932674408,0.06445312593132257,0.984375,0.9921875,0.0011523583671078086,1.0,0.99609375,True,0.4504326581954956,0.46956491470336914,0.27135833597147285,20
single_shape,TinyCNN,2006,template_release,1.0,0.266121506690979,0.8943834054387463,1.0,0.9572550455729167,0.5395611347920595,0.673809777639915,0.3001417121476335,0.4700520932674408,0.053710937267169356,0.99609375,0.99609375,0.00161852000746876,1.0,1.0,True,0.5344243049621582,0.4584360122680664,0.3736680654922815,40
single_shape,TinyCNN,2006,template_release,1.0,0.04608349874615669,0.8116597156876969,1.0,0.9653523763020833,0.5072129421710074,0.6223969194782981,0.22768816628967195,0.4348958432674408,0.044596353865927085,1.0,1.0,0.000786431657616049,1.0,1.0,True,0.8553357720375061,0.49117422103881836,0.3947087531886262,80
single_shape,TinyCNN,2006,template_release,1.0,0.009342078119516373,0.7032876037416164,1.0,0.97161865234375,0.47910137049512524,0.5724000489748098,0.170482688430499,0.4088541567325592,0.0402018231106922,1.0,1.0,0.00021261772781144828,1.0,1.0,True,1.4154226779937744,0.5350091457366943,0.4019173605443108,120
single_shape,TinyCNN,2006,template_release,1.0,0.004970788024365902,0.6771733437626826,1.0,0.9737141927083334,0.47332924192165354,0.5546510210640345,0.15256281984731057,0.3971354067325592,0.03938802104676142,1.0,1.0,0.00010683575237635523,1.0,1.0,True,1.6375826597213745,0.4812278747558594,0.40208820121672395,160
single_shape,TinyCNN,2006,template_release,1.0,0.003252840368077159,0.6627879404871183,1.0,0.9746500651041666,0.4707266850634783,0.5424521727324001,0.1417892666738107,0.4010416567325592,0.03792317779152654,1.0,1.0,6.536884029628709e-05,1.0,1.0,True,1.7857890129089355,0.4490783214569092,0.4006629060585894,200
single_shape,TinyCNN,2006,template_retention_1,0.37890625,1.3999724388122559,0.9979234107139456,1.0,0.88153076171875,0.5519961553748229,0.03652951173877905,0.05412511111205043,0.3502604067325592,0.22379557229578495,0.3984375,0.90625,0.00017617529374547303,0.99609375,0.9921875,True,0.08229587972164154,0.4515671730041504,-0.017595599373271376,1
single_shape,TinyCNN,2006,template_retention_1,0.4296875,1.1589401960372925,0.9730767003940501,1.0,0.9100341796875,0.5664551728561613,0.543414911088616,0.3021751245769967,0.44140625,0.24430338479578495,0.44140625,0.87890625,0.00023306826187763363,1.0,0.99609375,True,0.2468079924583435,0.4577488899230957,0.24123978651161926,5
single_shape,TinyCNN,2006,template_retention_1,0.98046875,0.9838506579399109,0.950924260609494,1.0,0.9343465169270833,0.5521876682428032,0.6639790307733975,0.31154227733582485,0.55859375,0.09749348880723119,0.98046875,1.0,0.00041149306343868375,1.0,0.99609375,True,0.3247165083885193,0.4532909393310547,0.35243675343757264,10
single_shape,TinyCNN,2006,template_retention_1,0.9921875,0.642039954662323,0.9232349605936425,1.0,0.9490966796874999,0.5527115152681555,0.5948576300887847,0.3229394945311504,0.4166666567325592,0.06494140578433871,0.984375,0.9921875,0.0011184539180248976,1.0,0.99609375,True,0.4245428442955017,0.45755934715270996,0.2719181355576343,20
single_shape,TinyCNN,2006,template_retention_1,0.99609375,0.3452737033367157,0.9219397837890937,1.0,0.9535725911458334,0.5570929731385401,0.6824946199017072,0.30806580853342136,0.5026041865348816,0.05794270895421505,0.98828125,0.9921875,0.001766855246387422,1.0,0.99609375,True,0.42997485399246216,0.46988844871520996,0.3744288113682859,40
single_shape,TinyCNN,2006,template_retention_1,0.99609375,0.18940594792366028,0.9354094504813746,1.0,0.9500732421875,0.5549193908842078,0.6795178275440468,0.28379548123464937,0.5013020634651184,0.05436197982635349,0.9921875,0.99609375,0.002052400726824999,1.0,1.0,True,0.37605491280555725,0.48731350898742676,0.3957223463093974,80
single_shape,TinyCNN,2006,template_retention_1,1.0,0.13329146802425385,0.944342983595028,1.0,0.9466756184895834,0.5505350447438887,0.6644094589121665,0.2662093877476599,0.515625,0.05143229168606922,0.99609375,0.99609375,0.0020595311652868986,1.0,1.0,True,0.34033313393592834,0.4574923515319824,0.3982000711645066,120
single_shape,TinyCNN,2006,template_retention_1,1.0,0.10491441190242767,0.9509098111609732,1.0,0.9431762695312501,0.5516121333436032,0.6979772325962885,0.2505419305850035,0.5442708134651184,0.049316406541038305,0.99609375,0.99609375,0.0020366187673062086,1.0,1.0,True,0.3134670853614807,0.4957435131072998,0.447435302011285,160
single_shape,TinyCNN,2006,template_retention_1,1.0,0.08629685640335083,0.9559499140649641,1.0,0.9398600260416667,0.5539644192901012,0.7006078810882781,0.24018364775215828,0.5703125,0.048502603924134746,1.0,1.0,0.0020044364500790834,1.0,1.0,True,0.29357069730758667,0.49524617195129395,0.4604242333361198,200
single_shape,TinyCNN,2007,random,0.296875,1.310834527015686,0.15645799954935138,0.14993869807327104,0.8760782877604166,0.305011480237888,0.4082252365414534,0.33156075929543327,0.3033854067325592,0.2514648474752903,0.30078125,0.94140625,9.197612962452695e-05,0.984375,0.99609375,True,0.08799061179161072,0.5054166316986084,0.0766644772460201,1
single_shape,TinyCNN,2007,random,0.796875,1.0704128742218018,0.2122301398798033,0.14993869807327104,0.9340209960937501,0.3274819642353233,0.547695153501266,0.38981455861462977,0.3450520932674408,0.18668619822710752,0.80859375,0.96484375,0.00022816273849457502,1.0,1.0,True,0.3530464470386505,0.4758176803588867,0.1578805948866362,5
single_shape,TinyCNN,2007,random,0.97265625,0.7118976712226868,0.24421224138222064,0.14993869807327104,0.9481608072916666,0.3450231621568708,0.5163334972536825,0.3771636452742791,0.2434895783662796,0.09895833302289248,0.96875,0.97265625,0.000703542900737375,1.0,1.0,True,0.655336856842041,0.44051122665405273,0.1391698519794034,10
single_shape,TinyCNN,2007,random,1.0,0.20569394528865814,0.26564146804293376,0.14993869807327104,0.9651896158854166,0.35448308273327367,0.4493135712906883,0.309891577769126,0.2044270783662796,0.05403645755723119,1.0,1.0,0.0013496612664312124,1.0,1.0,True,1.1822552680969238,0.46497106552124023,0.13942199352156226,20
single_shape,TinyCNN,2007,random,1.0,0.04517810419201851,0.27772813905618554,0.14993869807327104,0.9669596354166666,0.3571480816933797,0.42335035257512954,0.2321350086806093,0.2044270783662796,0.04671223880723119,1.0,1.0,0.0007885377272032201,1.0,1.0,True,1.6207398176193237,0.4879109859466553,0.19121534389452025,40
single_shape,TinyCNN,2007,random,1.0,0.013089017011225224,0.2808930472688973,0.14993869807327104,0.966552734375,0.35558308014093115,0.3485491614372622,0.1850256102768819,0.1354166716337204,0.05208333279006183,1.0,1.0,0.000250351702561602,1.0,1.0,True,1.9331457614898682,0.5246531963348389,0.1635235511603803,80
single_shape,TinyCNN,2007,random,1.0,0.006781621836125851,0.2814359897440568,0.14993869807327104,0.9667765299479167,0.3548587346283724,0.3001186769940444,0.16582976682557635,0.1223958358168602,0.053710937732830644,1.0,1.0,0.00012377036910038441,1.0,1.0,True,2.0959198474884033,0.46712422370910645,0.13428891016846803,120
single_shape,TinyCNN,2007,random,1.0,0.004379850812256336,0.2820560801543234,0.14993869807327104,0.966796875,0.35310957708785323,0.29372743948490143,0.15500801647155674,0.125,0.05550130154006183,1.0,1.0,7.68505415180698e-05,1.0,1.0,True,2.207089900970459,0.46865296363830566,0.1387194230133447,160
single_shape,TinyCNN,2007,random,1.0,0.0031554438173770905,0.2822440463653936,0.14993869807327104,0.9666341145833333,0.35123592915790736,0.30221519595810176,0.14789175156720974,0.1614583283662796,0.0572916668606922,1.0,1.0,5.059644900029525e-05,1.0,1.0,True,2.2920010089874268,0.4758915901184082,0.15432344439089202,200
single_shape,TinyCNN,2007,random_unitnorm,0.27734375,1.3065708875656128,0.1525346476510647,0.1499386982306981,0.8548787434895834,0.26547972908810824,0.20663651351232692,0.27946562704208133,0.30859375,0.2519531287252903,0.26953125,0.97265625,0.0002331089781364426,0.984375,1.0,True,0.09066596627235413,0.5143346786499023,-0.07282911352975441,1
single_shape,TinyCNN,2007,random_unitnorm,0.88671875,1.052222728729248,0.18227569028346774,0.1499386982306981,0.9169718424479166,0.2835943510479474,0.5146430373526014,0.38054716208482564,0.2903645932674408,0.15608724020421505,0.8828125,0.96484375,0.0004434635047800839,1.0,1.0,True,0.361957311630249,0.47364163398742676,0.13409587526777578,5
single_shape,TinyCNN,2007,random_unitnorm,0.9609375,0.701348066329956,0.2282877028871449,0.1499386982306981,0.944091796875,0.32459541622163646,0.5122821392976599,0.3737955414697279,0.26953125,0.09407552052289248,0.9609375,0.9921875,0.0010017228778451681,1.0,1.0,True,0.6752946376800537,0.472245454788208,0.138486597827932,10
single_shape,TinyCNN,2007,random_unitnorm,1.0,0.21860766410827637,0.25960083249192,0.1499386982306981,0.96124267578125,0.3405112470415166,0.4652820699858491,0.31705973524253095,0.2721354067325592,0.06380208279006183,0.99609375,0.99609375,0.001497232704423368,1.0,1.0,True,1.190352439880371,0.46042561531066895,0.14822233474331814,20
single_shape,TinyCNN,2007,random_unitnorm,1.0,0.04967762529850006,0.27420770869899336,0.1499386982306981,0.96942138671875,0.3503799721816443,0.465450754046997,0.24591545965188372,0.2669270932674408,0.05957031232537702,1.0,1.0,0.0010715944226831198,1.0,1.0,True,1.640082597732544,0.4891231060028076,0.21953529439511327,40
single_shape,TinyCNN,2007,random_unitnorm,1.0,0.013970917090773582,0.28034456577293376,0.1499386982306981,0.9736124674479167,0.3546187380329272,0.3774424957925556,0.20032404129214715,0.1809895783662796,0.06380208255723119,1.0,1.0,0.00042226805817335844,1.0,1.0,True,1.974364995956421,0.5222196578979492,0.17711845450040847,80
single_shape,TinyCNN,2007,random_unitnorm,1.0,0.007119521498680115,0.28207485417110506,0.1499386982306981,0.9742024739583333,0.3574585120565837,0.3535022479749129,0.18151088577866384,0.1770833283662796,0.06315104273380712,1.0,1.0,0.00024342539836652577,1.0,1.0,True,2.148284435272217,0.46301770210266113,0.17199136219624908,120
single_shape,TinyCNN,2007,random_unitnorm,1.0,0.004471608903259039,0.2822953609669273,0.1499386982306981,0.97442626953125,0.36265008401992793,0.33785830666288086,0.17076925176317603,0.1796875,0.06445312511641532,1.0,1.0,0.00018222403014078736,1.0,1.0,True,2.2662134170532227,0.4792366027832031,0.16708905489970483,160
single_shape,TinyCNN,2007,random_unitnorm,1.0,0.003145333379507065,0.2828358060199172,0.1499386982306981,0.9748128255208333,0.36413797226002526,0.32718418154980455,0.16352742284696561,0.1822916716337204,0.06575520895421505,1.0,1.0,0.0001401609624736011,1.0,1.0,True,2.3559136390686035,0.48497581481933594,0.16365675870283894,200
single_shape,TinyCNN,2007,template_init,0.25,1.4403406381607056,0.9972767465374055,1.0,0.8704020182291667,0.5619912289725484,0.38749045237005186,0.009475386457228702,0.25,0.24902343191206455,0.25,0.99609375,0.00015826115850359201,0.99609375,1.0,True,0.09448865056037903,0.502173662185669,0.3780150659128232,1
single_shape,TinyCNN,2007,template_init,0.4921875,1.1554332971572876,0.9520620008719427,1.0,0.9275716145833334,0.4648272012100399,0.47518567809455436,0.3442614844046286,0.421875,0.23225911520421505,0.4921875,0.92578125,0.0003334151697345078,1.0,1.0,True,0.36033815145492554,0.45052289962768555,0.13092419368992575,5
single_shape,TinyCNN,2007,template_init,0.9140625,0.8663522601127625,0.87227676375024,1.0,0.9617513020833334,0.41865313232495155,0.5559621341731786,0.38880790009411126,0.2786458432674408,0.11409505316987634,0.9296875,0.97265625,0.0006986058433540165,1.0,1.0,True,0.6250849962234497,0.44185900688171387,0.16715423407906738,10
single_shape,TinyCNN,2007,template_init,0.9921875,0.33918243646621704,0.7474791029422388,1.0,0.9787801106770833,0.3397959193859443,0.5038966596517114,0.3386526990593166,0.19921875,0.06787109375,0.99609375,0.9921875,0.0016335807740688324,1.0,1.0,True,1.1493815183639526,0.4420909881591797,0.16524396059239477,20
single_shape,TinyCNN,2007,template_init,0.99609375,0.08025169372558594,0.6829593973573799,1.0,0.9825236002604167,0.31907128672473123,0.4780754656638083,0.24483413359261447,0.2434895783662796,0.05501302034826949,0.99609375,0.99609375,0.001161681255325675,0.99609375,1.0,True,1.711045742034912,0.4554107189178467,0.23324133207119385,40
single_shape,TinyCNN,2007,template_init,0.99609375,0.024289928376674652,0.6551264920794533,1.0,0.9764200846354166,0.3208980643946512,0.44702357399715864,0.18967637623638922,0.2630208432674408,0.05354817814077251,0.99609375,1.0,0.0006227223784662783,0.99609375,1.0,True,2.1301722526550293,0.45456814765930176,0.2573471977607694,80
single_shape,TinyCNN,2007,template_init,1.0,0.013740912079811096,0.6426617452270943,1.0,0.9769490559895833,0.32317257301535557,0.4328587970829958,0.16819105179844218,0.2799479067325592,0.055826823198003694,0.99609375,0.99609375,0.0005097195389680564,1.0,1.0,True,2.3477518558502197,0.464616060256958,0.2646677452845536,120
single_shape,TinyCNN,2007,template_init,1.0,0.009702546522021294,0.6337541771058601,1.0,0.9769490559895834,0.3252221656762221,0.4250028446693813,0.15586288993447373,0.2864583432674408,0.05696614595944993,0.99609375,0.99609375,0.0005136881372891366,1.0,1.0,True,2.497483730316162,0.49611330032348633,0.2691399547349076,160
single_shape,TinyCNN,2007,template_init,1.0,0.0076093715615570545,0.627744025505712,1.0,0.976806640625,0.32775322170506765,0.419904633573703,0.14781200106455694,0.2903645932674408,0.057128905988065526,0.99609375,0.99609375,0.0005869485903531313,1.0,1.0,True,2.612112045288086,0.45682358741760254,0.27209263250914606,200
single_shape,TinyCNN,2007,template_release,0.25,1.4409106969833374,0.9976848504702913,1.0,0.87054443359375,0.5616175276870131,0.38860677292032886,0.011759041857487176,0.25,0.24902343191206455,0.25,0.99609375,0.00015768197772558779,0.9921875,1.0,True,0.08410102128982544,0.4708731174468994,0.3768477310628417,1
single_shape,TinyCNN,2007,template_release,0.55078125,1.169238567352295,0.9690614409292493,1.0,0.9138590494791667,0.48271504145349564,0.5174828224384893,0.34038271863117037,0.4361979067325592,0.22607422061264515,0.56640625,0.8828125,0.00029798917239531875,0.99609375,1.0,True,0.26137298345565796,0.48125791549682617,0.17710010380731894,5
single_shape,TinyCNN,2007,template_release,0.90625,0.9709803462028503,0.942542045251801,1.0,0.9445190429687499,0.47299502982327457,0.5477009004842444,0.3888641359853139,0.3463541567325592,0.12597656529396772,0.90625,0.9765625,0.00048175666597671807,1.0,1.0,True,0.353568434715271,0.465407133102417,0.15883676449893047,10
single_shape,TinyCNN,2007,template_release,0.99609375,0.597800612449646,0.9070248823184042,1.0,0.9517618815104166,0.4547384046162822,0.5629648705542751,0.38449298252393654,0.3111979067325592,0.08105468843132257,0.99609375,0.99609375,0.0012630565324798226,1.0,1.0,True,0.47692060470581055,0.50412917137146,0.1784718880303386,20
single_shape,TinyCNN,2007,template_release,1.0,0.25829800963401794,0.8913959463933818,1.0,0.9591471354166667,0.44630383076171865,0.5265841729782654,0.3368817694172864,0.3828125,0.07421875186264515,0.99609375,0.99609375,0.0015970105305314064,1.0,1.0,True,0.5348089933395386,0.4887990951538086,0.189702403560979,40
single_shape,TinyCNN,2007,template_release,1.0,0.05393340066075325,0.8243712531378745,1.0,0.9700520833333334,0.42678370878297317,0.49699950128244874,0.2465123366641495,0.3802083432674408,0.06591796886641532,0.99609375,0.99609375,0.0009915614500641823,1.0,1.0,True,0.8020823001861572,0.5584704875946045,0.25048716461829923,80
single_shape,TinyCNN,2007,template_release,1.0,0.014786433428525925,0.7362609343088184,1.0,0.97198486328125,0.41437482273025183,0.4219993299082191,0.18865844723265313,0.3255208432674408,0.06526692744228058,0.99609375,0.99609375,0.0009437596308998764,1.0,1.0,True,1.3073254823684692,0.4658052921295166,0.23334088267556596,120
single_shape,TinyCNN,2007,template_release,1.0,0.009299853816628456,0.7131490358244164,1.0,0.9727986653645834,0.40843646355343655,0.4152353666494486,0.172801458494238,0.3346354067325592,0.06689453136641532,0.99609375,0.99609375,0.0011364019010215998,1.0,1.0,True,1.51885986328125,0.4566187858581543,0.2424339081552106,160
single_shape,TinyCNN,2007,template_release,1.0,0.007015927694737911,0.6998566148344507,1.0,0.97332763671875,0.40443262004914615,0.4109899115801966,0.16353193053800874,0.3372395932674408,0.0673828114522621,0.99609375,0.99609375,0.0012823367724195123,1.0,1.0,True,1.6627304553985596,0.4769401550292969,0.24745798104218786,200
single_shape,TinyCNN,2007,template_retention_1,0.25,1.4409106969833374,0.9976848504702913,1.0,0.87054443359375,0.5616175276870131,0.38860677292032886,0.011759041857487176,0.25,0.24902343191206455,0.25,0.99609375,0.00015768197772558779,0.9921875,1.0,True,0.08410102128982544,0.4820725917816162,0.3768477310628417,1
single_shape,TinyCNN,2007,template_retention_1,0.55078125,1.169238567352295,0.9690614409292493,1.0,0.9138590494791667,0.48271504145349564,0.5174828224384893,0.34038271863117037,0.4361979067325592,0.22607422061264515,0.56640625,0.8828125,0.00029798917239531875,0.99609375,1.0,True,0.26137298345565796,0.46788644790649414,0.17710010380731894,5
single_shape,TinyCNN,2007,template_retention_1,0.90625,0.9709803462028503,0.942542045251801,1.0,0.9445190429687499,0.47299502982327457,0.5477009004842444,0.3888641359853139,0.3463541567325592,0.12597656529396772,0.90625,0.9765625,0.00048175666597671807,1.0,1.0,True,0.353568434715271,0.45692968368530273,0.15883676449893047,10
single_shape,TinyCNN,2007,template_retention_1,0.99609375,0.6209043264389038,0.9148050232787456,1.0,0.9500935872395834,0.45905145554900106,0.5648493855227381,0.38606704233563305,0.3229166567325592,0.08251953078433871,0.99609375,0.99609375,0.0012265625409781933,1.0,1.0,True,0.45130783319473267,0.4713728427886963,0.17878234318710506,20
single_shape,TinyCNN,2007,template_retention_1,1.0,0.3306907117366791,0.9186669495740469,1.0,0.9564615885416667,0.4613358612628988,0.5874856091410918,0.3524268644510575,0.34375,0.07747395965270698,0.99609375,0.99609375,0.0016892594285309315,1.0,1.0,True,0.4369923770427704,0.49965643882751465,0.23505874469003435,40
single_shape,TinyCNN,2007,template_retention_1,1.0,0.1876436471939087,0.9373091853181805,1.0,0.95660400390625,0.4741010559531953,0.597984110480398,0.32278283136769514,0.4544270932674408,0.08072916744276881,0.99609375,0.99609375,0.0016514664748683572,1.0,1.0,True,0.36935245990753174,0.48261141777038574,0.27520127911270287,80
single_shape,TinyCNN,2007,template_retention_1,1.0,0.13488450646400452,0.9480886062492893,1.0,0.9541015625,0.48339123458299765,0.5826521185660123,0.30858967785039304,0.3684895932674408,0.08170573064126074,0.99609375,0.99609375,0.0015815565129742026,1.0,1.0,True,0.3299398720264435,0.48124146461486816,0.27406244071561925,120
single_shape,TinyCNN,2007,template_retention_1,1.0,0.10680868476629257,0.9550073409921582,1.0,0.95147705078125,0.49087878458405926,0.6400253551140235,0.2999356327070687,0.4192708432674408,0.0856119787786156,0.99609375,0.99609375,0.0016183791449293494,1.0,1.0,True,0.30325841903686523,0.4806206226348877,0.3400897224069548,160
single_shape,TinyCNN,2007,template_retention_1,1.0,0.08956914395093918,0.9603972758377621,1.0,0.9497273763020833,0.49497914625401856,0.6589185696330084,0.2917230679722709,0.45703125,0.0895182306994684,0.99609375,0.99609375,0.0015366319566965103,1.0,1.0,True,0.28220993280410767,0.465087890625,0.36719550166073756,200
single_shape,TinyCNN,2008,random,0.30859375,1.3506442308425903,0.15029528896352273,0.15200643395855465,0.9334716796875,0.19932632696316932,0.30793721915451167,0.25549983151566125,0.40625,0.2887369804084301,0.31640625,0.859375,0.00010678363469196483,0.98046875,0.99609375,True,0.0847940742969513,0.47553300857543945,0.05243738763885042,1
single_shape,TinyCNN,2008,random,0.75,1.1537526845932007,0.17508053852330213,0.15200643395855465,0.9731038411458333,0.23604213483496542,0.5835553513961171,0.3687049902743145,0.3736979067325592,0.2205403633415699,0.73828125,0.94921875,0.0001988955627894029,1.0,1.0,True,0.3082162141799927,0.46398401260375977,0.2148503611218026,5
single_shape,TinyCNN,2008,random,0.984375,0.8058004975318909,0.20485560865489846,0.15200643395855465,0.9742228190104166,0.31848182391646385,0.5992177111807411,0.3810237717731761,0.3059895932674408,0.11100260401144624,0.984375,1.0,0.0005848984001204371,1.0,1.0,True,0.5677222013473511,0.4762248992919922,0.21819393940756499,10
single_shape,TinyCNN,2008,random,1.0,0.20771345496177673,0.24634751287773599,0.15200643395855465,0.98101806640625,0.34322135428934314,0.46321079695454126,0.3219051882972035,0.1927083283662796,0.06640625,1.0,1.0,0.0010742229642346501,1.0,1.0,True,1.1196376085281372,0.45050597190856934,0.14130560865733777,20
single_shape,TinyCNN,2008,random,1.0,0.03734957054257393,0.26610307344029993,0.15200643395855465,0.9794718424479167,0.35811336037945657,0.4031328345436582,0.23007203278741573,0.1953125,0.060546876629814506,1.0,1.0,0.0002833366743288934,1.0,1.0,True,1.597322940826416,0.4634542465209961,0.1730608017562425,40
single_shape,TinyCNN,2008,random,1.0,0.010815945453941822,0.2709862754219001,0.15200643395855465,0.97857666015625,0.3753802234071667,0.3618667122109147,0.1794124228685463,0.19140625,0.059570312732830644,1.0,1.0,7.385500066448003e-05,1.0,1.0,True,1.9043035507202148,0.4658486843109131,0.1824542893423684,80
single_shape,TinyCNN,2008,random,1.0,0.0057040066458284855,0.2725636707554116,0.15200643395855465,0.9778645833333334,0.38221469317462975,0.34969938805277845,0.15953900013601693,0.1966145783662796,0.05957031203433871,1.0,1.0,3.611380452639423e-05,1.0,1.0,True,2.058279275894165,0.4493749141693115,0.19016038791676151,120
single_shape,TinyCNN,2008,random,1.0,0.003685401752591133,0.2730832602620913,0.15200643395855465,0.9779866536458333,0.3872021900384344,0.34211600890996385,0.14809870658554658,0.1979166716337204,0.05957031378056854,1.0,1.0,2.2242807972361334e-05,1.0,1.0,True,2.1628639698028564,0.44240784645080566,0.19401730232441727,160
single_shape,TinyCNN,2008,random,1.0,0.002643456682562828,0.2733970078883864,0.15200643395855465,0.978271484375,0.39091179812128896,0.33717358519310836,0.14048045895948613,0.2005208283662796,0.05908203066792339,1.0,1.0,1.5547362636425532e-05,1.0,1.0,True,2.2422072887420654,0.468198299407959,0.19669312623362223,200
single_shape,TinyCNN,2008,random_unitnorm,0.171875,1.3737984895706177,0.14995932164350878,0.152006432747133,0.9039103190104167,0.3035152150950824,-0.013386698536030028,0.16404520394626954,0.3580729067325592,0.2215169258415699,0.20703125,0.8984375,0.00029556910158134997,0.96484375,0.98046875,True,0.08972661197185516,0.6753654479980469,-0.17743190248229956,1
single_shape,TinyCNN,2008,random_unitnorm,0.72265625,1.140574336051941,0.16195798767242603,0.152006432747133,0.9644368489583333,0.27540244881092035,0.6037197980255986,0.3538529553092462,0.4166666567325592,0.22867838852107525,0.734375,0.95703125,0.00046234019100666046,1.0,1.0,True,0.33676254749298096,0.48493027687072754,0.2498668427163524,5
single_shape,TinyCNN,2008,random_unitnorm,0.97265625,0.8394829034805298,0.18043951585675536,0.152006432747133,0.96661376953125,0.34062957186244897,0.5891463403564454,0.3741639356386815,0.4283854067325592,0.14127604104578495,0.96875,0.99609375,0.0009490313823334873,1.0,1.0,True,0.572240948677063,0.4646930694580078,0.21498240471776392,10
single_shape,TinyCNN,2008,random_unitnorm,1.0,0.26358839869499207,0.21460569500867333,0.152006432747133,0.9715372721354167,0.3754336274240643,0.5904845113866936,0.33376953199660786,0.3958333432674408,0.07324218715075403,1.0,1.0,0.0013176468200981617,1.0,1.0,True,1.0886602401733398,0.4689047336578369,0.2567149793900857,20
single_shape,TinyCNN,2008,random_unitnorm,1.0,0.044018492102622986,0.23355492511135637,0.152006432747133,0.97442626953125,0.38912123688452244,0.545678237865902,0.2402122638591192,0.3736979067325592,0.05436197860399261,1.0,1.0,0.00034450224484317005,1.0,1.0,True,1.6109085083007812,0.4898509979248047,0.30546597400678277,40
single_shape,TinyCNN,2008,random_unitnorm,1.0,0.01195643562823534,0.24491022166496657,0.152006432747133,0.9715576171874999,0.3914234642638553,0.4619311731297614,0.18490124780552042,0.2825520932674408,0.05452473962213844,1.0,1.0,8.193671237677336e-05,1.0,1.0,True,1.9471144676208496,0.4986991882324219,0.277029925324241,80
single_shape,TinyCNN,2008,random_unitnorm,1.0,0.006166588980704546,0.24921228709923646,0.152006432747133,0.97027587890625,0.38709919338414583,0.4488025505204901,0.16278957245329378,0.2864583432674408,0.05501302133779973,1.0,1.0,3.351294799358584e-05,1.0,1.0,True,2.114884614944458,0.5017151832580566,0.28601297806719633,120
single_shape,TinyCNN,2008,random_unitnorm,1.0,0.003929432947188616,0.2514985171356981,0.152006432747133,0.9695841471354166,0.38348225326092544,0.44078400218866587,0.15000187847638546,0.28515625,0.054524740553461015,1.0,1.0,1.7798425687942654e-05,1.0,1.0,True,2.2283096313476562,0.4972090721130371,0.2907821237122804,160
single_shape,TinyCNN,2008,random_unitnorm,1.0,0.0027904463931918144,0.2529280074626718,0.152006432747133,0.9689127604166666,0.3806116380189757,0.4353580308342141,0.14137529806452273,0.2916666567325592,0.05436197959352285,1.0,1.0,1.0944964742520824e-05,1.0,1.0,True,2.3147740364074707,0.4765286445617676,0.29398273276969134,200
single_shape,TinyCNN,2008,template_init,0.25,1.3576916456222534,0.9978991101488834,1.0,0.8902994791666666,0.5522705269317624,0.08236103863996591,0.1026134871845441,0.30078125,0.24967447482049465,0.24609375,0.98046875,0.00021719599317293614,1.0,1.0,True,0.08989807218313217,0.47881579399108887,-0.020252448544578194,1
single_shape,TinyCNN,2008,template_init,0.74609375,1.0794602632522583,0.9603109226282955,1.0,0.94482421875,0.523425623173974,0.4812789312135046,0.34914826152542366,0.3971354067325592,0.2137044258415699,0.75,0.99609375,0.0004189880273770541,1.0,1.0,True,0.33525991439819336,0.4369161128997803,0.13213066968808096,5
single_shape,TinyCNN,2008,template_init,0.9921875,0.799515426158905,0.889081966416178,1.0,0.9674886067708334,0.4774980868863907,0.5898263926860681,0.3719783320170195,0.5091145634651184,0.07926432136446238,0.98046875,0.98828125,0.000808122509624809,1.0,1.0,True,0.5686991214752197,0.44066357612609863,0.21784806066904855,10
single_shape,TinyCNN,2008,template_init,1.0,0.30799564719200134,0.7700914400924779,1.0,0.9822794596354166,0.42724314887808645,0.6327413635523245,0.33949602298692194,0.4986979067325592,0.05891927133779973,1.0,1.0,0.0014594753738492727,1.0,1.0,True,1.0583441257476807,0.42852115631103516,0.2932453405654025,20
single_shape,TinyCNN,2008,template_init,1.0,0.061414048075675964,0.6902466904333895,1.0,0.9842325846354166,0.40735472448918686,0.6042929094018583,0.24952224605368184,0.42578125,0.055989583022892475,1.0,1.0,0.000508965749759227,1.0,1.0,True,1.6375356912612915,0.4669492244720459,0.3547706633481765,40
single_shape,TinyCNN,2008,template_init,1.0,0.01653020642697811,0.6520784875914881,1.0,0.9856363932291666,0.4068677651342147,0.5696678630139345,0.1889670688366433,0.41796875,0.05647786456393078,1.0,1.0,0.00016025156946852803,1.0,1.0,True,2.0630085468292236,0.45843052864074707,0.3807007941772912,80
single_shape,TinyCNN,2008,template_init,1.0,0.00851680152118206,0.6362275786463542,1.0,0.98614501953125,0.4068444902747584,0.5517682273310369,0.16566276746790287,0.4192708432674408,0.05550130252959207,1.0,1.0,8.375146717298776e-05,1.0,1.0,True,2.277337074279785,0.4645395278930664,0.38610545986313405,120
single_shape,TinyCNN,2008,template_init,1.0,0.005483716726303101,0.6273852818010861,1.0,0.9863484700520834,0.40625292954179903,0.540291929552483,0.15260176184861485,0.4166666567325592,0.0569661456393078,1.0,1.0,4.894235098618083e-05,1.0,1.0,True,2.4193859100341797,0.45023679733276367,0.3876901677038681,160
single_shape,TinyCNN,2008,template_init,1.0,0.003935975953936577,0.6212012877008175,1.0,0.9864501953125,0.4063726198593563,0.5325892328964028,0.14398655689276899,0.4205729067325592,0.05729166674427688,1.0,1.0,3.1348532502306625e-05,1.0,1.0,True,2.526224136352539,0.4496598243713379,0.38860267600363385,200
single_shape,TinyCNN,2008,template_release,0.25,1.358184814453125,0.998184285336642,1.0,0.8904012044270834,0.5517102132510775,0.08469664855116721,0.1047236813454091,0.2981770932674408,0.24967447482049465,0.2421875,0.984375,0.00021669066336471587,1.0,0.99609375,True,0.08015815913677216,0.47173285484313965,-0.020027032794241895,1
single_shape,TinyCNN,2008,template_release,0.75,1.0887247323989868,0.9720382858437437,1.0,0.9298299153645833,0.5417947047242665,0.496072983598718,0.34576470137309195,0.4635416567325592,0.1962890625,0.75,1.0,0.00041305989725515246,1.0,1.0,True,0.25547486543655396,0.46404576301574707,0.15030828222562603,5
single_shape,TinyCNN,2008,template_release,0.98046875,0.8905661702156067,0.9482941862344124,1.0,0.9474080403645834,0.5443903705198369,0.5636902898226607,0.3685323689834257,0.58203125,0.09667968703433871,0.98046875,0.9921875,0.0006977424491196871,1.0,1.0,True,0.3330397307872772,0.4689807891845703,0.195157920839235,10
single_shape,TinyCNN,2008,template_release,1.0,0.5664587020874023,0.9240659416748992,1.0,0.961181640625,0.5427563620406329,0.6293431842679289,0.3678594378451182,0.5364583134651184,0.0745442712213844,1.0,1.0,0.0013501502107828856,1.0,1.0,True,0.43669724464416504,0.45728111267089844,0.2614837464228107,20
single_shape,TinyCNN,2008,template_release,1.0,0.24031873047351837,0.9067865443007359,1.0,0.9684041341145834,0.5354928867228355,0.6808596682579098,0.3327872841109133,0.5208333134651184,0.07470703055150807,1.0,1.0,0.0013537851627916098,1.0,1.0,True,0.5139143466949463,0.4703555107116699,0.3480723841469965,40
single_shape,TinyCNN,2008,template_release,1.0,0.04322938993573189,0.83844110496033,1.0,0.9750162760416666,0.49844600306108067,0.5165946707712874,0.2455322852080705,0.3216145932674408,0.06526692665647715,1.0,1.0,0.0002907852758653462,1.0,1.0,True,0.8012180328369141,0.5137174129486084,0.27106238556321693,80
single_shape,TinyCNN,2008,template_release,1.0,0.009926129132509232,0.7554740623725675,1.0,0.9809977213541666,0.45085451175571456,0.48160909352050985,0.18201835603818634,0.3059895932674408,0.06526692659826949,1.0,1.0,5.587313717114739e-05,1.0,1.0,True,1.2900803089141846,0.46932387351989746,0.2995907374823235,120
single_shape,TinyCNN,2008,template_release,1.0,0.005572462920099497,0.7309223658854056,1.0,0.9823201497395833,0.4403116266384963,0.46596824395369896,0.1629703325564275,0.3020833432674408,0.06526692776242271,1.0,1.0,2.514706466172356e-05,1.0,1.0,True,1.4907625913619995,0.4652690887451172,0.30299791139727145,160
single_shape,TinyCNN,2008,template_release,1.0,0.003822149708867073,0.7175539486526024,1.0,0.9828694661458333,0.4343675038157338,0.4555200887347276,0.15195346642900498,0.296875,0.06461588566889986,1.0,1.0,1.527056701888796e-05,1.0,1.0,True,1.6221661567687988,0.466780424118042,0.3035666223057226,200
single_shape,TinyCNN,2008,template_retention_1,0.25,1.358184814453125,0.998184285336642,1.0,0.8904012044270834,0.5517102132510775,0.08469664855116721,0.1047236813454091,0.2981770932674408,0.24967447482049465,0.2421875,0.984375,0.00021669066336471587,1.0,0.99609375,True,0.08015815913677216,0.4470407962799072,-0.020027032794241895,1
single_shape,TinyCNN,2008,template_retention_1,0.75,1.0887247323989868,0.9720382858437437,1.0,0.9298299153645833,0.5417947047242665,0.496072983598718,0.34576470137309195,0.4635416567325592,0.1962890625,0.75,1.0,0.00041305989725515246,1.0,1.0,True,0.25547486543655396,0.5082736015319824,0.15030828222562603,5
single_shape,TinyCNN,2008,template_retention_1,0.98046875,0.8905661702156067,0.9482941862344124,1.0,0.9474080403645834,0.5443903705198369,0.5636902898226607,0.3685323689834257,0.58203125,0.09667968703433871,0.98046875,0.9921875,0.0006977424491196871,1.0,1.0,True,0.3330397307872772,0.44464755058288574,0.195157920839235,10
single_shape,TinyCNN,2008,template_retention_1,1.0,0.5876938104629517,0.9303477163223203,1.0,0.9586995442708334,0.5463687657563748,0.6283355042817605,0.36847059771568846,0.54296875,0.07535807322710752,1.0,1.0,0.0013361165765672922,1.0,1.0,True,0.4131097197532654,0.4549565315246582,0.2598649065660721,20
single_shape,TinyCNN,2008,template_retention_1,1.0,0.31139278411865234,0.930708986014936,1.0,0.9634602864583334,0.5457570138661272,0.704782230207265,0.3443860724023806,0.53125,0.07373046944849193,1.0,1.0,0.0015358638484030962,1.0,1.0,True,0.4153721332550049,0.4610888957977295,0.36039615780488443,40
single_shape,TinyCNN,2008,template_retention_1,1.0,0.16707606613636017,0.943831081724563,1.0,0.9596354166666666,0.5413733577092985,0.7087411587548758,0.3174649034863277,0.5846354365348816,0.06738281185971573,1.0,1.0,0.0012529889354482293,1.0,1.0,True,0.3602026402950287,0.47408604621887207,0.39127625526854803,80
single_shape,TinyCNN,2008,template_retention_1,1.0,0.11750543117523193,0.9529535467407753,1.0,0.9557088216145834,0.5314208625827005,0.6994061030700126,0.301063664824881,0.5716145634651184,0.06949869805248454,1.0,1.0,0.0010771777015179396,1.0,1.0,True,0.32202214002609253,0.4476795196533203,0.3983424382451316,120
single_shape,TinyCNN,2008,template_retention_1,1.0,0.0912361592054367,0.9591812296201683,1.0,0.9534505208333334,0.5235300421724811,0.6760198255093237,0.29007575045185935,0.53515625,0.07080078136641532,1.0,1.0,0.0010172318434342742,1.0,1.0,True,0.29545027017593384,0.47463464736938477,0.38594407505746436,160
single_shape,TinyCNN,2008,template_retention_1,1.0,0.07498452067375183,0.9639066049485789,1.0,0.9501139322916666,0.516824247097803,0.6783219810418234,0.28064238426501636,0.5390625,0.07356770956539549,1.0,1.0,0.0009070145897567272,1.0,1.0,True,0.2744825482368469,0.5392966270446777,0.39767959677680703,200
single_shape,TinyCNN,2009,random,0.37890625,1.311501145362854,0.1645026673384627,0.1622195415009213,0.8939208984375,0.2531680561993526,0.5262957277602256,0.31261706476935625,0.3385416567325592,0.27294921688735485,0.3828125,0.88671875,0.00010887771350098774,0.99609375,1.0,True,0.08721783012151718,0.5033447742462158,0.21367866299086935,1
single_shape,TinyCNN,2009,random,0.64453125,1.091727375984192,0.20007480786637083,0.1622195415009213,0.9370727539062501,0.3378131387979769,0.5643223342653496,0.38787910292167704,0.40234375,0.2425130233168602,0.65234375,0.96484375,0.00023711919493507594,1.0,1.0,True,0.3162495791912079,0.579409122467041,0.17644323134367257,5
single_shape,TinyCNN,2009,random,0.98828125,0.7686622142791748,0.24632945049723917,0.1622195415009213,0.9581298828125001,0.3653392590153509,0.6091075111416857,0.38188204782379176,0.3072916567325592,0.1346028633415699,0.98046875,0.984375,0.0007612516637891531,1.0,1.0,True,0.5775519609451294,0.4716298580169678,0.22722546331789395,10
single_shape,TinyCNN,2009,random,1.0,0.2329452931880951,0.2837351954272145,0.1622195415009213,0.9732259114583334,0.3948898691613842,0.6390977094830623,0.32986349319325003,0.3958333432674408,0.10188802098855376,1.0,1.0,0.001698316540569067,1.0,1.0,True,1.0886541604995728,0.5232107639312744,0.3092342162898123,20
single_shape,TinyCNN,2009,random,1.0,0.042202409356832504,0.2967988020871152,0.1622195415009213,0.9767862955729166,0.4044467705175542,0.6092267914674767,0.25438950678340044,0.390625,0.09456380235496908,1.0,1.0,0.0005224529304541647,1.0,1.0,True,1.5588598251342773,0.4546010494232178,0.35483728468407627,40
single_shape,TinyCNN,2009,random,1.0,0.010458322241902351,0.3006793928199618,0.1622195415009213,0.9769694010416666,0.410339264928801,0.5755420802901383,0.20781484541705125,0.38671875,0.09261067646730226,1.0,1.0,0.00012081090244464576,1.0,1.0,True,1.880239486694336,0.5310323238372803,0.36772723487308706,80
single_shape,TinyCNN,2009,random,1.0,0.005090398248285055,0.30238828083416064,0.1622195415009213,0.9761555989583333,0.41108342741421117,0.47972537578333496,0.1882594835666763,0.27734375,0.0924479166715173,1.0,1.0,6.80102311889641e-05,1.0,1.0,True,2.04302978515625,0.4983689785003662,0.29146589221665864,120
single_shape,TinyCNN,2009,random,1.0,0.0031346804462373257,0.302739781140053,0.1622195415009213,0.9754638671874999,0.4112298401569817,0.462657950156544,0.17711154324918615,0.2760416567325592,0.091796875858563,1.0,1.0,4.077688208781183e-05,1.0,1.0,True,2.153528928756714,0.5417635440826416,0.28554640690735783,160
single_shape,TinyCNN,2009,random,1.0,0.002176834736019373,0.3028249836755248,0.1622195415009213,0.9752400716145834,0.4114241979792742,0.4507192140400773,0.16968928409324235,0.28125,0.09114583411428612,1.0,1.0,2.7280198992229998e-05,1.0,1.0,True,2.2374658584594727,0.49009251594543457,0.28102992994683496,200
single_shape,TinyCNN,2009,random_unitnorm,0.38671875,1.3203970193862915,0.1614179355484705,0.16221954170593494,0.9065958658854166,0.21153413639463947,0.39281045060049635,0.18199440732344027,0.4231770932674408,0.26155599392950535,0.41015625,0.7265625,0.0003160327032674104,0.984375,0.984375,True,0.08875147998332977,0.5144476890563965,0.21081604327705608,1
single_shape,TinyCNN,2009,random_unitnorm,0.71875,1.0847678184509277,0.1704905157753978,0.16221954170593494,0.9379475911458334,0.29381909086820734,0.6044020774313299,0.3690764998120838,0.3932291567325592,0.2379557304084301,0.72265625,0.92578125,0.00046846354962326586,1.0,1.0,True,0.34339362382888794,0.4917454719543457,0.2353255776192461,5
single_shape,TinyCNN,2009,random_unitnorm,0.984375,0.7693700194358826,0.19994518070803344,0.16221954170593494,0.9435628255208333,0.32994930831015445,0.6341676094925103,0.37127924256664135,0.3828125,0.13297526072710752,0.98828125,0.99609375,0.0011332063004374504,1.0,1.0,True,0.6112180352210999,0.48018932342529297,0.2628883669258689,10
single_shape,TinyCNN,2009,random_unitnorm,1.0,0.24617615342140198,0.24256915834192633,0.16221954170593494,0.965576171875,0.3674777222081774,0.6517314820872165,0.32646972644405947,0.4348958432674408,0.09944661427289248,1.0,1.0,0.002051770454272628,1.0,1.0,True,1.1081222295761108,0.49380016326904297,0.32526175564315707,20
single_shape,TinyCNN,2009,random_unitnorm,1.0,0.045182302594184875,0.2651067832889889,0.16221954170593494,0.9745279947916667,0.3939849691630075,0.6280708310857491,0.2503755562910161,0.4700520932674408,0.09033203055150807,1.0,1.0,0.0006708767032250762,1.0,1.0,True,1.5828893184661865,0.4829394817352295,0.377695274794733,40
single_shape,TinyCNN,2009,random_unitnorm,1.0,0.011122584342956543,0.27287429664197926,0.16221954170593494,0.9753214518229167,0.4044919906957613,0.536752384554832,0.20143102937117272,0.3802083432674408,0.08317057089880109,1.0,1.0,0.00015087175415828824,1.0,1.0,True,1.9078950881958008,0.4974491596221924,0.33532135518365924,80
single_shape,TinyCNN,2009,random_unitnorm,1.0,0.005374003201723099,0.2757360015293405,0.16221954170593494,0.9751993815104166,0.40918454397740534,0.5182985009963916,0.18034701811040832,0.37890625,0.08024088584352285,1.0,1.0,6.992663111304864e-05,1.0,1.0,True,2.0730812549591064,0.5476663112640381,0.3379514828859833,120
single_shape,TinyCNN,2009,random_unitnorm,1.0,0.0033198539167642593,0.27664568910288057,0.16221954170593494,0.97833251953125,0.4113087540088123,0.5059013239791794,0.16825996936369753,0.3828125,0.07893880095798522,1.0,1.0,4.008225732832216e-05,1.0,1.0,True,2.183300495147705,0.5284647941589355,0.3376413546154819,160
single_shape,TinyCNN,2009,random_unitnorm,1.0,0.0023042457178235054,0.277488196835352,0.16221954170593494,0.9783325195312501,0.4118565746605087,0.4972277144604659,0.160024755047951,0.37890625,0.07910156407160684,1.0,1.0,2.63427609752398e-05,1.0,1.0,True,2.267754554748535,0.5170342922210693,0.3372029594125149,200
single_shape,TinyCNN,2009,template_init,0.43359375,1.3323426246643066,0.9969574625864036,1.0,0.85198974609375,0.6046819066027486,0.22043556221510974,0.22341504737112955,0.2083333283662796,0.30159505270421505,0.42578125,0.89453125,0.00025516172172501683,1.0,1.0,True,0.08886471390724182,0.4628748893737793,-0.002979485156019812,1
single_shape,TinyCNN,2009,template_init,0.88671875,1.0397318601608276,0.9422421065351229,1.0,0.9308268229166666,0.5669318123724709,0.5913989624029529,0.39161602831015097,0.5377604365348816,0.22526041604578495,0.8984375,0.953125,0.00044277432607486844,1.0,1.0,True,0.36791837215423584,0.47849321365356445,0.1997829340928019,5
single_shape,TinyCNN,2009,template_init,1.0,0.7090094685554504,0.8380136510283659,1.0,0.9715576171874999,0.5007029362432716,0.5534927654836065,0.3906111096466476,0.3359375,0.11311848973855376,0.99609375,0.99609375,0.0010400050086900592,1.0,0.99609375,True,0.6713725328445435,0.43913793563842773,0.1628816558369589,10
single_shape,TinyCNN,2009,template_init,1.0,0.242674320936203,0.7237858674814427,1.0,0.9817708333333334,0.43562069074538046,0.5389920430128414,0.3312571384992056,0.31640625,0.09163411473855376,0.99609375,0.99609375,0.0021433390211313963,1.0,1.0,True,1.1594139337539673,0.4558889865875244,0.20773490451363585,20
single_shape,TinyCNN,2009,template_init,1.0,0.05360782518982887,0.6625340788801479,1.0,0.9807942708333334,0.4179616595094165,0.58531614861199,0.2473222023769493,0.4388020932674408,0.07958984375,1.0,1.0,0.0009083501645363867,1.0,1.0,True,1.6562223434448242,0.4557774066925049,0.3379939462350407,40
single_shape,TinyCNN,2009,template_init,1.0,0.014299672096967697,0.6294905794141964,1.0,0.9809977213541667,0.40403026164478,0.5610959780278282,0.19370894177717105,0.4401041567325592,0.0751953114522621,1.0,1.0,0.0002487607707735151,1.0,1.0,True,2.038024425506592,0.46509385108947754,0.36738703625065716,80
single_shape,TinyCNN,2009,template_init,1.0,0.00706301536411047,0.6150624695436364,1.0,0.9820149739583334,0.4021704609031681,0.5463246555913017,0.17126024214279295,0.4361979067325592,0.0732421885477379,1.0,1.0,0.00015772221377119422,1.0,1.0,True,2.2414984703063965,0.47106051445007324,0.37506441344850877,120
single_shape,TinyCNN,2009,template_init,1.0,0.004471990279853344,0.607717105989046,1.0,0.98223876953125,0.4020096083964027,0.5362341356054912,0.15862854403130988,0.4296875,0.0730794285191223,1.0,1.0,8.591329242335632e-05,1.0,1.0,True,2.3749775886535645,0.5109727382659912,0.3776055915741813,160
single_shape,TinyCNN,2009,template_init,1.0,0.0031755464151501656,0.6023456726721257,1.0,0.9821980794270833,0.4024220754057422,0.5288525579577803,0.15013205795802056,0.4244791567325592,0.07145182270323858,1.0,1.0,4.777379217557609e-05,1.0,0.99609375,True,2.477677345275879,0.49007701873779297,0.37872049999975976,200
single_shape,TinyCNN,2009,template_release,0.421875,1.332926869392395,0.997392485769877,1.0,0.85205078125,0.6063820745205395,0.22066051703041123,0.2232653041750437,0.2044270783662796,0.30094400607049465,0.4296875,0.88671875,0.00025443508639000356,1.0,1.0,True,0.0790022611618042,0.46195197105407715,-0.00260478714463247,1
single_shape,TinyCNN,2009,template_release,0.8515625,1.0626190900802612,0.9640608092546834,1.0,0.91546630859375,0.5740135153713121,0.555334173799399,0.39040250026777445,0.4934895932674408,0.2373046875,0.859375,0.94921875,0.0004127572465222329,1.0,1.0,True,0.2773694396018982,0.4614584445953369,0.16493167353162452,5
single_shape,TinyCNN,2009,template_release,0.9921875,0.8331708908081055,0.93355348131987,1.0,0.9396769205729166,0.5197334825319323,0.5195463282809039,0.392385916902515,0.4296875,0.14160156343132257,0.984375,0.984375,0.0008252749685198069,1.0,1.0,True,0.3880571126937866,0.4822685718536377,0.12716041137838885,10
single_shape,TinyCNN,2009,template_release,1.0,0.49491870403289795,0.9026992129539001,1.0,0.9491780598958333,0.47650083277884175,0.5673484274389331,0.37389011093313007,0.40234375,0.10644531226716936,0.99609375,0.99609375,0.0018700538203120232,1.0,1.0,True,0.4905732274055481,0.4476892948150635,0.19345831650580303,20
single_shape,TinyCNN,2009,template_release,1.0,0.22426077723503113,0.8880012479575636,1.0,0.9610392252604166,0.44863011428213656,0.6151578198562736,0.3303747463196575,0.4075520932674408,0.08463541808305308,0.99609375,0.99609375,0.0022924437653273344,1.0,1.0,True,0.5346434116363525,0.47588109970092773,0.2847830735366161,40
single_shape,TinyCNN,2009,template_release,1.0,0.04260377213358879,0.8186231038468172,1.0,0.9715576171874999,0.40574989040665177,0.557574260254914,0.2476874974991677,0.4192708432674408,0.08675130100164097,0.99609375,0.99609375,0.0013702018186450005,1.0,1.0,True,0.7912923693656921,0.46611809730529785,0.3098867627557462,80
single_shape,TinyCNN,2009,template_release,1.0,0.009480726905167103,0.7251971538739657,1.0,0.9745279947916666,0.37442406377105286,0.550449063077082,0.19141138116560602,0.4427083432674408,0.08251953159924597,1.0,1.0,0.0006525685312226415,1.0,1.0,True,1.2760207653045654,0.45221567153930664,0.35903768191147595,120
single_shape,TinyCNN,2009,template_release,1.0,0.005246930755674839,0.6993202270625825,1.0,0.9748942057291666,0.3747645148360214,0.5436854780255278,0.17493492074704597,0.4479166567325592,0.08300781331490725,1.0,1.0,0.0004426240629982203,1.0,1.0,True,1.476154088973999,0.45328402519226074,0.3687505572784818,160
single_shape,TinyCNN,2009,template_release,1.0,0.0035709317307919264,0.6851251619448084,1.0,0.9753214518229167,0.3754692822423979,0.539553385356514,0.16556274606425514,0.4427083432674408,0.08268229279201478,1.0,1.0,0.00029738325974904,1.0,1.0,True,1.6105471849441528,0.4992868900299072,0.37399063929225884,200
single_shape,TinyCNN,2009,template_retention_1,0.421875,1.332926869392395,0.997392485769877,1.0,0.85205078125,0.6063820745205395,0.22066051703041123,0.2232653041750437,0.2044270783662796,0.30094400607049465,0.4296875,0.88671875,0.00025443508639000356,1.0,1.0,True,0.0790022611618042,0.4653284549713135,-0.00260478714463247,1
single_shape,TinyCNN,2009,template_retention_1,0.8515625,1.0626190900802612,0.9640608092546834,1.0,0.91546630859375,0.5740135153713121,0.555334173799399,0.39040250026777445,0.4934895932674408,0.2373046875,0.859375,0.94921875,0.0004127572465222329,1.0,1.0,True,0.2773694396018982,0.46150755882263184,0.16493167353162452,5
single_shape,TinyCNN,2009,template_retention_1,0.9921875,0.8331708908081055,0.93355348131987,1.0,0.9396769205729166,0.5197334825319323,0.5195463282809039,0.392385916902515,0.4296875,0.14160156343132257,0.984375,0.984375,0.0008252749685198069,1.0,1.0,True,0.3880571126937866,0.46017932891845703,0.12716041137838885,10
single_shape,TinyCNN,2009,template_retention_1,1.0,0.5181761980056763,0.9104560005553941,1.0,0.9451090494791666,0.4816456490365477,0.5670073041572581,0.3757793710529034,0.4075520932674408,0.10921224090270698,0.99609375,0.99609375,0.001833133166655898,1.0,1.0,True,0.4643349051475525,0.49506354331970215,0.1912279331043547,20
single_shape,TinyCNN,2009,template_retention_1,1.0,0.2922881245613098,0.9152189163285803,1.0,0.9514363606770833,0.4746750818770631,0.613772777740127,0.34471226774632674,0.4088541567325592,0.08430989661428612,0.99609375,0.99609375,0.002512590494006872,1.0,1.0,True,0.44013309478759766,0.49294352531433105,0.2690605099938002,40
single_shape,TinyCNN,2009,template_retention_1,1.0,0.16708935797214508,0.9340704285028162,1.0,0.9455159505208333,0.49735572317292076,0.5835474255571242,0.3155995983293071,0.40234375,0.0914713554084301,1.0,1.0,0.002459960989654064,1.0,1.0,True,0.3740341067314148,0.5047917366027832,0.2679478272278171,80
single_shape,TinyCNN,2009,template_retention_1,1.0,0.1205010935664177,0.9443469224866825,1.0,0.9383138020833334,0.510988234567751,0.6209909025276963,0.2986959112405566,0.4453125,0.09537760482635349,1.0,1.0,0.0022673383355140686,1.0,1.0,True,0.33597248792648315,0.5167210102081299,0.3222949912871397,120
single_shape,TinyCNN,2009,template_retention_1,1.0,0.09512244910001755,0.9513257270315671,1.0,0.9328816731770834,0.5231075581945687,0.6002464493646884,0.2891171467783573,0.43359375,0.10205078245780896,1.0,1.0,0.002034565433859825,1.0,1.0,True,0.3091925084590912,0.524071216583252,0.3111293025863311,160
single_shape,TinyCNN,2009,template_retention_1,1.0,0.07884898781776428,0.9563517926527081,1.0,0.9284261067708333,0.5331216862483963,0.5848342044300568,0.2848578736075602,0.4375,0.1165364591870457,1.0,1.0,0.0019700308330357075,1.0,1.0,True,0.28890112042427063,0.5136668682098389,0.29997633082249664,200
single_shape,TwoLayerCNN,2000,random,0.25,1.3305474519729614,0.12728215261801729,0.1264557816590009,0.8162841796875,0.2263835097143566,0.4626191590266884,0.3735285199088565,0.25390625,0.2511393241584301,0.25,1.0,1.9294873709441163e-05,0.98046875,0.9921875,True,0.08090702444314957,1.2215726375579834,0.08909063911783188,1
single_shape,TwoLayerCNN,2000,random,0.7890625,0.9632887244224548,0.1580281866610501,0.1264557816590009,0.8357340494791666,0.29954042551578325,0.3976398097744296,0.36304028500759755,0.1497395783662796,0.1228841133415699,0.78515625,0.984375,0.00026119552785530686,1.0,1.0,True,0.3277661204338074,0.9584712982177734,0.034599524766832035,5
single_shape,TwoLayerCNN,2000,random,0.9921875,0.21688209474086761,0.2002201788033778,0.1264557816590009,0.82452392578125,0.32027241774045245,0.33539821519628754,0.3264687792239638,0.0755208358168602,0.03124999994179234,0.99609375,0.99609375,0.0009214497986249626,1.0,1.0,True,0.6949946880340576,1.0445406436920166,0.008929435972323763,10
single_shape,TwoLayerCNN,2000,random,1.0,0.012514756992459297,0.22817280705771922,0.1264557816590009,0.8090006510416667,0.32095498144218587,0.22497141075808658,0.19635441020845124,0.0807291641831398,0.029785156075377017,1.0,1.0,0.0003023721801582724,1.0,1.0,True,1.059169888496399,1.043623685836792,0.02861700054963534,20
single_shape,TwoLayerCNN,2000,random,1.0,0.004015527665615082,0.23383216837387544,0.1264557816590009,0.803466796875,0.31616657444260066,0.18635947205168468,0.15648845321859847,0.0690104141831398,0.02571614581393078,1.0,1.0,0.0001147733855759725,1.0,1.0,True,1.1649231910705566,0.9248390197753906,0.02987101883308621,40
single_shape,TwoLayerCNN,2000,random,1.0,0.0014812045264989138,0.2375078628660458,0.1264557816590009,0.8012898763020833,0.3124364722661793,0.1568140615467124,0.12813156044390556,0.0598958320915699,0.02278645828482695,1.0,1.0,4.00709941459354e-05,1.0,1.0,True,1.2500030994415283,0.9047820568084717,0.028682501102806846,80
single_shape,TwoLayerCNN,2000,random,1.0,0.0008203259203583002,0.23926222115493517,0.1264557816590009,0.7995198567708333,0.31151136460951123,0.16183645944554947,0.11303106421195004,0.09375,0.019368489432963543,1.0,1.0,1.9793282262980938e-05,1.0,1.0,True,1.298089623451233,0.8654770851135254,0.04880539523359943,120
single_shape,TwoLayerCNN,2000,random,1.0,0.0005332696018740535,0.2401347335509209,0.1264557816590009,0.7985636393229166,0.31064730391683365,0.15439284973858225,0.10442389795254885,0.0911458358168602,0.019368489869521,1.0,1.0,1.1761840141844004e-05,1.0,1.0,True,1.3316071033477783,0.8564832210540771,0.0499689517860334,160
single_shape,TwoLayerCNN,2000,random,1.0,0.00038031177246011794,0.24070850057968388,0.1264557816590009,0.8084920247395834,0.30997578599249176,0.14870399183339278,0.09786978368069152,0.0872395858168602,0.019368489869521,1.0,1.0,7.786524292896502e-06,1.0,1.0,True,1.357323169708252,0.9880688190460205,0.05083420815270126,200
single_shape,TwoLayerCNN,2000,random_unitnorm,0.25,1.304029107093811,0.1246687796336132,0.12645578157543808,0.8466593424479167,0.2159921862886316,0.39110682267464414,0.3829748829404007,0.2604166567325592,0.2522786445915699,0.25,0.9609375,5.801609222544357e-05,0.9921875,0.98828125,True,0.08066052943468094,1.0978293418884277,0.00813193973424342,1
single_shape,TwoLayerCNN,2000,random_unitnorm,0.94140625,0.8746326565742493,0.14322515605716157,0.12645578157543808,0.8293660481770833,0.24685297178103754,0.36370367065005116,0.3832353406619201,0.1315104216337204,0.12223307322710752,0.9296875,0.98046875,0.0007323261816054583,1.0,1.0,True,0.3299180567264557,0.978187084197998,-0.01953167001186895,5
single_shape,TwoLayerCNN,2000,random_unitnorm,0.9921875,0.1692942976951599,0.1665898820973109,0.12645578157543808,0.8357950846354166,0.2504522358141084,0.3297940655525501,0.3130859580549945,0.02994791604578495,0.020019531366415322,0.99609375,0.99609375,0.0021286229602992535,1.0,1.0,True,0.6797226667404175,0.9456186294555664,0.01670810749755558,10
single_shape,TwoLayerCNN,2000,random_unitnorm,1.0,0.01415877416729927,0.1779278560181654,0.12645578157543808,0.8344930013020834,0.24451524446679268,0.19974374504195203,0.19321706128064936,0.0481770820915699,0.02132161450572312,1.0,1.0,0.0005866852006874979,1.0,1.0,True,0.9923052787780762,0.9951119422912598,0.006526683761302665,20
single_shape,TwoLayerCNN,2000,random_unitnorm,1.0,0.005066523794084787,0.1797600968814406,0.12645578157543808,0.8348185221354166,0.24242551568483436,0.16090565922295474,0.1575600643874777,0.046875,0.020507812296273187,1.0,1.0,0.0001960125518962741,1.0,1.0,True,1.0949281454086304,0.9136736392974854,0.003345594835477056,40
single_shape,TwoLayerCNN,2000,random_unitnorm,1.0,0.0019955490715801716,0.18165942589068473,0.12645578157543808,0.8343098958333334,0.2411599624705318,0.13028055458250332,0.13054969948996975,0.0403645820915699,0.0188802084303461,1.0,1.0,5.700825204257853e-05,1.0,1.0,True,1.180957555770874,0.9626812934875488,-0.00026914490746643427,80
single_shape,TwoLayerCNN,2000,random_unitnorm,1.0,0.0011611176887527108,0.18237905242177,0.12645578157543808,0.8336181640625,0.2414795782518853,0.1138994581636873,0.116857967174789,0.0403645820915699,0.01757812494179234,1.0,1.0,2.622600004542619e-05,1.0,1.0,True,1.2295949459075928,0.9128127098083496,-0.002958509011101701,120
single_shape,TwoLayerCNN,2000,random_unitnorm,1.0,0.0007840940379537642,0.1830625698947832,0.12645578157543808,0.833251953125,0.24110166720062515,0.10465972096241316,0.10859402487119156,0.03515625,0.01774088552338071,1.0,1.0,1.4784576706006192e-05,1.0,1.0,True,1.2634329795837402,0.9528448581695557,-0.0039343039087784,160
single_shape,TwoLayerCNN,2000,random_unitnorm,1.0,0.0005774953169748187,0.18359333972717579,0.12645578157543808,0.8329264322916666,0.24042671118970427,0.09822502519941445,0.10260960193202939,0.03515625,0.01741536462213844,1.0,1.0,9.530415809422266e-06,1.0,1.0,True,1.2893316745758057,0.9272181987762451,-0.004384576732614942,200
single_shape,TwoLayerCNN,2000,template_init,0.5390625,1.28584885597229,0.9970592448763801,1.0,0.8439941406250001,0.49974336565041433,0.5170217664889283,0.31350325369696397,0.2994791567325592,0.22705078311264515,0.53515625,0.90625,4.7745692427270114e-05,0.99609375,1.0,True,0.07856094837188721,0.9833168983459473,0.2035185127919643,1
single_shape,TwoLayerCNN,2000,template_init,0.99609375,0.8156072497367859,0.9575961459232423,1.0,0.8468017578125,0.4591887746127826,0.5189889942588433,0.35910528423847654,0.0416666679084301,0.06266276026144624,0.99609375,0.9921875,0.0004789327795151621,1.0,1.0,True,0.3323664367198944,0.9722981452941895,0.15988371002036672,5
single_shape,TwoLayerCNN,2000,template_init,0.9921875,0.1908777803182602,0.8927837492115596,1.0,0.8302205403645833,0.44891667960663795,0.4146439214403812,0.29371702482598444,0.09375,0.02506510470993817,0.99609375,0.99609375,0.0018571862019598484,1.0,1.0,True,0.6757550835609436,0.8653569221496582,0.12092689661439676,10
single_shape,TwoLayerCNN,2000,template_init,1.0,0.018709415569901466,0.8392978556861624,1.0,0.8298746744791667,0.43276758581056884,0.25715361808983384,0.18217201107629094,0.0546875,0.023274739767657593,1.0,1.0,0.0007031871937215328,1.0,1.0,True,1.0007507801055908,0.8932123184204102,0.0749816070135429,20
single_shape,TwoLayerCNN,2000,template_init,1.0,0.00601394334807992,0.8215516109720951,1.0,0.8304850260416666,0.4279107629388608,0.17542164790040216,0.1425872407797755,0.01953125,0.02197265585709829,1.0,1.0,0.00022421553148888052,1.0,1.0,True,1.1285738945007324,0.95513916015625,0.03283440712062666,40
single_shape,TwoLayerCNN,2000,template_init,1.0,0.0022071017883718014,0.8083124956000285,1.0,0.8300984700520834,0.4233099609961356,0.11951757488446757,0.11421200122514168,0.02083333395421505,0.020182291525998153,1.0,1.0,7.029120752122253e-05,1.0,1.0,True,1.2290315628051758,0.8906056880950928,0.005305573659325893,80
single_shape,TwoLayerCNN,2000,template_init,1.0,0.0012624615337699652,0.8013616388797582,1.0,0.8300577799479166,0.42178108213477916,0.0992200411448051,0.09979649459847856,0.01953125,0.01920572893868666,1.0,1.0,3.842169826384634e-05,1.0,1.0,True,1.284005045890808,0.9099090099334717,-0.0005764534536734645,120
single_shape,TwoLayerCNN,2000,template_init,1.0,0.000841813045553863,0.7967047603090105,1.0,0.8298746744791667,0.4210324383228746,0.08743138888787116,0.09170191638799022,0.01822916604578495,0.018554687732830644,1.0,1.0,2.4147238946170546e-05,1.0,1.0,True,1.3219339847564697,0.8932607173919678,-0.0042705275001190535,160
single_shape,TwoLayerCNN,2000,template_init,1.0,0.0006149229593575001,0.7932372894265634,1.0,0.8297119140625,0.4199653959946989,0.07951685141485498,0.08558229808411401,0.01822916604578495,0.0182291665696539,1.0,1.0,1.6879050235729665e-05,1.0,1.0,True,1.3507354259490967,0.843980073928833,-0.006065446669259025,200
single_shape,TwoLayerCNN,2000,template_release,0.52734375,1.285876989364624,0.9975298565482886,1.0,0.8450927734375,0.49999213473236137,0.5173050826845389,0.31399084005203454,0.2981770932674408,0.2281901054084301,0.53515625,0.91015625,4.764968252857216e-05,0.9921875,1.0,True,0.07200264930725098,0.9904623031616211,0.20331424263250436,1
single_shape,TwoLayerCNN,2000,template_release,0.99609375,0.8437371253967285,0.982042543859434,1.0,0.8541870117187501,0.478487069608793,0.4945994265105601,0.3593032051802037,0.05078125,0.05940755328629166,0.99609375,0.9921875,0.00040655091288499534,1.0,1.0,True,0.2208229899406433,0.9143633842468262,0.1352962213303564,5
single_shape,TwoLayerCNN,2000,template_release,0.9921875,0.2853533625602722,0.9745902196446129,1.0,0.83447265625,0.47894966113652987,0.4274574023440477,0.31742619986651865,0.0807291641831398,0.021647135785315186,1.0,0.9921875,0.0017644555773586035,1.0,1.0,True,0.32743197679519653,0.8919463157653809,0.11003120247752907,10
single_shape,TwoLayerCNN,2000,template_release,1.0,0.07882833480834961,0.9889139763088448,1.0,0.8376668294270834,0.48249072578685664,0.33141589904987323,0.25590243684138286,0.0885416641831398,0.01969401074165944,1.0,1.0,0.001346485922113061,1.0,1.0,True,0.2010381817817688,0.9166944026947021,0.07551346220849037,20
single_shape,TwoLayerCNN,2000,template_release,1.0,0.023981109261512756,0.9943392808291742,1.0,0.8432413736979166,0.4888968271050826,0.26019646250134054,0.20140416357238394,0.078125,0.013346353807719424,1.0,1.0,0.0006947718793526292,1.0,1.0,True,0.13530462980270386,0.8669643402099609,0.0587922989289566,40
single_shape,TwoLayerCNN,2000,template_release,1.0,0.004343228880316019,0.988299433400035,1.0,0.8386230468750001,0.48489243875780175,0.18328348623624668,0.13815529633475776,0.0625,0.01236979165696539,1.0,1.0,0.00020401472283992916,1.0,1.0,True,0.1984875500202179,0.8851521015167236,0.045128189901488924,80
single_shape,TwoLayerCNN,2000,template_release,1.0,0.001302272197790444,0.9644198637728246,1.0,0.8227945963541666,0.46821485510487504,0.15600260499003749,0.09634992397062105,0.0794270858168602,0.011881510479724966,1.0,1.0,5.15475585416425e-05,1.0,1.0,True,0.37452250719070435,0.8450651168823242,0.05965268101941644,120
single_shape,TwoLayerCNN,2000,template_release,1.0,0.0008218829752877355,0.9543787054687751,1.0,0.8158772786458333,0.46302694441735337,0.11663888708364079,0.08545791791388074,0.03515625,0.012369791613309644,1.0,1.0,2.822621536324732e-05,1.0,1.0,True,0.4406433701515198,0.9972524642944336,0.031180969169760042,160
single_shape,TwoLayerCNN,2000,template_release,1.0,0.0006019906140863895,0.9477108730453747,1.0,0.8162027994791667,0.45712997884367035,0.10978075258894826,0.07898820539145035,0.0377604179084301,0.01269531219440978,1.0,1.0,1.8725320842349902e-05,1.0,1.0,True,0.4842645525932312,0.9251265525817871,0.03079254719749791,200
single_shape,TwoLayerCNN,2000,template_retention_1,0.52734375,1.285876989364624,0.9975298565482886,1.0,0.8450927734375,0.49999213473236137,0.5173050826845389,0.31399084005203454,0.2981770932674408,0.2281901054084301,0.53515625,0.91015625,4.764968252857216e-05,0.9921875,1.0,True,0.07200264930725098,0.9923803806304932,0.20331424263250436,1
single_shape,TwoLayerCNN,2000,template_retention_1,0.99609375,0.8437371253967285,0.982042543859434,1.0,0.8541870117187501,0.478487069608793,0.4945994265105601,0.3593032051802037,0.05078125,0.05940755328629166,0.99609375,0.9921875,0.00040655091288499534,1.0,1.0,True,0.2208229899406433,0.9111828804016113,0.1352962213303564,5
single_shape,TwoLayerCNN,2000,template_retention_1,0.9921875,0.2853533625602722,0.9745902196446129,1.0,0.83447265625,0.47894966113652987,0.4274574023440477,0.31742619986651865,0.0807291641831398,0.021647135785315186,1.0,0.9921875,0.0017644555773586035,1.0,1.0,True,0.32743197679519653,0.8833894729614258,0.11003120247752907,10
single_shape,TwoLayerCNN,2000,template_retention_1,1.0,0.08341299742460251,0.9903808379771151,1.0,0.8395792643229166,0.4863628869356978,0.3345654126754972,0.2586137050134319,0.0885416641831398,0.019531250014551915,1.0,1.0,0.0013779023429378867,1.0,1.0,True,0.18568789958953857,0.8660376071929932,0.07595170766206533,20
single_shape,TwoLayerCNN,2000,template_retention_1,1.0,0.02754579856991768,0.9968869338976895,1.0,0.8447062174479166,0.49083460053574646,0.2661874432555116,0.20812320558116099,0.0716145858168602,0.011881510232342407,1.0,1.0,0.0007961094961501658,1.0,1.0,True,0.09872943162918091,0.8040621280670166,0.058064237674350594,40
single_shape,TwoLayerCNN,2000,template_retention_1,1.0,0.009915797039866447,0.9993088945748063,1.0,0.849853515625,0.49378407819600684,0.21495851402906108,0.1773080062313901,0.0494791679084301,0.014485676947515458,1.0,1.0,0.000393651076592505,1.0,1.0,True,0.0457533597946167,0.866387128829956,0.037650507797670985,80
single_shape,TwoLayerCNN,2000,template_retention_1,1.0,0.004990657791495323,0.9997550176214014,1.0,0.8528849283854167,0.4939259251611432,0.1912867403758326,0.16435732853820456,0.0442708320915699,0.021321614913176745,1.0,1.0,0.00017897716315928847,1.0,1.0,True,0.02686656080186367,0.843858003616333,0.026929411837628037,120
single_shape,TwoLayerCNN,2000,template_retention_1,1.0,0.0031640101224184036,0.9998920388134647,1.0,0.8536783854166666,0.49514223797333234,0.17676913039987474,0.15751487292767388,0.0390625,0.02913411456393078,1.0,1.0,0.00011807883129222319,1.0,1.0,True,0.017552176490426064,0.9266064167022705,0.01925425747220086,160
single_shape,TwoLayerCNN,2000,template_retention_1,1.0,0.0021998523734509945,0.9999440463251177,1.0,0.8535970052083334,0.4944803457751953,0.16423182344118825,0.15314409419100178,0.0338541679084301,0.03466796886641532,1.0,1.0,9.994259744416922e-05,1.0,1.0,True,0.012185251340270042,0.8359298706054688,0.011087729250186473,200
single_shape,TwoLayerCNN,2001,random,0.26171875,1.3401851654052734,0.1268910820435315,0.1252327734113028,0.8546142578125,0.24445329357841172,0.44448062282282397,0.47054170281965924,0.25,0.25,0.265625,0.98046875,1.9245278963353485e-05,1.0,0.99609375,True,0.07863199710845947,0.935654878616333,-0.026061079996835268,1
single_shape,TwoLayerCNN,2001,random,0.9375,0.9224318265914917,0.15597251018156852,0.1252327734113028,0.8536580403645833,0.2936491679144621,0.3875302666489836,0.4186953052956748,0.1380208283662796,0.12207031156867743,0.9375,1.0,0.0004005366354249418,1.0,1.0,True,0.3182399570941925,0.9316830635070801,-0.03116503864669118,5
single_shape,TwoLayerCNN,2001,random,1.0,0.14458808302879333,0.19132374466259394,0.1252327734113028,0.8471883138020834,0.3276928145092956,0.28402909423844325,0.32834899034270293,0.0572916679084301,0.05159505270421505,1.0,1.0,0.0013364204205572605,1.0,1.0,True,0.6954842805862427,0.8992197513580322,-0.04431989610425968,10
single_shape,TwoLayerCNN,2001,random,1.0,0.007964403368532658,0.20928520402102122,0.1252327734113028,0.8533528645833334,0.32398298596904246,0.19154805095469263,0.17823923177404788,0.0716145858168602,0.03125000069849193,1.0,1.0,8.704663923708722e-05,1.0,1.0,True,0.9918683767318726,0.8747644424438477,0.013308819180644749,20
single_shape,TwoLayerCNN,2001,random,1.0,0.0025921741034835577,0.21280415563836574,0.1252327734113028,0.85235595703125,0.3267271218898037,0.15677036765813157,0.1375815920964888,0.0677083358168602,0.022949218633584678,1.0,1.0,2.5045015718205832e-05,1.0,1.0,True,1.0712885856628418,0.9122235774993896,0.01918877556164278,40
single_shape,TwoLayerCNN,2001,random,1.0,0.000908443471416831,0.2167416830319086,0.1252327734113028,0.8494873046875,0.3281908538323684,0.1461163580946433,0.10879501964316086,0.06640625,0.01953125,1.0,1.0,6.107835361035541e-06,1.0,1.0,True,1.1403199434280396,0.9354321956634521,0.03732133845148243,80
single_shape,TwoLayerCNN,2001,random,1.0,0.0004940891521982849,0.21894534913568686,0.1252327734113028,0.8475341796875,0.32876573734557935,0.13445754971852808,0.09512336507024025,0.0611979179084301,0.017415364389307797,1.0,1.0,2.866142040147679e-06,1.0,1.0,True,1.180340051651001,1.0246999263763428,0.039334184648287834,120
single_shape,TwoLayerCNN,2001,random,1.0,0.0003188257687725127,0.22025180225095653,0.1252327734113028,0.84710693359375,0.3291681917534571,0.127029586069912,0.08660105121844364,0.0598958320915699,0.01595052075572312,1.0,1.0,1.5815430742804892e-06,1.0,1.0,True,1.2085728645324707,1.0249583721160889,0.040428534851468356,160
single_shape,TwoLayerCNN,2001,random,1.0,0.00022777848062105477,0.22117996579358537,0.1252327734113028,0.8467407226562499,0.32883442176193184,0.12204297312986567,0.08060638712396523,0.05859375,0.014811198023380712,1.0,1.0,1.0052734751297976e-06,1.0,1.0,True,1.2304538488388062,0.9596993923187256,0.041436586005900444,200
single_shape,TwoLayerCNN,2001,random_unitnorm,0.44140625,1.316578984260559,0.12910657266550518,0.12523277278574946,0.8242594401041666,0.27103320268978864,0.46546533805531864,0.40390917827606226,0.2565104067325592,0.2470703125,0.44921875,0.89453125,6.625312380492687e-05,0.99609375,0.984375,True,0.08127611875534058,0.9307215213775635,0.06155615977925638,1
single_shape,TwoLayerCNN,2001,random_unitnorm,0.98046875,0.8154761791229248,0.14999142151443895,0.12523277278574946,0.8358154296875,0.33677101320848946,0.4403126223902055,0.3989597710841091,0.1223958358168602,0.07812499976716936,0.97265625,0.9921875,0.0006664154934696853,1.0,1.0,True,0.34606510400772095,0.9134361743927002,0.041352851306096394,5
single_shape,TwoLayerCNN,2001,random_unitnorm,1.0,0.11113689094781876,0.18179792963977864,0.12523277278574946,0.8386637369791666,0.34370818082915966,0.35172172007829217,0.3042849507605081,0.0703125,0.0237630209303461,1.0,1.0,0.0011510454351082444,1.0,1.0,True,0.7127047777175903,0.9065389633178711,0.04743676931778407,10
single_shape,TwoLayerCNN,2001,random_unitnorm,1.0,0.008681238628923893,0.1916420832882164,0.12523277278574946,0.8312784830729167,0.3397035534513594,0.2175322564073886,0.16341406362780378,0.0520833320915699,0.01464843722351361,1.0,1.0,8.427435386693105e-05,1.0,1.0,True,0.9796715378761292,1.0109219551086426,0.05411819277958482,20
single_shape,TwoLayerCNN,2001,random_unitnorm,1.0,0.003023819997906685,0.1927628279674346,0.12523277278574946,0.8289388020833334,0.33730703612567164,0.17780297544282386,0.12356090269411192,0.046875,0.012695312616415322,1.0,1.0,2.855894126696512e-05,1.0,1.0,True,1.0653624534606934,0.9011492729187012,0.05424207274871194,40
single_shape,TwoLayerCNN,2001,random_unitnorm,1.0,0.0011255356948822737,0.19409979206316844,0.12523277278574946,0.8265380859374999,0.3353315650367748,0.1423732753073358,0.09472765281582664,0.0390625,0.009765625116415322,1.0,1.0,1.119447551900521e-05,1.0,1.0,True,1.1429755687713623,0.9332187175750732,0.04764562249150915,80
single_shape,TwoLayerCNN,2001,random_unitnorm,1.0,0.0006427892949432135,0.1949819635626508,0.12523277278574946,0.8255615234375,0.33505051466943747,0.10731695938983488,0.08080859866080584,0.02473958395421505,0.00927734375,1.0,1.0,6.9692719080194365e-06,1.0,1.0,True,1.1876587867736816,0.8979101181030273,0.02650836072902904,120
single_shape,TwoLayerCNN,2001,random_unitnorm,1.0,0.00043701037066057324,0.19556477345782292,0.12523277278574946,0.8247884114583334,0.3340697031457275,0.09695237213207286,0.07212954865051219,0.01822916604578495,0.008138020668411627,1.0,1.0,4.840121164306765e-06,1.0,1.0,True,1.2190006971359253,0.9218671321868896,0.024822823481560674,160
single_shape,TwoLayerCNN,2001,random_unitnorm,1.0,0.00033087501651607454,0.19604057047999623,0.12523277278574946,0.82427978515625,0.3334475588005491,0.09053129363395462,0.06584304598550514,0.01822916604578495,0.007324218851863407,1.0,1.0,3.820538495347137e-06,1.0,1.0,True,1.2431187629699707,0.9110891819000244,0.024688247648449485,200
single_shape,TwoLayerCNN,2001,template_init,0.58984375,1.2525634765625,0.9968833060465865,1.0,0.8563944498697917,0.5417564522994263,0.31608554320374616,0.3213468341061217,0.140625,0.21972656156867743,0.6171875,0.93359375,0.00011779124906752259,0.99609375,0.99609375,True,0.08269079029560089,0.8692734241485596,-0.005261290902375537,1
single_shape,TwoLayerCNN,2001,template_init,0.99609375,0.7446776032447815,0.9536824860549173,1.0,0.8128255208333333,0.5326410823376194,0.3335449526918659,0.37025327014267573,0.015625,0.049316406482830644,0.99609375,0.9921875,0.0010934900492429733,0.99609375,1.0,True,0.3555833697319031,0.8707201480865479,-0.036708317450809824,5
single_shape,TwoLayerCNN,2001,template_init,0.99609375,0.157274529337883,0.8798900448948435,1.0,0.8198038736979166,0.5106543933971693,0.2792842255910484,0.2993963048441489,0.0026041667442768812,0.016113281235448085,1.0,0.99609375,0.002582469955086708,0.99609375,1.0,True,0.717534065246582,0.9565718173980713,-0.020112079253100545,10
single_shape,TwoLayerCNN,2001,template_init,0.99609375,0.016237342730164528,0.8254852474036181,1.0,0.8166910807291666,0.4818532757521722,0.16591056869389542,0.16233325879832267,0.0052083334885537624,0.009765624810825102,1.0,0.99609375,0.00232200650498271,1.0,0.99609375,True,1.0341516733169556,1.0161337852478027,0.0035773098955727556,20
single_shape,TwoLayerCNN,2001,template_init,1.0,0.006926235742866993,0.8080579610925993,1.0,0.80908203125,0.47437715674726855,0.11933133259876416,0.10917995052934092,0.0065104165114462376,0.0048828125291038305,1.0,1.0,0.0019472113344818354,1.0,0.99609375,True,1.1513203382492065,1.0401506423950195,0.010151382069423245,40
single_shape,TwoLayerCNN,2001,template_init,1.0,0.004051280673593283,0.795101053647765,1.0,0.8128662109375,0.46894465804858754,0.08549787326408342,0.07614525153302348,0.0078125,0.0030924479506211355,1.0,1.0,0.0015784171409904957,1.0,0.99609375,True,1.2457587718963623,0.8937373161315918,0.00935262173105994,80
single_shape,TwoLayerCNN,2001,template_init,1.0,0.0032349294051527977,0.7882422873923376,1.0,0.8142293294270833,0.4661002347479142,0.07606419110720497,0.06137859314647191,0.0078125,0.0024414062354480848,1.0,1.0,0.0013961715158075094,1.0,0.99609375,True,1.2985177040100098,0.9402472972869873,0.014685597960733057,120
single_shape,TwoLayerCNN,2001,template_init,1.0,0.002810401376336813,0.783727079907339,1.0,0.8150736490885417,0.4636488439916624,0.06827415443604179,0.05277278066159956,0.0078125,0.0017903646366903558,1.0,1.0,0.0012472749222069979,1.0,0.99609375,True,1.3350634574890137,1.014357566833496,0.015501373774442231,160
single_shape,TwoLayerCNN,2001,template_init,1.0,0.0025541032664477825,0.7803302555973686,1.0,0.81573486328125,0.4619975380001259,0.06319460013803113,0.0469395711298716,0.0078125,0.0017903646366903558,1.0,1.0,0.0011410547886043787,1.0,0.99609375,True,1.3631765842437744,1.0074732303619385,0.016255029008159533,200
single_shape,TwoLayerCNN,2001,template_release,0.59765625,1.252623200416565,0.9972998534783346,1.0,0.8564453125,0.5406478331503823,0.3149305974222062,0.32187404506846784,0.1432291716337204,0.21940104104578495,0.62109375,0.9375,0.00011681157775456086,0.99609375,0.99609375,True,0.07697254419326782,0.9330177307128906,-0.006943447646261647,1
single_shape,TwoLayerCNN,2001,template_release,0.99609375,0.7862270474433899,0.9780929927580618,1.0,0.8424886067708333,0.5260447256234845,0.334086723344448,0.37125755072323624,0.0078125,0.054850260727107525,0.99609375,0.9921875,0.0009361139964312315,0.99609375,1.0,True,0.24817760288715363,0.8721511363983154,-0.03717082737878824,5
single_shape,TwoLayerCNN,2001,template_release,0.99609375,0.26749396324157715,0.9703313947557874,1.0,0.83905029296875,0.522413723061672,0.34758093669164103,0.33701487985910894,0.0364583320915699,0.030924478400265798,1.0,0.99609375,0.0025705513544380665,0.99609375,1.0,True,0.3501766324043274,0.9137165546417236,0.01056605683253209,10
single_shape,TwoLayerCNN,2001,template_release,0.99609375,0.08182688057422638,0.9849227681200945,1.0,0.8648274739583334,0.5175199500184035,0.24523774953018151,0.2708185099013777,0.010416666977107525,0.034179686845163815,1.0,0.99609375,0.003223047126084566,0.99609375,0.99609375,True,0.22638899087905884,0.9197554588317871,-0.025580760371196165,20
single_shape,TwoLayerCNN,2001,template_release,0.99609375,0.030933352187275887,0.9920709473838374,1.0,0.8696085611979166,0.5127571409002432,0.1878361941009079,0.208967478718694,0.009114583022892475,0.027018229477107525,1.0,0.99609375,0.003875352907925844,0.99609375,0.99609375,True,0.15693610906600952,0.8852145671844482,-0.0211312846177861,40
single_shape,TwoLayerCNN,2001,template_release,0.99609375,0.012169567868113518,0.9842710185669674,1.0,0.8643391927083334,0.49549699865276375,0.11039635166981154,0.12565743102766597,0.0026041667442768812,0.017903645712067373,1.0,0.99609375,0.005096204578876495,0.99609375,1.0,True,0.2257627248764038,0.960193395614624,-0.015261079357854423,80
single_shape,TwoLayerCNN,2001,template_release,0.99609375,0.007598937023431063,0.9534618373091652,1.0,0.84820556640625,0.46674619815060403,0.06208937323600194,0.07574695572914583,0.00390625,0.009765625116415322,1.0,0.99609375,0.0046616909094154835,0.99609375,1.0,True,0.42144784331321716,0.901104211807251,-0.013657582493143888,120
single_shape,TwoLayerCNN,2001,template_release,0.99609375,0.00662657804787159,0.9420309991920478,1.0,0.8428548177083334,0.4581801462791208,0.05585956503504885,0.06427670600922654,0.00390625,0.008138020770275034,1.0,0.99609375,0.004381192848086357,0.99609375,1.0,True,0.4890950918197632,0.9726810455322266,-0.008417140974177686,160
single_shape,TwoLayerCNN,2001,template_release,0.99609375,0.006019891705363989,0.9344573711442619,1.0,0.8398030598958334,0.4533754187941687,0.05070859994934118,0.057868293821514385,0.00390625,0.007975260508828796,1.0,0.99609375,0.004132126457989216,0.99609375,1.0,True,0.5341551303863525,1.0236032009124756,-0.007159693872173203,200
single_shape,TwoLayerCNN,2001,template_retention_1,0.59765625,1.252623200416565,0.9972998534783346,1.0,0.8564453125,0.5406478331503823,0.3149305974222062,0.32187404506846784,0.1432291716337204,0.21940104104578495,0.62109375,0.9375,0.00011681157775456086,0.99609375,0.99609375,True,0.07697254419326782,1.0330381393432617,-0.006943447646261647,1
single_shape,TwoLayerCNN,2001,template_retention_1,0.99609375,0.7862270474433899,0.9780929927580618,1.0,0.8424886067708333,0.5260447256234845,0.334086723344448,0.37125755072323624,0.0078125,0.054850260727107525,0.99609375,0.9921875,0.0009361139964312315,0.99609375,1.0,True,0.24817760288715363,0.9199419021606445,-0.03717082737878824,5
single_shape,TwoLayerCNN,2001,template_retention_1,0.99609375,0.26749396324157715,0.9703313947557874,1.0,0.83905029296875,0.522413723061672,0.34758093669164103,0.33701487985910894,0.0364583320915699,0.030924478400265798,1.0,0.99609375,0.0025705513544380665,0.99609375,1.0,True,0.3501766324043274,0.8262927532196045,0.01056605683253209,10
single_shape,TwoLayerCNN,2001,template_retention_1,0.99609375,0.08698258548974991,0.9867580141149906,1.0,0.8662516276041666,0.5178397635444202,0.24949062298193125,0.2744758573695537,0.01171875,0.03434244757227134,1.0,0.99609375,0.0032471066806465387,0.99609375,0.99609375,True,0.2101934254169464,0.8962142467498779,-0.024985234387622457,20
single_shape,TwoLayerCNN,2001,template_retention_1,0.99609375,0.03651722893118858,0.995495991927511,1.0,0.8741455078125,0.5189403478212489,0.2006612898209854,0.22175630066350627,0.009114583022892475,0.03222656277648639,1.0,0.99609375,0.004159911070019007,0.99609375,0.99609375,True,0.11631493270397186,0.8600397109985352,-0.021095010842520856,40
single_shape,TwoLayerCNN,2001,template_retention_1,0.99609375,0.02208586223423481,0.9989454847219925,1.0,0.8734944661458333,0.5249837051922773,0.17780925117164958,0.18521525046370324,0.01692708395421505,0.03336588534875773,1.0,0.99609375,0.006151219364255667,0.99609375,1.0,True,0.05469954386353493,0.9198439121246338,-0.0074059992920536555,80
single_shape,TwoLayerCNN,2001,template_retention_1,0.99609375,0.019207147881388664,0.9996266237266165,1.0,0.8722941080729166,0.529479868463866,0.15913256881060833,0.1648852053872032,0.01953125,0.03483072867675219,1.0,0.99609375,0.00668321130797267,0.99609375,1.0,True,0.03198201581835747,0.9132885932922363,-0.005752636576594861,120
single_shape,TwoLayerCNN,2001,template_retention_1,0.99609375,0.018550002947449684,0.9998342202783774,1.0,0.8761189778645834,0.5302038563932581,0.15061601135796987,0.15190746133150723,0.02473958395421505,0.035156250713043846,1.0,0.99609375,0.006986353546380997,0.99609375,1.0,True,0.021107319742441177,0.95204758644104,-0.001291449973537362,160
single_shape,TwoLayerCNN,2001,template_retention_1,0.99609375,0.01873931847512722,0.9999163260578058,1.0,0.8751424153645834,0.5307450781514533,0.16546419914876265,0.14464738791481394,0.0442708320915699,0.03629557265958283,1.0,0.99609375,0.007193441037088633,0.99609375,1.0,True,0.014958780258893967,0.9067811965942383,0.020816811233948712,200
single_shape,TwoLayerCNN,2002,random,0.625,1.3301042318344116,0.1484310817942282,0.14011260341481868,0.8856201171875,0.23257804623795586,0.41698114001748954,0.4176907746143169,0.21875,0.2158203162252903,0.625,0.94140625,2.2792210074840114e-05,0.99609375,1.0,True,0.0779549852013588,0.9159817695617676,-0.0007096345968273798,1
single_shape,TwoLayerCNN,2002,random,0.921875,0.8666695952415466,0.192001279653907,0.14011260341481868,0.86358642578125,0.23556450515799476,0.3377444663136634,0.3890352606912872,0.2291666716337204,0.12939453125,0.9140625,0.9609375,0.0004916934412904084,1.0,1.0,True,0.3203781545162201,1.0420377254486084,-0.051290794377623794,5
single_shape,TwoLayerCNN,2002,random,1.0,0.11153379082679749,0.23252011879891682,0.14011260341481868,0.8708902994791666,0.23832831095182047,0.2417436988699806,0.2721105849815064,0.0078125,0.01741536450572312,1.0,1.0,0.0014218963915482163,1.0,1.0,True,0.6891195774078369,0.8958892822265625,-0.030366886111525826,10
single_shape,TwoLayerCNN,2002,random,1.0,0.008791555650532246,0.2536543940059896,0.14011260341481868,0.85882568359375,0.24585611852782402,0.10786949411073676,0.13024851999984732,0.0052083334885537624,0.012369791744276881,1.0,1.0,0.00050809868844226,1.0,1.0,True,0.9746240973472595,0.8883156776428223,-0.02237902588911056,20
single_shape,TwoLayerCNN,2002,random,1.0,0.0032371145207434893,0.2579556485826545,0.14011260341481868,0.8557535807291666,0.2446509868938101,0.08167042908202304,0.09916869544885033,0.0065104165114462376,0.010579427151242271,1.0,1.0,0.00016040142509154975,1.0,1.0,True,1.0620191097259521,0.9342682361602783,-0.01749826636682729,40
single_shape,TwoLayerCNN,2002,random,1.0,0.001284150523133576,0.26021563825148286,0.14011260341481868,0.8592529296875,0.24260101439814385,0.0935937624093015,0.07847169794169459,0.0338541679084301,0.010416666482342407,1.0,1.0,4.7135039494605735e-05,1.0,1.0,True,1.1395776271820068,0.8591091632843018,0.015122064467606916,80
single_shape,TwoLayerCNN,2002,random,1.0,0.0007474750163964927,0.2616076964941446,0.14011260341481868,0.8580729166666666,0.2469415673558562,0.08547585137351599,0.0681139224137176,0.0338541679084301,0.009277343633584678,1.0,1.0,2.285057053086348e-05,1.0,1.0,True,1.1841791868209839,0.8883874416351318,0.017361928959798392,120
single_shape,TwoLayerCNN,2002,random,1.0,0.0005056100781075656,0.2625215234995434,0.14011260341481868,0.8573404947916666,0.24669470943378943,0.08070562161667483,0.06166030371093946,0.03515625,0.008626302267657593,1.0,1.0,1.2667289411183447e-05,1.0,1.0,True,1.2151412963867188,0.8842597007751465,0.019045317905735368,160
single_shape,TwoLayerCNN,2002,random,1.0,0.0003758566454052925,0.2632114721203559,0.14011260341481868,0.8568115234375,0.24693451089014784,0.07757979271590087,0.057399631692576183,0.03515625,0.007975260523380712,1.0,1.0,8.253295163740404e-06,1.0,1.0,True,1.2389682531356812,0.9122803211212158,0.02018016102332469,200
single_shape,TwoLayerCNN,2002,random_unitnorm,0.6875,1.3004978895187378,0.14490833876946482,0.14011260375270423,0.8966064453124999,0.21019568100365885,0.3573029093307505,0.4139782122302319,0.1809895783662796,0.18831380270421505,0.69921875,0.9375,7.407080556731671e-05,0.9921875,0.99609375,True,0.07992254942655563,0.9123232364654541,-0.05667530289948142,1
single_shape,TwoLayerCNN,2002,random_unitnorm,0.95703125,0.7966412901878357,0.18375492663758816,0.14011260375270423,0.908447265625,0.20574787146570722,0.35829279201774633,0.3984832379858734,0.1197916641831398,0.1129557304084301,0.94921875,0.9921875,0.0007344090845435858,1.0,1.0,True,0.3285526633262634,0.9159677028656006,-0.04019044596812704,5
single_shape,TwoLayerCNN,2002,random_unitnorm,1.0,0.0984598696231842,0.22256047508409055,0.14011260375270423,0.86474609375,0.21711194429711814,0.2751704397826078,0.2977856670217254,0.0052083334885537624,0.012858073096140288,1.0,1.0,0.0010470383567735553,1.0,1.0,True,0.6851001381874084,0.8793776035308838,-0.022615227239117575,10
single_shape,TwoLayerCNN,2002,random_unitnorm,1.0,0.007792368531227112,0.23570520389243937,0.14011260375270423,0.8587646484375,0.22183389592410985,0.13803934020179442,0.14799332692631384,0.0026041667442768812,0.010091145886690356,1.0,1.0,0.0003071641258429736,1.0,1.0,True,0.9645681381225586,0.9709944725036621,-0.009953986724519415,20
single_shape,TwoLayerCNN,2002,random_unitnorm,1.0,0.003009126288816333,0.23752533254990707,0.14011260375270423,0.8559773763020833,0.22239457373383853,0.10108600991586114,0.11252730802134635,0.0052083334885537624,0.00911458331393078,1.0,1.0,0.00017815071623772383,1.0,1.0,True,1.0539928674697876,0.8882486820220947,-0.011441298105485206,40
single_shape,TwoLayerCNN,2002,random_unitnorm,1.0,0.001236742944456637,0.23876663239430596,0.14011260375270423,0.8549397786458333,0.22358919009005895,0.08270566989966155,0.08777026003484141,0.0052083334885537624,0.00862630206393078,1.0,1.0,8.546304889023304e-05,1.0,1.0,True,1.136258840560913,0.9292378425598145,-0.005064590135179861,80
single_shape,TwoLayerCNN,2002,random_unitnorm,1.0,0.0007285503088496625,0.2396273868541616,0.14011260375270423,0.8541259765624999,0.2247921873443213,0.07007428482522193,0.07551120084962462,0.0052083334885537624,0.00878906247089617,1.0,1.0,5.3679941629525274e-05,1.0,1.0,True,1.1841347217559814,1.0188758373260498,-0.005436916024402688,120
single_shape,TwoLayerCNN,2002,random_unitnorm,1.0,0.0004984471015632153,0.24018025695766512,0.14011260375270423,0.8533121744791667,0.22546863388314398,0.06317811481614233,0.06805226151271286,0.0052083334885537624,0.00846354171517305,1.0,1.0,3.5828070394927636e-05,1.0,1.0,True,1.2177592515945435,0.9032151699066162,-0.004874146696570533,160
single_shape,TwoLayerCNN,2002,random_unitnorm,1.0,0.0003709274751599878,0.2405288748916462,0.14011260375270423,0.8525797526041666,0.22627814860020623,0.05839205220548971,0.06288376153243529,0.0052083334885537624,0.008463541889796034,1.0,1.0,2.548709926486481e-05,1.0,1.0,True,1.2437717914581299,0.8886241912841797,-0.004491709326945578,200
single_shape,TwoLayerCNN,2002,template_init,0.33203125,1.2598234415054321,0.9974807827585794,1.0,0.8842569986979166,0.5546201949561107,0.34853179706489734,0.3482692601386862,0.2486979216337204,0.24544270895421505,0.33203125,0.9453125,5.4989883210510015e-05,1.0,1.0,True,0.07436053454875946,0.9096083641052246,0.0002625369262111432,1
single_shape,TwoLayerCNN,2002,template_init,0.99609375,0.7105116248130798,0.9611100364199394,1.0,0.8553873697916667,0.5352901344153678,0.44939029663653074,0.40271317012107255,0.02734375,0.0525716150586959,1.0,0.99609375,0.0006535950233228505,1.0,1.0,True,0.32739347219467163,0.8915729522705078,0.04667712651545819,5
single_shape,TwoLayerCNN,2002,template_init,1.0,0.08818532526493073,0.895439151361676,1.0,0.8358154296875,0.4917370264120785,0.34426066610097417,0.27611816694501395,0.1119791641831398,0.01660156247089617,1.0,1.0,0.0012754483614116907,1.0,1.0,True,0.6877477169036865,0.9467442035675049,0.06814249915596021,10
single_shape,TwoLayerCNN,2002,template_init,1.0,0.009506202302873135,0.8547490302387077,1.0,0.8409423828125,0.46172272528053165,0.21364729065770283,0.14569082380572196,0.0950520858168602,0.016113281395519152,1.0,1.0,0.00024561508325859904,1.0,1.0,True,0.9491410255432129,0.897146463394165,0.06795646685198087,20
single_shape,TwoLayerCNN,2002,template_init,1.0,0.0035929849836975336,0.843062954984356,1.0,0.84161376953125,0.4524326050907619,0.18360889318621443,0.1125321073016457,0.0911458358168602,0.014160155929857865,1.0,1.0,7.288672350114211e-05,1.0,1.0,True,1.0388295650482178,1.0220000743865967,0.07107678588456873,40
single_shape,TwoLayerCNN,2002,template_init,1.0,0.0014743066858500242,0.8327478457223414,1.0,0.84197998046875,0.44372636858609843,0.1748000545037558,0.09010037442612302,0.0794270858168602,0.014485677151242271,1.0,1.0,2.135027534677647e-05,1.0,1.0,True,1.1199102401733398,0.8829386234283447,0.08469968007763277,80
single_shape,TwoLayerCNN,2002,template_init,1.0,0.0008610309450887144,0.82692517775859,1.0,0.8418375651041666,0.4440993477254286,0.15955318064990343,0.07855115342546846,0.0716145858168602,0.01350911453482695,1.0,1.0,9.495769518252928e-06,1.0,1.0,True,1.1661827564239502,0.92330002784729,0.08100202722443496,120
single_shape,TwoLayerCNN,2002,template_init,1.0,0.0005796956247650087,0.8228751839192716,1.0,0.84136962890625,0.44270904574169423,0.14821858592435144,0.07128947516088939,0.0638020858168602,0.012532551743788645,1.0,1.0,4.946960871166084e-06,1.0,1.0,True,1.1983764171600342,0.9331393241882324,0.07692911076346205,160
single_shape,TwoLayerCNN,2002,template_init,1.0,0.0004239794798195362,0.8198176095327825,1.0,0.8411051432291666,0.44192849960708164,0.13899976258778046,0.06592245746152235,0.0572916679084301,0.012207030988065526,1.0,1.0,2.966884721899987e-06,1.0,1.0,True,1.2229465246200562,0.8789043426513672,0.07307730512625811,200
single_shape,TwoLayerCNN,2002,template_release,0.34375,1.2596522569656372,0.9977910017741216,1.0,0.88427734375,0.5559644264000037,0.3489961481402041,0.3491206353781257,0.2486979216337204,0.24560546875,0.33984375,0.9375,5.4922835261095315e-05,1.0,1.0,True,0.06964036822319031,0.9267585277557373,-0.0001244872379216333,1
single_shape,TwoLayerCNN,2002,template_release,0.99609375,0.7459562420845032,0.9810456031615334,1.0,0.8629557291666666,0.545445945701803,0.4483433870191649,0.40758203656384207,0.078125,0.06689453125,1.0,0.99609375,0.0006037942366674542,1.0,1.0,True,0.23333199322223663,0.9984633922576904,0.04076135045532281,5
single_shape,TwoLayerCNN,2002,template_release,1.0,0.15832556784152985,0.9707912328565415,1.0,0.8490804036458334,0.5349395532618506,0.3815233023145813,0.3320911896730833,0.1119791641831398,0.025227864447515458,1.0,1.0,0.0014478438533842564,1.0,1.0,True,0.35309353470802307,0.9739558696746826,0.049432112641497994,10
single_shape,TwoLayerCNN,2002,template_release,1.0,0.04883928969502449,0.9892023986369844,1.0,0.8545939127604166,0.5565571300855481,0.3157439236827261,0.2608442754402309,0.1380208283662796,0.019368489141925238,1.0,1.0,0.0011430283775553107,1.0,1.0,True,0.19502010941505432,0.9041416645050049,0.05489964824249516,20
single_shape,TwoLayerCNN,2002,template_release,1.0,0.017662281170487404,0.9943307932982994,1.0,0.8694254557291666,0.5564053986390709,0.2644160799504657,0.19974108154321019,0.1484375,0.02034505242772866,1.0,1.0,0.0006367290625348687,1.0,1.0,True,0.13670073449611664,0.8981196880340576,0.06467499840725549,40
single_shape,TwoLayerCNN,2002,template_release,1.0,0.003384460462257266,0.9885500870671361,1.0,0.8628540039062501,0.5363869353176816,0.22453091239254175,0.12447786519594854,0.1510416716337204,0.01708984408469405,1.0,1.0,7.924421515781432e-05,1.0,1.0,True,0.19866450130939484,0.8922021389007568,0.1000530471965932,80
single_shape,TwoLayerCNN,2002,template_release,1.0,0.0008748869877308607,0.9660545966244389,1.0,0.8456217447916666,0.5018175349787355,0.1872349214752228,0.08499069185808611,0.1354166716337204,0.0146484375,1.0,1.0,1.0038060281658545e-05,1.0,1.0,True,0.3632815480232239,0.901261568069458,0.1022442296171367,120
single_shape,TwoLayerCNN,2002,template_release,1.0,0.0005274564027786255,0.957239424349089,1.0,0.8458455403645834,0.49341052530114826,0.19488622110960996,0.07414222552299073,0.14453125,0.01302083337213844,1.0,1.0,4.2918409235426225e-06,1.0,1.0,True,0.4218062162399292,1.0619616508483887,0.12074399558661923,160
single_shape,TwoLayerCNN,2002,template_release,1.0,0.0003725120914168656,0.9514128560727595,1.0,0.8438720703125,0.49291346850396917,0.19220242777391694,0.06727292003963559,0.1458333283662796,0.011393229200621136,1.0,1.0,2.3098150450096e-06,1.0,1.0,True,0.4606185555458069,1.0251777172088623,0.12492950773428135,200
single_shape,TwoLayerCNN,2002,template_retention_1,0.34375,1.2596522569656372,0.9977910017741216,1.0,0.88427734375,0.5559644264000037,0.3489961481402041,0.3491206353781257,0.2486979216337204,0.24560546875,0.33984375,0.9375,5.4922835261095315e-05,1.0,1.0,True,0.06964036822319031,0.8661303520202637,-0.0001244872379216333,1
single_shape,TwoLayerCNN,2002,template_retention_1,0.99609375,0.7459562420845032,0.9810456031615334,1.0,0.8629557291666666,0.545445945701803,0.4483433870191649,0.40758203656384207,0.078125,0.06689453125,1.0,0.99609375,0.0006037942366674542,1.0,1.0,True,0.23333199322223663,0.8567698001861572,0.04076135045532281,5
single_shape,TwoLayerCNN,2002,template_retention_1,1.0,0.15832556784152985,0.9707912328565415,1.0,0.8490804036458334,0.5349395532618506,0.3815233023145813,0.3320911896730833,0.1119791641831398,0.025227864447515458,1.0,1.0,0.0014478438533842564,1.0,1.0,True,0.35309353470802307,0.8979949951171875,0.049432112641497994,10
single_shape,TwoLayerCNN,2002,template_retention_1,1.0,0.05207235366106033,0.9905266385163602,1.0,0.8563435872395834,0.5580014625176327,0.31972230419738035,0.2654544736546255,0.1510416716337204,0.019694010537932627,1.0,1.0,0.0011403373209759593,1.0,1.0,True,0.18136651813983917,0.8771555423736572,0.05426783054275486,20
single_shape,TwoLayerCNN,2002,template_retention_1,1.0,0.02069699391722679,0.9968132630400184,1.0,0.8752034505208334,0.5606988702368374,0.2662085770591567,0.21154271915470763,0.1510416716337204,0.021484375465661287,1.0,1.0,0.0006121338810771704,1.0,1.0,True,0.10122570395469666,0.8958256244659424,0.054665857904449056,40
single_shape,TwoLayerCNN,2002,template_retention_1,1.0,0.007990138605237007,0.9992515597702102,1.0,0.8788655598958334,0.565818444122428,0.2398840700996384,0.16911793207526363,0.1549479216337204,0.021972656424622983,1.0,1.0,0.00019370863446965814,1.0,1.0,True,0.048395540565252304,0.8735387325286865,0.07076613802437479,80
single_shape,TwoLayerCNN,2002,template_retention_1,1.0,0.004198507871478796,0.9997405429061376,1.0,0.8794962565104166,0.5686549241362944,0.2290373890211641,0.1477983063468571,0.1614583283662796,0.020182291525998153,1.0,1.0,7.061685755616054e-05,1.0,1.0,True,0.028372853994369507,0.9522783756256104,0.08123908267430702,120
single_shape,TwoLayerCNN,2002,template_retention_1,1.0,0.002608261536806822,0.9998867889348112,1.0,0.87969970703125,0.5699353495299241,0.222547896745529,0.1340420354842628,0.1614583283662796,0.022135416365927085,1.0,1.0,3.379057307029143e-05,1.0,1.0,True,0.018418721854686737,0.9083025455474854,0.0885058612612662,160
single_shape,TwoLayerCNN,2002,template_retention_1,1.0,0.0017555082449689507,0.9999424062103575,1.0,0.87945556640625,0.5707988023695475,0.23129495127753363,0.12225862275720652,0.1770833283662796,0.020345052020275034,1.0,1.0,1.7804613889893517e-05,1.0,1.0,True,0.01300143264234066,0.9940648078918457,0.10903632852032712,200
single_shape,TwoLayerCNN,2003,random,0.25,1.3267680406570435,0.16128564204461618,0.15677529575119303,0.8920694986979166,0.3097490129040747,0.47525401552715196,0.38243543844387895,0.25,0.25,0.25,1.0,3.0481298381346278e-05,0.98828125,1.0,True,0.08139066398143768,0.9546711444854736,0.09281857708327301,1
single_shape,TwoLayerCNN,2003,random,0.7421875,0.9448147416114807,0.18788791998054055,0.15677529575119303,0.8970540364583334,0.29457948135118367,0.4171654890977755,0.3904392258881829,0.1966145783662796,0.11832682322710752,0.73828125,0.97265625,0.00038307151407934725,1.0,1.0,True,0.3190231919288635,0.9199197292327881,0.026726263209592593,5
single_shape,TwoLayerCNN,2003,random,1.0,0.22723077237606049,0.21805478496235922,0.15677529575119303,0.8964640299479167,0.3026357607772484,0.3612334209138933,0.33463949429457335,0.0716145858168602,0.03776041651144624,1.0,1.0,0.0011494043283164501,1.0,1.0,True,0.662123441696167,0.8814599514007568,0.026593926619319974,10
single_shape,TwoLayerCNN,2003,random,1.0,0.011715315282344818,0.22854048776522634,0.15677529575119303,0.8870646158854166,0.28359516214307356,0.1828805539227255,0.17319945074325493,0.02213541604578495,0.028483072557719424,1.0,1.0,0.0007461507339030504,1.0,1.0,True,0.997484028339386,0.8686413764953613,0.009681103179470574,20
single_shape,TwoLayerCNN,2003,random,1.0,0.004284159746021032,0.22772034866537683,0.15677529575119303,0.884765625,0.2766589292699934,0.1413242022320399,0.13524487085560027,0.014322916977107525,0.02343749991268851,1.0,1.0,0.00047859110054560006,1.0,1.0,True,1.0806301832199097,0.8935456275939941,0.006079331376439623,40
single_shape,TwoLayerCNN,2003,random,1.0,0.002188317943364382,0.22759717237630547,0.15677529575119303,0.8832600911458334,0.27456350471921875,0.1113580799281576,0.1092644802900521,0.013020833022892475,0.021972656351863407,1.0,1.0,0.00034632612369023263,1.0,1.0,True,1.1476279497146606,0.8928570747375488,0.0020935996381055005,80
single_shape,TwoLayerCNN,2003,random,1.0,0.0015173815190792084,0.22782446165953457,0.15677529575119303,0.8826090494791667,0.2727867474370632,0.09614326355968239,0.09607001183030377,0.01171875,0.019856770391925238,1.0,1.0,0.00025941699277609587,1.0,1.0,True,1.1861507892608643,0.8469066619873047,7.325172937862334e-05,120
single_shape,TwoLayerCNN,2003,random,1.0,0.0012406710302457213,0.2278852934112835,0.15677529575119303,0.8818766276041666,0.2720485815858342,0.0871503810779316,0.08898119702647019,0.010416666977107525,0.01871744751406368,1.0,1.0,0.0002248806122224778,1.0,1.0,True,1.2132432460784912,0.8738057613372803,-0.0018308159485385805,160
single_shape,TwoLayerCNN,2003,random,1.0,0.0010118864011019468,0.22788714658447648,0.15677529575119303,0.88165283203125,0.2707247010989692,0.08019837009895092,0.08344234598193342,0.010416666977107525,0.018066406293655746,1.0,1.0,0.00017712547560222447,1.0,1.0,True,1.2342402935028076,0.8914060592651367,-0.0032439758829825027,200
single_shape,TwoLayerCNN,2003,random_unitnorm,0.28125,1.3005234003067017,0.15632409814562873,0.15677529744207858,0.88616943359375,0.289624002987957,0.4322484937036343,0.38384444432318665,0.2434895783662796,0.24560546875,0.28125,0.96875,7.062577060423791e-05,0.98828125,1.0,True,0.08280735462903976,1.0830881595611572,0.04840404938044762,1
single_shape,TwoLayerCNN,2003,random_unitnorm,0.8984375,0.8263638019561768,0.17552546326714077,0.15677529744207858,0.8724568684895833,0.3104392180154809,0.38919865819952937,0.38732744483733805,0.1158854141831398,0.11783854058012366,0.890625,0.96875,0.0006602167850360274,0.99609375,1.0,True,0.3199308514595032,0.9414598941802979,0.0018712133621913152,5
single_shape,TwoLayerCNN,2003,random_unitnorm,1.0,0.14316575229167938,0.20777219484131876,0.15677529744207858,0.8459269205729166,0.3437815000285735,0.2837879080868744,0.3004323552324072,0.02213541604578495,0.035481771104969084,1.0,1.0,0.0012729974696412683,1.0,1.0,True,0.6628316640853882,0.8739020824432373,-0.016644447145532815,10
single_shape,TwoLayerCNN,2003,random_unitnorm,1.0,0.011036199517548084,0.2242786985881478,0.15677529744207858,0.8629760742187501,0.3364588428307618,0.2056965385692343,0.1766243192131772,0.0859375,0.024739583546761423,1.0,1.0,0.00037988758413121104,1.0,1.0,True,0.9415490031242371,0.8472123146057129,0.02907221935605711,20
single_shape,TwoLayerCNN,2003,random_unitnorm,1.0,0.0035470337606966496,0.2297647365783474,0.15677529744207858,0.864013671875,0.33293161523051046,0.114739814256264,0.14473710643575116,0.02213541604578495,0.023111978953238577,1.0,1.0,0.00012709152360912412,1.0,1.0,True,1.0333335399627686,1.0426950454711914,-0.029997292179487156,40
single_shape,TwoLayerCNN,2003,random_unitnorm,1.0,0.001266406150534749,0.23327110639905885,0.15677529744207858,0.8640950520833334,0.328405271556686,0.09198748416663516,0.1204900624755114,0.01953125,0.02115885409875773,1.0,1.0,3.3419462852180004e-05,1.0,1.0,True,1.1120498180389404,0.8876409530639648,-0.028502578308876245,80
single_shape,TwoLayerCNN,2003,random_unitnorm,1.0,0.0007017987663857639,0.2348431975143287,0.15677529744207858,0.8640543619791666,0.32794012860027405,0.08004068213435978,0.10790752816144634,0.015625,0.020182291831588373,1.0,1.0,1.4321019989438355e-05,1.0,1.0,True,1.156437635421753,0.9042966365814209,-0.02786684602708657,120
single_shape,TwoLayerCNN,2003,random_unitnorm,1.0,0.00045829577720724046,0.23578485016738124,0.15677529744207858,0.8640747070312499,0.3261101188127848,0.0722883628563874,0.10070958212166714,0.014322916977107525,0.020182291948003694,1.0,1.0,7.327070761675714e-06,1.0,1.0,True,1.1871634721755981,0.8695077896118164,-0.02842121926527974,160
single_shape,TwoLayerCNN,2003,random_unitnorm,1.0,0.0003316528454888612,0.23650202522678154,0.15677529744207858,0.8643595377604166,0.3250039221544554,0.06641790575832107,0.09530433559384886,0.013020833022892475,0.020182291948003694,1.0,1.0,4.418621756485663e-06,1.0,1.0,True,1.2106273174285889,0.8374960422515869,-0.02888642983552779,200
single_shape,TwoLayerCNN,2003,template_init,0.35546875,1.2819583415985107,0.9974053231675641,1.0,0.87908935546875,0.5556165739587207,0.49067657909607176,0.2759850633225567,0.2486979216337204,0.2472330704331398,0.359375,0.97265625,9.682097152108327e-05,0.99609375,1.0,True,0.07851152122020721,0.931361198425293,0.21469151577351508,1
single_shape,TwoLayerCNN,2003,template_init,0.9921875,0.799121081829071,0.9588334893523383,1.0,0.8490397135416666,0.5182748833505217,0.4310585269409901,0.39455955589090685,0.02734375,0.03336588584352285,0.98828125,0.99609375,0.0007329167565330863,1.0,1.0,True,0.3172042965888977,0.9037845134735107,0.03649897105008326,5
single_shape,TwoLayerCNN,2003,template_init,1.0,0.15657922625541687,0.8867315579824986,1.0,0.8509724934895834,0.5169346721930625,0.3800492325510667,0.3371608831271128,0.0416666679084301,0.036458333721384406,0.99609375,0.99609375,0.0023679258301854134,1.0,1.0,True,0.6592668890953064,0.9114954471588135,0.04288834942395392,10
single_shape,TwoLayerCNN,2003,template_init,1.0,0.015389339067041874,0.8382534253401968,1.0,0.8597615559895834,0.4988542179219636,0.2016596180680984,0.20611477620259283,0.01822916604578495,0.021158853836823255,1.0,1.0,0.0018786946311593056,1.0,1.0,True,0.9427270293235779,0.8901655673980713,-0.00445515813449443,20
single_shape,TwoLayerCNN,2003,template_init,1.0,0.005030530039221048,0.8245518470115242,1.0,0.8601277669270834,0.49104793783631207,0.14742790086382362,0.15984910315242362,0.015625,0.016113281104480848,1.0,1.0,0.0016839758027344942,1.0,1.0,True,1.0453150272369385,0.8806977272033691,-0.012421202288599997,40
single_shape,TwoLayerCNN,2003,template_init,1.0,0.0018536483403295279,0.8132121764254896,1.0,0.86151123046875,0.48546620720387085,0.1703225315984246,0.12360177999520547,0.0481770820915699,0.01285807296517305,1.0,1.0,0.0014185203472152352,1.0,1.0,True,1.1346813440322876,0.8912036418914795,0.04672075160321912,80
single_shape,TwoLayerCNN,2003,template_init,1.0,0.0010368325747549534,0.8069713644536856,1.0,0.8623860677083334,0.48125480406167553,0.15440150834178035,0.10447193295337912,0.0377604179084301,0.010742187398136593,1.0,1.0,0.0014698613667860627,1.0,1.0,True,1.1858091354370117,0.8471314907073975,0.04992957538840123,120
single_shape,TwoLayerCNN,2003,template_init,1.0,0.0006769826868548989,0.8027572191871009,1.0,0.8635660807291666,0.4797616261405422,0.14099445471113892,0.09394174086976295,0.0364583320915699,0.009928385523380712,1.0,1.0,0.0014623816823586822,1.0,1.0,True,1.2215380668640137,0.8534145355224609,0.047052713841375965,160
single_shape,TwoLayerCNN,2003,template_init,1.0,0.0004884088411927223,0.7995473443335044,1.0,0.8643391927083334,0.47703032590270694,0.1317813530000621,0.08512718891295594,0.03125,0.00911458328482695,1.0,1.0,0.0015558695886284113,1.0,1.0,True,1.249048113822937,0.9140160083770752,0.04665416408710617,200
single_shape,TwoLayerCNN,2003,template_release,0.3671875,1.2815496921539307,0.9976645823277316,1.0,0.879150390625,0.5554216163317538,0.49060240804298383,0.2765593862018561,0.2486979216337204,0.2469075508415699,0.359375,0.96875,9.614422015147284e-05,0.99609375,1.0,True,0.07413529604673386,0.9839377403259277,0.21404302184112772,1
single_shape,TwoLayerCNN,2003,template_release,0.9921875,0.819283664226532,0.9771049372017618,1.0,0.84564208984375,0.5304842824727241,0.4378982576580055,0.396099013429247,0.0403645820915699,0.03531900991220027,0.98828125,0.99609375,0.0006873818929307163,1.0,1.0,True,0.24047735333442688,0.9508283138275146,0.04179924422875847,5
single_shape,TwoLayerCNN,2003,template_release,1.0,0.237783282995224,0.9638407385442074,1.0,0.8120524088541666,0.5197086797523645,0.3759498834931698,0.36980320708749226,0.015625,0.04280598984041717,0.99609375,0.99609375,0.002600546460598707,1.0,1.0,True,0.3700549304485321,0.8865363597869873,0.006146676405677565,10
single_shape,TwoLayerCNN,2003,template_release,1.0,0.07407043874263763,0.9863823223425814,1.0,0.8611857096354166,0.5362410925766313,0.2651197162113035,0.30484564902679134,0.02083333395421505,0.03417968761641532,0.99609375,0.99609375,0.002906953915953636,1.0,1.0,True,0.2213069349527359,0.8986649513244629,-0.03972593281548786,20
single_shape,TwoLayerCNN,2003,template_release,1.0,0.026419544592499733,0.9928824234738443,1.0,0.8704427083333333,0.5434936013262344,0.20451164554377466,0.23982704406248717,0.02604166604578495,0.028157552325865254,0.99609375,0.99609375,0.003112228587269783,1.0,1.0,True,0.15454450249671936,0.8350419998168945,-0.035315398518712515,40
single_shape,TwoLayerCNN,2003,template_release,1.0,0.005185368005186319,0.9855199969500291,1.0,0.86297607421875,0.5399121414393422,0.1527302068477342,0.15187335646473443,0.02213541604578495,0.021321614141925238,1.0,1.0,0.002106614178046584,1.0,1.0,True,0.22141513228416443,0.8803937435150146,0.0008568503829997631,80
single_shape,TwoLayerCNN,2003,template_release,1.0,0.0012242788216099143,0.9576055577224838,1.0,0.8448893229166666,0.5171854554681743,0.17123354837516358,0.09969112418685631,0.05078125,0.011393229011446238,1.0,1.0,0.0016121931839734316,1.0,1.0,True,0.4018120765686035,0.9041836261749268,0.07154242418830727,120
single_shape,TwoLayerCNN,2003,template_release,1.0,0.0007263040170073509,0.9462919166383861,1.0,0.8511555989583334,0.5128286713757787,0.15685193028151956,0.08798746725760435,0.0520833320915699,0.009765625,1.0,1.0,0.0014636488631367683,1.0,1.0,True,0.46662643551826477,0.8338944911956787,0.0688644630239152,160
single_shape,TwoLayerCNN,2003,template_release,1.0,0.0005025800783187151,0.938808383425353,1.0,0.8505045572916666,0.5093649888090956,0.148273521655494,0.08017955837926238,0.0533854179084301,0.008300781264551915,1.0,1.0,0.0014277176233008504,1.0,1.0,True,0.5092969536781311,0.8580038547515869,0.06809396327623163,200
single_shape,TwoLayerCNN,2003,template_retention_1,0.3671875,1.2815496921539307,0.9976645823277316,1.0,0.879150390625,0.5554216163317538,0.49060240804298383,0.2765593862018561,0.2486979216337204,0.2469075508415699,0.359375,0.96875,9.614422015147284e-05,0.99609375,1.0,True,0.07413529604673386,0.979426383972168,0.21404302184112772,1
single_shape,TwoLayerCNN,2003,template_retention_1,0.9921875,0.819283664226532,0.9771049372017618,1.0,0.84564208984375,0.5304842824727241,0.4378982576580055,0.396099013429247,0.0403645820915699,0.03531900991220027,0.98828125,0.99609375,0.0006873818929307163,1.0,1.0,True,0.24047735333442688,0.9222214221954346,0.04179924422875847,5
single_shape,TwoLayerCNN,2003,template_retention_1,1.0,0.237783282995224,0.9638407385442074,1.0,0.8120524088541666,0.5197086797523645,0.3759498834931698,0.36980320708749226,0.015625,0.04280598984041717,0.99609375,0.99609375,0.002600546460598707,1.0,1.0,True,0.3700549304485321,0.9018251895904541,0.006146676405677565,10
single_shape,TwoLayerCNN,2003,template_retention_1,1.0,0.07888064533472061,0.9879718612675326,1.0,0.8631184895833334,0.53842648576614,0.26909522914082207,0.30866299083756704,0.01953125,0.03531901049427688,0.99609375,0.99609375,0.0029053548350930214,1.0,1.0,True,0.2064003050327301,0.874445915222168,-0.039567761696744974,20
single_shape,TwoLayerCNN,2003,template_retention_1,1.0,0.03199928626418114,0.9958880231618994,1.0,0.87408447265625,0.5488976245725008,0.2404101187315565,0.25041989784229013,0.0325520820915699,0.02962239514454268,0.99609375,0.99609375,0.0032284758053719997,1.0,1.0,True,0.11610284447669983,0.8424844741821289,-0.010009779110733641,40
single_shape,TwoLayerCNN,2003,template_retention_1,1.0,0.014054338447749615,0.9989278944442535,1.0,0.876220703125,0.5573861930616736,0.21157277371644378,0.20148322349886066,0.0481770820915699,0.028320312674622983,0.99609375,0.99609375,0.0032334281131625175,1.0,1.0,True,0.05718042701482773,0.8377079963684082,0.010089550217583121,80
single_shape,TwoLayerCNN,2003,template_retention_1,1.0,0.008358722552657127,0.9996054045270273,1.0,0.87945556640625,0.5626176292122314,0.20367689456810156,0.17243105984836837,0.0559895820915699,0.02408854174427688,0.99609375,0.99609375,0.0041150301694869995,1.0,1.0,True,0.03454738110303879,0.8261017799377441,0.03124583471973319,120
single_shape,TwoLayerCNN,2003,template_retention_1,1.0,0.005768083035945892,0.9998215154176305,1.0,0.8806355794270834,0.5655897277651758,0.1946282941159645,0.1570405943781119,0.0572916679084301,0.02376302081393078,0.99609375,0.99609375,0.004262461327016354,1.0,1.0,True,0.023110724985599518,0.8452856540679932,0.03758769973785259,160
single_shape,TwoLayerCNN,2003,template_retention_1,1.0,0.004590937867760658,0.9999108049813089,1.0,0.8813069661458334,0.5667514046811665,0.18522384992598773,0.1441615269934667,0.0572916679084301,0.023925781599245965,0.99609375,0.99609375,0.004405536688864231,1.0,1.0,True,0.016191087663173676,0.832183837890625,0.04106232293252102,200
single_shape,TwoLayerCNN,2004,random,0.453125,1.32624351978302,0.1601822790340893,0.15147826456057178,0.8757731119791666,0.2554638672334937,0.4437126317912331,0.42499672902515273,0.2369791716337204,0.2067057304084301,0.45703125,0.9609375,2.194634907937143e-05,0.99609375,0.99609375,True,0.07780065387487411,0.9614815711975098,0.018715902766080372,1
single_shape,TwoLayerCNN,2004,random,0.734375,0.916336178779602,0.18929641690132556,0.15147826456057178,0.8798624674479166,0.28304203118806914,0.4246191924619427,0.3886527743464445,0.1770833283662796,0.1741536445915699,0.74609375,0.96484375,0.00031827250495553017,1.0,1.0,True,0.3151761591434479,0.9442498683929443,0.03596641811549817,5
single_shape,TwoLayerCNN,2004,random,1.0,0.18460094928741455,0.22635198176722165,0.15147826456057178,0.8435465494791666,0.35394884426904827,0.357859515473508,0.294746869329508,0.0716145858168602,0.009928385479724966,1.0,1.0,0.001062353141605854,1.0,0.99609375,True,0.6657845973968506,0.8809390068054199,0.06311264614400003,10
single_shape,TwoLayerCNN,2004,random,1.0,0.008753008209168911,0.24153886899472013,0.15147826456057178,0.8222452799479166,0.3656792570124966,0.21333686143585917,0.14442698700992415,0.06640625,0.010416666395030916,1.0,1.0,7.735221879556775e-05,1.0,1.0,True,1.0060489177703857,0.8753530979156494,0.06890987442593502,20
single_shape,TwoLayerCNN,2004,random,1.0,0.002395087853074074,0.24525759710270806,0.15147826456057178,0.8204345703125,0.36674231962757103,0.17083131806334473,0.10975662176133316,0.0572916679084301,0.011393228996894322,1.0,1.0,1.3982985365146305e-05,1.0,1.0,True,1.107385277748108,0.8723185062408447,0.061074696302011566,40
single_shape,TwoLayerCNN,2004,random,1.0,0.0007534164469689131,0.24792336120850422,0.15147826456057178,0.8189697265625,0.3656522037561616,0.1451120989246154,0.08655387243084565,0.0442708320915699,0.010904948067036457,1.0,1.0,3.299818217783468e-06,1.0,1.0,True,1.1897090673446655,0.8690328598022461,0.05855822649376975,80
single_shape,TwoLayerCNN,2004,random,1.0,0.00038458427297882736,0.24906585193590836,0.15147826456057178,0.81744384765625,0.3640561937968915,0.12916342948897963,0.07573875073129853,0.0364583320915699,0.010579427005723119,1.0,1.0,1.5388368410640396e-06,1.0,1.0,True,1.2364239692687988,0.8660061359405518,0.0534246787576811,120
single_shape,TwoLayerCNN,2004,random,1.0,0.0002385692932875827,0.24980261605768952,0.15147826456057178,0.8162841796875001,0.36350364310992167,0.1191219656345408,0.06902017399350711,0.0325520820915699,0.010416666511446238,1.0,1.0,8.651353482491686e-07,1.0,1.0,True,1.268653154373169,0.8590717315673828,0.05010179164103369,160
single_shape,TwoLayerCNN,2004,random,1.0,0.00016400414460804313,0.25032822977846353,0.15147826456057178,0.8155110677083334,0.3635577127704901,0.10759381504954146,0.0645470641743828,0.02864583395421505,0.010253906133584678,1.0,1.0,5.44286649528658e-07,1.0,1.0,True,1.293233871459961,0.881237268447876,0.04304675087515866,200
single_shape,TwoLayerCNN,2004,random_unitnorm,0.44921875,1.287271499633789,0.15551535217215798,0.1514782640967589,0.8639729817708333,0.2631154540287469,0.48391080694529853,0.4326995469180756,0.2721354067325592,0.2330729179084301,0.46484375,0.9453125,7.325884507736191e-05,1.0,0.99609375,True,0.07925131171941757,0.9786522388458252,0.05121126002722293,1
single_shape,TwoLayerCNN,2004,random_unitnorm,0.87890625,0.7960724234580994,0.1797048333064232,0.1514782640967589,0.8625284830729166,0.3282959211179923,0.4097666894730817,0.3811230491726139,0.14453125,0.11344400979578495,0.8984375,0.94921875,0.0008044701535254717,1.0,1.0,True,0.3316113352775574,0.9030792713165283,0.028643640300467788,5
single_shape,TwoLayerCNN,2004,random_unitnorm,0.99609375,0.15239092707633972,0.20952088141136463,0.1514782640967589,0.855712890625,0.38189031116659256,0.34603231191645023,0.28575646180864167,0.0559895820915699,0.014322916729724966,1.0,0.99609375,0.001196174300275743,1.0,1.0,True,0.6729034185409546,1.001072645187378,0.06027585010780856,10
single_shape,TwoLayerCNN,2004,random_unitnorm,1.0,0.01071802619844675,0.22067757599558402,0.1514782640967589,0.8348999023437501,0.3900759749517918,0.18830531801306727,0.15557717722791997,0.0455729179084301,0.013183593910071068,1.0,1.0,0.00021137084695510566,1.0,1.0,True,0.9811244010925293,0.9999938011169434,0.0327281407851473,20
single_shape,TwoLayerCNN,2004,random_unitnorm,1.0,0.0029340041801333427,0.22547063309060594,0.1514782640967589,0.8333333333333334,0.38953360440290347,0.14457563488199265,0.11787627649078748,0.0377604179084301,0.011881510363309644,1.0,1.0,2.6185505703324452e-05,1.0,1.0,True,1.090308666229248,0.9370396137237549,0.026699358391205172,40
single_shape,TwoLayerCNN,2004,random_unitnorm,1.0,0.0009340464603155851,0.22863618657954948,0.1514782640967589,0.8317057291666666,0.3888978587941294,0.10395017715910315,0.09384166372291126,0.0338541679084301,0.011393229229724966,1.0,1.0,4.114470357308164e-06,1.0,1.0,True,1.1815412044525146,0.9972915649414062,0.010108513436191888,80
single_shape,TwoLayerCNN,2004,random_unitnorm,1.0,0.0004797782457899302,0.23033809133839,0.1514782640967589,0.8322143554687499,0.38861420373768607,0.09156252911903151,0.08211912028317446,0.0325520820915699,0.011067708299378864,1.0,1.0,1.3576833453043946e-06,1.0,1.0,True,1.2331243753433228,0.8493382930755615,0.00944340883585705,120
single_shape,TwoLayerCNN,2004,random_unitnorm,1.0,0.0002984919701702893,0.23143466318846062,0.1514782640967589,0.8304036458333334,0.38915703159113973,0.083847962917878,0.0742207343553733,0.0325520820915699,0.010742187543655746,1.0,1.0,6.173880819915212e-07,1.0,1.0,True,1.2691437005996704,0.9135944843292236,0.009627228562504697,160
single_shape,TwoLayerCNN,2004,random_unitnorm,1.0,0.00020470566232688725,0.23218612350975762,0.1514782640967589,0.82501220703125,0.3895885100417431,0.07889790106230277,0.0692610020009421,0.0338541679084301,0.010416666729724966,1.0,1.0,3.234991368117335e-07,1.0,1.0,True,1.2969367504119873,0.8895792961120605,0.009636899061360671,200
single_shape,TwoLayerCNN,2004,template_init,0.59765625,1.2527583837509155,0.997240948694314,1.0,0.8642781575520834,0.5922497890672201,0.5304561581847541,0.37866584164372447,0.2252604216337204,0.24267578125,0.58984375,0.89453125,6.706752174068242e-05,1.0,1.0,True,0.07870064675807953,0.8566396236419678,0.15179031654102965,1
single_shape,TwoLayerCNN,2004,template_init,0.87109375,0.7057150602340698,0.9607468190793366,1.0,0.8305460611979167,0.5656621719802252,0.5337597204787834,0.41047326084835756,0.1432291716337204,0.12190755270421505,0.875,0.94140625,0.0007431587437167764,1.0,1.0,True,0.3385670781135559,0.8353197574615479,0.12328645963042584,5
single_shape,TwoLayerCNN,2004,template_init,1.0,0.17672668397426605,0.9088364011074165,1.0,0.8314819335937501,0.5469445968551709,0.341470166192824,0.2869001380923242,0.0403645820915699,0.016764323037932627,0.99609375,0.99609375,0.0009689711732789874,1.0,1.0,True,0.6514164209365845,0.8549396991729736,0.05457002810049982,10
single_shape,TwoLayerCNN,2004,template_init,1.0,0.015680665150284767,0.863017887297485,1.0,0.8333943684895833,0.5079118644153046,0.20671834731991412,0.15257128037380477,0.0234375,0.0073242187208961695,1.0,1.0,0.0002476477238815278,1.0,1.0,True,0.9602826237678528,0.8872385025024414,0.05414706694610935,20
single_shape,TwoLayerCNN,2004,template_init,1.0,0.00402413122355938,0.8453678928348101,1.0,0.8340657552083334,0.4958153035455692,0.12077881463609486,0.10337667329729644,0.009114583022892475,0.006347656308207661,1.0,1.0,4.202376294415444e-05,1.0,1.0,True,1.0865532159805298,0.9124476909637451,0.017402141338798416,40
single_shape,TwoLayerCNN,2004,template_init,1.0,0.001250549452379346,0.8315659794862234,1.0,0.8336588541666666,0.4885387029546753,0.09508898394074405,0.07865134708975317,0.0065104165114462376,0.006835937383584678,1.0,1.0,1.2873601008323021e-05,1.0,1.0,True,1.1852850914001465,0.8694360256195068,0.01643763685099088,80
single_shape,TwoLayerCNN,2004,template_init,1.0,0.0006372836069203913,0.8241732552449688,1.0,0.8327636718750001,0.4873712497341423,0.08347994160081895,0.06874356184056132,0.0065104165114462376,0.008626302005723119,1.0,1.0,6.391816441464471e-06,1.0,1.0,True,1.2395050525665283,0.8499822616577148,0.014736379760257629,120
single_shape,TwoLayerCNN,2004,template_init,1.0,0.00039416737854480743,0.8192277648787756,1.0,0.8337809244791667,0.4860502311870637,0.07698511814740816,0.06337992607045803,0.0065104165114462376,0.00960286462213844,1.0,1.0,3.655592763607274e-06,1.0,1.0,True,1.276564598083496,0.845747709274292,0.013605192076950129,160
single_shape,TwoLayerCNN,2004,template_init,1.0,0.000271700817393139,0.8155797810298127,1.0,0.83392333984375,0.4846077475679724,0.08478250426917566,0.0599949808555148,0.0065104165114462376,0.01009114584303461,1.0,1.0,2.3250172489497345e-06,1.0,1.0,True,1.3046070337295532,0.8574483394622803,0.02478752341366086,200
single_shape,TwoLayerCNN,2004,template_release,0.60546875,1.2529923915863037,0.9975944259197047,1.0,0.86474609375,0.5915422646166499,0.531331765693583,0.3784525394421659,0.2239583283662796,0.24316406436264515,0.58984375,0.90234375,6.681268132524565e-05,1.0,1.0,True,0.07342991977930069,0.8280656337738037,0.1528792262514171,1
single_shape,TwoLayerCNN,2004,template_release,0.859375,0.7299177646636963,0.9799688194238345,1.0,0.8451741536458334,0.5776638775287632,0.5181149613025937,0.4169966011443843,0.1263020783662796,0.12418619636446238,0.8671875,0.95703125,0.000674541515763849,1.0,1.0,True,0.24676549434661865,0.8514816761016846,0.10111836015820941,5
single_shape,TwoLayerCNN,2004,template_release,1.0,0.2534954249858856,0.9764546604126509,1.0,0.8384806315104167,0.5877494330223155,0.43031314002102883,0.33126517630677305,0.06640625,0.01595052090124227,1.0,1.0,0.0011811520671471953,1.0,1.0,True,0.32426634430885315,0.8656759262084961,0.09904796371425578,10
single_shape,TwoLayerCNN,2004,template_release,1.0,0.06681156903505325,0.9880323396567122,1.0,0.8563842773437501,0.5871837575613877,0.29748043576758376,0.2578270694970624,0.0065104165114462376,0.015299479040550068,1.0,1.0,0.0005607005441561341,1.0,1.0,True,0.21231769025325775,0.8489940166473389,0.03965336627052135,20
single_shape,TwoLayerCNN,2004,template_release,1.0,0.019776394590735435,0.993963872000914,1.0,0.8651326497395833,0.589623692147817,0.19916074881636037,0.19510703874359359,0.0052083334885537624,0.0183919267001329,1.0,1.0,0.00020756307640112936,1.0,1.0,True,0.1471000611782074,0.8640346527099609,0.004053710072766781,40
single_shape,TwoLayerCNN,2004,template_release,1.0,0.003090767189860344,0.9877338121661787,1.0,0.8575642903645833,0.5751704259356759,0.12650530896311774,0.12421396274041407,0.0065104165114462376,0.017089843648136593,1.0,1.0,8.892043842934072e-05,1.0,1.0,True,0.212808758020401,0.8897802829742432,0.0022913462227036607,80
single_shape,TwoLayerCNN,2004,template_release,1.0,0.0008005510899238288,0.9634821468813264,1.0,0.84588623046875,0.5393589900344831,0.1669215836740987,0.08577851781488421,0.0377604179084301,0.01708984338620212,1.0,1.0,3.413660670048557e-05,1.0,1.0,True,0.39074358344078064,0.8979218006134033,0.08114306585921449,120
single_shape,TwoLayerCNN,2004,template_release,1.0,0.00047568249283358455,0.9537361092195821,1.0,0.841796875,0.5321505417605825,0.14390625027352477,0.07488360974386306,0.0390625,0.015625000043655746,1.0,1.0,1.7819813365349546e-05,1.0,1.0,True,0.45613300800323486,0.8674662113189697,0.06902264052966171,160
single_shape,TwoLayerCNN,2004,template_release,1.0,0.00033912912476807833,0.9472067837762836,1.0,0.83905029296875,0.5271232629428646,0.13636185749368712,0.0688640536749566,0.0390625,0.015136718677240424,1.0,1.0,1.170928680949146e-05,1.0,1.0,True,0.4999627470970154,0.8865950107574463,0.06749780381873052,200
single_shape,TwoLayerCNN,2004,template_retention_1,0.60546875,1.2529923915863037,0.9975944259197047,1.0,0.86474609375,0.5915422646166499,0.531331765693583,0.3784525394421659,0.2239583283662796,0.24316406436264515,0.58984375,0.90234375,6.681268132524565e-05,1.0,1.0,True,0.07342991977930069,0.8337140083312988,0.1528792262514171,1
single_shape,TwoLayerCNN,2004,template_retention_1,0.859375,0.7299177646636963,0.9799688194238345,1.0,0.8451741536458334,0.5776638775287632,0.5181149613025937,0.4169966011443843,0.1263020783662796,0.12418619636446238,0.8671875,0.95703125,0.000674541515763849,1.0,1.0,True,0.24676549434661865,0.8954379558563232,0.10111836015820941,5
single_shape,TwoLayerCNN,2004,template_retention_1,1.0,0.2534954249858856,0.9764546604126509,1.0,0.8384806315104167,0.5877494330223155,0.43031314002102883,0.33126517630677305,0.06640625,0.01595052090124227,1.0,1.0,0.0011811520671471953,1.0,1.0,True,0.32426634430885315,0.896798849105835,0.09904796371425578,10
single_shape,TwoLayerCNN,2004,template_retention_1,1.0,0.07094116508960724,0.9895955313234577,1.0,0.8575846354166667,0.5888563299187761,0.2960969183926304,0.26195353549888395,0.0078125,0.01595052090124227,1.0,1.0,0.0006041859742254019,1.0,1.0,True,0.19710730016231537,0.8587472438812256,0.034143382893746466,20
single_shape,TwoLayerCNN,2004,template_retention_1,1.0,0.023735065013170242,0.9965885476082015,1.0,0.8687947591145833,0.5934300629668814,0.1926738688140347,0.20464763045847223,0.0078125,0.01855468777648639,1.0,1.0,0.0002757856564130634,1.0,1.0,True,0.11010318994522095,0.8565373420715332,-0.01197376164443753,40
single_shape,TwoLayerCNN,2004,template_retention_1,1.0,0.008272084407508373,0.9990680640971705,1.0,0.87237548828125,0.5964307817325583,0.16766897199190922,0.1643261766723117,0.01692708395421505,0.024739583575865254,1.0,1.0,0.00011648389045149088,1.0,1.0,True,0.05512921139597893,0.8877172470092773,0.0033427953195975246,80
single_shape,TwoLayerCNN,2004,template_retention_1,1.0,0.004457731265574694,0.9996753812114645,1.0,0.8728230794270833,0.5970020241729117,0.15906505250640635,0.14438725134742916,0.01953125,0.025065103560336865,1.0,1.0,4.8583107854938135e-05,1.0,1.0,True,0.03159438818693161,0.8837864398956299,0.014677801158977183,120
single_shape,TwoLayerCNN,2004,template_retention_1,1.0,0.0027494619134813547,0.9998558262286656,1.0,0.8722127278645833,0.5979403616921974,0.15058874266773092,0.12985253058333823,0.02083333395421505,0.02490234399738256,1.0,1.0,2.343370215385221e-05,1.0,1.0,True,0.02149886265397072,0.8765585422515869,0.02073621208439269,160
single_shape,TwoLayerCNN,2004,template_retention_1,1.0,0.0019270870834589005,0.9999307177425439,1.0,0.8711954752604167,0.5978242586605994,0.1438249370264001,0.1198112824761227,0.02083333395421505,0.025553385275998153,1.0,1.0,1.3290320566738956e-05,1.0,1.0,True,0.014827582985162735,0.8668537139892578,0.02401365455027739,200
single_shape,TwoLayerCNN,2005,random,0.43359375,1.3551338911056519,0.13519352068035556,0.1360020359735701,0.8407185872395834,0.19156268645366695,0.4983753656771124,0.3793762679713767,0.2604166567325592,0.23665364272892475,0.4140625,0.84765625,1.163640172308078e-05,0.984375,0.984375,True,0.07850773632526398,1.0238831043243408,0.11899909770573569,1
single_shape,TwoLayerCNN,2005,random,0.75390625,1.0352299213409424,0.16872270085936586,0.1360020359735701,0.85382080078125,0.1886750262049783,0.40685941623002053,0.37047102078550975,0.2057291716337204,0.15722655970603228,0.75390625,0.96875,0.000249656499363482,1.0,1.0,True,0.3010190427303314,0.8652753829956055,0.03638839544451078,5
single_shape,TwoLayerCNN,2005,random,0.99609375,0.23712247610092163,0.2188000391617892,0.1360020359735701,0.8339640299479167,0.22111211174693826,0.3553456073539497,0.29746027693109156,0.1145833358168602,0.024576823067036457,0.99609375,1.0,0.0014249184168875217,1.0,1.0,True,0.67720627784729,0.8431689739227295,0.05788533042285815,10
single_shape,TwoLayerCNN,2005,random,1.0,0.013302790932357311,0.25200686845460574,0.1360020359735701,0.8334350585937499,0.22563170250495404,0.172236438109303,0.14588320005665956,0.03125,0.0237630209303461,1.0,1.0,0.00011802202789112926,1.0,1.0,True,1.0306298732757568,0.8650758266448975,0.026353238052643446,20
single_shape,TwoLayerCNN,2005,random,1.0,0.00481204641982913,0.2574338608286714,0.1360020359735701,0.82635498046875,0.2182637637411743,0.13219653780543517,0.11110828157493047,0.02734375,0.021972656366415322,1.0,1.0,4.126193744014017e-05,1.0,1.0,True,1.128230094909668,0.937969446182251,0.0210882562305047,40
single_shape,TwoLayerCNN,2005,random,1.0,0.0020271760877221823,0.2595348101225944,0.1360020359735701,0.8229166666666666,0.2206823293449217,0.08366623855438626,0.08582206543408667,0.014322916977107525,0.019368489971384406,1.0,1.0,3.3553747925907373e-05,1.0,1.0,True,1.2102099657058716,0.8776750564575195,-0.0021558268797004093,80
single_shape,TwoLayerCNN,2005,random,1.0,0.0012251818552613258,0.26053761587097524,0.1360020359735701,0.8208414713541667,0.22242295639150567,0.06972098309840247,0.07505947143306524,0.01171875,0.01822916674427688,1.0,1.0,3.1115188903640956e-05,1.0,1.0,True,1.2573728561401367,0.9465417861938477,-0.005338488334662772,120
single_shape,TwoLayerCNN,2005,random,1.0,0.0008583664312027395,0.2612271222911758,0.1360020359735701,0.81982421875,0.22333982747062783,0.060664496836649096,0.06792232337741623,0.009114583022892475,0.016438801772892475,1.0,1.0,2.936342752946075e-05,1.0,1.0,True,1.2904046773910522,1.003783941268921,-0.007257826540767134,160
single_shape,TwoLayerCNN,2005,random,1.0,0.0006519663147628307,0.2617186806953906,0.1360020359735701,0.819580078125,0.22437240181107124,0.054452761811994876,0.06300993342267203,0.0078125,0.015462239971384406,1.0,1.0,2.8150701837148517e-05,1.0,1.0,True,1.315863847732544,0.851353645324707,-0.00855717161067715,200
single_shape,TwoLayerCNN,2005,random_unitnorm,0.48046875,1.3341740369796753,0.14036123984299226,0.1360020357066717,0.83660888671875,0.21268499521070738,0.49705501832668453,0.3919063137814526,0.1640625,0.21663411520421505,0.484375,0.9296875,3.674348772619851e-05,0.984375,0.9921875,True,0.07713162899017334,0.8613831996917725,0.10514870454523195,1
single_shape,TwoLayerCNN,2005,random_unitnorm,0.90234375,0.9058535099029541,0.1685179397083728,0.1360020357066717,0.86309814453125,0.23810256629784773,0.42578680146861836,0.38201542125595933,0.1536458283662796,0.1448567695915699,0.91015625,0.96484375,0.00047141380491666496,1.0,1.0,True,0.32491952180862427,0.9041421413421631,0.04377138021265903,5
single_shape,TwoLayerCNN,2005,random_unitnorm,0.9921875,0.19795767962932587,0.1977502592097994,0.1360020357066717,0.8351033528645834,0.26471756811024116,0.3144719972068456,0.29343882868331395,0.02473958395421505,0.022135416918899864,0.99609375,0.9921875,0.0015000954736024141,1.0,1.0,True,0.6853201389312744,0.9060540199279785,0.021033168523531653,10
single_shape,TwoLayerCNN,2005,random_unitnorm,1.0,0.01607653498649597,0.21753037086135987,0.1360020357066717,0.8228352864583333,0.28064084794844213,0.1800883291721591,0.17597788764111022,0.0325520820915699,0.021484375101863407,1.0,1.0,0.000815961800981313,1.0,1.0,True,0.9972795248031616,0.8581647872924805,0.004110441531048892,20
single_shape,TwoLayerCNN,2005,random_unitnorm,1.0,0.0052461642771959305,0.2243140657949531,0.1360020357066717,0.8196818033854166,0.28083575386515686,0.11852081213925791,0.12520122295249533,0.01822916604578495,0.015462240000488237,1.0,1.0,0.00074782595038414,1.0,1.0,True,1.1071298122406006,0.8871166706085205,-0.00668041081323742,40
single_shape,TwoLayerCNN,2005,random_unitnorm,1.0,0.001977310748770833,0.2294413986747512,0.1360020357066717,0.8162231445312501,0.2794821136782109,0.09594927144394116,0.08997269961509491,0.02473958395421505,0.010904948139796034,1.0,1.0,0.0005850406014360487,1.0,1.0,True,1.1989047527313232,0.878765344619751,0.0059765718288462555,80
single_shape,TwoLayerCNN,2005,random_unitnorm,1.0,0.001118307001888752,0.23203890766611546,0.1360020357066717,0.8189493815104166,0.2793856914308987,0.08085898857043206,0.07529245009626392,0.0234375,0.009928385275998153,1.0,1.0,0.0004939913051202893,1.0,1.0,True,1.250581979751587,0.8382568359375,0.005566538474168131,120
single_shape,TwoLayerCNN,2005,random_unitnorm,1.0,0.0007429269608110189,0.233811043777097,0.1360020357066717,0.8184407552083333,0.27625558599958794,0.07111582781835046,0.06534201639393736,0.0234375,0.009277343982830644,1.0,1.0,0.0004392080008983612,1.0,1.0,True,1.2865331172943115,0.8610129356384277,0.005773811424413106,160
single_shape,TwoLayerCNN,2005,random_unitnorm,1.0,0.0005393369356170297,0.23532258856660593,0.1360020357066717,0.8177286783854167,0.27636788484588526,0.06464389092135281,0.05877935456545132,0.0234375,0.008300781133584678,1.0,1.0,0.0003954418934881687,1.0,1.0,True,1.314131259918213,0.8529415130615234,0.005864536355901492,200
single_shape,TwoLayerCNN,2005,template_init,0.35546875,1.3103127479553223,0.9976541876316941,1.0,0.8531697591145834,0.6050410646799264,0.42414628366679996,0.1573856346236725,0.2526041567325592,0.2003580741584301,0.359375,0.91796875,3.5195276723243296e-05,0.9921875,1.0,True,0.07904201745986938,0.8355708122253418,0.26676064904312746,1
single_shape,TwoLayerCNN,2005,template_init,1.0,0.9678323268890381,0.9669359707100093,1.0,0.8271280924479166,0.5969417257719947,0.581534368034087,0.41841520903989615,0.1731770783662796,0.10725911427289248,1.0,1.0,0.00030216434970498085,1.0,1.0,True,0.29667583107948303,0.8704500198364258,0.16311915899419083,5
single_shape,TwoLayerCNN,2005,template_init,1.0,0.28836771845817566,0.9042084636777886,1.0,0.816650390625,0.5499449188501124,0.44901120491665125,0.3492742942807243,0.13671875,0.022135416482342407,1.0,1.0,0.0018977788276970387,1.0,1.0,True,0.6527923345565796,0.9291353225708008,0.09973691063592693,10
single_shape,TwoLayerCNN,2005,template_init,1.0,0.020139742642641068,0.8406898182959603,1.0,0.8197428385416666,0.5122740669113586,0.2596319223062922,0.19614254410197923,0.0572916679084301,0.026529947950621136,1.0,1.0,0.0006614032899960876,1.0,1.0,True,1.0619555711746216,0.8854317665100098,0.06348937820431294,20
single_shape,TwoLayerCNN,2005,template_init,1.0,0.006408208515495062,0.8223417718465131,1.0,0.8235270182291667,0.5010171573549002,0.20599501303658596,0.14770259185656404,0.0481770820915699,0.021972655798890628,1.0,1.0,0.0002388893481111154,1.0,1.0,True,1.199880599975586,0.8627512454986572,0.058292421180021925,40
single_shape,TwoLayerCNN,2005,template_init,1.0,0.002711229957640171,0.8084743822259278,1.0,0.824951171875,0.4924789549972013,0.1699155354396371,0.11326013063433794,0.0442708320915699,0.019042969011934474,1.0,1.0,0.00012085330672562122,1.0,1.0,True,1.3062446117401123,0.92392897605896,0.05665540480529917,80
single_shape,TwoLayerCNN,2005,template_init,1.0,0.0016750595532357693,0.8011594924341348,1.0,0.8252360026041666,0.4882185510189594,0.16971006786956544,0.09800999982281988,0.0494791679084301,0.01888020828482695,1.0,1.0,7.700778951402754e-05,1.0,1.0,True,1.3649414777755737,0.9121859073638916,0.07170006804674556,120
single_shape,TwoLayerCNN,2005,template_init,1.0,0.0012091932585462928,0.796283213690206,1.0,0.825439453125,0.48588211263309217,0.16131114456457862,0.08897051121305881,0.0494791679084301,0.018066406060825102,1.0,1.0,5.5545322538819164e-05,1.0,1.0,True,1.4051525592803955,0.8434619903564453,0.07234063335151981,160
single_shape,TwoLayerCNN,2005,template_init,1.0,0.0009354736539535224,0.7925846948894545,1.0,0.82696533203125,0.48300976529635264,0.15544168376655443,0.08306710604575233,0.0520833320915699,0.018066406177240424,1.0,1.0,4.1002462239703164e-05,1.0,1.0,True,1.4360437393188477,0.8800575733184814,0.0723745777208021,200
single_shape,TwoLayerCNN,2005,template_release,0.359375,1.3100733757019043,0.9980324583006115,1.0,0.8537801106770834,0.6079372383701324,0.4226368400780862,0.15568933179048414,0.25,0.20019531436264515,0.36328125,0.92578125,3.524741259752773e-05,0.99609375,1.0,True,0.07256650924682617,0.8405835628509521,0.26694750828760205,1
single_shape,TwoLayerCNN,2005,template_release,1.0,0.9932772517204285,0.9878954176045907,1.0,0.8351847330729166,0.6151966240627412,0.5848929288570979,0.41991582012657197,0.2265625,0.11376953241415322,1.0,1.0,0.00027686654357239604,1.0,1.0,True,0.178404301404953,0.8335704803466797,0.1649771087305259,5
single_shape,TwoLayerCNN,2005,template_release,1.0,0.40201660990715027,0.9740017454483929,1.0,0.833251953125,0.5871878931015038,0.4568182750363097,0.37515705700905194,0.1158854141831398,0.03352864575572312,1.0,1.0,0.0016610100865364075,1.0,1.0,True,0.3325039744377136,0.8520357608795166,0.08166121802725773,10
single_shape,TwoLayerCNN,2005,template_release,1.0,0.08955150842666626,0.9845991285319431,1.0,0.8541056315104166,0.561787822750009,0.24129526250500832,0.2986377888483639,0.02604166604578495,0.042154948503593914,1.0,1.0,0.0020238731522113085,1.0,1.0,True,0.2363651990890503,0.8529841899871826,-0.05734252634335557,20
single_shape,TwoLayerCNN,2005,template_release,1.0,0.029085790738463402,0.992663201863829,1.0,0.85394287109375,0.5771943547711951,0.1666536225388222,0.22853257692153417,0.013020833022892475,0.03678385428793263,1.0,1.0,0.0015041311271488667,1.0,1.0,True,0.15848058462142944,0.8899843692779541,-0.06187895438271196,40
single_shape,TwoLayerCNN,2005,template_release,1.0,0.006375219207257032,0.9848513738744746,1.0,0.8497721354166666,0.5511667526967478,0.08606910404981527,0.14543049559349447,0.009114583022892475,0.02783203088620212,1.0,1.0,0.0007064644014462829,1.0,1.0,True,0.2310563027858734,0.9055390357971191,-0.0593613915436792,80
single_shape,TwoLayerCNN,2005,template_release,1.0,0.0018079644069075584,0.9557262328672489,1.0,0.8477376302083333,0.5446708551121713,0.08792655298041219,0.10282208714832036,0.014322916977107525,0.023111979055101983,1.0,1.0,0.00012356395018287003,1.0,1.0,True,0.4302498996257782,0.9556317329406738,-0.014895534167908175,120
single_shape,TwoLayerCNN,2005,template_release,1.0,0.0011827946873381734,0.9449258660945143,1.0,0.85260009765625,0.5396639597813062,0.09566067474681872,0.09235953495961478,0.01953125,0.0222981767001329,1.0,1.0,6.935941200936213e-05,1.0,1.0,True,0.500298023223877,0.8837299346923828,0.0033011397872039355,160
single_shape,TwoLayerCNN,2005,template_release,1.0,0.0008891187026165426,0.9376132967430396,1.0,0.8540649414062501,0.5223412722789695,0.08887122685003745,0.08600830779612804,0.01822916604578495,0.020833333299378864,1.0,1.0,4.5994042011443526e-05,1.0,1.0,True,0.5474730134010315,0.893639087677002,0.00286291905390941,200
single_shape,TwoLayerCNN,2005,template_retention_1,0.359375,1.3100733757019043,0.9980324583006115,1.0,0.8537801106770834,0.6079372383701324,0.4226368400780862,0.15568933179048414,0.25,0.20019531436264515,0.36328125,0.92578125,3.524741259752773e-05,0.99609375,1.0,True,0.07256650924682617,0.8682990074157715,0.26694750828760205,1
single_shape,TwoLayerCNN,2005,template_retention_1,1.0,0.9932772517204285,0.9878954176045907,1.0,0.8351847330729166,0.6151966240627412,0.5848929288570979,0.41991582012657197,0.2265625,0.11376953241415322,1.0,1.0,0.00027686654357239604,1.0,1.0,True,0.178404301404953,0.8327314853668213,0.1649771087305259,5
single_shape,TwoLayerCNN,2005,template_retention_1,1.0,0.40201660990715027,0.9740017454483929,1.0,0.833251953125,0.5871878931015038,0.4568182750363097,0.37515705700905194,0.1158854141831398,0.03352864575572312,1.0,1.0,0.0016610100865364075,1.0,1.0,True,0.3325039744377136,0.8691508769989014,0.08166121802725773,10
single_shape,TwoLayerCNN,2005,template_retention_1,1.0,0.09506113827228546,0.9865016707767692,1.0,0.8546549479166666,0.5659892316582231,0.24559578500762624,0.3028159760191069,0.02604166604578495,0.0432942704501329,1.0,1.0,0.0020813639275729656,1.0,1.0,True,0.21875888109207153,0.8671042919158936,-0.05722019101148068,20
single_shape,TwoLayerCNN,2005,template_retention_1,1.0,0.034316446632146835,0.9958703167060099,1.0,0.85455322265625,0.588809280442084,0.17350896771883284,0.23902130821336465,0.013020833022892475,0.03987630239862483,1.0,1.0,0.0017548480536788702,1.0,1.0,True,0.1167261153459549,0.8556122779846191,-0.0655123404945318,40
single_shape,TwoLayerCNN,2005,template_retention_1,1.0,0.014252732507884502,0.998979804950646,1.0,0.8524373372395834,0.6011438516058724,0.16037714514933865,0.18777406832291754,0.0377604179084301,0.03271484332799446,1.0,1.0,0.001089139492250979,1.0,1.0,True,0.05599890276789665,0.8533618450164795,-0.02739692317357889,80
single_shape,TwoLayerCNN,2005,template_retention_1,1.0,0.008259939961135387,0.9996503040899347,1.0,0.8518066406250001,0.6048965713103076,0.14528413397947304,0.16421798360726053,0.0416666679084301,0.03401692712213844,1.0,1.0,0.0005040446994826198,1.0,1.0,True,0.03294679522514343,0.9449045658111572,-0.01893384962778749,120
single_shape,TwoLayerCNN,2005,template_retention_1,1.0,0.005420404020696878,0.9998667683301927,1.0,0.8512369791666666,0.6057144201186603,0.14143705161500342,0.1506317477718772,0.0546875,0.034505208299378864,1.0,1.0,0.0003426137554924935,1.0,1.0,True,0.02058268152177334,0.881702184677124,-0.009194696156873794,160
single_shape,TwoLayerCNN,2005,template_retention_1,1.0,0.003921848256140947,0.9999294708360892,1.0,0.8536580403645834,0.6072469440219936,0.13553744183291982,0.14133808037481155,0.0559895820915699,0.03466796877910383,1.0,1.0,0.0002652317634783685,1.0,1.0,True,0.014929302036762238,0.9447193145751953,-0.005800638541891723,200
single_shape,TwoLayerCNN,2006,random,0.34765625,1.3481637239456177,0.12235328217099471,0.11594837543326575,0.872314453125,0.19631241517146977,0.28831996132230153,0.3767126289394461,0.22265625,0.2281901054084301,0.34765625,0.9296875,2.1279352949932218e-05,1.0,0.9921875,True,0.08219674229621887,0.8493757247924805,-0.0883926676171446,1
single_shape,TwoLayerCNN,2006,random,0.87109375,0.9208412170410156,0.13388756086798456,0.11594837543326575,0.8711140950520833,0.27486900347280835,0.38473971640410365,0.3747438735418001,0.1953125,0.10091145802289248,0.86328125,0.984375,0.00046973919961601496,1.0,1.0,True,0.32075828313827515,0.8957235813140869,0.009995842862303539,5
single_shape,TwoLayerCNN,2006,random,1.0,0.17330342531204224,0.17165732747050771,0.11594837543326575,0.8486328125,0.3095631271647787,0.29900500472895564,0.2687527299434066,0.0611979179084301,0.026855468633584678,1.0,1.0,0.0015520377783104777,1.0,1.0,True,0.6811751127243042,0.8353259563446045,0.030252274785549038,10
single_shape,TwoLayerCNN,2006,random,1.0,0.00906578078866005,0.20085443002147102,0.11594837543326575,0.8199869791666666,0.30183087068320247,0.16089159987918367,0.14289085568045118,0.0611979179084301,0.017903645551996306,1.0,1.0,0.0001397108571836725,1.0,1.0,True,0.9937835335731506,0.8979780673980713,0.018000744198732488,20
single_shape,TwoLayerCNN,2006,random,1.0,0.002761978656053543,0.20920583325810044,0.11594837543326575,0.8136189778645834,0.3057342663102474,0.10620840133189391,0.10358655749111847,0.03515625,0.012858072979724966,1.0,1.0,3.2118048693519086e-05,1.0,1.0,True,1.0882537364959717,0.8777627944946289,0.002621843840775434,40
single_shape,TwoLayerCNN,2006,random,1.0,0.0008978486293926835,0.21642304802541684,0.11594837543326575,0.8084309895833334,0.30879267621491413,0.08162007781086944,0.07754609216185895,0.0325520820915699,0.009928385625244118,1.0,1.0,7.12795190338511e-06,1.0,1.0,True,1.1720876693725586,0.8263771533966064,0.004073985649010486,80
single_shape,TwoLayerCNN,2006,random,1.0,0.0004531885788310319,0.21989912270264078,0.11594837543326575,0.8069051106770833,0.30942013562396803,0.06061820325250866,0.06478622391105635,0.02734375,0.008300781089928932,1.0,1.0,2.6707309643825283e-06,1.0,1.0,True,1.221116065979004,0.8859388828277588,-0.004168020658547683,120
single_shape,TwoLayerCNN,2006,random,1.0,0.00027743392274715006,0.22238580431487015,0.11594837543326575,0.8065388997395834,0.31051875283837355,0.05467131098863787,0.05685233337095173,0.02734375,0.0074869792588287964,1.0,1.0,1.273518250854977e-06,1.0,1.0,True,1.2557562589645386,0.9150583744049072,-0.002181022382313866,160
single_shape,TwoLayerCNN,2006,random,1.0,0.00018851218919735402,0.22402729458741094,0.11594837543326575,0.8065388997395834,0.31128386563710503,0.05061573463040858,0.05139240500793418,0.0234375,0.006835937543655746,1.0,1.0,7.100130119397363e-07,1.0,1.0,True,1.282404899597168,0.846163272857666,-0.0007766703775256012,200
single_shape,TwoLayerCNN,2006,random_unitnorm,0.44921875,1.315125823020935,0.11617519375656389,0.11594837570592721,0.8262736002604166,0.18445621846166185,0.3174461217009745,0.3604239876094945,0.22265625,0.21663411613553762,0.4453125,0.9296875,5.488624447025359e-05,1.0,1.0,True,0.08542650938034058,0.9244132041931152,-0.042977865908519985,1
single_shape,TwoLayerCNN,2006,random_unitnorm,0.92578125,0.8326341509819031,0.12848027195873357,0.11594837570592721,0.8468017578125,0.17792358223934834,0.394388073892572,0.35694189547751565,0.1171875,0.0791015625,0.91796875,0.9921875,0.0006721144309267402,1.0,1.0,True,0.3393774926662445,0.890059232711792,0.037446178415056375,5
single_shape,TwoLayerCNN,2006,random_unitnorm,1.0,0.14565816521644592,0.15232916760202433,0.11594837570592721,0.8443806966145833,0.21124964904303367,0.3097146389773444,0.2595287370742453,0.0572916679084301,0.015462239607586525,1.0,1.0,0.001369362697005272,1.0,1.0,True,0.6945608258247375,0.860539436340332,0.05018590190309913,10
single_shape,TwoLayerCNN,2006,random_unitnorm,1.0,0.00962023250758648,0.16585731146268645,0.11594837570592721,0.8348185221354166,0.22156004281056116,0.16623575121026657,0.13550181748789122,0.02734375,0.01220703125,1.0,1.0,0.00011260112660238519,1.0,1.0,True,0.9886330366134644,0.8749668598175049,0.030733933722375345,20
single_shape,TwoLayerCNN,2006,random_unitnorm,1.0,0.0029552297201007605,0.1687907821501694,0.11594837570592721,0.8287556966145834,0.22535783777199125,0.11212408552577147,0.09782091006229408,0.02734375,0.01057942712213844,1.0,1.0,2.2221858671400696e-05,1.0,1.0,True,1.085277795791626,0.9038846492767334,0.014303175463477383,40
single_shape,TwoLayerCNN,2006,random_unitnorm,1.0,0.0009856300894171,0.17222438069988077,0.11594837570592721,0.8242594401041666,0.2289027220121655,0.08760705485562359,0.074250277368131,0.02213541604578495,0.007975260494276881,1.0,1.0,4.289071057428373e-06,1.0,1.0,True,1.170753836631775,0.8717424869537354,0.013356777487492588,80
single_shape,TwoLayerCNN,2006,random_unitnorm,1.0,0.0005070854676887393,0.17420573511922993,0.11594837570592721,0.8223063151041666,0.23228336760295565,0.07613362581604233,0.06337455838121722,0.02213541604578495,0.006673177005723119,1.0,1.0,1.526364712844952e-06,1.0,1.0,True,1.2204145193099976,0.9448580741882324,0.012759067434825105,120
single_shape,TwoLayerCNN,2006,random_unitnorm,1.0,0.00031402657623402774,0.175651508571664,0.11594837570592721,0.8210042317708334,0.233957771649363,0.06944036364058648,0.05690421704216865,0.02083333395421505,0.006022135348757729,1.0,1.0,7.126138825697126e-07,1.0,1.0,True,1.255431890487671,0.872704267501831,0.012536146598417827,160
single_shape,TwoLayerCNN,2006,random_unitnorm,1.0,0.0002151264634449035,0.17668796081765298,0.11594837570592721,0.820068359375,0.23475933105859015,0.06468825547400325,0.052316612003103766,0.02083333395421505,0.0058593749708961695,1.0,1.0,3.8089021359155595e-07,1.0,1.0,True,1.2825324535369873,0.8549060821533203,0.012371643470899488,200
single_shape,TwoLayerCNN,2006,template_init,0.43359375,1.2917238473892212,0.9972750983837086,1.0,0.8748372395833334,0.5564531011709897,0.44664367148355244,0.28039588023140416,0.1822916716337204,0.2044270820915699,0.4296875,0.94921875,6.208352715475485e-05,0.99609375,1.0,True,0.08245695382356644,0.832268476486206,0.16624779125214828,1
single_shape,TwoLayerCNN,2006,template_init,0.98828125,0.8261174559593201,0.962075843302767,1.0,0.8455607096354166,0.5598141485813501,0.4666469445805963,0.3857102121440198,0.1888020783662796,0.10107421875,0.99609375,0.9921875,0.0007252977229654789,1.0,1.0,True,0.31957125663757324,0.7994585037231445,0.08093673243657651,5
single_shape,TwoLayerCNN,2006,template_init,1.0,0.19315482676029205,0.8988630664033577,1.0,0.8628133138020834,0.5239776397658572,0.40020747642154453,0.3044566463930055,0.1927083283662796,0.013183593808207661,1.0,1.0,0.001461454201489687,1.0,1.0,True,0.6489362716674805,0.8309917449951172,0.09575083002853901,10
single_shape,TwoLayerCNN,2006,template_init,1.0,0.013824892230331898,0.8449330946695185,1.0,0.87774658203125,0.4951732953302147,0.25566902803590996,0.19228412710034198,0.12109375,0.01904296838620212,1.0,1.0,0.0002573555684648454,1.0,1.0,True,0.9713437557220459,0.8267979621887207,0.06338490093556798,20
single_shape,TwoLayerCNN,2006,template_init,1.0,0.003312662709504366,0.8281314492946618,1.0,0.8742472330729167,0.48791435962775775,0.23837526015785082,0.15041527049321543,0.1119791641831398,0.023763021003105678,1.0,1.0,6.026778282830492e-05,1.0,1.0,True,1.0920459032058716,0.8595430850982666,0.08795998966463539,40
single_shape,TwoLayerCNN,2006,template_init,1.0,0.0009311744361184537,0.8179955922678444,1.0,0.86956787109375,0.48321257699000986,0.19933769368388643,0.12054533434630116,0.0924479141831398,0.025878905958961695,1.0,1.0,2.3282122128875926e-05,1.0,1.0,True,1.1822848320007324,0.8540239334106445,0.07879235933758527,80
single_shape,TwoLayerCNN,2006,template_init,1.0,0.0004421356425154954,0.8131111434012604,1.0,0.8671468098958334,0.4809758834620157,0.18202437416957684,0.1080486664654701,0.0833333358168602,0.026529948081588373,1.0,1.0,1.277066894544987e-05,1.0,1.0,True,1.2305946350097656,0.8861169815063477,0.07397570770410675,120
single_shape,TwoLayerCNN,2006,template_init,1.0,0.0002591001393739134,0.8098603408587401,1.0,0.8657023111979166,0.4789961612674968,0.17152442723395533,0.10157917843808344,0.0794270858168602,0.02701822979724966,1.0,1.0,7.989896403159946e-06,1.0,1.0,True,1.2639011144638062,0.8907029628753662,0.0699452487958719,160
single_shape,TwoLayerCNN,2006,template_init,1.0,0.00017147442849818617,0.8074676008437129,1.0,0.86383056640625,0.4776364497429456,0.16459011330926487,0.09735987130969277,0.078125,0.027506510581588373,1.0,1.0,4.789585091202753e-06,1.0,1.0,True,1.2893297672271729,0.9099423885345459,0.0672302419995721,200
single_shape,TwoLayerCNN,2006,template_release,0.43359375,1.291908860206604,0.9976485825215834,1.0,0.8746541341145833,0.5543660277670879,0.44651209073728393,0.2800003089651923,0.1822916716337204,0.205078125,0.4296875,0.9453125,6.247279816307127e-05,0.99609375,1.0,True,0.07655850052833557,0.8089277744293213,0.16651178177209164,1
single_shape,TwoLayerCNN,2006,template_release,0.98828125,0.8566944599151611,0.9824957084849052,1.0,0.8695678710937501,0.5405438907422148,0.4925351631883622,0.3871776698220367,0.22265625,0.12093099113553762,0.99609375,0.9921875,0.0006913959514349699,1.0,1.0,True,0.2202381193637848,0.8265519142150879,0.1053574933663255,5
single_shape,TwoLayerCNN,2006,template_release,1.0,0.2880397140979767,0.9714761635877361,1.0,0.8506876627604167,0.5274795797229794,0.4385623386759817,0.3382546876840113,0.2096354216337204,0.0208333334303461,1.0,1.0,0.001797904958948493,1.0,1.0,True,0.34353363513946533,0.8467950820922852,0.10030765099197042,10
single_shape,TwoLayerCNN,2006,template_release,1.0,0.08039876073598862,0.9855752862336238,1.0,0.8785603841145834,0.5246232860279083,0.33448026871075875,0.2915317302414197,0.2083333283662796,0.039550780988065526,1.0,1.0,0.0012825969606637955,1.0,1.0,True,0.2333509922027588,0.82179856300354,0.04294853846933905,20
single_shape,TwoLayerCNN,2006,template_release,1.0,0.023206915706396103,0.993543673299547,1.0,0.8800455729166667,0.5222318252952596,0.31958398829492773,0.23494565926785624,0.19921875,0.03824869793606922,1.0,1.0,0.0004446667735464871,1.0,1.0,True,0.15397369861602783,0.8536620140075684,0.0846383290270715,40
single_shape,TwoLayerCNN,2006,template_release,1.0,0.002805436262860894,0.9877735568568058,1.0,0.8760172526041666,0.5158354316763797,0.2524940626705301,0.16885552650405944,0.140625,0.04443359305150807,1.0,1.0,2.599174331407994e-05,1.0,1.0,True,0.21181410551071167,0.876429557800293,0.08363853616647066,80
single_shape,TwoLayerCNN,2006,template_release,1.0,0.0005153462989255786,0.9633033583322659,1.0,0.8664754231770834,0.4930490344610081,0.16897177400101226,0.13671784227246825,0.1002604141831398,0.05159505239862483,1.0,1.0,3.4981039789272472e-06,1.0,1.0,True,0.38452768325805664,0.899538516998291,0.032253931728544016,120
single_shape,TwoLayerCNN,2006,template_release,1.0,0.00027608321397565305,0.9536494411259601,1.0,0.8667195638020834,0.48796544349703647,0.15421878810041478,0.12874622763642346,0.0911458358168602,0.05338541720993817,1.0,1.0,1.6985319462037296e-06,1.0,1.0,True,0.4477466344833374,0.8919227123260498,0.025472560463991323,160
single_shape,TwoLayerCNN,2006,template_release,1.0,0.00018108855874743313,0.9470038515527165,1.0,0.8664143880208334,0.4773208620699569,0.14547469502309562,0.12423556996050046,0.0872395858168602,0.05387369729578495,1.0,1.0,1.0584993788143038e-06,1.0,1.0,True,0.49076277017593384,0.8351309299468994,0.021239125062595163,200
single_shape,TwoLayerCNN,2006,template_retention_1,0.43359375,1.291908860206604,0.9976485825215834,1.0,0.8746541341145833,0.5543660277670879,0.44651209073728393,0.2800003089651923,0.1822916716337204,0.205078125,0.4296875,0.9453125,6.247279816307127e-05,0.99609375,1.0,True,0.07655850052833557,0.8514575958251953,0.16651178177209164,1
single_shape,TwoLayerCNN,2006,template_retention_1,0.98828125,0.8566944599151611,0.9824957084849052,1.0,0.8695678710937501,0.5405438907422148,0.4925351631883622,0.3871776698220367,0.22265625,0.12093099113553762,0.99609375,0.9921875,0.0006913959514349699,1.0,1.0,True,0.2202381193637848,0.8205716609954834,0.1053574933663255,5
single_shape,TwoLayerCNN,2006,template_retention_1,1.0,0.2880397140979767,0.9714761635877361,1.0,0.8506876627604167,0.5274795797229794,0.4385623386759817,0.3382546876840113,0.2096354216337204,0.0208333334303461,1.0,1.0,0.001797904958948493,1.0,1.0,True,0.34353363513946533,0.8280162811279297,0.10030765099197042,10
single_shape,TwoLayerCNN,2006,template_retention_1,1.0,0.08563029766082764,0.9873411387436519,1.0,0.8789469401041666,0.5251937779015702,0.3382352016937602,0.2948979440277475,0.2096354216337204,0.03971354183158837,1.0,1.0,0.0013384830672293901,1.0,1.0,True,0.21703550219535828,0.8195300102233887,0.04333725766601271,20
single_shape,TwoLayerCNN,2006,template_retention_1,1.0,0.028093190863728523,0.9964148596523938,1.0,0.88031005859375,0.5271929847430724,0.3190751228005787,0.24273467073227978,0.2096354216337204,0.039876302165794186,1.0,1.0,0.0005602587480098009,1.0,1.0,True,0.11394524574279785,0.8610508441925049,0.07634045206829893,40
single_shape,TwoLayerCNN,2006,template_retention_1,1.0,0.008465335704386234,0.999252623000332,1.0,0.8788655598958334,0.5389100763185045,0.30331150500739756,0.1956474501413068,0.1796875,0.037923176525509916,1.0,1.0,0.0002627428330015391,1.0,1.0,True,0.05077380686998367,0.8631391525268555,0.10766405486609076,80
single_shape,TwoLayerCNN,2006,template_retention_1,1.0,0.00437334505841136,0.9997459007170887,1.0,0.88116455078125,0.5410213955896196,0.3047340300891437,0.18020924981320388,0.2018229216337204,0.04671224040794186,1.0,1.0,0.00013152335304766893,1.0,1.0,True,0.029147731140255928,0.8532040119171143,0.1245247802759398,120
single_shape,TwoLayerCNN,2006,template_retention_1,1.0,0.002628228859975934,0.9998906392772663,1.0,0.8815104166666666,0.5413592587888524,0.3052134307948775,0.1698900208667829,0.2122395783662796,0.04850260465173051,1.0,1.0,8.223672193707898e-05,1.0,1.0,True,0.018884604796767235,0.8184571266174316,0.1353234099280946,160
single_shape,TwoLayerCNN,2006,template_retention_1,1.0,0.0017647950444370508,0.9999411687213645,1.0,0.88134765625,0.5417709199787337,0.30176877844008454,0.1622996958140539,0.2174479216337204,0.05029296921566129,1.0,1.0,4.652053758036345e-05,1.0,1.0,True,0.01366366632282734,0.8414344787597656,0.13946908262603064,200
single_shape,TwoLayerCNN,2007,random,0.26171875,1.3201971054077148,0.1471977715679496,0.1438527141101103,0.8326619466145834,0.3253802276143252,0.33856560069012565,0.40416233710306443,0.2994791567325592,0.2705078125,0.2578125,0.98828125,3.066455974476412e-05,0.96875,0.984375,True,0.07742774486541748,0.860731840133667,-0.06559673641293878,1
single_shape,TwoLayerCNN,2007,random,0.8515625,0.9744981527328491,0.20002512941666528,0.1438527141101103,0.876708984375,0.3810664612205059,0.3534313657043786,0.39126622479375384,0.12109375,0.1502278633415699,0.85546875,0.98046875,0.0003759775136131793,1.0,1.0,True,0.3155723810195923,0.8318018913269043,-0.03783485908937523,5
single_shape,TwoLayerCNN,2007,random,0.98828125,0.19748391211032867,0.26407675637582884,0.1438527141101103,0.8450927734375,0.3918722050775386,0.31605978284638925,0.33218088147271585,0.0546875,0.03759765636641532,0.98828125,1.0,0.0013965190155431628,1.0,1.0,True,0.7018482685089111,0.839181661605835,-0.016121098626326602,10
single_shape,TwoLayerCNN,2007,random,1.0,0.012921374291181564,0.28266667440352966,0.1438527141101103,0.8330281575520834,0.3876143951048536,0.17143732992987382,0.1988625408986337,0.0325520820915699,0.030273437238065526,1.0,1.0,0.0002683010825421661,1.0,1.0,True,1.040414810180664,0.873690128326416,-0.027425210968759883,20
single_shape,TwoLayerCNN,2007,random,1.0,0.005040597636252642,0.2857764330021566,0.1438527141101103,0.8284912109375,0.3875121569359849,0.12933687654186754,0.1505281815538379,0.02734375,0.023600260115927085,1.0,1.0,0.00015440554125234485,1.0,1.0,True,1.1378083229064941,0.8510913848876953,-0.021191305011970363,40
single_shape,TwoLayerCNN,2007,random,1.0,0.00206574029289186,0.28753692732962616,0.1438527141101103,0.8238321940104166,0.38583259784852986,0.09858053048304916,0.11687973170487344,0.014322916977107525,0.018717447732342407,1.0,1.0,6.997214950388297e-05,1.0,1.0,True,1.2261584997177124,0.8445048332214355,-0.018299201221824282,80
single_shape,TwoLayerCNN,2007,random,1.0,0.0012305768905207515,0.2879924438607795,0.1438527141101103,0.8226114908854167,0.38560020023355823,0.08263408699340413,0.09955466447257746,0.01171875,0.015787760290550068,1.0,1.0,4.067499685334042e-05,1.0,1.0,True,1.2778964042663574,0.856837272644043,-0.016920577479173332,120
single_shape,TwoLayerCNN,2007,random,1.0,0.0008654407574795187,0.2882227307793599,0.1438527141101103,0.8215738932291666,0.38476300551448284,0.072831776921778,0.0901752317093764,0.009114583022892475,0.015136718662688509,1.0,1.0,2.9955082936794497e-05,1.0,1.0,True,1.3144941329956055,0.8632595539093018,-0.017343454787598397,160
single_shape,TwoLayerCNN,2007,random,1.0,0.0006430195644497871,0.28830418102318245,0.1438527141101103,0.8210449218749999,0.3847050748957183,0.06562075944022339,0.08328940027827385,0.0065104165114462376,0.014322916744276881,1.0,1.0,2.0994986698497087e-05,1.0,1.0,True,1.3428131341934204,0.8822553157806396,-0.01766864083805046,200
single_shape,TwoLayerCNN,2007,random_unitnorm,0.2578125,1.3112672567367554,0.1394085857907863,0.14385271435857178,0.8086140950520834,0.30480294738716746,0.3929711408797951,0.4141253923454824,0.2291666716337204,0.2775065116584301,0.2578125,0.98828125,6.586834933841601e-05,0.97265625,0.99609375,True,0.07856252789497375,0.8861746788024902,-0.02115425146568728,1
single_shape,TwoLayerCNN,2007,random_unitnorm,0.92578125,0.9523399472236633,0.140519882835557,0.14385271435857178,0.8551025390625,0.35490691163376475,0.4340851430451649,0.39398175986210293,0.1184895858168602,0.14697265438735485,0.92578125,0.9765625,0.0005541056161746383,1.0,1.0,True,0.32240819931030273,0.8774116039276123,0.04010338318306195,5
single_shape,TwoLayerCNN,2007,random_unitnorm,0.99609375,0.21841982007026672,0.18607422785960395,0.14385271435857178,0.87542724609375,0.402338485534684,0.28113211441384944,0.32578390377806454,0.014322916977107525,0.030110677296761423,0.99609375,0.9921875,0.002144239842891693,1.0,1.0,True,0.6819525957107544,0.8793158531188965,-0.0446517893642151,10
single_shape,TwoLayerCNN,2007,random_unitnorm,1.0,0.013196338899433613,0.22348059881086668,0.14385271435857178,0.8725382486979166,0.39605116779928856,0.17077641276269118,0.1891092590794911,0.015625,0.022949218560825102,1.0,1.0,0.0004984228871762753,1.0,1.0,True,1.0332326889038086,0.869603157043457,-0.018332846316799933,20
single_shape,TwoLayerCNN,2007,random_unitnorm,1.0,0.004367043264210224,0.23114595549146089,0.14385271435857178,0.8720906575520833,0.39056079378900765,0.14404580449565618,0.13980972155436097,0.01692708395421505,0.016601562208961695,1.0,1.0,0.00021189653489273041,1.0,1.0,True,1.146291971206665,0.9347150325775146,0.004236082941295211,40
single_shape,TwoLayerCNN,2007,random_unitnorm,1.0,0.0016424062196165323,0.23670721465852343,0.14385271435857178,0.8728841145833334,0.3865401691475523,0.11142611560433457,0.10441871216075364,0.015625,0.014160156264551915,1.0,1.0,7.208322494989261e-05,1.0,1.0,True,1.244530200958252,0.8477730751037598,0.007007403443580931,80
single_shape,TwoLayerCNN,2007,random_unitnorm,1.0,0.0009428160265088081,0.2391985527150615,0.14385271435857178,0.87298583984375,0.38355140749914507,0.09482603270698875,0.08640925983138391,0.01692708395421505,0.012369791525998153,1.0,1.0,3.5649456549435854e-05,1.0,1.0,True,1.301141619682312,0.8733723163604736,0.008416772875604842,120
single_shape,TwoLayerCNN,2007,random_unitnorm,1.0,0.0006487036007456481,0.24082075329220373,0.14385271435857178,0.87286376953125,0.38108031029325035,0.08543513196140562,0.07655436654839483,0.01822916604578495,0.012044271003105678,1.0,1.0,2.2097354303696193e-05,1.0,1.0,True,1.340854525566101,0.8713223934173584,0.008880765413010791,160
single_shape,TwoLayerCNN,2007,random_unitnorm,1.0,0.0004813967098016292,0.24188190961615075,0.14385271435857178,0.8720906575520834,0.37957777049756025,0.07085711493851898,0.06921628762511997,0.009114583022892475,0.011881510275998153,1.0,1.0,1.436774527974194e-05,1.0,1.0,True,1.3715324401855469,0.8587071895599365,0.0016408273133990126,200
single_shape,TwoLayerCNN,2007,template_init,0.33984375,1.3072313070297241,0.9976894497308735,1.0,0.8757527669270833,0.6019596345362475,0.6538918837403492,0.33270562149003113,0.2994791567325592,0.29573567770421505,0.3359375,0.953125,3.9198923332151026e-05,0.99609375,0.99609375,True,0.07534197717905045,0.8680357933044434,0.3211862622503181,1
single_shape,TwoLayerCNN,2007,template_init,0.98828125,0.9266703724861145,0.9637631745877949,1.0,0.8416341145833333,0.596383256827913,0.5397339391539031,0.41034211628944195,0.1067708358168602,0.1149088554084301,0.984375,0.984375,0.0003486670320853591,0.99609375,1.0,True,0.303935170173645,0.8585593700408936,0.12939182286446116,5
single_shape,TwoLayerCNN,2007,template_init,0.99609375,0.20859043300151825,0.8987095306017718,1.0,0.849853515625,0.5501088269628015,0.4419490206285951,0.33790374085487296,0.01692708395421505,0.016601562208961695,0.99609375,0.99609375,0.0014232834801077843,1.0,1.0,True,0.653076171875,0.8518321514129639,0.10404527977372213,10
single_shape,TwoLayerCNN,2007,template_init,0.99609375,0.016778768971562386,0.8480425474485038,1.0,0.8541056315104166,0.5238420313493308,0.31303650583071574,0.1775343066376439,0.1471354216337204,0.02750651104724966,0.99609375,0.99609375,0.0011966482270509005,1.0,1.0,True,0.9932366013526917,0.851125955581665,0.13550219919307183,20
single_shape,TwoLayerCNN,2007,template_init,1.0,0.00782731082290411,0.8344899626513054,1.0,0.85150146484375,0.5137103313215456,0.2763216782472423,0.1335671543555818,0.1510416716337204,0.026692708415794186,0.99609375,0.99609375,0.0017545021837577224,1.0,1.0,True,1.1028985977172852,0.8358607292175293,0.1427545238916605,40
single_shape,TwoLayerCNN,2007,template_init,1.0,0.0043242983520030975,0.8230483110730837,1.0,0.8511962890624999,0.5073088548422511,0.24945131336768922,0.10578255156885409,0.15625,0.025716145217302255,0.99609375,0.99609375,0.0024556592106819153,1.0,1.0,True,1.1972017288208008,0.8807029724121094,0.14366876179883514,80
single_shape,TwoLayerCNN,2007,template_init,1.0,0.0031163219828158617,0.8167006505204163,1.0,0.8487752278645834,0.5042419955095935,0.24478193750364752,0.09208675532055223,0.1614583283662796,0.02408854171517305,0.99609375,0.99609375,0.0030302777886390686,1.0,1.0,True,1.2513699531555176,0.9018814563751221,0.1526951821830953,120
single_shape,TwoLayerCNN,2007,template_init,1.0,0.002411901019513607,0.8123467745281663,1.0,0.8473103841145834,0.5009053345490483,0.24069908370159865,0.08553421738830798,0.171875,0.02278645822661929,0.99609375,0.99609375,0.0035512284375727177,1.0,1.0,True,1.2893977165222168,0.854233980178833,0.15516486631329068,160
single_shape,TwoLayerCNN,2007,template_init,1.0,0.001954146893694997,0.8090886679461529,1.0,0.8466389973958334,0.4975264126264727,0.2388792910145543,0.08133795188366152,0.17578125,0.021809896003105678,0.99609375,0.99609375,0.003936097025871277,1.0,1.0,True,1.3185582160949707,0.8565893173217773,0.15754133913089277,200
single_shape,TwoLayerCNN,2007,template_release,0.33984375,1.306765079498291,0.9980306201444132,1.0,0.8754069010416666,0.5877638322379529,0.6540750103679871,0.3346527958069311,0.2981770932674408,0.29443359188735485,0.33984375,0.95703125,3.8875990867381915e-05,0.99609375,0.99609375,True,0.06907624006271362,0.8181054592132568,0.319422214561056,1
single_shape,TwoLayerCNN,2007,template_release,0.9921875,0.9451133608818054,0.9840887207175217,1.0,0.8458251953125,0.607003630068145,0.5392556981716831,0.41204061859636176,0.1002604141831398,0.12239583302289248,0.98828125,0.9921875,0.0003129641409032047,1.0,1.0,True,0.19976934790611267,0.8927302360534668,0.1272150795753213,5
single_shape,TwoLayerCNN,2007,template_release,1.0,0.29146361351013184,0.9706181384280569,1.0,0.8442586263020833,0.5658460736428338,0.4727639928121542,0.37140381478889006,0.03125,0.030924478720407933,0.99609375,0.99609375,0.0015088553773239255,1.0,1.0,True,0.34113001823425293,0.8488674163818359,0.10136017802326414,10
single_shape,TwoLayerCNN,2007,template_release,1.0,0.06701921671628952,0.9869647312308544,1.0,0.8620198567708334,0.5718039503533435,0.4082368480999983,0.2855958571114875,0.1263020783662796,0.0382486982998671,0.99609375,0.99609375,0.0012636531610041857,1.0,1.0,True,0.2044685333967209,0.8430688381195068,0.12264099098851078,20
single_shape,TwoLayerCNN,2007,template_release,1.0,0.023375635966658592,0.9933504599511176,1.0,0.86785888671875,0.5960053862445697,0.28859664754528314,0.21480484406519412,0.1041666641831398,0.029785156410071068,0.99609375,0.99609375,0.0013627399457618594,1.0,1.0,True,0.13875827193260193,0.8439288139343262,0.07379180348008901,40
single_shape,TwoLayerCNN,2007,template_release,1.0,0.005367929581552744,0.9858828392328324,1.0,0.8577880859375,0.5867882620716762,0.19907495409506737,0.1374112677512742,0.08984375,0.026204427020275034,0.99609375,0.99609375,0.0026511559262871742,1.0,1.0,True,0.20535233616828918,0.8343169689178467,0.061663686343793156,80
single_shape,TwoLayerCNN,2007,template_release,1.0,0.0024340387899428606,0.958568313399254,1.0,0.84051513671875,0.5442697094036736,0.2917215468158757,0.0960700075544905,0.2239583283662796,0.02132161481131334,0.99609375,0.99609375,0.003702789079397917,1.0,1.0,True,0.38857269287109375,0.8671021461486816,0.1956515392613852,120
single_shape,TwoLayerCNN,2007,template_release,1.0,0.0018888096092268825,0.9482296503188696,1.0,0.8387044270833334,0.540846544930503,0.2806879178821007,0.08537170598142317,0.2200520783662796,0.021158853967790492,0.99609375,0.99609375,0.00411062128841877,1.0,1.0,True,0.45404672622680664,0.8636326789855957,0.1953162119006775,160
single_shape,TwoLayerCNN,2007,template_release,1.0,0.0014853477478027344,0.9412911585449827,1.0,0.8435262044270833,0.5395796952513395,0.27473608872435307,0.07987631826080979,0.2161458283662796,0.020833333604969084,0.99609375,0.99609375,0.004604830872267485,1.0,1.0,True,0.4977938234806061,0.8326656818389893,0.19485977046354327,200
single_shape,TwoLayerCNN,2007,template_retention_1,0.33984375,1.306765079498291,0.9980306201444132,1.0,0.8754069010416666,0.5877638322379529,0.6540750103679871,0.3346527958069311,0.2981770932674408,0.29443359188735485,0.33984375,0.95703125,3.8875990867381915e-05,0.99609375,0.99609375,True,0.06907624006271362,0.8353497982025146,0.319422214561056,1
single_shape,TwoLayerCNN,2007,template_retention_1,0.9921875,0.9451133608818054,0.9840887207175217,1.0,0.8458251953125,0.607003630068145,0.5392556981716831,0.41204061859636176,0.1002604141831398,0.12239583302289248,0.98828125,0.9921875,0.0003129641409032047,1.0,1.0,True,0.19976934790611267,0.839968204498291,0.1272150795753213,5
single_shape,TwoLayerCNN,2007,template_retention_1,1.0,0.29146361351013184,0.9706181384280569,1.0,0.8442586263020833,0.5658460736428338,0.4727639928121542,0.37140381478889006,0.03125,0.030924478720407933,0.99609375,0.99609375,0.0015088553773239255,1.0,1.0,True,0.34113001823425293,0.8679466247558594,0.10136017802326414,10
single_shape,TwoLayerCNN,2007,template_retention_1,1.0,0.07098307460546494,0.988518096790065,1.0,0.8631795247395834,0.5715953240349558,0.41285501305106886,0.2891613506987031,0.12890625,0.03922526010137517,0.99609375,0.99609375,0.0012851437786594033,1.0,1.0,True,0.19006550312042236,0.8313112258911133,0.12369366235236579,20
single_shape,TwoLayerCNN,2007,template_retention_1,1.0,0.026818083599209785,0.9961544856889819,1.0,0.8711751302083333,0.5969112223365025,0.2967892217967145,0.2238298466159508,0.1106770858168602,0.030273436845163815,0.99609375,0.99609375,0.001370882266201079,1.0,1.0,True,0.10359629988670349,0.8298847675323486,0.07295937518076373,40
single_shape,TwoLayerCNN,2007,template_retention_1,0.99609375,0.012301591224968433,0.9991053371511425,1.0,0.87249755859375,0.596846360050165,0.2500102817258154,0.16979323612587183,0.1145833358168602,0.024088541642413475,0.99609375,1.0,0.0014547366881743073,1.0,1.0,True,0.04779675602912903,0.8714749813079834,0.08021704559994358,80
single_shape,TwoLayerCNN,2007,template_retention_1,0.99609375,0.008348768576979637,0.9996770723621937,1.0,0.87445068359375,0.5961286878032149,0.26264052113988523,0.1426639236933699,0.125,0.022623697775998153,0.99609375,1.0,0.0014326770324259996,0.99609375,1.0,True,0.02821473404765129,0.8763861656188965,0.11997659744651534,120
single_shape,TwoLayerCNN,2007,template_retention_1,0.99609375,0.006602996028959751,0.9998598034825331,1.0,0.87518310546875,0.5956962091063738,0.22288838951359047,0.12653450889523643,0.0716145858168602,0.022135416889796034,0.99609375,1.0,0.0013993746833875775,0.99609375,1.0,True,0.01852746121585369,0.8332405090332031,0.09635388061835404,160
single_shape,TwoLayerCNN,2007,template_retention_1,0.99609375,0.005242446903139353,0.9999344635222956,1.0,0.8761800130208333,0.5949226684986745,0.21727048740815091,0.1163488429556011,0.0716145858168602,0.021809895275509916,0.99609375,1.0,0.0016306452453136444,0.99609375,1.0,True,0.012750545516610146,0.8327350616455078,0.10092164445254981,200
single_shape,TwoLayerCNN,2008,random,0.34765625,1.3284461498260498,0.16290977579212698,0.1656030083919694,0.8449503580729166,0.24780901137543715,0.5460933552085563,0.42365190288532995,0.2630208432674408,0.24235025979578495,0.34765625,0.89453125,2.700065124372486e-05,0.9921875,0.99609375,True,0.07770852744579315,0.8439407348632812,0.12244145232322634,1
single_shape,TwoLayerCNN,2008,random,0.953125,0.8647550940513611,0.22842607491463507,0.1656030083919694,0.8434041341145834,0.30778264858636084,0.4173211014838166,0.39150960118957945,0.1223958358168602,0.07991536427289248,0.94921875,0.98828125,0.00041473491000942886,1.0,1.0,True,0.3406413793563843,0.9032087326049805,0.025811500294237177,5
single_shape,TwoLayerCNN,2008,random,1.0,0.13542410731315613,0.279807279243656,0.1656030083919694,0.8567911783854166,0.32369329819333886,0.32989769893996923,0.29339247673193225,0.0846354141831398,0.0333658853196539,1.0,1.0,0.0012078452855348587,1.0,1.0,True,0.7224962711334229,0.859771728515625,0.03650522220803698,10
single_shape,TwoLayerCNN,2008,random,1.0,0.009826304391026497,0.30816565137410273,0.1656030083919694,0.8491414388020834,0.3250566858593521,0.17030100744157606,0.14106485106829403,0.0611979179084301,0.014973958168411627,1.0,1.0,0.00011559467384358868,1.0,1.0,True,1.0295366048812866,0.8458325862884521,0.02923615637328203,20
single_shape,TwoLayerCNN,2008,random,1.0,0.00343348179012537,0.3161504476677064,0.1656030083919694,0.84490966796875,0.328485716175664,0.1372389214499331,0.10884491032127194,0.05859375,0.011555989694898017,1.0,1.0,2.304404006281402e-05,1.0,1.0,True,1.1269727945327759,0.8741414546966553,0.028394011128661162,40
single_shape,TwoLayerCNN,2008,random,1.0,0.001326940837316215,0.3217463595560866,0.1656030083919694,0.8430379231770834,0.33040524992569986,0.11639420102064069,0.08408918216763367,0.0546875,0.009765625160071068,1.0,1.0,5.696979769709287e-06,1.0,1.0,True,1.2077747583389282,0.8325753211975098,0.03230501885300702,80
single_shape,TwoLayerCNN,2008,random,1.0,0.0007527507259510458,0.32449126264282424,0.1656030083919694,0.8359375,0.33049989683738895,0.10938061268960864,0.07206964200381923,0.0520833320915699,0.008951822921517305,1.0,1.0,2.468066895744414e-06,1.0,1.0,True,1.2525115013122559,0.8647682666778564,0.03731097068578941,120
single_shape,TwoLayerCNN,2008,random,1.0,0.0005023989360779524,0.3262653551862652,0.1656030083919694,0.8359578450520833,0.3309265591138487,0.07557673539468579,0.0649088634093486,0.014322916977107525,0.007812499985448085,1.0,1.0,1.3861239267498604e-06,1.0,1.0,True,1.2834081649780273,0.8512210845947266,0.010667871985337196,160
single_shape,TwoLayerCNN,2008,random,1.0,0.0003651402366813272,0.32762453732211316,0.1656030083919694,0.8355305989583334,0.3314106764936595,0.07120111636739568,0.05995485997200488,0.014322916977107525,0.007324218808207661,1.0,1.0,9.098363307202817e-07,1.0,1.0,True,1.3070515394210815,0.8770525455474854,0.0112462563953908,200
single_shape,TwoLayerCNN,2008,random_unitnorm,0.58984375,1.2921745777130127,0.16417021372260143,0.16560300768638997,0.8859049479166667,0.22526930175367355,0.4246380120472798,0.41022854810608894,0.25390625,0.23844400979578495,0.61328125,0.87109375,7.419192843372002e-05,0.9921875,0.9921875,True,0.08053586632013321,0.8410091400146484,0.014409463941190859,1
single_shape,TwoLayerCNN,2008,random_unitnorm,0.984375,0.7672126889228821,0.20135481198605445,0.16560300768638997,0.8507283528645834,0.29394336591406933,0.4044623462368877,0.3809919000395082,0.1197916641831398,0.07177734421566129,0.9765625,0.984375,0.0007697739056311548,1.0,1.0,True,0.35148191452026367,0.8575100898742676,0.02347044619737948,5
single_shape,TwoLayerCNN,2008,random_unitnorm,1.0,0.10732520371675491,0.2383682504074764,0.16560300768638997,0.8406168619791667,0.32010159834266494,0.31475436667641987,0.2724422645360714,0.08984375,0.024414062616415322,1.0,1.0,0.0010576002532616258,1.0,1.0,True,0.7156490683555603,0.8312430381774902,0.04231210214034847,10
single_shape,TwoLayerCNN,2008,random_unitnorm,1.0,0.009505686350166798,0.25746698584100486,0.16560300768638997,0.8452758789062501,0.3256612774085429,0.200050233694112,0.13357502058751283,0.0716145858168602,0.010253906351863407,1.0,1.0,0.00010459161421749741,1.0,1.0,True,0.9842277765274048,0.8450539112091064,0.06647521310659918,20
single_shape,TwoLayerCNN,2008,random_unitnorm,1.0,0.0034487703815102577,0.26534023734338713,0.16560300768638997,0.84326171875,0.32367410605973546,0.17121886926369634,0.10164289738208596,0.0729166641831398,0.0078125,1.0,1.0,2.7640879125101492e-05,1.0,1.0,True,1.0769460201263428,0.8365066051483154,0.06957597188161038,40
single_shape,TwoLayerCNN,2008,random_unitnorm,1.0,0.0013497606851160526,0.272068818213375,0.16560300768638997,0.8416748046875,0.3251653112411633,0.14923264196022046,0.07820596576782343,0.0703125,0.0069986978196538985,1.0,1.0,6.6337224779999815e-06,1.0,1.0,True,1.1603453159332275,0.8722052574157715,0.07102667619239703,80
single_shape,TwoLayerCNN,2008,random_unitnorm,1.0,0.0007727581541985273,0.27549678978291553,0.16560300768638997,0.8396809895833334,0.3273224884824284,0.13964435313042511,0.0672418255371335,0.0716145858168602,0.006835937412688509,1.0,1.0,2.6969416921929223e-06,1.0,1.0,True,1.207878589630127,0.8434946537017822,0.07240252759329162,120
single_shape,TwoLayerCNN,2008,random_unitnorm,1.0,0.0005152170779183507,0.2774959202822473,0.16560300768638997,0.83917236328125,0.3278126046075378,0.13331003205835246,0.060521828790380525,0.0690104141831398,0.0061848957993788645,1.0,1.0,1.4332040336739738e-06,1.0,1.0,True,1.2410017251968384,0.8139879703521729,0.07278820326797193,160
single_shape,TwoLayerCNN,2008,random_unitnorm,1.0,0.00037410238292068243,0.27894958033589456,0.16560300768638997,0.8386840820312499,0.32828349045044114,0.12887342974385785,0.055939715035566245,0.0690104141831398,0.005533854244276881,1.0,1.0,8.698149827068846e-07,1.0,1.0,True,1.2664650678634644,0.908097505569458,0.0729337147082916,200
single_shape,TwoLayerCNN,2008,template_init,0.44921875,1.2650450468063354,0.9967595405872508,1.0,0.87152099609375,0.5267029056763725,0.34979729607869947,0.29751813768037655,0.15625,0.2330729141831398,0.4609375,0.9375,7.584027480334044e-05,0.99609375,0.9921875,True,0.08363436907529831,0.8876807689666748,0.05227915839832292,1
single_shape,TwoLayerCNN,2008,template_init,0.99609375,0.751284122467041,0.9567122486527331,1.0,0.8271687825520833,0.5106516672330594,0.4541848546973266,0.3929218105846286,0.0234375,0.06526692840270698,0.9921875,0.98828125,0.0008395383483730257,1.0,1.0,True,0.3424103856086731,0.8145315647125244,0.061263044112698006,5
single_shape,TwoLayerCNN,2008,template_init,1.0,0.16341903805732727,0.896725662095204,1.0,0.8281249999999999,0.5306171197117444,0.3177320947230807,0.29321949405162917,0.0013020833721384406,0.01009114587213844,1.0,1.0,0.0010175834177061915,1.0,1.0,True,0.6696999669075012,0.8217945098876953,0.024512600671451557,10
single_shape,TwoLayerCNN,2008,template_init,1.0,0.015504294075071812,0.845727351580062,1.0,0.8249715169270833,0.4997078312499307,0.14445606138704314,0.16416915486040123,0.0026041667442768812,0.004394531351863407,1.0,1.0,9.53653288888745e-05,1.0,1.0,True,0.9823418855667114,0.8400654792785645,-0.01971309347335809,20
single_shape,TwoLayerCNN,2008,template_init,1.0,0.0046239010989665985,0.8272278041571482,1.0,0.8289591471354166,0.48630936416157056,0.09366716632611649,0.11958397761199674,0.0013020833721384406,0.00455729165696539,1.0,1.0,2.2171625460032374e-05,1.0,1.0,True,1.1150543689727783,0.8419322967529297,-0.025916811285880248,40
single_shape,TwoLayerCNN,2008,template_init,1.0,0.0016354776453226805,0.8127900801366683,1.0,0.8233846028645833,0.47873585778522887,0.05345509447864727,0.08854390682541195,0.0013020833721384406,0.0039062499854480848,1.0,1.0,6.4851092247408815e-06,1.0,1.0,True,1.2247374057769775,0.8740794658660889,-0.03508881234676468,80
single_shape,TwoLayerCNN,2008,template_init,1.0,0.0009095840505324304,0.8055122328217266,1.0,0.8245442708333333,0.4714801630357037,0.042702699688439316,0.07524456441643505,0.0013020833721384406,0.00358072915696539,1.0,1.0,2.888086783059407e-06,1.0,1.0,True,1.284616231918335,0.8699605464935303,-0.03254186472799574,120
single_shape,TwoLayerCNN,2008,template_init,1.0,0.000601368781644851,0.8007396639102996,1.0,0.8254801432291666,0.47152316357282353,0.03318692744156482,0.06732068143811612,0.0013020833721384406,0.00390625,1.0,1.0,1.588936470398039e-06,1.0,1.0,True,1.3256027698516846,0.8587126731872559,-0.0341337539965513,160
single_shape,TwoLayerCNN,2008,template_init,1.0,0.0004356810241006315,0.7971560481094495,1.0,0.8257649739583334,0.4659739455520822,0.028928835610209425,0.061877066829890026,0.0013020833721384406,0.003906250072759576,1.0,1.0,9.564739684719825e-07,1.0,1.0,True,1.356705904006958,0.8671817779541016,-0.0329482312196806,200
single_shape,TwoLayerCNN,2008,template_release,0.453125,1.2650978565216064,0.9971593964762815,1.0,0.8716430664062499,0.5260804991457623,0.34858201938147904,0.297233150560126,0.1549479216337204,0.23388671875,0.4609375,0.94140625,7.554132753284648e-05,0.99609375,0.9921875,True,0.07820077240467072,0.8438889980316162,0.05134886882135303,1
single_shape,TwoLayerCNN,2008,template_release,1.0,0.7784605026245117,0.9809613988658886,1.0,0.8520304361979167,0.5075083666954112,0.39518992261343167,0.4015749718685082,0.02734375,0.07731119683012366,1.0,1.0,0.0008129414636641741,1.0,1.0,True,0.23314961791038513,0.8375535011291504,-0.006385049255076547,5
single_shape,TwoLayerCNN,2008,template_release,1.0,0.2525368332862854,0.9740239805152507,1.0,0.8431803385416666,0.5092377703583567,0.3409914673109299,0.33741386579413646,0.013020833022892475,0.013183593895519152,1.0,1.0,0.0013813684927299619,1.0,1.0,True,0.3263028860092163,0.8421473503112793,0.003577601516793427,10
single_shape,TwoLayerCNN,2008,template_release,1.0,0.0790182501077652,0.9877464977920887,1.0,0.8501383463541666,0.5008078836387831,0.24171488116736584,0.2664279117969828,0.0026041667442768812,0.009765625101863407,1.0,1.0,0.0007766305934637785,1.0,1.0,True,0.20866762101650238,0.8502938747406006,-0.02471303062961694,20
single_shape,TwoLayerCNN,2008,template_release,1.0,0.026937799528241158,0.9934940462196801,1.0,0.8555094401041666,0.502698694853087,0.20260459293962818,0.19546395081790027,0.0052083334885537624,0.00960286453482695,1.0,1.0,0.0003180034691467881,1.0,1.0,True,0.1485070437192917,0.8250064849853516,0.007140642121727908,40
single_shape,TwoLayerCNN,2008,template_release,1.0,0.004969891160726547,0.9848982481476203,1.0,0.8490804036458333,0.49443172141917413,0.09644926589046754,0.11387547342692195,0.0,0.00813802087213844,1.0,1.0,5.010248423786834e-05,1.0,1.0,True,0.23176932334899902,0.8806140422821045,-0.017426207536454408,80
single_shape,TwoLayerCNN,2008,template_release,1.0,0.001263761194422841,0.9537894703598135,1.0,0.8324381510416667,0.49496989395697866,0.09702426196579439,0.0734878839273277,0.009114583022892475,0.005371093677240424,1.0,1.0,1.2378648534649983e-05,1.0,1.0,True,0.44302648305892944,0.8561127185821533,0.023536378038466685,120
single_shape,TwoLayerCNN,2008,template_release,1.0,0.0007866409723646939,0.9415680596647712,1.0,0.83160400390625,0.490571060948624,0.04625169425522058,0.0634205221093338,0.0026041667442768812,0.005371093735448085,1.0,1.0,9.27812470763456e-06,1.0,1.0,True,0.5201164484024048,0.8856751918792725,-0.017168827854113222,160
single_shape,TwoLayerCNN,2008,template_release,1.0,0.0005733270081691444,0.933658704110973,1.0,0.8307088216145834,0.48686237645058006,0.054447554900990736,0.053907562771050646,0.0078125,0.005371093793655746,1.0,1.0,8.002299182408024e-06,1.0,1.0,True,0.5706892609596252,0.8337104320526123,0.0005399921299400895,200
single_shape,TwoLayerCNN,2008,template_retention_1,0.453125,1.2650978565216064,0.9971593964762815,1.0,0.8716430664062499,0.5260804991457623,0.34858201938147904,0.297233150560126,0.1549479216337204,0.23388671875,0.4609375,0.94140625,7.554132753284648e-05,0.99609375,0.9921875,True,0.07820077240467072,0.8155145645141602,0.05134886882135303,1
single_shape,TwoLayerCNN,2008,template_retention_1,1.0,0.7784605026245117,0.9809613988658886,1.0,0.8520304361979167,0.5075083666954112,0.39518992261343167,0.4015749718685082,0.02734375,0.07731119683012366,1.0,1.0,0.0008129414636641741,1.0,1.0,True,0.23314961791038513,0.825566291809082,-0.006385049255076547,5
single_shape,TwoLayerCNN,2008,template_retention_1,1.0,0.2525368332862854,0.9740239805152507,1.0,0.8431803385416666,0.5092377703583567,0.3409914673109299,0.33741386579413646,0.013020833022892475,0.013183593895519152,1.0,1.0,0.0013813684927299619,1.0,1.0,True,0.3263028860092163,0.8843750953674316,0.003577601516793427,10
single_shape,TwoLayerCNN,2008,template_retention_1,1.0,0.08350805193185806,0.989309353489745,1.0,0.8509114583333334,0.5015429310470612,0.24546463853645062,0.27013551055195184,0.0026041667442768812,0.010579427180346102,1.0,1.0,0.0008231143583543599,1.0,1.0,True,0.19321486353874207,0.8708012104034424,-0.024670872015501222,20
single_shape,TwoLayerCNN,2008,template_retention_1,1.0,0.031761329621076584,0.9964853773009297,1.0,0.8650512695312499,0.5087053579923635,0.2190801001283843,0.20524680015054675,0.0052083334885537624,0.011067708517657593,1.0,1.0,0.0004163900448475033,1.0,1.0,True,0.10769996047019958,0.9193367958068848,0.013833299977837554,40
single_shape,TwoLayerCNN,2008,template_retention_1,1.0,0.011976801790297031,0.999082596434852,1.0,0.8738199869791667,0.5149259947271292,0.1780846452330611,0.1506899604108389,0.0065104165114462376,0.009928385363309644,1.0,1.0,0.00021439635020215064,1.0,1.0,True,0.05367007479071617,0.9168047904968262,0.02739468482222221,80
single_shape,TwoLayerCNN,2008,template_retention_1,1.0,0.006873358506709337,0.999679984352531,1.0,0.87841796875,0.5192540009822153,0.15935678555133315,0.12633329551995565,0.0065104165114462376,0.012858072717790492,1.0,1.0,0.00019264030561316758,1.0,1.0,True,0.03161485865712166,0.8320798873901367,0.0330234900313775,120
single_shape,TwoLayerCNN,2008,template_retention_1,1.0,0.004485343582928181,0.9998507744187524,1.0,0.8793131510416666,0.5233319445861798,0.14598555282561598,0.11140947721264956,0.0065104165114462376,0.012207031133584678,1.0,1.0,0.00017431382730137557,1.0,1.0,True,0.021265748888254166,0.8116414546966553,0.034576075612966425,160
single_shape,TwoLayerCNN,2008,template_retention_1,1.0,0.0033714501187205315,0.9999322710305135,1.0,0.8790079752604167,0.5253432508424722,0.13933096144736878,0.10210402021045611,0.0078125,0.013834635494276881,1.0,1.0,0.00017801088688429445,1.0,1.0,True,0.014391612261533737,0.8520426750183105,0.03722694123691267,200
single_shape,TwoLayerCNN,2009,random,0.25,1.3499069213867188,0.18297924483090386,0.1728766466647249,0.8567301432291666,0.22037974118708317,0.44778516744024066,0.32347458325338674,0.25,0.25,0.25,1.0,1.5757352230139077e-05,0.99609375,0.9921875,True,0.07492275536060333,0.8367021083831787,0.12431058418685392,1
single_shape,TwoLayerCNN,2009,random,0.8828125,1.05227792263031,0.24079860758346372,0.1728766466647249,0.8511962890625001,0.21578547791361316,0.4113553430686172,0.381106176402493,0.16796875,0.12744140811264515,0.875,0.95703125,0.00025124658714048564,1.0,1.0,True,0.3002760708332062,0.8492691516876221,0.030249166666124205,5
single_shape,TwoLayerCNN,2009,random,1.0,0.28358787298202515,0.2950565529915081,0.1728766466647249,0.8330281575520834,0.27819370755493067,0.3832540781169602,0.3395244689042114,0.0403645820915699,0.034016926831100136,1.0,1.0,0.0020248170476406813,1.0,1.0,True,0.6579409837722778,0.9015512466430664,0.04372960921274882,10
single_shape,TwoLayerCNN,2009,random,1.0,0.011605663225054741,0.3101634261414882,0.1728766466647249,0.8173421223958334,0.29898719592251455,0.22579454406894517,0.18362926505701607,0.046875,0.025227864767657593,1.0,1.0,0.00023141717247199267,1.0,1.0,True,1.0507605075836182,0.874852180480957,0.0421652790119291,20
single_shape,TwoLayerCNN,2009,random,1.0,0.003507412038743496,0.3099033331057923,0.1728766466647249,0.8173624674479166,0.29958969589266654,0.1502728097418774,0.13795805177848153,0.015625,0.020345052515040152,1.0,1.0,8.616986451670527e-05,1.0,1.0,True,1.157012939453125,0.9253098964691162,0.012314757963395873,40
single_shape,TwoLayerCNN,2009,random,1.0,0.0012906916672363877,0.30991651802496056,0.1728766466647249,0.8040364583333333,0.29856311269257096,0.11995725392340062,0.11045598393242537,0.01171875,0.018391927471384406,1.0,1.0,5.284889994072728e-05,1.0,1.0,True,1.2436749935150146,0.8506851196289062,0.009501269990975253,80
single_shape,TwoLayerCNN,2009,random,1.0,0.0007322313613258302,0.3093993784023936,0.1728766466647249,0.8074951171875,0.2978555508174243,0.10469019727748152,0.09794940225942277,0.01171875,0.018880208022892475,1.0,1.0,3.93211048503872e-05,1.0,1.0,True,1.2930686473846436,0.846811056137085,0.006740795018058757,120
single_shape,TwoLayerCNN,2009,random,1.0,0.0004990988527424634,0.30906673485913283,0.1728766466647249,0.8095092773437501,0.29773068564515487,0.09540638066964935,0.09038029667406676,0.009114583022892475,0.019042968517169356,1.0,1.0,3.393548104213551e-05,1.0,1.0,True,1.327581763267517,0.8888235092163086,0.005026083995582589,160
single_shape,TwoLayerCNN,2009,random,1.0,0.0003690614248625934,0.30876677543170006,0.1728766466647249,0.8110555013020834,0.2977986304268798,0.08905093881040815,0.08526566316772373,0.0078125,0.020182292093522847,1.0,1.0,2.8712533094221726e-05,1.0,1.0,True,1.354088306427002,0.8642618656158447,0.003785275642684424,200
single_shape,TwoLayerCNN,2009,random_unitnorm,0.25,1.3350697755813599,0.1695919689814092,0.17287664674411668,0.8656412760416666,0.20608255133312767,0.34665395306937075,0.327095298309747,0.25,0.25,0.25,1.0,4.343136606621556e-05,0.99609375,0.98828125,True,0.07896167039871216,0.8529052734375,0.01955865475962376,1
single_shape,TwoLayerCNN,2009,random_unitnorm,0.9296875,0.9425103664398193,0.19495833180358746,0.17287664674411668,0.8551025390625,0.22948636131354305,0.3948428358606537,0.3984706643532574,0.0950520858168602,0.08723958302289248,0.91796875,0.984375,0.0003981437475886196,1.0,1.0,True,0.3001563549041748,0.8443999290466309,-0.0036278284926036797,5
single_shape,TwoLayerCNN,2009,random_unitnorm,1.0,0.18166483938694,0.23303086633333614,0.17287664674411668,0.84619140625,0.3095518657920561,0.3047202193315586,0.31786312890917834,0.0338541679084301,0.025227864331100136,1.0,1.0,0.0014439936494454741,1.0,1.0,True,0.6423976421356201,0.8309941291809082,-0.013142909577619766,10
single_shape,TwoLayerCNN,2009,random_unitnorm,1.0,0.010311680845916271,0.25468370818094144,0.17287664674411668,0.8491617838541666,0.3392633212414933,0.13347650986587511,0.1767734880767567,0.010416666977107525,0.02262369821255561,1.0,1.0,8.856381464283913e-05,1.0,1.0,True,0.9626275897026062,0.8408703804016113,-0.043296978210881576,20
single_shape,TwoLayerCNN,2009,random_unitnorm,1.0,0.003992252517491579,0.25764943818291564,0.17287664674411668,0.8430582682291667,0.34129424204211706,0.10853075857234884,0.13575826705108246,0.009114583022892475,0.01855468713620212,1.0,1.0,3.010901309608016e-05,1.0,1.0,True,1.057336688041687,0.9110391139984131,-0.02722750847873362,40
single_shape,TwoLayerCNN,2009,random_unitnorm,1.0,0.0019430539105087519,0.25882910257766645,0.17287664674411668,0.8413289388020834,0.3435146508836352,0.05672243999481674,0.10967310651149063,0.0,0.01774088518868666,1.0,1.0,1.5125055142561905e-05,1.0,1.0,True,1.1402587890625,0.9312930107116699,-0.05295066651667389,80
single_shape,TwoLayerCNN,2009,random_unitnorm,1.0,0.0014070348115637898,0.25933453585131944,0.17287664674411668,0.8396402994791666,0.3447866947893896,0.045342979736429756,0.09600817465524374,0.0,0.016276041249511763,1.0,1.0,1.4488210581475869e-05,1.0,1.0,True,1.188321828842163,0.8510744571685791,-0.05066519491881398,120
single_shape,TwoLayerCNN,2009,random_unitnorm,1.0,0.0011147410841658711,0.25989843926202105,0.17287664674411668,0.83837890625,0.34517235312990313,0.038916127017062374,0.0881244815658564,0.0,0.016113281410071068,1.0,1.0,1.590805550222285e-05,1.0,1.0,True,1.2223089933395386,0.8734040260314941,-0.04920835454879402,160
single_shape,TwoLayerCNN,2009,random_unitnorm,1.0,0.0009274877957068384,0.2602481724718946,0.17287664674411668,0.8369344075520834,0.3449531100374124,0.0346743794119847,0.08247213951821679,0.0,0.0159505204501329,1.0,1.0,1.4860506780678406e-05,1.0,1.0,True,1.2485764026641846,0.8403403759002686,-0.04779776010623209,200
single_shape,TwoLayerCNN,2009,template_init,0.2734375,1.3265283107757568,0.9976612908167775,1.0,0.8908691406250001,0.6191340080429578,0.27611301638535857,0.0880467109736325,0.23046875,0.2316080741584301,0.28125,0.97265625,5.5719046940794215e-05,0.984375,0.99609375,True,0.07781150937080383,0.846987247467041,0.1880663054117261,1
single_shape,TwoLayerCNN,2009,template_init,0.99609375,0.9751487374305725,0.9654679260238639,1.0,0.8689778645833334,0.5759434470545889,0.5652740098466023,0.42864843256145957,0.125,0.04589843680150807,0.99609375,0.9921875,0.0003160982741974294,1.0,1.0,True,0.2842346429824829,0.8536975383758545,0.13662557728514269,5
single_shape,TwoLayerCNN,2009,template_init,1.0,0.24738548696041107,0.8946542880993423,1.0,0.84521484375,0.5405161405242789,0.4789682757871312,0.3457217207402604,0.1901041716337204,0.011230468837311491,1.0,1.0,0.0015073602553457022,1.0,1.0,True,0.6218185424804688,0.871894359588623,0.13324655504687077,10
single_shape,TwoLayerCNN,2009,template_init,1.0,0.012414674274623394,0.8258577756920559,1.0,0.8495890299479166,0.510657341704159,0.304638021182684,0.1688700119489204,0.1783854216337204,0.012695312601863407,1.0,1.0,0.0003086610231548548,1.0,1.0,True,0.9876127243041992,0.8401012420654297,0.13576800923376361,20
single_shape,TwoLayerCNN,2009,template_init,1.0,0.0036205588839948177,0.8063017048069956,1.0,0.8484293619791667,0.5032815671429995,0.2665372312205099,0.12401018301446938,0.1705729216337204,0.013020833124755882,1.0,1.0,6.538021261803806e-05,1.0,1.0,True,1.1020753383636475,0.8571305274963379,0.1425270482060405,40
single_shape,TwoLayerCNN,2009,template_init,1.0,0.0013584637781605124,0.7916446372946102,1.0,0.8467610677083333,0.49906435981453856,0.24511998004247193,0.0991133040324112,0.1640625,0.013346354171517305,1.0,1.0,2.0452709577511996e-05,1.0,1.0,True,1.1948801279067993,0.8522613048553467,0.14600667601006073,80
single_shape,TwoLayerCNN,2009,template_init,1.0,0.0007870779372751713,0.7836684123007814,1.0,0.8501993815104167,0.4963177880299529,0.23553013602346662,0.08896028365789613,0.16796875,0.014322917122626677,1.0,1.0,1.0616709914756939e-05,1.0,1.0,True,1.247360110282898,0.8563101291656494,0.1465698523655705,120
single_shape,TwoLayerCNN,2009,template_init,1.0,0.0005315291346050799,0.7783064774168437,1.0,0.8499959309895834,0.4949536672992695,0.22884922087637483,0.0838305485698824,0.1653645783662796,0.016764323401730508,1.0,1.0,7.073235792631749e-06,1.0,1.0,True,1.2836889028549194,0.8398952484130859,0.14501867230649243,160
single_shape,TwoLayerCNN,2009,template_init,1.0,0.0003921904135495424,0.7742996852892106,1.0,0.8498738606770834,0.4936783186826939,0.2239547135899962,0.08040792438984651,0.1640625,0.017578124708961695,1.0,1.0,5.264138053462375e-06,1.0,1.0,True,1.3114012479782104,0.8455216884613037,0.14354678920014968,200
single_shape,TwoLayerCNN,2009,template_release,0.2734375,1.3262381553649902,0.997990018737711,1.0,0.8908894856770834,0.6218564661941981,0.28033140752491126,0.08718609580642732,0.23046875,0.23111979104578495,0.28125,0.96875,5.525127926375717e-05,0.984375,0.99609375,True,0.07217425107955933,0.8401885032653809,0.19314531171848393,1
single_shape,TwoLayerCNN,2009,template_release,0.99609375,0.9914799332618713,0.9847243778114065,1.0,0.8709920247395833,0.601322624797982,0.5691817105352679,0.43591348165132965,0.0872395858168602,0.06738281261641532,0.9921875,0.99609375,0.00028921355260536075,1.0,1.0,True,0.18789325654506683,0.8318865299224854,0.13326822888393824,5
single_shape,TwoLayerCNN,2009,template_release,1.0,0.3338400423526764,0.9694172442995477,1.0,0.8635050455729166,0.58130795058035,0.5432136617768728,0.3846515431270589,0.2005208283662796,0.02490234375,1.0,1.0,0.0014819736825302243,1.0,1.0,True,0.3440675735473633,0.9363172054290771,0.1585621186498139,10
single_shape,TwoLayerCNN,2009,template_release,1.0,0.0718124583363533,0.9862725993946555,1.0,0.878662109375,0.6089186763735874,0.34751210806627697,0.2986200633963364,0.1744791716337204,0.03238932217936963,1.0,1.0,0.0012437192490324378,1.0,1.0,True,0.23007749021053314,0.8695542812347412,0.04889204466994057,20
single_shape,TwoLayerCNN,2009,template_release,1.0,0.02053776942193508,0.9940672080207755,1.0,0.8828328450520833,0.6158979893449552,0.3460360633140943,0.2368391959944124,0.21484375,0.03597005156916566,1.0,1.0,0.00041857303585857153,1.0,1.0,True,0.1516440063714981,0.946483850479126,0.10919686731968192,40
single_shape,TwoLayerCNN,2009,template_release,1.0,0.002796216169372201,0.9881752083398109,1.0,0.8830159505208334,0.61085143727666,0.2839004715992177,0.16797096740080714,0.1927083283662796,0.03320312485448085,1.0,1.0,5.18309316248633e-05,1.0,1.0,True,0.21266812086105347,0.8751225471496582,0.11592950419841058,80
single_shape,TwoLayerCNN,2009,template_release,1.0,0.0005606160848401487,0.9627018492976136,1.0,0.8785400390625,0.5917062672022135,0.22420163489776979,0.12336856640141582,0.1588541716337204,0.030110676350886934,1.0,1.0,8.590484867454506e-06,1.0,1.0,True,0.3866863250732422,0.8397996425628662,0.10083306849635397,120
single_shape,TwoLayerCNN,2009,template_release,1.0,0.00031716347439214587,0.9524812024072055,1.0,0.8746134440104166,0.5835436604642571,0.21723165464055205,0.11412813678129854,0.1497395783662796,0.030436197397648357,1.0,1.0,4.2331307668064255e-06,1.0,1.0,True,0.44725537300109863,0.8919844627380371,0.10310351785925351,160
single_shape,TwoLayerCNN,2009,template_release,1.0,0.00021362182451412082,0.9458196983635315,1.0,0.8721516927083333,0.5788315450256879,0.20896837280957148,0.10896126987777231,0.1458333283662796,0.029947916031233035,1.0,1.0,2.5747885956661776e-06,1.0,1.0,True,0.48638641834259033,0.8694014549255371,0.10000710293179917,200
single_shape,TwoLayerCNN,2009,template_retention_1,0.2734375,1.3262381553649902,0.997990018737711,1.0,0.8908894856770834,0.6218564661941981,0.28033140752491126,0.08718609580642732,0.23046875,0.23111979104578495,0.28125,0.96875,5.525127926375717e-05,0.984375,0.99609375,True,0.07217425107955933,0.8626680374145508,0.19314531171848393,1
single_shape,TwoLayerCNN,2009,template_retention_1,0.99609375,0.9914799332618713,0.9847243778114065,1.0,0.8709920247395833,0.601322624797982,0.5691817105352679,0.43591348165132965,0.0872395858168602,0.06738281261641532,0.9921875,0.99609375,0.00028921355260536075,1.0,1.0,True,0.18789325654506683,0.8362133502960205,0.13326822888393824,5
single_shape,TwoLayerCNN,2009,template_retention_1,1.0,0.3338400423526764,0.9694172442995477,1.0,0.8635050455729166,0.58130795058035,0.5432136617768728,0.3846515431270589,0.2005208283662796,0.02490234375,1.0,1.0,0.0014819736825302243,1.0,1.0,True,0.3440675735473633,0.8175175189971924,0.1585621186498139,10
single_shape,TwoLayerCNN,2009,template_retention_1,1.0,0.07688859105110168,0.9879396386423145,1.0,0.8785603841145833,0.6101697403345436,0.35148214282111734,0.3027448950153838,0.171875,0.03222656191792339,1.0,1.0,0.0013089890126138926,1.0,1.0,True,0.21425458788871765,0.8908290863037109,0.04873724780573352,20
single_shape,TwoLayerCNN,2009,template_retention_1,1.0,0.02508494444191456,0.9967385535714024,1.0,0.8855590820312501,0.6210573676564,0.3408198373472824,0.2477062893676426,0.203125,0.035970052966149524,1.0,1.0,0.000583565910346806,1.0,1.0,True,0.11108849197626114,0.8433754444122314,0.09311354797963978,40
single_shape,TwoLayerCNN,2009,template_retention_1,1.0,0.008736629970371723,0.9993980222413781,1.0,0.8875732421875,0.6283440128844408,0.347996006215587,0.21451005734564793,0.2434895783662796,0.03531900962116197,1.0,1.0,0.00020979874534532428,1.0,1.0,True,0.04796455800533295,0.8040456771850586,0.1334859488699391,80
single_shape,TwoLayerCNN,2009,template_retention_1,1.0,0.0044172764755785465,0.9997964305846384,1.0,0.8870035807291667,0.6301051600575509,0.36054614043441235,0.1952990394529513,0.2747395932674408,0.037597656293655746,1.0,1.0,8.586411422584206e-05,1.0,1.0,True,0.027215011417865753,0.877659797668457,0.16524710098146106,120
single_shape,TwoLayerCNN,2009,template_retention_1,1.0,0.0029522127006202936,0.9999186142057349,1.0,0.8868001302083334,0.630197620047545,0.36388269086423886,0.18330701497171936,0.296875,0.03889973912737332,1.0,1.0,5.372445593820885e-05,1.0,1.0,True,0.01684759557247162,0.8218591213226318,0.1805756758925195,160
single_shape,TwoLayerCNN,2009,template_retention_1,1.0,0.0021581004839390516,0.9999613646386879,1.0,0.8862101236979166,0.630999284601538,0.3705861064146603,0.17852497982688115,0.3098958432674408,0.04182942681654822,1.0,1.0,3.755997386178933e-05,1.0,1.0,True,0.011458220891654491,0.8231725692749023,0.19206112658777913,200
two_concepts,TinyCNN,2000,random,0.25,1.3759709596633911,0.13677292749652403,0.1429484701178655,0.8713836669921875,0.202257153141151,0.6519303837855905,0.3692585121091495,0.25,0.25,0.25,1.0,0.00012947287177667022,0.82421875,0.7890625,True,0.08546478301286697,0.3875887393951416,0.28267187167644103,1
two_concepts,TinyCNN,2000,random,0.6484375,1.2659897804260254,0.16652804014279843,0.1429484701178655,0.959136962890625,0.19004336142116435,0.8354771033735093,0.47891123280323783,0.40625,0.2490234375,0.640625,0.8984375,0.00026525260182097554,0.96875,0.96875,True,0.2657806873321533,0.47365617752075195,0.3565658705702715,5
two_concepts,TinyCNN,2000,random,0.8828125,1.073461651802063,0.19613285331216107,0.1429484701178655,0.977386474609375,0.19029909739089873,0.8645449600986894,0.48519076842895464,0.701171875,0.275146484375,0.8828125,0.921875,0.0008424771949648857,0.984375,0.984375,True,0.4845348298549652,0.40677952766418457,0.3793541916697348,10
two_concepts,TinyCNN,2000,random,0.93359375,0.5600282549858093,0.2268725186326111,0.1429484701178655,0.9937286376953125,0.2006075145136608,0.8858152048634549,0.44572182612802685,0.8203125,0.2373046875,0.9375,0.95703125,0.004987850785255432,0.9921875,0.984375,True,1.0240907669067383,0.3631253242492676,0.44009337873542803,20
two_concepts,TinyCNN,2000,random,0.984375,0.1518179029226303,0.24472592856301179,0.1429484701178655,0.9954833984375,0.1953660150591097,0.9256584345135346,0.3691155595301775,0.896484375,0.186279296875,0.98828125,0.98828125,0.00627609807997942,0.9921875,0.9921875,True,1.7590901851654053,0.3452789783477783,0.5565428749833571,40
two_concepts,TinyCNN,2000,random,0.984375,0.050444480031728745,0.24731128081873285,0.1429484701178655,0.995849609375,0.1928640111209281,0.9401584151385399,0.3129711867271273,0.912109375,0.169921875,0.9921875,0.9921875,0.003561753313988447,0.9921875,0.9921875,True,2.3424010276794434,0.33916735649108887,0.6271872284114126,80
two_concepts,TinyCNN,2000,random,0.984375,0.031484007835388184,0.2472562468791677,0.1429484701178655,0.99560546875,0.1922761558947842,0.9445026379415313,0.29146510271201687,0.9140625,0.170166015625,0.9921875,0.9921875,0.0026736115105450153,0.9921875,0.9921875,True,2.626587152481079,0.3509483337402344,0.6530375352295145,120
two_concepts,TinyCNN,2000,random,0.99609375,0.023742860183119774,0.2469576791890975,0.1429484701178655,0.99554443359375,0.19198001294969103,0.9464110757708181,0.2795193707996927,0.919921875,0.170654296875,0.9921875,0.99609375,0.002292485674843192,0.99609375,0.9921875,True,2.812009811401367,0.34142351150512695,0.6668917049711254,160
two_concepts,TinyCNN,2000,random,0.99609375,0.019412115216255188,0.24631641820079672,0.1429484701178655,0.995849609375,0.19235710812178436,0.9471688332174075,0.27184961776651007,0.919921875,0.172607421875,0.9921875,0.99609375,0.0020386846736073494,0.99609375,0.9921875,True,2.9488742351531982,0.3900721073150635,0.6753192154508975,200
two_concepts,TinyCNN,2000,random_unitnorm,0.25,1.4180752038955688,0.13961367951816195,0.14294847053568116,0.750946044921875,0.193278221873862,0.3755984391304299,0.29559494719147045,0.25,0.25,0.25,1.0,0.000322275678627193,0.7734375,0.765625,True,0.09106157720088959,0.44419169425964355,0.08000349193895945,1
two_concepts,TinyCNN,2000,random_unitnorm,0.60546875,1.2967004776000977,0.13720577202209108,0.14294847053568116,0.9279327392578125,0.18880649262124888,0.7716039141150091,0.41064556682694675,0.486328125,0.344970703125,0.59765625,0.7578125,0.00046228477731347084,0.9140625,0.90234375,True,0.27900809049606323,0.46441102027893066,0.3609583472880623,5
two_concepts,TinyCNN,2000,random_unitnorm,0.8046875,1.1484692096710205,0.15993796110600933,0.14294847053568116,0.961029052734375,0.16647527309292015,0.8561223190841686,0.4607660747052883,0.623046875,0.26904296875,0.828125,0.90625,0.0009031872032210231,0.9609375,0.96875,True,0.4484318494796753,0.3915255069732666,0.3953562443788803,10
two_concepts,TinyCNN,2000,random_unitnorm,0.92578125,0.6826913356781006,0.18870397982875037,0.14294847053568116,0.9821319580078125,0.18475945226145746,0.9020206638696358,0.4597269775171383,0.83203125,0.2587890625,0.94140625,0.96875,0.004890020005404949,0.984375,0.98046875,True,0.9311470985412598,0.4278731346130371,0.44229368635249744,20
two_concepts,TinyCNN,2000,random_unitnorm,0.9765625,0.20259664952754974,0.21454738719006528,0.14294847053568116,0.99029541015625,0.19445990053763368,0.9317841699945091,0.39717787172078,0.90625,0.212158203125,0.9765625,0.9765625,0.009766019880771637,0.99609375,0.984375,True,1.6953225135803223,0.36695218086242676,0.5346062982737291,40
two_concepts,TinyCNN,2000,random_unitnorm,0.984375,0.0628465935587883,0.21980787423191966,0.14294847053568116,0.99176025390625,0.1907427163942681,0.9504413202928934,0.335980804038344,0.9453125,0.189453125,0.9921875,0.9921875,0.00932200439274311,0.99609375,0.98828125,True,2.3344101905822754,0.3812117576599121,0.6144605162545493,80
two_concepts,TinyCNN,2000,random_unitnorm,0.98828125,0.036898091435432434,0.22039739077942178,0.14294847053568116,0.99176025390625,0.19080215674142947,0.9651762362800853,0.30879408600649794,0.9453125,0.18408203125,0.9921875,0.98828125,0.00852834153920412,0.99609375,0.98828125,True,2.6465516090393066,0.3528306484222412,0.6563821502735874,120
two_concepts,TinyCNN,2000,random_unitnorm,0.98828125,0.027218522503972054,0.21979194445193556,0.14294847053568116,0.99114990234375,0.19182346307502393,0.9669144812659337,0.29299246568119586,0.951171875,0.179443359375,0.9921875,0.98828125,0.007910821586847305,0.99609375,0.98828125,True,2.8512439727783203,0.34637999534606934,0.6739220155847379,160
two_concepts,TinyCNN,2000,random_unitnorm,0.9921875,0.022207515314221382,0.2191597790157842,0.14294847053568116,0.99078369140625,0.1920623153303708,0.9677171360843524,0.2825030506068626,0.953125,0.177734375,0.9921875,0.984375,0.007359880954027176,0.99609375,0.98828125,True,3.0031700134277344,0.3411853313446045,0.6852140854774897,200
two_concepts,TinyCNN,2000,template_init,0.25,1.6279940605163574,0.9993626204902444,1.0,0.7742767333984375,0.37671053103744645,0.6241738182653724,0.16304087119631128,0.25,0.25,0.25,1.0,0.0001809262903407216,0.80078125,0.8125,True,0.09924698621034622,0.6704761981964111,0.46113294706906116,1
two_concepts,TinyCNN,2000,template_init,0.51171875,1.281224012374878,0.9809164847614587,1.0,0.8400726318359375,0.3640199252386447,0.8226294520331219,0.4790577232675366,0.451171875,0.323486328125,0.50390625,0.9609375,0.00029605324380099773,0.890625,0.89453125,True,0.37560826539993286,0.6756317615509033,0.3435717287655853,5
two_concepts,TinyCNN,2000,template_init,0.75,1.1270984411239624,0.9288240351231356,1.0,0.8811187744140625,0.3386789835127208,0.8631160946617474,0.4951154529860986,0.49609375,0.28515625,0.75390625,0.91796875,0.0005660302704200149,0.984375,0.96484375,True,0.5017300844192505,0.7781133651733398,0.36800064167564883,10
two_concepts,TinyCNN,2000,template_init,0.91796875,0.7636270523071289,0.807342908814128,1.0,0.971466064453125,0.29542349777024257,0.8712991772046041,0.4725972700338371,0.640625,0.239013671875,0.90625,0.92578125,0.002380289603024721,0.98828125,0.984375,True,0.9221639633178711,0.5544440746307373,0.39870190717076703,20
two_concepts,TinyCNN,2000,template_init,0.96875,0.29394832253456116,0.6575854824725077,1.0,0.9841766357421875,0.2423782783543077,0.8784079292990142,0.4128795497328377,0.78515625,0.220703125,0.9609375,0.9765625,0.006592873949557543,0.98828125,0.984375,True,1.6601221561431885,0.35509777069091797,0.46552837956617654,40
two_concepts,TinyCNN,2000,template_init,0.98828125,0.0832558199763298,0.5742856417661067,1.0,0.9884033203125,0.21845495642974067,0.9019012172268925,0.3547338211213821,0.8359375,0.212890625,0.98828125,0.9921875,0.006463576108217239,0.9921875,0.98828125,True,2.4162211418151855,0.41752052307128906,0.5471673961055105,80
two_concepts,TinyCNN,2000,template_init,0.9921875,0.043295081704854965,0.5456105507248612,1.0,0.990753173828125,0.209783715091221,0.9083257185315717,0.32899257856435116,0.85546875,0.2080078125,0.99609375,0.99609375,0.005150336306542158,0.9921875,0.98828125,True,2.810631036758423,0.4433770179748535,0.5793331399672206,120
two_concepts,TinyCNN,2000,template_init,0.9921875,0.028870342299342155,0.5282221443197113,1.0,0.99029541015625,0.20472156069221725,0.9120038418938727,0.31339857781072367,0.8671875,0.204833984375,1.0,0.9921875,0.004270367324352264,0.9921875,0.98828125,True,3.07761812210083,0.3543534278869629,0.5986052640831491,160
two_concepts,TinyCNN,2000,template_init,0.9921875,0.02182612195611,0.5162455459008264,1.0,0.9902801513671875,0.20199510529902845,0.912532286940627,0.30244999613386286,0.865234375,0.20361328125,1.0,0.9921875,0.00376421632245183,0.9921875,0.98828125,True,3.2763071060180664,0.3869304656982422,0.6100822908067642,200
two_concepts,TinyCNN,2000,template_release,0.25,1.6290619373321533,0.9994342071981959,1.0,0.7752227783203125,0.37722591017174256,0.6231086851372714,0.16941660767531858,0.25,0.25,0.25,1.0,0.00018126708164345473,0.80078125,0.80859375,True,0.08792900294065475,0.6166377067565918,0.4536920774619528,1
two_concepts,TinyCNN,2000,template_release,0.44921875,1.280692458152771,0.9835474758287595,1.0,0.8480377197265625,0.36945054461310944,0.8472749197289149,0.48214683497509403,0.345703125,0.27685546875,0.46484375,0.890625,0.00027918850537389517,0.9140625,0.91015625,True,0.24116918444633484,0.6147725582122803,0.36512808475382086,5
two_concepts,TinyCNN,2000,template_release,0.69140625,1.1678156852722168,0.9677271917066346,1.0,0.8917388916015625,0.3661979343346341,0.8529837736002919,0.4915772687385503,0.466796875,0.286376953125,0.73046875,0.88671875,0.0004564463160932064,0.97265625,0.953125,True,0.2768286466598511,0.46309423446655273,0.3614065048617416,10
two_concepts,TinyCNN,2000,template_release,0.84375,0.9918199181556702,0.9567591249535576,1.0,0.8882293701171875,0.35359058158462564,0.8821367878764774,0.488649964853498,0.6171875,0.29052734375,0.83203125,0.9140625,0.0012407083995640278,0.984375,0.9609375,True,0.32224899530410767,0.35161757469177246,0.39348682302297944,20
two_concepts,TinyCNN,2000,template_release,0.92578125,0.6559369564056396,0.9187146165309891,1.0,0.927490234375,0.3315188007862535,0.908995155846099,0.46170269229339767,0.7890625,0.28466796875,0.921875,0.94921875,0.0036495744716376066,0.9765625,0.98046875,True,0.47250300645828247,0.3653290271759033,0.44729246355270136,40
two_concepts,TinyCNN,2000,template_release,0.9765625,0.1978098303079605,0.7935938269130189,1.0,0.95697021484375,0.2957918680034013,0.9286706059539305,0.40344165245008845,0.861328125,0.243896484375,0.96484375,0.96484375,0.01019684411585331,0.984375,0.98046875,True,0.9739153385162354,0.3699169158935547,0.525228953503842,80
two_concepts,TinyCNN,2000,template_release,0.9921875,0.06163385510444641,0.6424028755452813,1.0,0.98431396484375,0.2570671273314351,0.9304129377066108,0.35123054989956204,0.8828125,0.219482421875,0.98828125,0.99609375,0.007947035133838654,1.0,0.984375,True,1.8206521272659302,0.3626430034637451,0.5791823878070488,120
two_concepts,TinyCNN,2000,template_release,0.99609375,0.03570391610264778,0.5955276468811349,1.0,0.9868621826171875,0.24991002236438342,0.9081650493093107,0.328666093167273,0.85546875,0.212158203125,0.9921875,0.99609375,0.004280273802578449,1.0,0.984375,True,2.225241184234619,0.34552597999572754,0.5794989561420377,160
two_concepts,TinyCNN,2000,template_release,0.99609375,0.024407871067523956,0.5727160085283334,1.0,0.9875946044921875,0.2452189240121067,0.8620082422552777,0.31449243365167384,0.798828125,0.207275390625,0.9921875,0.99609375,0.00297033810056746,1.0,0.984375,True,2.493743419647217,0.3650789260864258,0.5475158086036038,200
two_concepts,TinyCNN,2000,template_retention_1,0.25,1.6290619373321533,0.9994342071981959,1.0,0.7752227783203125,0.37722591017174256,0.6231086851372714,0.16941660767531858,0.25,0.25,0.25,1.0,0.00018126708164345473,0.80078125,0.80859375,True,0.08792900294065475,0.5844070911407471,0.4536920774619528,1
two_concepts,TinyCNN,2000,template_retention_1,0.44921875,1.280692458152771,0.9835474758287595,1.0,0.8480377197265625,0.36945054461310944,0.8472749197289149,0.48214683497509403,0.345703125,0.27685546875,0.46484375,0.890625,0.00027918850537389517,0.9140625,0.91015625,True,0.24116918444633484,0.7764906883239746,0.36512808475382086,5
two_concepts,TinyCNN,2000,template_retention_1,0.69140625,1.1678156852722168,0.9677271917066346,1.0,0.8917388916015625,0.3661979343346341,0.8529837736002919,0.4915772687385503,0.466796875,0.286376953125,0.73046875,0.88671875,0.0004564463160932064,0.97265625,0.953125,True,0.2768286466598511,0.4635758399963379,0.3614065048617416,10
two_concepts,TinyCNN,2000,template_retention_1,0.8359375,1.004722237586975,0.9608969278580515,1.0,0.8865814208984375,0.35502253647877424,0.8831449818501824,0.49018959894013103,0.6171875,0.292236328125,0.828125,0.91015625,0.0011783639201894403,0.984375,0.95703125,True,0.3042290210723877,0.3834409713745117,0.3929553829100514,20
two_concepts,TinyCNN,2000,template_retention_1,0.90625,0.7478154897689819,0.945424501494864,1.0,0.9021759033203125,0.3406378237789369,0.9113051280121406,0.46696843471309546,0.775390625,0.2958984375,0.90234375,0.921875,0.002955496311187744,0.97265625,0.97265625,True,0.3622622489929199,0.36278295516967773,0.4443366932990451,40
two_concepts,TinyCNN,2000,template_retention_1,0.95703125,0.46781161427497864,0.9373831791020839,1.0,0.917205810546875,0.3326322091231494,0.9459127394222735,0.4339628061090096,0.884765625,0.25634765625,0.953125,0.9609375,0.0068824575282633305,0.98828125,0.98046875,True,0.3822740316390991,0.3637411594390869,0.5119499333132639,80
two_concepts,TinyCNN,2000,template_retention_1,0.96484375,0.3514363467693329,0.9392793438162763,1.0,0.921417236328125,0.33477577806502934,0.95398044245524,0.4160463294922569,0.900390625,0.249267578125,0.96875,0.96875,0.009192151017487049,0.984375,0.98046875,True,0.36897122859954834,0.42704248428344727,0.5379341129629831,120
two_concepts,TinyCNN,2000,template_retention_1,0.96484375,0.29429805278778076,0.9421599701397452,1.0,0.9220123291015625,0.33438313541647,0.9574347850815462,0.4057016650751935,0.916015625,0.23974609375,0.9609375,0.9609375,0.009969674050807953,0.98828125,0.98046875,True,0.3547501564025879,0.3545820713043213,0.5517331200063527,160
two_concepts,TinyCNN,2000,template_retention_1,0.97265625,0.25197911262512207,0.9445566284576637,1.0,0.95751953125,0.33351204403372203,0.9602629627666149,0.39770391030489555,0.919921875,0.23876953125,0.96875,0.96875,0.01063829381018877,0.98828125,0.98046875,True,0.3421902060508728,0.399660587310791,0.5625590524617194,200
two_concepts,TinyCNN,2001,random,0.3125,1.383439302444458,0.1738874418624931,0.17021537812777857,0.802398681640625,0.1660896475511638,0.6534944703309804,0.32173858516592946,0.263671875,0.246826171875,0.32421875,0.86328125,0.00011454040941316634,0.859375,0.81640625,True,0.08777306973934174,0.4508018493652344,0.33175588516505095,1
two_concepts,TinyCNN,2001,random,0.52734375,1.252557635307312,0.21723770590446695,0.17021537812777857,0.9326629638671875,0.1706567009665828,0.7703363366903309,0.3698018636320987,0.33203125,0.26513671875,0.5,0.88671875,0.0002904855355154723,0.96484375,0.98046875,True,0.28008976578712463,0.36311793327331543,0.40053447305823214,5
two_concepts,TinyCNN,2001,random,0.890625,1.050866723060608,0.26620690066551894,0.17021537812777857,0.96343994140625,0.182597465196616,0.8270697273351942,0.39526918110143217,0.658203125,0.2197265625,0.921875,0.9609375,0.000977950170636177,1.0,0.99609375,True,0.46584540605545044,0.37354087829589844,0.4318005462337621,10
two_concepts,TinyCNN,2001,random,0.984375,0.5018205046653748,0.3007102584934625,0.17021537812777857,0.98687744140625,0.18569773604447998,0.8476260301281127,0.3774828422725361,0.6875,0.157470703125,0.9921875,0.98046875,0.005254637915641069,1.0,0.99609375,True,0.9860856533050537,0.3848073482513428,0.47014318785557657,20
two_concepts,TinyCNN,2001,random,1.0,0.11047524958848953,0.31619799891511663,0.17021537812777857,0.98883056640625,0.18163000433249624,0.8442749638908302,0.28981924429803163,0.732421875,0.111572265625,1.0,1.0,0.005999450571835041,1.0,0.99609375,True,1.7438411712646484,0.3658721446990967,0.5544557195927986,40
two_concepts,TinyCNN,2001,random,1.0,0.02926446683704853,0.3143523799578153,0.17021537812777857,0.9893798828125,0.17664191810390745,0.834570246514593,0.22220022759150826,0.740234375,0.0888671875,1.0,1.0,0.002271433360874653,1.0,1.0,True,2.3286683559417725,0.3560922145843506,0.6123700189230847,80
two_concepts,TinyCNN,2001,random,1.0,0.015207234770059586,0.31220945131519084,0.17021537812777857,0.98883056640625,0.1752320317154757,0.8235593699412367,0.19138101011395064,0.7265625,0.07958984375,1.0,1.0,0.0012157128658145666,1.0,1.0,True,2.6114702224731445,0.3405344486236572,0.6321783598272861,120
two_concepts,TinyCNN,2001,random,1.0,0.009999450296163559,0.31072338759218554,0.17021537812777857,0.98870849609375,0.17558105021624415,0.8145458678381561,0.1734868723614485,0.71875,0.073974609375,1.0,1.0,0.000814827682916075,1.0,1.0,True,2.799612045288086,0.332594633102417,0.6410589954767076,160
two_concepts,TinyCNN,2001,random,1.0,0.007323313504457474,0.3105980414314352,0.17021537812777857,0.98834228515625,0.17621960253863475,0.8073092815272714,0.16133933445962967,0.7109375,0.07080078125,1.0,1.0,0.0005922550917603076,1.0,1.0,True,2.9396824836730957,0.417327880859375,0.6459699470676418,200
two_concepts,TinyCNN,2001,random_unitnorm,0.25,1.438780426979065,0.17498517713993744,0.17021537878947135,0.7647705078125,0.1817211382424446,0.4955644171163325,0.27053808756135606,0.25,0.250244140625,0.25,1.0,0.0003943407500628382,0.7890625,0.73046875,True,0.09146931022405624,0.48165106773376465,0.22502632955497642,1
two_concepts,TinyCNN,2001,random_unitnorm,0.50390625,1.2537769079208374,0.19454188143150086,0.17021537878947135,0.8478851318359375,0.17181500858418158,0.7823413897641109,0.3792769139772043,0.390625,0.248779296875,0.51953125,0.8828125,0.0006307465373538435,0.92578125,0.90234375,True,0.3115186095237732,0.3901984691619873,0.40306447578690663,5
two_concepts,TinyCNN,2001,random_unitnorm,0.84765625,1.062134027481079,0.22091195617864634,0.17021537878947135,0.9166412353515625,0.18104707412627016,0.9112455724553294,0.39994310243173714,0.734375,0.23876953125,0.84375,0.93359375,0.0015034632524475455,0.984375,0.97265625,True,0.4801512062549591,0.3857290744781494,0.5113024700235923,10
two_concepts,TinyCNN,2001,random_unitnorm,0.9453125,0.5997363924980164,0.2593322268662891,0.17021537878947135,0.94525146484375,0.19900100967506287,0.791343810432901,0.3791371297638665,0.66015625,0.19287109375,0.95703125,0.9453125,0.005279954522848129,1.0,0.9921875,True,0.8884633183479309,0.36333680152893066,0.41220668066903454,20
two_concepts,TinyCNN,2001,random_unitnorm,0.99609375,0.15604685246944427,0.28378103579117897,0.17021537878947135,0.9798583984375,0.20057448494453248,0.8264139979106414,0.31038599923646976,0.703125,0.12255859375,0.99609375,0.9921875,0.00820693839341402,1.0,0.9921875,True,1.615744709968567,0.3895397186279297,0.5160279986741716,40
two_concepts,TinyCNN,2001,random_unitnorm,1.0,0.04052354767918587,0.2861005800709452,0.17021537878947135,0.98095703125,0.18771874134217492,0.8300515170953664,0.23928303990746866,0.72265625,0.09228515625,1.0,1.0,0.004575556609779596,1.0,0.9921875,True,2.2738561630249023,0.34584498405456543,0.5907684771878977,80
two_concepts,TinyCNN,2001,random_unitnorm,1.0,0.020502766594290733,0.2861269248774748,0.17021537878947135,0.97979736328125,0.18653628116609866,0.8265706058632118,0.20588653768024168,0.728515625,0.08154296875,1.0,1.0,0.002605107147246599,1.0,0.9921875,True,2.60300874710083,0.35680150985717773,0.6206840681829702,120
two_concepts,TinyCNN,2001,random_unitnorm,1.0,0.013068853877484798,0.28670736704761296,0.17021537878947135,0.97943115234375,0.18598699316382947,0.8231003054822108,0.18620378394281978,0.728515625,0.075927734375,1.0,1.0,0.0017225703923031688,1.0,0.9921875,True,2.8139185905456543,0.3851735591888428,0.636896521539391,160
two_concepts,TinyCNN,2001,random_unitnorm,1.0,0.009351021610200405,0.286623035037002,0.17021537878947135,0.9794921875,0.18539218513445316,0.8202321086674673,0.17245354134685698,0.73046875,0.072021484375,1.0,1.0,0.0011974968947470188,1.0,0.9921875,True,2.967940330505371,0.3641316890716553,0.6477785673206103,200
two_concepts,TinyCNN,2001,template_init,0.25,1.621725082397461,0.9992175729113701,1.0,0.80804443359375,0.3929393330905077,0.5885821464180908,0.13395568818306647,0.25,0.250244140625,0.25,1.0,0.00042859261156991124,0.8515625,0.83203125,True,0.09904025495052338,0.5743892192840576,0.45462645823502434,1
two_concepts,TinyCNN,2001,template_init,0.51953125,1.2536110877990723,0.9840022529214582,1.0,0.8509063720703125,0.3796899024949947,0.8970488600126756,0.2967947456570769,0.486328125,0.269775390625,0.51171875,0.94921875,0.00048342422815039754,0.94140625,0.91015625,True,0.3461019992828369,0.6011171340942383,0.6002541143555986,5
two_concepts,TinyCNN,2001,template_init,0.88671875,1.087984323501587,0.9399381385130938,1.0,0.9176483154296875,0.3146627532552203,0.919506497697102,0.3526100469804539,0.767578125,0.245849609375,0.91796875,0.9296875,0.000786152551881969,0.98828125,0.96484375,True,0.4741237759590149,0.3639090061187744,0.5668964507166481,10
two_concepts,TinyCNN,2001,template_init,0.953125,0.7432730197906494,0.838328939272033,1.0,0.963470458984375,0.2502102107096045,0.9145045936838105,0.36324045708414865,0.80859375,0.22119140625,0.95703125,0.96484375,0.002630022820085287,0.9921875,0.9921875,True,0.8209474086761475,0.3780820369720459,0.5512641365996619,20
two_concepts,TinyCNN,2001,template_init,0.9921875,0.26379597187042236,0.6887648374209514,1.0,0.981689453125,0.23079401423835477,0.9268012996447644,0.34888138789746675,0.880859375,0.177978515625,0.98828125,0.98828125,0.004412686452269554,0.9921875,0.984375,True,1.5670273303985596,0.40152740478515625,0.5779199117472977,40
two_concepts,TinyCNN,2001,template_init,0.99609375,0.07131502032279968,0.5928224059809328,1.0,0.9853057861328125,0.19345927919147227,0.931559688840406,0.30166945986010796,0.896484375,0.145263671875,0.9921875,0.99609375,0.002847885712981224,0.9921875,0.9921875,True,2.420027732849121,0.3591594696044922,0.629890228980298,80
two_concepts,TinyCNN,2001,template_init,0.99609375,0.03841526433825493,0.5606809322608818,1.0,0.9865875244140625,0.18444627787812817,0.9306606775280362,0.2685466755586039,0.88671875,0.131103515625,0.9921875,0.99609375,0.002672656672075391,0.9921875,0.9921875,True,2.868372678756714,0.3668968677520752,0.6621140019694323,120
two_concepts,TinyCNN,2001,template_init,0.99609375,0.028269493952393532,0.5460007147258634,1.0,0.9872589111328125,0.18496192182780608,0.9291347946410483,0.24702029650721213,0.88671875,0.120361328125,0.9921875,0.99609375,0.0029777369927614927,0.9921875,0.9921875,True,3.165656328201294,0.3818514347076416,0.6821144981338362,160
two_concepts,TinyCNN,2001,template_init,0.99609375,0.02370682917535305,0.5368735134240282,1.0,0.9882965087890625,0.18458960770449606,0.9275237905833411,0.23205350775132738,0.88671875,0.115234375,0.9921875,0.99609375,0.003096568863838911,0.9921875,0.9921875,True,3.3872733116149902,0.3883936405181885,0.6954702828320137,200
two_concepts,TinyCNN,2001,template_release,0.25,1.6224539279937744,0.9992983428820248,1.0,0.807037353515625,0.39170043056816695,0.5877673188898711,0.13341377499439508,0.25,0.250244140625,0.25,1.0,0.0004270261852070689,0.8515625,0.8359375,True,0.0879034548997879,0.599621057510376,0.454353543895476,1
two_concepts,TinyCNN,2001,template_release,0.52734375,1.2595314979553223,0.9868419187541584,1.0,0.8456878662109375,0.3952040622375541,0.8859593342121577,0.28671008151816524,0.5078125,0.269775390625,0.5234375,0.890625,0.00044181995326653123,0.9140625,0.90625,True,0.22635935246944427,0.5577676296234131,0.5992492526939924,5
two_concepts,TinyCNN,2001,template_release,0.828125,1.1627583503723145,0.9745227587524786,1.0,0.89208984375,0.37348618706213776,0.8961393060935283,0.3334303651837318,0.755859375,0.245361328125,0.83984375,0.90234375,0.000620878825429827,0.984375,0.9453125,True,0.2455761730670929,0.37702131271362305,0.5627089409097965,10
two_concepts,TinyCNN,2001,template_release,0.93359375,0.9946221113204956,0.958483290755232,1.0,0.9213714599609375,0.35340246926466423,0.9123409939110182,0.3434017006522206,0.7890625,0.217041015625,0.9296875,0.9140625,0.001473752548918128,0.98046875,0.98046875,True,0.30593937635421753,0.371260404586792,0.5689392932587976,20
two_concepts,TinyCNN,2001,template_release,0.98046875,0.6726815104484558,0.9223307362486723,1.0,0.9520263671875,0.339485942397865,0.9375252738817449,0.35577149363864535,0.884765625,0.1865234375,0.97265625,0.9765625,0.004205403849482536,0.99609375,0.9921875,True,0.45691370964050293,0.43126487731933594,0.5817537802430995,40
two_concepts,TinyCNN,2001,template_release,0.98828125,0.18522053956985474,0.8015408690313154,1.0,0.968505859375,0.29067610683413597,0.9693714099136791,0.3471560634992881,0.96484375,0.162109375,0.98828125,0.9921875,0.006384048145264387,0.9921875,0.98828125,True,0.9925644993782043,0.35105204582214355,0.6222153464143909,80
two_concepts,TinyCNN,2001,template_release,0.9921875,0.05552423745393753,0.6622692792697988,1.0,0.97686767578125,0.2299193359344256,0.9800011351840698,0.2928226304298958,0.970703125,0.144775390625,0.9921875,0.9921875,0.0037223512772470713,0.99609375,0.99609375,True,1.8736211061477661,0.35829639434814453,0.6871785047541741,120
two_concepts,TinyCNN,2001,template_release,0.9921875,0.03517264500260353,0.6183396393860964,1.0,0.97900390625,0.20506770965785714,0.9827322688708052,0.26695452881033704,0.978515625,0.13427734375,0.9921875,0.9921875,0.0032649461645632982,0.99609375,1.0,True,2.28080677986145,0.39299631118774414,0.7157777400604681,160
two_concepts,TinyCNN,2001,template_release,0.9921875,0.02719273790717125,0.594320820095967,1.0,0.98028564453125,0.18955558856262464,0.984198247462731,0.2508837293445809,0.982421875,0.129150390625,0.99609375,0.99609375,0.0031922119669616222,0.99609375,1.0,True,2.54667329788208,0.35765981674194336,0.7333145181181501,200
two_concepts,TinyCNN,2001,template_retention_1,0.25,1.6224539279937744,0.9992983428820248,1.0,0.807037353515625,0.39170043056816695,0.5877673188898711,0.13341377499439508,0.25,0.250244140625,0.25,1.0,0.0004270261852070689,0.8515625,0.8359375,True,0.0879034548997879,0.6427738666534424,0.454353543895476,1
two_concepts,TinyCNN,2001,template_retention_1,0.52734375,1.2595314979553223,0.9868419187541584,1.0,0.8456878662109375,0.3952040622375541,0.8859593342121577,0.28671008151816524,0.5078125,0.269775390625,0.5234375,0.890625,0.00044181995326653123,0.9140625,0.90625,True,0.22635935246944427,0.5933578014373779,0.5992492526939924,5
two_concepts,TinyCNN,2001,template_retention_1,0.828125,1.1627583503723145,0.9745227587524786,1.0,0.89208984375,0.37348618706213776,0.8961393060935283,0.3334303651837318,0.755859375,0.245361328125,0.83984375,0.90234375,0.000620878825429827,0.984375,0.9453125,True,0.2455761730670929,0.470444917678833,0.5627089409097965,10
two_concepts,TinyCNN,2001,template_retention_1,0.92578125,1.0067733526229858,0.9623725005061751,1.0,0.9168701171875,0.3548143360356372,0.9114336791545344,0.34253716646505067,0.78515625,0.2177734375,0.9296875,0.90625,0.0014170431531965733,0.98046875,0.97265625,True,0.2892531454563141,0.3998708724975586,0.5688965126894838,20
two_concepts,TinyCNN,2001,template_retention_1,0.9765625,0.758963942527771,0.9479996264949526,1.0,0.9406280517578125,0.34933542114016364,0.9259717835456669,0.3526270401997535,0.853515625,0.195068359375,0.96875,0.96875,0.0033917282707989216,0.99609375,0.98046875,True,0.3501138687133789,0.38211512565612793,0.5733447433459133,40
two_concepts,TinyCNN,2001,template_retention_1,0.98828125,0.4860110580921173,0.9406793021110773,1.0,0.9437713623046875,0.3484550168735129,0.9574673103845975,0.3654865693015049,0.947265625,0.18115234375,0.9765625,0.98046875,0.006919771432876587,1.0,0.98046875,True,0.3794822692871094,0.36246752738952637,0.5919807410830926,80
two_concepts,TinyCNN,2001,template_retention_1,0.9921875,0.3572332561016083,0.9416702504109418,1.0,0.9408721923828125,0.3492012865163745,0.965371921195962,0.3646243724199355,0.966796875,0.171142578125,0.98828125,0.98828125,0.008365392684936523,1.0,0.98046875,True,0.3721039891242981,0.3806295394897461,0.6007475487760265,120
two_concepts,TinyCNN,2001,template_retention_1,0.98828125,0.2880556583404541,0.9432561846574476,1.0,0.95135498046875,0.35228043187954927,0.9714101496723936,0.35751190498748364,0.96484375,0.165771484375,0.984375,0.98046875,0.008941433392465115,1.0,0.984375,True,0.36152908205986023,0.40517592430114746,0.6138982446849099,160
two_concepts,TinyCNN,2001,template_retention_1,0.98828125,0.24453122913837433,0.9453131429631666,1.0,0.95098876953125,0.3529753251040149,0.9749488568682853,0.3493286718204433,0.970703125,0.1611328125,0.984375,0.98046875,0.009055150672793388,1.0,0.984375,True,0.34953615069389343,0.3620035648345947,0.625620185047842,200
two_concepts,TinyCNN,2002,random,0.46875,1.3482357263565063,0.14224950146928755,0.12970471012563026,0.850738525390625,0.30443337764821676,0.7299385038164119,0.33598363943754966,0.404296875,0.286376953125,0.53125,0.70703125,0.00020575625239871442,0.89453125,0.8984375,True,0.07739897072315216,0.45252227783203125,0.39395486437886224,1
two_concepts,TinyCNN,2002,random,0.6796875,1.226238489151001,0.1844555675855907,0.12970471012563026,0.9295196533203125,0.2980239199840367,0.8012031341584662,0.3863187033743877,0.462890625,0.211669921875,0.7265625,0.87109375,0.000557519553694874,0.94140625,0.98828125,True,0.26959314942359924,0.41472458839416504,0.41488443078407855,5
two_concepts,TinyCNN,2002,random,0.828125,0.9989033341407776,0.21438084928884527,0.12970471012563026,0.948944091796875,0.2837116026098446,0.8094515399145435,0.39490621255305614,0.626953125,0.209716796875,0.84765625,0.94140625,0.0022628209553658962,0.93359375,0.99609375,True,0.5141583681106567,0.45207929611206055,0.4145453273614874,10
two_concepts,TinyCNN,2002,random,0.90234375,0.5218989849090576,0.2571532189684853,0.12970471012563026,0.9640960693359375,0.2635639597685808,0.8289136389252599,0.37622135154936726,0.63671875,0.164794921875,0.91796875,0.9453125,0.010008713230490685,0.96875,0.98828125,True,1.0518940687179565,0.4469294548034668,0.4526922873758927,20
two_concepts,TinyCNN,2002,random,0.97265625,0.1879425048828125,0.2616565621546548,0.12970471012563026,0.9683837890625,0.25870942836280175,0.7706347903694053,0.32116845892679446,0.6796875,0.12451171875,0.984375,0.98046875,0.013196442276239395,0.96484375,0.9921875,True,1.733128309249878,0.3354983329772949,0.44946633144261083,40
two_concepts,TinyCNN,2002,random,0.96484375,0.09562204033136368,0.26160778965951087,0.12970471012563026,0.9683837890625,0.24336192985043528,0.7575162813702514,0.2631188547870158,0.69140625,0.10888671875,0.984375,0.98046875,0.012131793424487114,0.96875,1.0,True,2.293698310852051,0.3862600326538086,0.4943974265832356,80
two_concepts,TinyCNN,2002,random,0.97265625,0.07491428405046463,0.2590690605788807,0.12970471012563026,0.96746826171875,0.23976960348505022,0.7956494922803286,0.2359834073304144,0.681640625,0.10400390625,0.98046875,0.984375,0.011037890799343586,0.96484375,1.0,True,2.569002628326416,0.42633795738220215,0.5596660849499142,120
two_concepts,TinyCNN,2002,random,0.97265625,0.06709178537130356,0.256170344678576,0.12970471012563026,0.96722412109375,0.23795135087133545,0.779143399641836,0.21990491538666243,0.68359375,0.100830078125,0.98046875,0.984375,0.010149355046451092,0.96484375,0.99609375,True,2.747551679611206,0.398693323135376,0.5592384842551735,160
two_concepts,TinyCNN,2002,random,0.97265625,0.06321834027767181,0.2541272045597393,0.12970471012563026,0.96624755859375,0.2363152961574135,0.7748074626038626,0.20924100527824532,0.685546875,0.099853515625,0.98046875,0.984375,0.009448125958442688,0.96875,1.0,True,2.8789024353027344,0.3726651668548584,0.5655664573256173,200
two_concepts,TinyCNN,2002,random_unitnorm,0.42578125,1.3443305492401123,0.1322369704879034,0.12970470992271838,0.818878173828125,0.2938553959046431,0.7215662651100856,0.2919225063738994,0.419921875,0.27783203125,0.49609375,0.61328125,0.0006737180519849062,0.8046875,0.8671875,True,0.08280137181282043,0.38820433616638184,0.4296437587361862,1
two_concepts,TinyCNN,2002,random_unitnorm,0.703125,1.2213245630264282,0.15477807605163432,0.12970470992271838,0.9036407470703125,0.29149520820080715,0.7793543649187876,0.3905503901780748,0.470703125,0.22607421875,0.7109375,0.8125,0.0009996064472943544,0.9453125,0.953125,True,0.2808768153190613,0.4083747863769531,0.3888039747407128,5
two_concepts,TinyCNN,2002,random_unitnorm,0.83203125,1.0205254554748535,0.17292556983577895,0.12970470992271838,0.9297027587890625,0.2969219833232698,0.8143937305211228,0.3890822609338256,0.595703125,0.22265625,0.85546875,0.92578125,0.002626709872856736,0.97265625,0.98046875,True,0.5143416523933411,0.4410552978515625,0.42531146958729726,10
two_concepts,TinyCNN,2002,random_unitnorm,0.91796875,0.5780654549598694,0.2201980973544887,0.12970470992271838,0.9488372802734375,0.2921428487929408,0.8399140748504661,0.3615547374079584,0.658203125,0.176025390625,0.9140625,0.94140625,0.00909280963242054,0.98046875,0.9921875,True,1.0000557899475098,0.3784012794494629,0.4783593374425077,20
two_concepts,TinyCNN,2002,random_unitnorm,0.98046875,0.19966542720794678,0.2477399754285953,0.12970470992271838,0.95880126953125,0.27741297292768347,0.791692498228284,0.30951481481799503,0.685546875,0.12646484375,0.984375,0.98046875,0.013195279985666275,0.9765625,0.9921875,True,1.7048741579055786,0.3819282054901123,0.482177683410289,40
two_concepts,TinyCNN,2002,random_unitnorm,0.984375,0.09124049544334412,0.25297276094243165,0.12970470992271838,0.963623046875,0.26494906258488937,0.7843011677264868,0.25457213721270294,0.6953125,0.11279296875,0.98046875,0.99609375,0.010809589177370071,0.96875,0.98828125,True,2.292196750640869,0.36193156242370605,0.5297290305137838,80
two_concepts,TinyCNN,2002,random_unitnorm,0.984375,0.06773743033409119,0.2534493204863749,0.12970470992271838,0.96502685546875,0.2625364773361234,0.7791029042724339,0.22963548062861855,0.693359375,0.109375,0.98046875,0.99609375,0.009811973199248314,0.96875,0.9921875,True,2.5762059688568115,0.36798882484436035,0.5494674236438153,120
two_concepts,TinyCNN,2002,random_unitnorm,0.984375,0.058283399790525436,0.2534479892126789,0.12970470992271838,0.96466064453125,0.262608613542653,0.7758840641911321,0.2155315220398587,0.6953125,0.1083984375,0.98046875,0.99609375,0.009142790921032429,0.98046875,0.9921875,True,2.763096332550049,0.3621408939361572,0.5603525421512734,160
two_concepts,TinyCNN,2002,random_unitnorm,0.984375,0.052821431308984756,0.2530910359216836,0.12970470992271838,0.96478271484375,0.2620385514557274,0.7735861614788218,0.20580954765937676,0.6953125,0.108154296875,0.984375,0.9921875,0.00876183807849884,0.98046875,0.9921875,True,2.9018068313598633,0.3970634937286377,0.567776613819445,200
two_concepts,TinyCNN,2002,template_init,0.35546875,1.3748914003372192,0.9984187928658818,1.0,0.7744903564453125,0.3891902827536253,0.5438122429856823,0.14962112569883057,0.3828125,0.25048828125,0.37109375,0.85546875,0.00033420618274249136,0.8359375,0.83203125,True,0.08604473620653152,0.599853515625,0.39419111728685174,1
two_concepts,TinyCNN,2002,template_init,0.69921875,1.2117092609405518,0.9673130751214118,1.0,0.856109619140625,0.3700090833775924,0.8907290408644184,0.3154558104558779,0.52734375,0.24560546875,0.703125,0.85546875,0.0006313243065960705,0.9453125,0.98828125,True,0.28541508316993713,0.5479531288146973,0.5752732304085405,5
two_concepts,TinyCNN,2002,template_init,0.84765625,1.0303069353103638,0.9032468102683836,1.0,0.9243011474609375,0.3329741647351461,0.8671852676165648,0.3606530683275728,0.62890625,0.2138671875,0.85546875,0.8984375,0.0015409355983138084,0.9609375,0.98828125,True,0.5204200744628906,0.45299601554870605,0.506532199288992,10
two_concepts,TinyCNN,2002,template_init,0.95703125,0.6634372472763062,0.7722435547029445,1.0,0.9673614501953125,0.32389432074429736,0.8922462825769661,0.36812327397786526,0.779296875,0.179443359375,0.97265625,0.96875,0.004442471079528332,0.98828125,0.99609375,True,0.9888584017753601,0.35698795318603516,0.5241230085991009,20
two_concepts,TinyCNN,2002,template_init,0.98046875,0.26289287209510803,0.6407746853958878,1.0,0.9765777587890625,0.27396318229663075,0.9174508291733178,0.3422663928634398,0.84375,0.16650390625,0.97265625,0.98046875,0.008893267251551151,0.984375,0.9921875,True,1.7276010513305664,0.34464478492736816,0.5751844363098779,40
two_concepts,TinyCNN,2002,template_init,0.984375,0.10539692640304565,0.5614700411849585,1.0,0.9808807373046875,0.24245657111282137,0.9179346481557203,0.2902538590851532,0.869140625,0.138916015625,0.9765625,0.98828125,0.009693282656371593,0.98828125,0.9921875,True,2.4689393043518066,0.34209275245666504,0.6276807890705671,80
two_concepts,TinyCNN,2002,template_init,0.984375,0.07249265909194946,0.5330033194748381,1.0,0.9821319580078125,0.22708154491984017,0.9045475065920773,0.2634984174428524,0.84765625,0.12939453125,0.9765625,0.98828125,0.00952843390405178,0.98828125,0.9921875,True,2.860870122909546,0.35759520530700684,0.6410490891492249,120
two_concepts,TinyCNN,2002,template_init,0.98828125,0.058968573808670044,0.517279694070716,1.0,0.9829254150390625,0.22138804846775612,0.8918913984470332,0.2474959716225022,0.837890625,0.124267578125,0.9765625,0.984375,0.009251762181520462,0.98828125,0.9921875,True,3.121750831604004,0.35082244873046875,0.6443954268245311,160
two_concepts,TinyCNN,2002,template_init,0.98828125,0.05195224657654762,0.5076850029241043,1.0,0.9831085205078125,0.21664988393185425,0.8810221065314923,0.23635463873849677,0.82421875,0.119384765625,0.98046875,0.98828125,0.009281814098358154,0.98828125,0.9921875,True,3.3167128562927246,0.33502888679504395,0.6446674677929956,200
two_concepts,TinyCNN,2002,template_release,0.32421875,1.3752597570419312,0.9987412030432623,1.0,0.7752838134765625,0.38929258354905494,0.5483357934262478,0.14949988436632755,0.369140625,0.2509765625,0.359375,0.83203125,0.0003316738293506205,0.8359375,0.8359375,True,0.07155585289001465,0.6558854579925537,0.3988359090599203,1
two_concepts,TinyCNN,2002,template_release,0.671875,1.2255620956420898,0.9809883055299888,1.0,0.849273681640625,0.36139156570487263,0.8871538918524559,0.3072917971053526,0.59765625,0.264892578125,0.6796875,0.828125,0.0005358416819944978,0.91015625,0.953125,True,0.19940078258514404,0.6645874977111816,0.5798620947471033,5
two_concepts,TinyCNN,2002,template_release,0.83984375,1.1061534881591797,0.9636083249554586,1.0,0.9066925048828125,0.3535513615282039,0.9116381103415088,0.3458239697656397,0.6796875,0.22216796875,0.82421875,0.90625,0.0009950429666787386,0.921875,0.96875,True,0.27943700551986694,0.5888197422027588,0.565814140575869,10
two_concepts,TinyCNN,2002,template_release,0.9140625,0.9165069460868835,0.9440365341063672,1.0,0.9379730224609375,0.343559344302761,0.9088482127647411,0.35812823234845576,0.69921875,0.204833984375,0.91015625,0.92578125,0.002214871346950531,0.96484375,1.0,True,0.36179494857788086,0.37121129035949707,0.5507199804162854,20
two_concepts,TinyCNN,2002,template_release,0.9453125,0.5979403257369995,0.9078720368724995,1.0,0.9445648193359375,0.3225112492965927,0.9308601211192326,0.3664105243947039,0.859375,0.20654296875,0.94921875,0.953125,0.005884401500225067,0.9765625,0.9921875,True,0.5048115849494934,0.39852213859558105,0.5644495967245287,40
two_concepts,TinyCNN,2002,template_release,0.98828125,0.2077386975288391,0.7980482890944517,1.0,0.957794189453125,0.28036039469057966,0.9505877224076317,0.34105477538795775,0.9140625,0.186767578125,0.98046875,0.984375,0.012250281870365143,0.98046875,0.98828125,True,0.9589194059371948,0.346907377243042,0.609532947019674,80
two_concepts,TinyCNN,2002,template_release,0.984375,0.08430568873882294,0.649692299641393,1.0,0.971649169921875,0.2196543448950639,0.9442018139970852,0.29203258072017746,0.912109375,0.154296875,0.98046875,0.98046875,0.012031554244458675,0.98828125,0.99609375,True,1.7354860305786133,0.3727834224700928,0.6521692332769078,120
two_concepts,TinyCNN,2002,template_release,0.9921875,0.06076585128903389,0.6020230535519868,1.0,0.97406005859375,0.20355850065132775,0.9399555715456102,0.2687496720899072,0.896484375,0.142822265625,0.9765625,0.984375,0.012398271821439266,0.98828125,0.99609375,True,2.0885558128356934,0.35098862648010254,0.671205899455703,160
two_concepts,TinyCNN,2002,template_release,0.98828125,0.05053964629769325,0.5748467630303897,1.0,0.9756011962890625,0.19162672017611088,0.9370351925619939,0.25489124963987075,0.888671875,0.139892578125,0.9765625,0.984375,0.012598089873790741,0.98828125,0.99609375,True,2.3214635848999023,0.3591647148132324,0.6821439429221231,200
two_concepts,TinyCNN,2002,template_retention_1,0.32421875,1.3752597570419312,0.9987412030432623,1.0,0.7752838134765625,0.38929258354905494,0.5483357934262478,0.14949988436632755,0.369140625,0.2509765625,0.359375,0.83203125,0.0003316738293506205,0.8359375,0.8359375,True,0.07155585289001465,0.5830161571502686,0.3988359090599203,1
two_concepts,TinyCNN,2002,template_retention_1,0.671875,1.2255620956420898,0.9809883055299888,1.0,0.849273681640625,0.36139156570487263,0.8871538918524559,0.3072917971053526,0.59765625,0.264892578125,0.6796875,0.828125,0.0005358416819944978,0.91015625,0.953125,True,0.19940078258514404,0.6528656482696533,0.5798620947471033,5
two_concepts,TinyCNN,2002,template_retention_1,0.83984375,1.1061534881591797,0.9636083249554586,1.0,0.9066925048828125,0.3535513615282039,0.9116381103415088,0.3458239697656397,0.6796875,0.22216796875,0.82421875,0.90625,0.0009950429666787386,0.921875,0.96875,True,0.27943700551986694,0.6268107891082764,0.565814140575869,10
two_concepts,TinyCNN,2002,template_retention_1,0.91015625,0.932263195514679,0.9485101815148843,1.0,0.93365478515625,0.3467646746186037,0.9104653056786357,0.35704112292581963,0.693359375,0.207275390625,0.90234375,0.921875,0.002128277439624071,0.9609375,0.99609375,True,0.3421308100223541,0.37030506134033203,0.5534241827528161,20
two_concepts,TinyCNN,2002,template_retention_1,0.93359375,0.6936718225479126,0.9350316104420249,1.0,0.936676025390625,0.3282691925730592,0.8985266866023038,0.36140319305904817,0.759765625,0.205322265625,0.93359375,0.9375,0.004941864404827356,0.9765625,0.99609375,True,0.3937562108039856,0.36541008949279785,0.5371234935432556,40
two_concepts,TinyCNN,2002,template_retention_1,0.9453125,0.46604520082473755,0.9320997004254032,1.0,0.93548583984375,0.3251866867810216,0.9412715458126241,0.3581136582535752,0.87890625,0.203857421875,0.9453125,0.953125,0.009461013600230217,0.96875,1.0,True,0.39666998386383057,0.3819694519042969,0.5831578875590488,80
two_concepts,TinyCNN,2002,template_retention_1,0.95703125,0.36983993649482727,0.934671649507843,1.0,0.933990478515625,0.32921907131929395,0.9488266856587155,0.35058983938351257,0.900390625,0.20068359375,0.95703125,0.953125,0.01160111278295517,0.97265625,1.0,True,0.38045981526374817,0.39337825775146484,0.598236846275203,120
two_concepts,TinyCNN,2002,template_retention_1,0.96875,0.30837875604629517,0.9368975360648779,1.0,0.9335784912109375,0.33124128975285294,0.952414693980717,0.34469721704661604,0.9140625,0.198974609375,0.96875,0.96875,0.012707246467471123,0.97265625,1.0,True,0.3670250177383423,0.3725905418395996,0.6077174769341009,160
two_concepts,TinyCNN,2002,template_retention_1,0.96484375,0.27502167224884033,0.9400854733145625,1.0,0.9333648681640625,0.33480731763194915,0.9521963130688087,0.3392444914215329,0.91796875,0.191650390625,0.96875,0.97265625,0.013259241357445717,0.96875,1.0,True,0.35280734300613403,0.371429443359375,0.6129518216472758,200
two_concepts,TinyCNN,2003,random,0.3671875,1.3473225831985474,0.14878429767542664,0.14504698562871635,0.8410186767578125,0.2106613582860657,0.7714008347296547,0.3151460498921405,0.326171875,0.286376953125,0.36328125,0.87109375,0.00016330622020177543,0.8828125,0.87890625,True,0.07683039456605911,0.3737776279449463,0.4562547848375142,1
two_concepts,TinyCNN,2003,random,0.58203125,1.204616904258728,0.17709535838673432,0.14504698562871635,0.96240234375,0.2309262146137665,0.6539404334197312,0.3708214621374914,0.34375,0.2890625,0.546875,0.90234375,0.00042221974581480026,0.9921875,0.98046875,True,0.2776402533054352,0.37839508056640625,0.2831189712822398,5
two_concepts,TinyCNN,2003,random,0.875,0.9708146452903748,0.20334636325286318,0.14504698562871635,0.98492431640625,0.22723788708691567,0.616718217372739,0.38205330580231756,0.43359375,0.22802734375,0.859375,0.9453125,0.001419611508026719,0.9921875,0.9921875,True,0.5171260833740234,0.3777949810028076,0.23466491157042146,10
two_concepts,TinyCNN,2003,random,0.9609375,0.45112183690071106,0.21618876158470154,0.14504698562871635,0.9918212890625,0.19170541271288782,0.7530304509778931,0.3668380964592747,0.580078125,0.150634765625,0.93359375,0.96484375,0.004703913815319538,1.0,0.99609375,True,1.0559004545211792,0.3399162292480469,0.38619235451861844,20
two_concepts,TinyCNN,2003,random,0.99609375,0.11536481976509094,0.21721494029453198,0.14504698562871635,0.99517822265625,0.18072497870640375,0.7730125099685022,0.2964575493262943,0.611328125,0.09912109375,0.99609375,0.9921875,0.006881835870444775,1.0,1.0,True,1.7419688701629639,0.3650248050689697,0.4765549606422079,40
two_concepts,TinyCNN,2003,random,1.0,0.03187793120741844,0.2086217841283768,0.14504698562871635,0.995361328125,0.17571977026381208,0.7873480849690673,0.23723389822202834,0.65234375,0.092041015625,0.99609375,0.99609375,0.004578659776598215,1.0,1.0,True,2.3171727657318115,0.3649146556854248,0.5501141867470389,80
two_concepts,TinyCNN,2003,random,1.0,0.015233063139021397,0.20151968633803688,0.14504698562871635,0.99542236328125,0.17404535678629895,0.7916537269956303,0.2104476895863333,0.68359375,0.0908203125,1.0,1.0,0.003048607148230076,1.0,1.0,True,2.6248817443847656,0.38982677459716797,0.581206037409297,120
two_concepts,TinyCNN,2003,random,1.0,0.009355991147458553,0.19881954930138987,0.14504698562871635,0.995361328125,0.1721038883871219,0.7957356788072324,0.1948003960292263,0.6953125,0.0908203125,1.0,1.0,0.0023210966028273106,1.0,1.0,True,2.8307666778564453,0.33855175971984863,0.6009352827780061,160
two_concepts,TinyCNN,2003,random,1.0,0.006504699122160673,0.1971411811737514,0.14504698562871635,0.99554443359375,0.16941479680133675,0.7981386448160743,0.1841941731753931,0.70703125,0.09228515625,1.0,1.0,0.001962479669600725,1.0,1.0,True,2.9838502407073975,0.34067487716674805,0.6139444716406812,200
two_concepts,TinyCNN,2003,random_unitnorm,0.359375,1.3412593603134155,0.14177109293496248,0.14504698603386157,0.810516357421875,0.2028924078646167,0.8282122246946417,0.29843854341043075,0.330078125,0.27490234375,0.36328125,0.8515625,0.0004433175490703434,0.80078125,0.8203125,True,0.07928247004747391,0.36130189895629883,0.529773681284211,1
two_concepts,TinyCNN,2003,random_unitnorm,0.55078125,1.1976550817489624,0.1549540106010983,0.14504698603386157,0.9484405517578125,0.21540178059068843,0.8486174170479495,0.3696547771507772,0.421875,0.285400390625,0.55859375,0.9140625,0.0007740854634903371,0.98046875,0.95703125,True,0.2918272614479065,0.5605814456939697,0.47896263989717225,5
two_concepts,TinyCNN,2003,random_unitnorm,0.86328125,0.9633970260620117,0.1663025795730262,0.14504698603386157,0.951171875,0.23528150313688972,0.8725624708175653,0.36098525380380353,0.662109375,0.221923828125,0.86328125,0.9609375,0.002118220552802086,0.984375,0.98046875,True,0.5300189256668091,0.3937404155731201,0.5115772170137618,10
two_concepts,TinyCNN,2003,random_unitnorm,0.94140625,0.4796488881111145,0.18393976323593247,0.14504698603386157,0.96246337890625,0.21809785280373273,0.801692493020315,0.34774326853345916,0.623046875,0.16259765625,0.9375,0.96484375,0.0057232193648815155,1.0,0.984375,True,1.0248593091964722,0.35765504837036133,0.4539492244868558,20
two_concepts,TinyCNN,2003,random_unitnorm,1.0,0.12912842631340027,0.18433248687442744,0.14504698603386157,0.99359130859375,0.19433027035308748,0.8367800495328711,0.28874834527708426,0.732421875,0.103271484375,1.0,1.0,0.007294244598597288,1.0,1.0,True,1.7311561107635498,0.32790446281433105,0.5480317042557868,40
two_concepts,TinyCNN,2003,random_unitnorm,1.0,0.03707358241081238,0.1871362994217129,0.14504698603386157,0.9951171875,0.1847906730416523,0.8095462712142585,0.23221891684649212,0.72265625,0.09423828125,1.0,1.0,0.004443355370312929,1.0,1.0,True,2.319305658340454,0.3244016170501709,0.5773273543677664,80
two_concepts,TinyCNN,2003,random_unitnorm,1.0,0.01912289299070835,0.18696236088185736,0.14504698603386157,0.99542236328125,0.17862806674854828,0.7951175715975627,0.20729645832845076,0.716796875,0.091064453125,1.0,1.0,0.0029813149012625217,1.0,1.0,True,2.624431610107422,0.3515191078186035,0.5878211132691119,120
two_concepts,TinyCNN,2003,random_unitnorm,1.0,0.012197626754641533,0.18630800608913684,0.14504698603386157,0.99615478515625,0.17477639936051534,0.7868235222736022,0.1932025208478776,0.71484375,0.09326171875,1.0,1.0,0.0021349170710891485,1.0,1.0,True,2.8281145095825195,0.372722864151001,0.5936210014257246,160
two_concepts,TinyCNN,2003,random_unitnorm,1.0,0.00874944869428873,0.18524876270641077,0.14504698603386157,0.996337890625,0.17190061036262808,0.7804741787180479,0.18351614821152706,0.708984375,0.09326171875,1.0,1.0,0.0018553914269432425,1.0,1.0,True,2.980825424194336,0.34686732292175293,0.5969580305065209,200
two_concepts,TinyCNN,2003,template_init,0.19140625,1.368930697441101,0.9987438901209855,1.0,0.775390625,0.39020385050962625,0.840154129270535,0.17386715326386698,0.205078125,0.263427734375,0.2265625,0.9140625,0.00023259379668161273,0.8359375,0.82421875,True,0.08478793501853943,0.6216132640838623,0.6662869760066681,1
two_concepts,TinyCNN,2003,template_init,0.59765625,1.2510855197906494,0.9728241165766949,1.0,0.83453369140625,0.35196550879168326,0.908201326939598,0.32717909426602987,0.498046875,0.298095703125,0.60546875,0.80078125,0.00029695985722355545,0.93359375,0.91015625,True,0.26382577419281006,0.6034588813781738,0.5810222326735681,5
two_concepts,TinyCNN,2003,template_init,0.78125,1.0974242687225342,0.9139370101221638,1.0,0.8468170166015625,0.33445399816214105,0.9154249273277507,0.3753103291718197,0.548828125,0.237548828125,0.76171875,0.90625,0.0007139773806557059,0.97265625,0.9609375,True,0.4827769696712494,0.5242757797241211,0.540114598155931,10
two_concepts,TinyCNN,2003,template_init,0.95703125,0.7096884846687317,0.7803118443509152,1.0,0.9642791748046875,0.31784013137836387,0.8865141276102438,0.37200773000757753,0.625,0.21826171875,0.9609375,0.96484375,0.0028077622409909964,0.99609375,0.98046875,True,0.9604618549346924,0.34919118881225586,0.5145063976026663,20
two_concepts,TinyCNN,2003,template_init,1.0,0.19017811119556427,0.6138837278321998,1.0,0.9868316650390625,0.22949992462972757,0.9182906708835216,0.318209073150155,0.876953125,0.195556640625,0.9921875,0.9921875,0.005912723485380411,1.0,0.9921875,True,1.8490630388259888,0.3341712951660156,0.6000815977333666,40
two_concepts,TinyCNN,2003,template_init,1.0,0.046636179089546204,0.5456011218488248,1.0,0.9871063232421875,0.20309003693260325,0.9052814037419874,0.26628181019199826,0.86328125,0.17236328125,1.0,1.0,0.002342390827834606,1.0,0.99609375,True,2.674558639526367,0.35762572288513184,0.6389995935499891,80
two_concepts,TinyCNN,2003,template_init,1.0,0.02355756051838398,0.5217275290118806,1.0,0.9876861572265625,0.19463239198637475,0.8973015844784693,0.24504521761528195,0.859375,0.167236328125,1.0,1.0,0.0010893031721934676,1.0,1.0,True,3.0778207778930664,0.38379788398742676,0.6522563668631873,120
two_concepts,TinyCNN,2003,template_init,1.0,0.015090498141944408,0.5095775105593341,1.0,0.9879913330078125,0.18862011881679627,0.8920050927453279,0.23307800526524394,0.8515625,0.1640625,1.0,1.0,0.0006748656160198152,1.0,1.0,True,3.3419015407562256,0.35191893577575684,0.658927087480084,160
two_concepts,TinyCNN,2003,template_init,1.0,0.010981922037899494,0.501134724665748,1.0,0.9880523681640625,0.18468995913142106,0.8879781560863977,0.2251440117086629,0.83203125,0.16162109375,1.0,1.0,0.00046927371295168996,1.0,1.0,True,3.5372447967529297,0.34361815452575684,0.6628341443777348,200
two_concepts,TinyCNN,2003,template_release,0.203125,1.3691728115081787,0.9989926330579735,1.0,0.776214599609375,0.3898837310120683,0.8402538536955343,0.17111732596413076,0.2109375,0.257568359375,0.23046875,0.90625,0.00022997611085884273,0.8515625,0.83203125,True,0.06778980046510696,0.6182975769042969,0.6691365277314035,1
two_concepts,TinyCNN,2003,template_release,0.61328125,1.2610852718353271,0.9880070558690812,1.0,0.8216705322265625,0.3777144044313289,0.8880735243641383,0.3138862895987526,0.484375,0.285888671875,0.59375,0.7890625,0.00027402618434280157,0.91015625,0.86328125,True,0.15513145923614502,0.5863912105560303,0.5741872347653858,5
two_concepts,TinyCNN,2003,template_release,0.734375,1.1674695014953613,0.9793617980087994,1.0,0.8403167724609375,0.3824664397190327,0.9222129597118051,0.3412599988575853,0.51171875,0.246826171875,0.73828125,0.87109375,0.0004931209259666502,0.953125,0.9453125,True,0.206546813249588,0.5770909786224365,0.5809529608542198,10
two_concepts,TinyCNN,2003,template_release,0.78125,0.9864274859428406,0.963489148744316,1.0,0.8844146728515625,0.36536101533946064,0.9539819807829453,0.3517146061907855,0.6953125,0.224853515625,0.79296875,0.90234375,0.0012522173346951604,0.9921875,0.96875,True,0.29052433371543884,0.4673328399658203,0.6022673745921598,20
two_concepts,TinyCNN,2003,template_release,0.96484375,0.6586591601371765,0.9216554299090037,1.0,0.9466705322265625,0.32179336105137757,0.9289414391741116,0.32706307262801626,0.87109375,0.142822265625,0.96484375,0.96875,0.0030237738974392414,1.0,0.9921875,True,0.46113380789756775,0.4520707130432129,0.6018783665460954,40
two_concepts,TinyCNN,2003,template_release,0.99609375,0.15687033534049988,0.7868886832719229,1.0,0.9807281494140625,0.28550721197342604,0.9651731583059063,0.22170593881451695,0.98046875,0.115234375,1.0,0.99609375,0.004514556378126144,1.0,1.0,True,1.014116644859314,0.35787367820739746,0.7434672194913894,80
two_concepts,TinyCNN,2003,template_release,1.0,0.03601701185107231,0.6396178385585726,1.0,0.987701416015625,0.22115412938867213,0.9518925286737158,0.1710724663835771,0.95703125,0.108642578125,1.0,1.0,0.0011840163497254252,1.0,1.0,True,1.8992936611175537,0.3493471145629883,0.7808200622901387,120
two_concepts,TinyCNN,2003,template_release,1.0,0.01838640868663788,0.6016674474856697,1.0,0.9886322021484375,0.20457825563361343,0.9489180346127608,0.1569172340236245,0.955078125,0.107421875,1.0,1.0,0.0005525136948563159,1.0,1.0,True,2.2841131687164307,0.34800195693969727,0.7920008005891364,160
two_concepts,TinyCNN,2003,template_release,1.0,0.011859391815960407,0.5826268798088214,1.0,0.9896087646484375,0.19581160943207543,0.9462584714797493,0.14934773031939025,0.9453125,0.105712890625,1.0,1.0,0.0003186495741829276,1.0,1.0,True,2.532341480255127,0.4311809539794922,0.7969107411603591,200
two_concepts,TinyCNN,2003,template_retention_1,0.203125,1.3691728115081787,0.9989926330579735,1.0,0.776214599609375,0.3898837310120683,0.8402538536955343,0.17111732596413076,0.2109375,0.257568359375,0.23046875,0.90625,0.00022997611085884273,0.8515625,0.83203125,True,0.06778980046510696,0.5541925430297852,0.6691365277314035,1
two_concepts,TinyCNN,2003,template_retention_1,0.61328125,1.2610852718353271,0.9880070558690812,1.0,0.8216705322265625,0.3777144044313289,0.8880735243641383,0.3138862895987526,0.484375,0.285888671875,0.59375,0.7890625,0.00027402618434280157,0.91015625,0.86328125,True,0.15513145923614502,0.5356569290161133,0.5741872347653858,5
two_concepts,TinyCNN,2003,template_retention_1,0.734375,1.1674695014953613,0.9793617980087994,1.0,0.8403167724609375,0.3824664397190327,0.9222129597118051,0.3412599988575853,0.51171875,0.246826171875,0.73828125,0.87109375,0.0004931209259666502,0.953125,0.9453125,True,0.206546813249588,0.586496114730835,0.5809529608542198,10
two_concepts,TinyCNN,2003,template_retention_1,0.765625,0.9993709325790405,0.9673601953861386,1.0,0.878265380859375,0.3704294563563162,0.9534311667700194,0.35053885986088423,0.6953125,0.231201171875,0.78125,0.8828125,0.0012011951766908169,0.98828125,0.96875,True,0.2720353305339813,0.47606682777404785,0.6028923069091352,20
two_concepts,TinyCNN,2003,template_retention_1,0.91796875,0.7564929723739624,0.9512542832856672,1.0,0.9199676513671875,0.34561628846197834,0.939377149660113,0.3308214307883055,0.8046875,0.16552734375,0.93359375,0.9375,0.0025862855836749077,1.0,0.9921875,True,0.3420675992965698,0.3491494655609131,0.6085557188718075,40
two_concepts,TinyCNN,2003,template_retention_1,0.9921875,0.4565526843070984,0.9403793580382134,1.0,0.9401092529296875,0.3490161353160638,0.9358641252069791,0.2678362758753032,0.921875,0.117919921875,0.9921875,0.9921875,0.0054385000839829445,1.0,0.9921875,True,0.3781662583351135,0.3467898368835449,0.668027849331676,80
two_concepts,TinyCNN,2003,template_retention_1,0.9921875,0.3324558138847351,0.9427353541160599,1.0,0.9393157958984375,0.35708819678430814,0.9460635690518593,0.23478531622447002,0.943359375,0.103271484375,0.9921875,0.9921875,0.0074757859110832214,1.0,0.98828125,True,0.36562180519104004,0.3758125305175781,0.7112782528273893,120
two_concepts,TinyCNN,2003,template_retention_1,0.9921875,0.26473188400268555,0.9456178542973057,1.0,0.9352264404296875,0.36341230876683084,0.956708076974452,0.21642246104282908,0.95703125,0.10107421875,0.99609375,0.99609375,0.00843768659979105,1.0,0.99609375,True,0.35184022784233093,0.34845566749572754,0.7402856159316229,160
two_concepts,TinyCNN,2003,template_retention_1,0.99609375,0.22323155403137207,0.9483835883548857,1.0,0.9340972900390625,0.368026778003865,0.9593759063782363,0.20433639236838366,0.953125,0.094482421875,0.99609375,1.0,0.008742248639464378,1.0,0.99609375,True,0.3388392925262451,0.37679290771484375,0.7550395140098527,200
two_concepts,TinyCNN,2004,random,0.3671875,1.3453010320663452,0.1466676069144844,0.1529154513598819,0.8741912841796875,0.19366838973024847,0.7053126854975922,0.3369237409153254,0.34375,0.22021484375,0.3984375,0.86328125,0.00020695495186373591,0.91015625,0.89453125,True,0.08330786973237991,0.4016261100769043,0.3683889445822668,1
two_concepts,TinyCNN,2004,random,0.62890625,1.1832118034362793,0.17084416179725914,0.1529154513598819,0.9290771484375,0.18231468343004095,0.7836811468533962,0.353362964882195,0.435546875,0.2353515625,0.625,0.85546875,0.0008589312201365829,0.8984375,0.9375,True,0.3033994734287262,0.44765448570251465,0.4303181819712012,5
two_concepts,TinyCNN,2004,random,0.87890625,0.9115451574325562,0.20819468183716988,0.1529154513598819,0.9727783203125,0.18824703020859185,0.7491001528398267,0.34643917145106434,0.529296875,0.200439453125,0.84765625,0.91796875,0.002772736828774214,0.92578125,0.9453125,True,0.5877022743225098,0.3654451370239258,0.40266098138876233,10
two_concepts,TinyCNN,2004,random,0.9453125,0.411533385515213,0.22882829856007314,0.1529154513598819,0.98834228515625,0.18333329126007647,0.7782681522698155,0.3114818135029427,0.591796875,0.11962890625,0.94140625,0.9609375,0.007731102406978607,0.9609375,0.9609375,True,1.1678581237792969,0.3303830623626709,0.4667863387668728,20
two_concepts,TinyCNN,2004,random,0.96875,0.14731493592262268,0.23781882575574748,0.1529154513598819,0.9904632568359375,0.18540625403831917,0.7845822004364075,0.24048333843512082,0.63671875,0.087646484375,0.98046875,0.97265625,0.007928130216896534,0.97265625,0.97265625,True,1.8341667652130127,0.4073154926300049,0.5440988620012867,40
two_concepts,TinyCNN,2004,random,0.9765625,0.07656250149011612,0.243073528827,0.1529154513598819,0.99163818359375,0.19244428154001436,0.7879305406559886,0.18871103987314058,0.658203125,0.07958984375,0.984375,0.9765625,0.00838453322649002,0.96875,0.984375,True,2.403879404067993,0.3335916996002197,0.599219500782848,80
two_concepts,TinyCNN,2004,random,0.98828125,0.0604109950363636,0.24304027026628133,0.1529154513598819,0.99371337890625,0.19616806877624515,0.7756323515029154,0.16730405359957173,0.654296875,0.0771484375,0.98828125,0.9921875,0.009184682741761208,0.98046875,0.98828125,True,2.7093889713287354,0.3887674808502197,0.6083282979033438,120
two_concepts,TinyCNN,2004,random,0.98828125,0.053456325083971024,0.24262153365968409,0.1529154513598819,0.99365234375,0.19870294700876276,0.7683078492144871,0.1554446995524913,0.66015625,0.07763671875,0.98828125,0.9921875,0.009591839276254177,0.98046875,0.98828125,True,2.913168430328369,0.3334465026855469,0.6128631496619958,160
two_concepts,TinyCNN,2004,random,0.98828125,0.04941953346133232,0.2424782379354049,0.1529154513598819,0.9935302734375,0.2003666223498256,0.763114574538747,0.14679710117219658,0.654296875,0.07666015625,0.98828125,0.9921875,0.010305527597665787,0.984375,0.98828125,True,3.064854383468628,0.3454627990722656,0.6163174733665504,200
two_concepts,TinyCNN,2004,random_unitnorm,0.3046875,1.359188199043274,0.14593221074471624,0.1529154522422584,0.7978057861328125,0.1663360945185793,0.64437739683906,0.28331872838954386,0.30859375,0.228515625,0.328125,0.921875,0.00045787187991663814,0.765625,0.8046875,True,0.08787687867879868,0.3743715286254883,0.3610586684495162,1
two_concepts,TinyCNN,2004,random_unitnorm,0.7265625,1.1903069019317627,0.14244719782842497,0.1529154522422584,0.934814453125,0.15810610189254357,0.8572211644856949,0.32388656115207465,0.607421875,0.233154296875,0.7109375,0.859375,0.0009319725795648992,0.91796875,0.9296875,True,0.30703088641166687,0.45974040031433105,0.5333346033336201,5
two_concepts,TinyCNN,2004,random_unitnorm,0.8046875,0.9630268812179565,0.15309713492072485,0.1529154522422584,0.96087646484375,0.15537866802167338,0.8299528890539067,0.3253184202224736,0.63671875,0.2158203125,0.80859375,0.92578125,0.0023714869748800993,0.94140625,0.94921875,True,0.5542315244674683,0.6031577587127686,0.5046344688314331,10
two_concepts,TinyCNN,2004,random_unitnorm,0.94140625,0.48044759035110474,0.1675741393671657,0.1529154522422584,0.98529052734375,0.16111344692731322,0.8312211889734191,0.3056910641433219,0.69921875,0.1455078125,0.93359375,0.96484375,0.007232255302369595,0.96484375,0.96875,True,1.0965046882629395,0.3320157527923584,0.5255301248300972,20
two_concepts,TinyCNN,2004,random_unitnorm,0.9765625,0.1648828536272049,0.19018548784153286,0.1529154522422584,0.989501953125,0.17042925066940728,0.8098855099040363,0.2468364489331462,0.685546875,0.10693359375,0.9765625,0.984375,0.00794376153498888,0.98046875,0.96875,True,1.8098812103271484,0.35755205154418945,0.56304906097089,40
two_concepts,TinyCNN,2004,random_unitnorm,0.9765625,0.08531350642442703,0.20441112652981908,0.1529154522422584,0.99420166015625,0.17517555833979093,0.7738212930671939,0.19811960819850455,0.6484375,0.091796875,0.98046875,0.98828125,0.007745074573904276,0.96875,0.98046875,True,2.390012741088867,0.3428761959075928,0.5757016848686893,80
two_concepts,TinyCNN,2004,random_unitnorm,0.9765625,0.0664968341588974,0.20903508794160724,0.1529154522422584,0.99383544921875,0.18010378853106931,0.7530747730758847,0.17714240986958604,0.62890625,0.08935546875,0.98046875,0.98828125,0.00830257497727871,0.9765625,0.98046875,True,2.6945700645446777,0.37213921546936035,0.5759323632062986,120
two_concepts,TinyCNN,2004,random_unitnorm,0.9765625,0.0585298165678978,0.2114666854945279,0.1529154522422584,0.994140625,0.1837781388684387,0.765605912183031,0.16544391146771156,0.662109375,0.08984375,0.984375,0.984375,0.008613080717623234,0.9765625,0.984375,True,2.899139881134033,0.33937883377075195,0.6001620007153194,160
two_concepts,TinyCNN,2004,random_unitnorm,0.98046875,0.0537445992231369,0.21266807739960847,0.1529154522422584,0.9942626953125,0.18482178108631092,0.7577679370123744,0.1571318962140264,0.662109375,0.08740234375,0.984375,0.98828125,0.009112593717873096,0.9765625,0.984375,True,3.051776885986328,0.33609461784362793,0.600636040798348,200
two_concepts,TinyCNN,2004,template_init,0.39453125,1.4135301113128662,0.9985665593229969,1.0,0.80377197265625,0.43003376743367505,0.6131956143088529,-0.013613468751343352,0.4296875,0.27099609375,0.37109375,0.8984375,0.00042961706640198827,0.796875,0.75,True,0.09534358233213425,0.5772411823272705,0.6268090830601963,1
two_concepts,TinyCNN,2004,template_init,0.46875,1.2118496894836426,0.9770987761844088,1.0,0.7991485595703125,0.3866793719197592,0.9385194640870984,0.29167815231080924,0.462890625,0.3037109375,0.45703125,0.9609375,0.0005622201133519411,0.87890625,0.875,True,0.3054511547088623,0.5467021465301514,0.6468413117762892,5
two_concepts,TinyCNN,2004,template_init,0.625,1.06856369972229,0.933345041510429,1.0,0.858978271484375,0.34171300295417156,0.9151522188417578,0.30621269962065106,0.58984375,0.2802734375,0.59375,0.91796875,0.0011286904336884618,0.96875,0.95703125,True,0.46273282170295715,0.39742183685302734,0.6089395192211067,10
two_concepts,TinyCNN,2004,template_init,0.9453125,0.7676516771316528,0.8271819151987347,1.0,0.9394683837890625,0.2966322061470487,0.8824173725026148,0.3106399620489498,0.6015625,0.194580078125,0.921875,0.953125,0.0030288933776319027,0.96484375,0.98046875,True,0.8434146642684937,0.34461188316345215,0.571777410453665,20
two_concepts,TinyCNN,2004,template_init,0.9609375,0.2719494700431824,0.642929705654871,1.0,0.9550018310546875,0.2662385928829192,0.8055439944249965,0.3076802030042972,0.62109375,0.184326171875,0.95703125,0.97265625,0.007817838340997696,0.9765625,0.98046875,True,1.6999434232711792,0.3766214847564697,0.49786379142069925,40
two_concepts,TinyCNN,2004,template_init,0.984375,0.08672793954610825,0.5362762144959901,1.0,0.9836883544921875,0.22470368800182738,0.7542762196491402,0.25211887940953864,0.599609375,0.137451171875,0.984375,0.984375,0.0070992810651659966,0.984375,1.0,True,2.5993130207061768,0.393932580947876,0.5021573402396016,80
two_concepts,TinyCNN,2004,template_init,0.9921875,0.05433099344372749,0.49909593949636255,1.0,0.98480224609375,0.2158825499199179,0.7368470322698462,0.22440406496887005,0.59765625,0.1220703125,0.98828125,0.98046875,0.007841632701456547,0.984375,1.0,True,3.073664426803589,0.4846312999725342,0.512442967300976,120
two_concepts,TinyCNN,2004,template_init,0.9921875,0.04177713394165039,0.47906567599522243,1.0,0.985595703125,0.20346224282980985,0.7258117611493953,0.20787859961456573,0.599609375,0.108154296875,0.98828125,0.98046875,0.008388000540435314,0.984375,1.0,True,3.392218589782715,0.3974285125732422,0.5179331615348295,160
two_concepts,TinyCNN,2004,template_init,0.9921875,0.03463532775640488,0.46616718280911873,1.0,0.986328125,0.19633447186200437,0.7170778497613413,0.19744937736867163,0.591796875,0.106689453125,0.9921875,0.984375,0.008497542701661587,0.98828125,1.0,True,3.6283154487609863,0.36254143714904785,0.5196284723926696,200
two_concepts,TinyCNN,2004,template_release,0.39453125,1.4142546653747559,0.9987740143404575,1.0,0.8036956787109375,0.42755907603661447,0.6101602607012105,-0.01413297087643596,0.427734375,0.27099609375,0.37109375,0.8984375,0.00042934564407914877,0.7890625,0.75390625,True,0.08181650936603546,0.5782723426818848,0.6242932315776465,1
two_concepts,TinyCNN,2004,template_release,0.44921875,1.2195603847503662,0.9853560278685394,1.0,0.8075103759765625,0.3760561019829832,0.9379282661156285,0.28005776797403525,0.470703125,0.31005859375,0.44921875,0.953125,0.0005367741105146706,0.90625,0.8515625,True,0.19801674783229828,0.528975248336792,0.6578704981415933,5
two_concepts,TinyCNN,2004,template_release,0.61328125,1.1191253662109375,0.9756820347050756,1.0,0.86444091796875,0.34338728447407985,0.9330086311493492,0.27784896582331076,0.470703125,0.28857421875,0.59375,0.9140625,0.0009040129370987415,0.9609375,0.9453125,True,0.22206911444664001,0.5664453506469727,0.6551596653260384,10
two_concepts,TinyCNN,2004,template_release,0.88671875,0.9753801822662354,0.9644117128811639,1.0,0.9053192138671875,0.3413830893959646,0.9644112675470858,0.273991167908249,0.80859375,0.219970703125,0.87109375,0.90234375,0.0015779840759932995,0.95703125,0.93359375,True,0.27860602736473083,0.4317779541015625,0.6904200996388368,20
two_concepts,TinyCNN,2004,template_release,0.9375,0.6651434302330017,0.9300327847269537,1.0,0.9448699951171875,0.31675211676573223,0.9603443674636549,0.293926288912372,0.8984375,0.229248046875,0.93359375,0.9375,0.004753059707581997,0.96484375,0.953125,True,0.41935479640960693,0.3690669536590576,0.666418078551283,40
two_concepts,TinyCNN,2004,template_release,0.98828125,0.2128753960132599,0.8205640936248277,1.0,0.9672393798828125,0.31684490897848017,0.9737692478330634,0.3093266439322793,0.943359375,0.222412109375,0.984375,0.9921875,0.010437185876071453,0.98828125,0.984375,True,0.9099273681640625,0.356395959854126,0.664442603900784,80
two_concepts,TinyCNN,2004,template_release,0.98828125,0.07830315828323364,0.6547892867137574,1.0,0.9801788330078125,0.31091382856760574,0.9557282973655178,0.283129362809283,0.91796875,0.19970703125,0.984375,0.98046875,0.011028329841792583,0.99609375,0.9921875,True,1.8355648517608643,0.35062098503112793,0.6725989345562348,120
two_concepts,TinyCNN,2004,template_release,0.98828125,0.0523337796330452,0.5924248874944111,1.0,0.979949951171875,0.30099186241118764,0.9506279506142173,0.26697171039375844,0.916015625,0.18701171875,0.98828125,0.9765625,0.013216473162174225,0.9921875,0.99609375,True,2.350980758666992,0.3465399742126465,0.6836562402204589,160
two_concepts,TinyCNN,2004,template_release,0.98828125,0.04119717702269554,0.5617891965442563,1.0,0.979827880859375,0.29318284741728984,0.9465676826830225,0.25508468643932825,0.90625,0.18017578125,0.9921875,0.98046875,0.014177944511175156,0.9921875,1.0,True,2.6959729194641113,0.32764697074890137,0.6914829962436942,200
two_concepts,TinyCNN,2004,template_retention_1,0.39453125,1.4142546653747559,0.9987740143404575,1.0,0.8036956787109375,0.42755907603661447,0.6101602607012105,-0.01413297087643596,0.427734375,0.27099609375,0.37109375,0.8984375,0.00042934564407914877,0.7890625,0.75390625,True,0.08181650936603546,0.5732219219207764,0.6242932315776465,1
two_concepts,TinyCNN,2004,template_retention_1,0.44921875,1.2195603847503662,0.9853560278685394,1.0,0.8075103759765625,0.3760561019829832,0.9379282661156285,0.28005776797403525,0.470703125,0.31005859375,0.44921875,0.953125,0.0005367741105146706,0.90625,0.8515625,True,0.19801674783229828,0.6017556190490723,0.6578704981415933,5
two_concepts,TinyCNN,2004,template_retention_1,0.61328125,1.1191253662109375,0.9756820347050756,1.0,0.86444091796875,0.34338728447407985,0.9330086311493492,0.27784896582331076,0.470703125,0.28857421875,0.59375,0.9140625,0.0009040129370987415,0.9609375,0.9453125,True,0.22206911444664001,0.5398445129394531,0.6551596653260384,10
two_concepts,TinyCNN,2004,template_retention_1,0.8828125,0.9863589406013489,0.967457043330092,1.0,0.8997955322265625,0.3440220697035985,0.9640387084160644,0.27266521357129425,0.806640625,0.221435546875,0.859375,0.89453125,0.0015146939549595118,0.953125,0.9375,True,0.2630205452442169,0.5279922485351562,0.6913734948447702,20
two_concepts,TinyCNN,2004,template_retention_1,0.9296875,0.751221776008606,0.9516184666646317,1.0,0.9304046630859375,0.33149213719160364,0.9566371302269028,0.2898871282192518,0.88671875,0.22607421875,0.9140625,0.93359375,0.0035765438806265593,0.9609375,0.953125,True,0.32010823488235474,0.41261982917785645,0.666750002007651,40
two_concepts,TinyCNN,2004,template_retention_1,0.94140625,0.48147284984588623,0.9446018688472426,1.0,0.9405975341796875,0.323918845530795,0.9701341098585486,0.3268077814541216,0.916015625,0.22705078125,0.94921875,0.94921875,0.007654045708477497,0.9765625,0.97265625,True,0.34257468581199646,0.3497905731201172,0.643326328404427,80
two_concepts,TinyCNN,2004,template_retention_1,0.95703125,0.3657555878162384,0.9458724653786819,1.0,0.9422454833984375,0.3276232021703477,0.9761006223453714,0.33691195902187254,0.939453125,0.223388671875,0.96484375,0.95703125,0.009875131770968437,0.98046875,0.97265625,True,0.33575543761253357,0.39318084716796875,0.6391886633234989,120
two_concepts,TinyCNN,2004,template_retention_1,0.96875,0.3018645942211151,0.9476355105151436,1.0,0.9423675537109375,0.3316619465513485,0.9784233688839138,0.33951937071968086,0.943359375,0.217529296875,0.97265625,0.96875,0.01051442138850689,0.984375,0.97265625,True,0.3243972659111023,0.3808913230895996,0.6389039981642329,160
two_concepts,TinyCNN,2004,template_retention_1,0.9765625,0.26001450419425964,0.9495832046357056,1.0,0.944091796875,0.3345844035626302,0.9791872583849925,0.33915824998415267,0.955078125,0.2109375,0.9765625,0.97265625,0.010923991911113262,0.98828125,0.9765625,True,0.31429237127304077,0.34827542304992676,0.6400290084008399,200
two_concepts,TinyCNN,2005,random,0.43359375,1.3593056201934814,0.16934078144910325,0.17782185439940934,0.800018310546875,0.23651833017941715,0.715744495437524,0.19374958582095916,0.392578125,0.268310546875,0.44140625,0.85546875,0.0001148799346992746,0.78515625,0.7734375,True,0.08354591578245163,0.3855428695678711,0.5219949096165649,1
two_concepts,TinyCNN,2005,random,0.671875,1.229285478591919,0.1915706528110448,0.17782185439940934,0.9409027099609375,0.21144904388784394,0.7127816120842485,0.2391372700876967,0.44140625,0.172607421875,0.68359375,0.90234375,0.00042084913002327085,0.9609375,0.9453125,True,0.2842221260070801,0.33585381507873535,0.4736443419965518,5
two_concepts,TinyCNN,2005,random,0.8203125,0.989704430103302,0.2096152213863224,0.17782185439940934,0.9793701171875,0.17592779525739288,0.8108521658337662,0.26170775928062356,0.59765625,0.1416015625,0.84765625,0.91015625,0.001846812549047172,0.96875,0.953125,True,0.5399617552757263,0.3384435176849365,0.5491444065531426,10
two_concepts,TinyCNN,2005,random,0.9453125,0.46699899435043335,0.22112911939696056,0.17782185439940934,0.991455078125,0.16857468978114187,0.8418679645446928,0.26334787256212844,0.705078125,0.102294921875,0.9765625,0.95703125,0.006145685911178589,0.9921875,0.9921875,True,1.1122193336486816,0.34872865676879883,0.5785200919825644,20
two_concepts,TinyCNN,2005,random,0.99609375,0.11572619527578354,0.22421318466103057,0.17782185439940934,0.99285888671875,0.16110134968014156,0.8392615389518833,0.22604300874622152,0.73046875,0.0712890625,0.99609375,1.0,0.004651681985706091,0.99609375,1.0,True,1.8568722009658813,0.3455040454864502,0.6132185302056617,40
two_concepts,TinyCNN,2005,random,0.99609375,0.03287168964743614,0.2279232095426651,0.17782185439940934,0.99249267578125,0.15312292125560362,0.8021651714627984,0.19316644358022833,0.69140625,0.087890625,1.0,0.99609375,0.002475882414728403,0.99609375,1.0,True,2.450514316558838,0.34258103370666504,0.6089987278825701,80
two_concepts,TinyCNN,2005,random,1.0,0.018361896276474,0.22886425418910095,0.17782185439940934,0.99224853515625,0.15623966407040174,0.8188068200296517,0.17944551959430186,0.724609375,0.093505859375,1.0,1.0,0.0019793733954429626,0.99609375,0.99609375,True,2.737121820449829,0.36777210235595703,0.6393613004353498,120
two_concepts,TinyCNN,2005,random,1.0,0.012986761517822742,0.2293284755507085,0.17782185439940934,0.9920654296875,0.1547729387661241,0.8128495192255311,0.17259366233453496,0.732421875,0.09765625,1.0,1.0,0.0017730145482346416,0.99609375,0.99609375,True,2.9221343994140625,0.34067797660827637,0.6402558568909961,160
two_concepts,TinyCNN,2005,random,1.0,0.010067639872431755,0.22958359926805996,0.17782185439940934,0.99212646484375,0.15382322350192695,0.7833291551529947,0.16820582663388645,0.693359375,0.100830078125,1.0,1.0,0.0016534833703190088,0.99609375,0.99609375,True,3.059014081954956,0.34421491622924805,0.6151233285191082,200
two_concepts,TinyCNN,2005,random_unitnorm,0.34375,1.3678946495056152,0.173124655796494,0.1778218546786271,0.767333984375,0.1919191347553444,0.6259860258488323,0.16891336978419558,0.28125,0.232666015625,0.33203125,0.88671875,0.00032270170049741864,0.75390625,0.66796875,True,0.08901821076869965,0.378814697265625,0.45707265606463676,1
two_concepts,TinyCNN,2005,random_unitnorm,0.54296875,1.2429722547531128,0.16676545673325882,0.1778218546786271,0.881622314453125,0.2100662565347382,0.9150819257154519,0.2660296999523817,0.470703125,0.224853515625,0.5390625,0.796875,0.0006488440558314323,0.87890625,0.8359375,True,0.29950088262557983,0.39014601707458496,0.6490522257630702,5
two_concepts,TinyCNN,2005,random_unitnorm,0.78125,1.0320498943328857,0.17757938974284534,0.1778218546786271,0.939483642578125,0.20085644619518286,0.8749818557562041,0.27847121412219034,0.62890625,0.158203125,0.78125,0.90625,0.002117989817634225,0.96484375,0.95703125,True,0.53315269947052,0.339571475982666,0.5965106416340138,10
two_concepts,TinyCNN,2005,random_unitnorm,0.93359375,0.5425790548324585,0.2006747395857849,0.1778218546786271,0.982208251953125,0.1755799004543962,0.8723014972787059,0.26052234475392627,0.75390625,0.10107421875,0.94921875,0.94921875,0.007389646954834461,0.98828125,0.98828125,True,1.0485398769378662,0.3549940586090088,0.6117791525247795,20
two_concepts,TinyCNN,2005,random_unitnorm,0.98828125,0.13806605339050293,0.20696821493041453,0.1778218546786271,0.9862060546875,0.16035661861127998,0.8590332162593601,0.21429281070094774,0.7734375,0.04296875,0.9921875,0.99609375,0.005813040770590305,1.0,0.99609375,True,1.8032639026641846,0.36037397384643555,0.6447404055584124,40
two_concepts,TinyCNN,2005,random_unitnorm,1.0,0.03579144924879074,0.2065598795841522,0.1778218546786271,0.98895263671875,0.16510933872186384,0.8144007066226173,0.16379371540840287,0.712890625,0.032470703125,1.0,1.0,0.001878978218883276,1.0,0.9921875,True,2.439307689666748,0.3411686420440674,0.6506069912142145,80
two_concepts,TinyCNN,2005,random_unitnorm,1.0,0.01849185861647129,0.2060406985348183,0.1778218546786271,0.98944091796875,0.1625289394611103,0.7986676782930405,0.1429382664642161,0.70703125,0.031494140625,1.0,1.0,0.0010574315674602985,1.0,0.9921875,True,2.748539924621582,0.3989105224609375,0.6557294118288244,120
two_concepts,TinyCNN,2005,random_unitnorm,1.0,0.01213517040014267,0.20525568665686342,0.1778218546786271,0.9892578125,0.15252744430042608,0.7872913224484406,0.1315743961634153,0.697265625,0.034423828125,1.0,1.0,0.0007933411980047822,1.0,0.9921875,True,2.946251392364502,0.352370023727417,0.6557169262850253,160
two_concepts,TinyCNN,2005,random_unitnorm,1.0,0.00888572633266449,0.20454220220478825,0.1778218546786271,0.9891357421875,0.15261685046840345,0.7789177397844157,0.1239724877198039,0.689453125,0.034912109375,1.0,1.0,0.0006853655795566738,1.0,0.9921875,True,3.0915074348449707,0.33074021339416504,0.6549452520646117,200
two_concepts,TinyCNN,2005,template_init,0.2734375,1.415999174118042,0.9986028737817915,1.0,0.7881317138671875,0.38928830393855685,0.8516342636370238,0.07486118998969787,0.26953125,0.234130859375,0.26953125,0.95703125,0.00033178902231156826,0.80859375,0.77734375,True,0.09283600747585297,0.5845441818237305,0.776773073647326,1
two_concepts,TinyCNN,2005,template_init,0.5546875,1.2381800413131714,0.975120845275989,1.0,0.8894500732421875,0.3277209437508103,0.9402040941574784,0.14544431479369524,0.529296875,0.29541015625,0.5390625,0.8515625,0.0005842522950842977,0.96875,0.95703125,True,0.30611348152160645,0.36086297035217285,0.7947597793637832,5
two_concepts,TinyCNN,2005,template_init,0.859375,1.092380404472351,0.9246085447591232,1.0,0.919189453125,0.29758579813511665,0.9596848953390851,0.15757033324462266,0.751953125,0.181396484375,0.87109375,0.87109375,0.0010495834285393357,0.9921875,0.9765625,True,0.47317951917648315,0.3567225933074951,0.8021145620944624,10
two_concepts,TinyCNN,2005,template_init,0.98046875,0.7333566546440125,0.7976411445205349,1.0,0.963134765625,0.2878114673518487,0.9466469668105604,0.22732351365172426,0.87109375,0.143310546875,0.98046875,0.98046875,0.003347259946167469,0.98828125,0.98046875,True,0.8995418548583984,0.32962632179260254,0.7193234531588362,20
two_concepts,TinyCNN,2005,template_init,0.984375,0.22388730943202972,0.6184661053508151,1.0,0.98162841796875,0.26408321082051034,0.9364409662908323,0.2811916841872868,0.90625,0.115478515625,0.9921875,0.984375,0.008580976165831089,0.99609375,0.98828125,True,1.790968894958496,0.3696291446685791,0.6552492821035455,40
two_concepts,TinyCNN,2005,template_init,0.99609375,0.058136243373155594,0.5406689090444352,1.0,0.98876953125,0.22460555875000593,0.932471468915313,0.23088553230820869,0.904296875,0.08740234375,1.0,0.99609375,0.004911386873573065,0.99609375,0.99609375,True,2.699345588684082,0.36674070358276367,0.7015859366071042,80
two_concepts,TinyCNN,2005,template_init,0.9921875,0.031735628843307495,0.5150412828381217,1.0,0.9898681640625,0.20089714778861711,0.9278923371509296,0.20041563890004344,0.884765625,0.0791015625,1.0,0.9921875,0.0036349338479340076,1.0,0.99609375,True,3.157356023788452,0.34204530715942383,0.7274766982508861,120
two_concepts,TinyCNN,2005,template_init,0.9921875,0.022315040230751038,0.5014136724236219,1.0,0.99029541015625,0.19160699153487687,0.8860767467907136,0.18189889259090733,0.830078125,0.07568359375,1.0,0.9921875,0.003132281359285116,1.0,0.9921875,True,3.4579238891601562,0.3598330020904541,0.7041778541998063,160
two_concepts,TinyCNN,2005,template_init,0.99609375,0.01743331365287304,0.4932125748882778,1.0,0.99053955078125,0.18434540902731758,0.8817926484528614,0.16942945144268126,0.828125,0.07373046875,1.0,0.99609375,0.0028525630477815866,1.0,0.9921875,True,3.6801044940948486,0.33941149711608887,0.7123631970101801,200
two_concepts,TinyCNN,2005,template_release,0.2734375,1.4167834520339966,0.9988207161616132,1.0,0.7881927490234375,0.3842625637778353,0.8518492816259231,0.07572889015563798,0.26953125,0.23681640625,0.26953125,0.95703125,0.0003311688778921962,0.8046875,0.77734375,True,0.07674649357795715,0.5625569820404053,0.7761203914702851,1
two_concepts,TinyCNN,2005,template_release,0.55859375,1.2443642616271973,0.9850351189767619,1.0,0.8860931396484375,0.3623857069172812,0.9345949118244465,0.13659994001033116,0.525390625,0.28369140625,0.546875,0.85546875,0.0005400755326263607,0.953125,0.92578125,True,0.19421720504760742,0.5321040153503418,0.7979949718141154,5
two_concepts,TinyCNN,2005,template_release,0.7734375,1.1569740772247314,0.9756125883057232,1.0,0.892364501953125,0.36161202047942836,0.956366373396817,0.13157459476502853,0.63671875,0.209228515625,0.75390625,0.83984375,0.0008504905272275209,0.98828125,0.96875,True,0.22454705834388733,0.3991696834564209,0.8247917786317884,10
two_concepts,TinyCNN,2005,template_release,0.87109375,0.9943274855613708,0.9608797961846556,1.0,0.91357421875,0.3441708357057405,0.9635958879700215,0.14656289655660754,0.78125,0.20556640625,0.875,0.90625,0.001814069226384163,0.984375,0.97265625,True,0.29507020115852356,0.3682863712310791,0.817032991413414,20
two_concepts,TinyCNN,2005,template_release,0.9765625,0.645424485206604,0.9220440900118088,1.0,0.93426513671875,0.31889356689663195,0.9681561447082282,0.22614878338129135,0.939453125,0.16259765625,0.9765625,0.9765625,0.004814721643924713,0.9921875,0.98046875,True,0.4563695192337036,0.3655252456665039,0.7420073613269369,40
two_concepts,TinyCNN,2005,template_release,0.984375,0.16815897822380066,0.7914286243172837,1.0,0.97998046875,0.3009307515939907,0.9481442704868364,0.27632061468269054,0.935546875,0.1416015625,0.9921875,0.984375,0.008136372081935406,0.9921875,0.98828125,True,0.9955034852027893,0.3619852066040039,0.6718236558041458,80
two_concepts,TinyCNN,2005,template_release,0.99609375,0.04600076004862785,0.639992737972554,1.0,0.98846435546875,0.28308277498765216,0.9701572387987979,0.2315244909547946,0.958984375,0.119384765625,0.99609375,0.9921875,0.004981734789907932,0.99609375,0.99609375,True,1.918036699295044,0.34644103050231934,0.7386327478440033,120
two_concepts,TinyCNN,2005,template_release,0.99609375,0.027429593726992607,0.6000223935671147,1.0,0.9901123046875,0.2748240975151006,0.9717064734056762,0.20950538101169264,0.958984375,0.110107421875,1.0,0.99609375,0.003978995606303215,0.99609375,0.9921875,True,2.3217005729675293,0.34029436111450195,0.7622010923939835,160
two_concepts,TinyCNN,2005,template_release,0.99609375,0.02037060260772705,0.5788021605852983,1.0,0.9774169921875,0.26928931797885736,0.9724114685376406,0.1953749917918201,0.955078125,0.103515625,1.0,0.99609375,0.0035788591485470533,0.99609375,0.9921875,True,2.5843095779418945,0.40156984329223633,0.7770364767458204,200
two_concepts,TinyCNN,2005,template_retention_1,0.2734375,1.4167834520339966,0.9988207161616132,1.0,0.7881927490234375,0.3842625637778353,0.8518492816259231,0.07572889015563798,0.26953125,0.23681640625,0.26953125,0.95703125,0.0003311688778921962,0.8046875,0.77734375,True,0.07674649357795715,0.550499439239502,0.7761203914702851,1
two_concepts,TinyCNN,2005,template_retention_1,0.55859375,1.2443642616271973,0.9850351189767619,1.0,0.8860931396484375,0.3623857069172812,0.9345949118244465,0.13659994001033116,0.525390625,0.28369140625,0.546875,0.85546875,0.0005400755326263607,0.953125,0.92578125,True,0.19421720504760742,0.5468206405639648,0.7979949718141154,5
two_concepts,TinyCNN,2005,template_retention_1,0.7734375,1.1569740772247314,0.9756125883057232,1.0,0.892364501953125,0.36161202047942836,0.956366373396817,0.13157459476502853,0.63671875,0.209228515625,0.75390625,0.83984375,0.0008504905272275209,0.98828125,0.96875,True,0.22454705834388733,0.3857569694519043,0.8247917786317884,10
two_concepts,TinyCNN,2005,template_retention_1,0.859375,1.0082300901412964,0.9649640371887315,1.0,0.9111328125,0.3478579195972986,0.9631291486658209,0.14145602594690565,0.7734375,0.209228515625,0.859375,0.8984375,0.0017623025923967361,0.984375,0.97265625,True,0.2767318785190582,0.3501267433166504,0.8216731227189152,20
two_concepts,TinyCNN,2005,template_retention_1,0.96875,0.7459074854850769,0.9479626207017304,1.0,0.93060302734375,0.3322248692738964,0.9687219755624475,0.19827691652453044,0.9296875,0.16845703125,0.96875,0.97265625,0.0038674056995660067,0.98828125,0.98046875,True,0.3467504680156708,0.4288449287414551,0.770445059037917,40
two_concepts,TinyCNN,2005,template_retention_1,0.98046875,0.4644318222999573,0.9406247015462181,1.0,0.9371337890625,0.3304427266908124,0.9745862702763463,0.2693917050120123,0.96484375,0.164306640625,0.98046875,0.98046875,0.00817560963332653,0.984375,0.98046875,True,0.37226155400276184,0.3807063102722168,0.7051945652643339,80
two_concepts,TinyCNN,2005,template_retention_1,0.984375,0.34527695178985596,0.9415432908912029,1.0,0.93927001953125,0.33236566041850546,0.9774618826038294,0.2864383194738328,0.966796875,0.162841796875,0.98046875,0.98046875,0.009893786162137985,0.98828125,0.98046875,True,0.3635759949684143,0.3410346508026123,0.6910235631299966,120
two_concepts,TinyCNN,2005,template_retention_1,0.984375,0.2788397967815399,0.9432835965497601,1.0,0.94122314453125,0.3319207417236316,0.9788468581725157,0.2914975405658351,0.96875,0.16455078125,0.98046875,0.98046875,0.010421671904623508,0.98828125,0.98046875,True,0.35284775495529175,0.3959815502166748,0.6873493176066806,160
two_concepts,TinyCNN,2005,template_retention_1,0.984375,0.2367354929447174,0.9452337145033302,1.0,0.9439697265625,0.33327172000275807,0.9804915178410836,0.29258617524072833,0.9765625,0.164794921875,0.98046875,0.98046875,0.010485740378499031,0.98828125,0.984375,True,0.34143468737602234,0.41417574882507324,0.6879053426003552,200
two_concepts,TinyCNN,2006,random,0.46875,1.3679598569869995,0.16167095512580223,0.1671209759845724,0.80145263671875,0.2513597967850346,0.43448077486247183,0.2903001004810256,0.37109375,0.296630859375,0.421875,0.59375,0.0002265287475893274,0.81640625,0.85546875,True,0.08389405906200409,0.40173792839050293,0.14418067438144622,1
two_concepts,TinyCNN,2006,random,0.58984375,1.2374016046524048,0.18142293667150844,0.1671209759845724,0.9386444091796875,0.202709265290546,0.8839191188444776,0.34044575024127777,0.509765625,0.274169921875,0.59375,0.77734375,0.0007346342317759991,0.9375,0.98046875,True,0.26213085651397705,0.36039042472839355,0.5434733686031998,5
two_concepts,TinyCNN,2006,random,0.83984375,1.00282621383667,0.20177679084921896,0.1671209759845724,0.967315673828125,0.1976708231090814,0.8561547953400162,0.35126911706909125,0.6875,0.21435546875,0.85546875,0.890625,0.0025049783289432526,0.94921875,1.0,True,0.5075532793998718,0.3529815673828125,0.5048856782709249,10
two_concepts,TinyCNN,2006,random,0.91796875,0.5084584355354309,0.22569498104808397,0.1671209759845724,0.9859619140625,0.21713258260667212,0.8722084249513922,0.3460677109557677,0.75390625,0.14990234375,0.9375,0.91015625,0.009739755652844906,0.9609375,0.984375,True,1.0600999593734741,0.33493494987487793,0.5261407139956245,20
two_concepts,TinyCNN,2006,random,0.96875,0.17258049547672272,0.22634592739159837,0.1671209759845724,0.98406982421875,0.20793142555985805,0.8876447819864948,0.2783673777901852,0.802734375,0.108642578125,0.984375,0.97265625,0.01300770416855812,0.9765625,0.984375,True,1.7569968700408936,0.34975647926330566,0.6092774041963096,40
two_concepts,TinyCNN,2006,random,0.984375,0.08194579184055328,0.22783796335233325,0.1671209759845724,0.985626220703125,0.21123339929915283,0.8364154343966562,0.21913662562879543,0.74609375,0.095703125,0.98828125,0.98828125,0.010349414311349392,0.98046875,0.99609375,True,2.315417528152466,0.3540968894958496,0.6172788087678608,80
two_concepts,TinyCNN,2006,random,0.984375,0.06400744616985321,0.22802951843377164,0.1671209759845724,0.9847412109375,0.2117184058480276,0.836477018201759,0.19508208883603181,0.75,0.093994140625,0.98828125,0.98828125,0.009457729756832123,0.984375,0.99609375,True,2.596813201904297,0.34049177169799805,0.6413949293657272,120
two_concepts,TinyCNN,2006,random,0.984375,0.057220663875341415,0.22674079546029807,0.1671209759845724,0.98504638671875,0.21178899145537317,0.8366106049340601,0.1820103954199665,0.76171875,0.09423828125,0.98828125,0.98828125,0.009477105922996998,0.984375,0.99609375,True,2.7826552391052246,0.39275383949279785,0.6546002095140937,160
two_concepts,TinyCNN,2006,random,0.984375,0.05442800372838974,0.2260445387722284,0.1671209759845724,0.984375,0.2122503807933771,0.8365527568099509,0.17393834436854572,0.76953125,0.0927734375,0.98828125,0.98828125,0.009748491458594799,0.984375,0.99609375,True,2.9195966720581055,0.37096238136291504,0.6626144124414052,200
two_concepts,TinyCNN,2006,random_unitnorm,0.38671875,1.3687056303024292,0.16470322797601045,0.1671209778926182,0.7930145263671875,0.2359651567961206,0.4466937904119682,0.2534791252194317,0.392578125,0.277587890625,0.3671875,0.5625,0.000605740409810096,0.80078125,0.8203125,True,0.08767499029636383,0.403796911239624,0.1932146651925365,1
two_concepts,TinyCNN,2006,random_unitnorm,0.6484375,1.232285737991333,0.16857050571259732,0.1671209778926182,0.912750244140625,0.2312790295011973,0.8440068055985043,0.30385217818379373,0.537109375,0.25146484375,0.6171875,0.7265625,0.001172939082607627,0.921875,0.97265625,True,0.27419987320899963,0.5482492446899414,0.5401546274147105,5
two_concepts,TinyCNN,2006,random_unitnorm,0.82421875,1.0256977081298828,0.17657786733647263,0.1671209778926182,0.9547271728515625,0.20226287629127948,0.826754225599887,0.3231064924297969,0.609375,0.234375,0.84765625,0.84765625,0.00344072375446558,0.93359375,0.9765625,True,0.49970877170562744,0.3526129722595215,0.5036477331700902,10
two_concepts,TinyCNN,2006,random_unitnorm,0.91015625,0.5875898003578186,0.20300578553002935,0.1671209778926182,0.9767608642578125,0.1979229037452515,0.8455453675392008,0.32232511184557444,0.74609375,0.202880859375,0.9453125,0.9296875,0.010395025834441185,0.953125,0.98828125,True,0.9885867238044739,0.3380303382873535,0.5232202556936264,20
two_concepts,TinyCNN,2006,random_unitnorm,0.96484375,0.2010471522808075,0.21195818994338456,0.1671209778926182,0.97406005859375,0.18077887866932987,0.8552339623150349,0.2854478000654174,0.763671875,0.164306640625,0.984375,0.97265625,0.012219035997986794,0.984375,0.98828125,True,1.7220685482025146,0.36785221099853516,0.5697861622496174,40
two_concepts,TinyCNN,2006,random_unitnorm,0.98046875,0.08711149543523788,0.21626611470158313,0.1671209778926182,0.980377197265625,0.17609860293623367,0.8440775831192374,0.23267397490651776,0.759765625,0.131591796875,0.98828125,0.9921875,0.00953375082463026,0.9921875,0.99609375,True,2.3591790199279785,0.35591626167297363,0.6114036082127197,80
two_concepts,TinyCNN,2006,random_unitnorm,0.984375,0.06522509455680847,0.21666917799900612,0.1671209778926182,0.98138427734375,0.17795315022659342,0.8355711684978608,0.20940731180262295,0.765625,0.125244140625,0.98828125,0.98828125,0.009832427836954594,0.9921875,0.99609375,True,2.6778011322021484,0.3334794044494629,0.6261638566952379,120
two_concepts,TinyCNN,2006,random_unitnorm,0.984375,0.0578237846493721,0.21651718622854382,0.1671209778926182,0.981658935546875,0.17985560450685098,0.8297213545650889,0.1964300299024591,0.76171875,0.122314453125,0.98828125,0.98828125,0.010316364467144012,0.9921875,0.9921875,True,2.8860626220703125,0.329852819442749,0.6332913246626297,160
two_concepts,TinyCNN,2006,random_unitnorm,0.98828125,0.053963739424943924,0.21648364142192078,0.1671209778926182,0.981689453125,0.17988045601734104,0.8254639330807674,0.18789447739151374,0.7578125,0.1181640625,0.98828125,0.984375,0.010808423161506653,0.9921875,0.9921875,True,3.040008068084717,0.3735191822052002,0.6375694556892536,200
two_concepts,TinyCNN,2006,template_init,0.22265625,1.404786467552185,0.9987259484520468,1.0,0.781341552734375,0.37114459644175524,0.6065989656754397,0.08283220612666564,0.25,0.257568359375,0.2265625,0.921875,0.0004897158360108733,0.78125,0.8046875,True,0.09379365295171738,0.5631508827209473,0.523766759548774,1
two_concepts,TinyCNN,2006,template_init,0.5703125,1.2633373737335205,0.9689793328611457,1.0,0.7924652099609375,0.35506785563955434,0.8399850643879909,0.35067111233185083,0.5234375,0.287841796875,0.59765625,0.80859375,0.0005838365177623928,0.890625,0.9296875,True,0.28473401069641113,0.535520076751709,0.4893139520561401,5
two_concepts,TinyCNN,2006,template_init,0.8359375,1.1068146228790283,0.9114401088251083,1.0,0.89654541015625,0.33388633284642744,0.8446739963613825,0.38444075809949163,0.611328125,0.22119140625,0.84375,0.83984375,0.001209503156132996,0.9609375,0.97265625,True,0.49366044998168945,0.5119740962982178,0.4602332382618909,10
two_concepts,TinyCNN,2006,template_init,0.94140625,0.7015681862831116,0.7844035263680518,1.0,0.9635009765625,0.30854102356409574,0.8885627840870722,0.3868798526338513,0.763671875,0.19677734375,0.9375,0.9453125,0.005177976563572884,0.97265625,0.98828125,True,0.9539694786071777,0.3811609745025635,0.501682931453221,20
two_concepts,TinyCNN,2006,template_init,0.96484375,0.24858315289020538,0.6290896832937486,1.0,0.9859619140625,0.25664321102143534,0.8989287142063691,0.34619658203031334,0.818359375,0.1826171875,0.98828125,0.96875,0.012171531096100807,0.984375,0.984375,True,1.7456879615783691,0.3499729633331299,0.5527321321760558,40
two_concepts,TinyCNN,2006,template_init,0.98828125,0.08241959661245346,0.5430215647104581,1.0,0.9908447265625,0.2235318068826838,0.8455899574748944,0.2925371602990779,0.75390625,0.147705078125,0.9921875,0.98828125,0.009220443665981293,0.9921875,1.0,True,2.502389907836914,0.33008337020874023,0.5530527971758166,80
two_concepts,TinyCNN,2006,template_init,0.9921875,0.04978770762681961,0.5178806873799254,1.0,0.99188232421875,0.21232249662459446,0.843809428376477,0.26539706178141875,0.7578125,0.135009765625,0.9921875,0.9921875,0.008463769219815731,0.99609375,1.0,True,2.8911123275756836,0.3394458293914795,0.5784123665950582,120
two_concepts,TinyCNN,2006,template_init,0.9921875,0.03734559565782547,0.5036720780471091,1.0,0.9921875,0.20430981597026315,0.8402184399824473,0.24808372883319596,0.755859375,0.129638671875,0.9921875,0.9921875,0.008136243559420109,0.99609375,1.0,True,3.1480579376220703,0.3610877990722656,0.5921347111492513,160
two_concepts,TinyCNN,2006,template_init,0.9921875,0.030853156000375748,0.494659107063104,1.0,0.9923095703125,0.1994012602765639,0.8365276945900549,0.23558922092711804,0.75390625,0.124755859375,0.9921875,0.9921875,0.008333868347108364,0.99609375,1.0,True,3.337920665740967,0.3229522705078125,0.6009384736629368,200
two_concepts,TinyCNN,2006,template_release,0.22265625,1.4051055908203125,0.9988877185430246,1.0,0.780548095703125,0.3716375615926297,0.6049367351344248,0.07740577942375301,0.255859375,0.255615234375,0.22265625,0.92578125,0.00048710728879086673,0.78125,0.80078125,True,0.07739570736885071,0.6439876556396484,0.5275309557106718,1
two_concepts,TinyCNN,2006,template_release,0.5234375,1.2782772779464722,0.9823229563265297,1.0,0.798553466796875,0.3787002919659188,0.7230491162452026,0.32630189092431494,0.482421875,0.26025390625,0.5546875,0.86328125,0.0005308134714141488,0.87109375,0.921875,True,0.18821057677268982,0.5750939846038818,0.3967472253208877,5
two_concepts,TinyCNN,2006,template_release,0.765625,1.1803699731826782,0.9687884083996884,1.0,0.845947265625,0.37710803604345106,0.8206101995215118,0.3730172311950114,0.623046875,0.2353515625,0.8125,0.81640625,0.0008024643175303936,0.94921875,0.953125,True,0.24976320564746857,0.5364987850189209,0.4475929683265004,10
two_concepts,TinyCNN,2006,template_release,0.875,0.9884382486343384,0.9478412473146569,1.0,0.90887451171875,0.3666849000581157,0.7918731265652326,0.3922394396740909,0.60546875,0.207763671875,0.89453125,0.91015625,0.00206996058113873,0.984375,0.97265625,True,0.3342490494251251,0.5228304862976074,0.39963368689114165,20
two_concepts,TinyCNN,2006,template_release,0.94140625,0.6107244491577148,0.906228036096647,1.0,0.95269775390625,0.32062866407973634,0.8858107512295215,0.3773109707854734,0.798828125,0.1669921875,0.953125,0.92578125,0.006924718152731657,0.9765625,0.9921875,True,0.5057571530342102,0.36658549308776855,0.5084997804440481,40
two_concepts,TinyCNN,2006,template_release,0.97265625,0.18572525680065155,0.7941958926843931,1.0,0.9834136962890625,0.26335453383239443,0.9533481225898397,0.30073882144157177,0.935546875,0.126220703125,0.98828125,0.96875,0.010288245975971222,0.99609375,0.99609375,True,0.9790717363357544,0.3472023010253906,0.6526093011482679,80
two_concepts,TinyCNN,2006,template_release,0.98828125,0.06346261501312256,0.6515575938870826,1.0,0.99053955078125,0.20978262703357475,0.9730204741731223,0.23717345967488562,0.962890625,0.111083984375,0.99609375,0.984375,0.008227047510445118,1.0,1.0,True,1.7779628038406372,0.3156428337097168,0.7358470144982368,120
two_concepts,TinyCNN,2006,template_release,0.9921875,0.04264382645487785,0.609230097954717,1.0,0.99127197265625,0.20174506315300386,0.9774252328662462,0.21480157194876132,0.962890625,0.108642578125,0.99609375,0.98828125,0.008475622162222862,1.0,1.0,True,2.124382972717285,0.3459775447845459,0.7626236609174848,160
two_concepts,TinyCNN,2006,template_release,0.9921875,0.03332590311765671,0.5828163825028209,1.0,0.9918212890625,0.19721180075468198,0.9792157163827011,0.20143448580519632,0.96484375,0.10546875,0.99609375,0.98828125,0.009008120745420456,1.0,1.0,True,2.3598690032958984,0.34371066093444824,0.7777812305775048,200
two_concepts,TinyCNN,2006,template_retention_1,0.22265625,1.4051055908203125,0.9988877185430246,1.0,0.780548095703125,0.3716375615926297,0.6049367351344248,0.07740577942375301,0.255859375,0.255615234375,0.22265625,0.92578125,0.00048710728879086673,0.78125,0.80078125,True,0.07739570736885071,0.5616264343261719,0.5275309557106718,1
two_concepts,TinyCNN,2006,template_retention_1,0.5234375,1.2782772779464722,0.9823229563265297,1.0,0.798553466796875,0.3787002919659188,0.7230491162452026,0.32630189092431494,0.482421875,0.26025390625,0.5546875,0.86328125,0.0005308134714141488,0.87109375,0.921875,True,0.18821057677268982,0.5260412693023682,0.3967472253208877,5
two_concepts,TinyCNN,2006,template_retention_1,0.765625,1.1803699731826782,0.9687884083996884,1.0,0.845947265625,0.37710803604345106,0.8206101995215118,0.3730172311950114,0.623046875,0.2353515625,0.8125,0.81640625,0.0008024643175303936,0.94921875,0.953125,True,0.24976320564746857,0.5134999752044678,0.4475929683265004,10
two_concepts,TinyCNN,2006,template_retention_1,0.86328125,1.0025238990783691,0.9526510554412881,1.0,0.90277099609375,0.3691992459742778,0.7850494154884691,0.3930168385621337,0.59765625,0.208251953125,0.88671875,0.90625,0.001978463726118207,0.98046875,0.96484375,True,0.31525400280952454,0.5493707656860352,0.39203257692633536,20
two_concepts,TinyCNN,2006,template_retention_1,0.9375,0.6987928152084351,0.9357145216272866,1.0,0.93084716796875,0.3390016000966096,0.8798223333072089,0.3860962497974625,0.7734375,0.170654296875,0.94140625,0.91796875,0.005574821028858423,0.9765625,0.9921875,True,0.3937891721725464,0.32590198516845703,0.49372608350974645,40
two_concepts,TinyCNN,2006,template_retention_1,0.96875,0.4443736672401428,0.9348724948492374,1.0,0.9366302490234375,0.33837589428265,0.9236448802891792,0.353213435386715,0.876953125,0.155029296875,0.97265625,0.96875,0.010324424132704735,0.98046875,0.99609375,True,0.39137405157089233,0.34984350204467773,0.5704314449024642,80
two_concepts,TinyCNN,2006,template_retention_1,0.96875,0.33987104892730713,0.9387274547313406,1.0,0.9330596923828125,0.34098745096826355,0.9383725384670605,0.33422498864338934,0.90234375,0.15087890625,0.98046875,0.9609375,0.012009760364890099,0.98828125,0.99609375,True,0.3707248568534851,0.3441448211669922,0.6041475498236711,120
two_concepts,TinyCNN,2006,template_retention_1,0.9765625,0.27679508924484253,0.9427208352250962,1.0,0.94891357421875,0.34261059865482,0.9394408431257462,0.3228714693820266,0.919921875,0.15380859375,0.9921875,0.96875,0.011752171441912651,0.98828125,0.99609375,True,0.35286110639572144,0.359050989151001,0.6165693737437196,160
two_concepts,TinyCNN,2006,template_retention_1,0.9765625,0.2388940453529358,0.9461971192138527,1.0,0.95428466796875,0.3462339044694963,0.9472027607113201,0.3124841235775728,0.927734375,0.1513671875,0.99609375,0.97265625,0.011459396220743656,0.9921875,0.99609375,True,0.335979700088501,0.39252734184265137,0.6347186371337473,200
two_concepts,TinyCNN,2007,random,0.4453125,1.3611828088760376,0.13304853295513408,0.13055373546951246,0.830902099609375,0.16686169865270936,0.5620384937616674,0.2765715002749709,0.33203125,0.28271484375,0.47265625,0.86328125,0.00014263592311181128,0.73828125,0.65234375,True,0.07594770193099976,0.41286373138427734,0.28546699348669646,1
two_concepts,TinyCNN,2007,random,0.6171875,1.250887393951416,0.1396033261359642,0.13055373546951246,0.83111572265625,0.15026786467368158,0.4717136525729275,0.37319400414865744,0.3984375,0.260498046875,0.609375,0.88671875,0.0005442590336315334,0.89453125,0.8671875,True,0.27472007274627686,0.5561511516571045,0.09851964842427008,5
two_concepts,TinyCNN,2007,random,0.73828125,1.045861840248108,0.15622772661205195,0.13055373546951246,0.9340057373046875,0.17014451823835988,0.5429896155129774,0.3963567183074185,0.47265625,0.215087890625,0.71875,0.88671875,0.0017167297191917896,0.984375,0.9765625,True,0.529840350151062,0.38579487800598145,0.14663289720555894,10
two_concepts,TinyCNN,2007,random,0.96484375,0.5775493383407593,0.19506741573645983,0.13055373546951246,0.9904632568359375,0.16431996768093288,0.6695314034129403,0.35142145305494277,0.625,0.16064453125,0.95703125,0.97265625,0.0052605667151510715,1.0,0.9921875,True,1.0509161949157715,0.38691020011901855,0.3181099503579975,20
two_concepts,TinyCNN,2007,random,0.9921875,0.13644357025623322,0.20227925813178232,0.13055373546951246,0.9918212890625,0.15550495182920004,0.7639954882489509,0.2884584871799986,0.634765625,0.128662109375,0.9921875,0.98828125,0.007717092987149954,1.0,0.9921875,True,1.7677258253097534,0.3288438320159912,0.4755370010689523,40
two_concepts,TinyCNN,2007,random,0.99609375,0.03515342250466347,0.19939140375792974,0.13055373546951246,0.9925079345703125,0.16216325853118235,0.7470864261123874,0.24443954742419272,0.625,0.12158203125,1.0,0.99609375,0.004983157850801945,1.0,0.9921875,True,2.3662991523742676,0.4036104679107666,0.5026468786881947,80
two_concepts,TinyCNN,2007,random,1.0,0.017984384670853615,0.19900894773058192,0.13055373546951246,0.9923858642578125,0.1654456722715137,0.7319992853481694,0.222758248403356,0.587890625,0.11669921875,1.0,1.0,0.003865388920530677,1.0,0.99609375,True,2.671092987060547,0.34488463401794434,0.5092410369448134,120
two_concepts,TinyCNN,2007,random,1.0,0.01168830506503582,0.19801868610357892,0.13055373546951246,0.9881591796875,0.1660655168459924,0.7306438339549652,0.2086771427213739,0.58984375,0.109619140625,1.0,1.0,0.003425128757953644,1.0,0.99609375,True,2.871293783187866,0.34480857849121094,0.5219666912335914,160
two_concepts,TinyCNN,2007,random,1.0,0.008537652902305126,0.1975373858661933,0.13055373546951246,0.987396240234375,0.16448108708242476,0.7299103904654562,0.1990071400289765,0.59765625,0.10546875,1.0,1.0,0.0031459128949791193,1.0,0.99609375,True,3.019681453704834,0.3809242248535156,0.5309032504364798,200
two_concepts,TinyCNN,2007,random_unitnorm,0.44140625,1.359545350074768,0.12956993991284088,0.13055373612093835,0.7494659423828125,0.1652865498888939,0.36237694478010163,0.24905602433403112,0.318359375,0.2685546875,0.4296875,0.734375,0.00038822568603791296,0.62890625,0.5859375,True,0.07702505588531494,0.37217164039611816,0.1133209204460705,1
two_concepts,TinyCNN,2007,random_unitnorm,0.5546875,1.242872953414917,0.13426464740260008,0.13055373612093835,0.7784881591796875,0.16343284263664368,0.42997546253531393,0.4018389270048539,0.375,0.283447265625,0.5625,0.87109375,0.0009019309654831886,0.83984375,0.78125,True,0.2928802967071533,0.45636558532714844,0.028136535530460027,5
two_concepts,TinyCNN,2007,random_unitnorm,0.70703125,1.0537190437316895,0.13919115802290907,0.13055373612093835,0.88690185546875,0.17634440499830178,0.49157466060928556,0.4169214848962108,0.419921875,0.225830078125,0.6796875,0.89453125,0.0025430803652852774,0.953125,0.91015625,True,0.5395273566246033,0.5671370029449463,0.07465317571307478,10
two_concepts,TinyCNN,2007,random_unitnorm,0.953125,0.6351636052131653,0.17119288163960353,0.13055373612093835,0.98779296875,0.1724151177591651,0.6458725463485065,0.36256795503306755,0.623046875,0.156494140625,0.9453125,0.97265625,0.005705677904188633,0.9921875,0.98046875,True,1.0298712253570557,0.37056946754455566,0.283304591315439,20
two_concepts,TinyCNN,2007,random_unitnorm,0.98828125,0.16141527891159058,0.1838574363721579,0.13055373612093835,0.9923095703125,0.16061179600944758,0.7480460267445366,0.293118985624789,0.642578125,0.135009765625,0.9921875,0.98828125,0.008458183147013187,0.99609375,0.9921875,True,1.7556034326553345,0.4071822166442871,0.4549270411197476,40
two_concepts,TinyCNN,2007,random_unitnorm,1.0,0.03929227590560913,0.18130209529893712,0.13055373612093835,0.9889984130859375,0.16479263626021307,0.7231489304215992,0.25077963431642974,0.607421875,0.125244140625,0.99609375,0.99609375,0.006436480674892664,1.0,0.9921875,True,2.401766777038574,0.37104010581970215,0.4723692961051695,80
two_concepts,TinyCNN,2007,random_unitnorm,1.0,0.02004333771765232,0.18023576760409765,0.13055373612093835,0.986572265625,0.16324777167975818,0.7103483305095797,0.22877817937992329,0.609375,0.121337890625,0.99609375,0.99609375,0.005758459679782391,1.0,0.9921875,True,2.726888656616211,0.3687272071838379,0.4815701511296564,120
two_concepts,TinyCNN,2007,random_unitnorm,1.0,0.012932678684592247,0.18011973448701876,0.13055373612093835,0.9835205078125,0.16268648487738224,0.7020980835457956,0.21512940427402055,0.60546875,0.11865234375,0.99609375,0.99609375,0.0055754645727574825,1.0,0.9921875,True,2.9435410499572754,0.3495602607727051,0.48696867927177506,160
two_concepts,TinyCNN,2007,random_unitnorm,1.0,0.009387302212417126,0.18054977419356855,0.13055373612093835,0.98175048828125,0.16128573866822715,0.6461143454615565,0.20586497522867114,0.544921875,0.114501953125,0.99609375,0.99609375,0.005595443770289421,1.0,0.9921875,True,3.103569984436035,0.36138010025024414,0.4402493702328854,200
two_concepts,TinyCNN,2007,template_init,0.359375,1.3473643064498901,0.9983255856051285,1.0,0.8092193603515625,0.40226258684600325,0.5998008076431095,0.11684910709280763,0.34375,0.23486328125,0.3515625,0.87890625,0.0003045186458621174,0.8125,0.7890625,True,0.0817309021949768,0.5527043342590332,0.4829517005503019,1
two_concepts,TinyCNN,2007,template_init,0.55078125,1.2386032342910767,0.9708991152952884,1.0,0.8884124755859375,0.36407872932316876,0.9184707733129154,0.3037415403785497,0.529296875,0.301025390625,0.5546875,0.87109375,0.0005884189158678055,0.9453125,0.91015625,True,0.2647448778152466,0.5206177234649658,0.6147292329343657,5
two_concepts,TinyCNN,2007,template_init,0.890625,1.062930941581726,0.9126514923309716,1.0,0.9350128173828125,0.3405370408427334,0.8929184406437592,0.3399986526203525,0.59375,0.253173828125,0.8828125,0.953125,0.0013126963749527931,0.98828125,0.97265625,True,0.47010308504104614,0.37474703788757324,0.5529197880234067,10
two_concepts,TinyCNN,2007,template_init,0.92578125,0.5979313850402832,0.770075801229827,1.0,0.9693603515625,0.3224768854169976,0.841175343934624,0.3798845619533668,0.71484375,0.218505859375,0.9453125,0.94921875,0.006421162746846676,0.9921875,0.9765625,True,0.9850854873657227,0.3461148738861084,0.4612907819812572,20
two_concepts,TinyCNN,2007,template_init,0.98828125,0.1687394231557846,0.6508537765868774,1.0,0.9818115234375,0.3218255556009625,0.8396634570373585,0.3421110133580473,0.744140625,0.17236328125,0.9921875,0.98828125,0.009968253783881664,1.0,0.98828125,True,1.8182373046875,0.338470458984375,0.4975524436793112,40
two_concepts,TinyCNN,2007,template_init,1.0,0.04362429305911064,0.585532657959305,1.0,0.98663330078125,0.3045816887371945,0.824986395079401,0.2839064176153314,0.751953125,0.159423828125,0.99609375,0.99609375,0.008713231422007084,1.0,0.98828125,True,2.6362061500549316,0.3487386703491211,0.5410799774640696,80
two_concepts,TinyCNN,2007,template_init,1.0,0.021743474528193474,0.5596492497292227,1.0,0.98809814453125,0.2889026371167942,0.81444874244731,0.25922873349129516,0.740234375,0.157470703125,0.9921875,0.9921875,0.008673327974975109,1.0,0.984375,True,3.093250036239624,0.3945894241333008,0.5552200089560149,120
two_concepts,TinyCNN,2007,template_init,1.0,0.013535874895751476,0.5449162750482262,1.0,0.98876953125,0.279262708987759,0.8060684311581787,0.2453821069007224,0.73046875,0.15576171875,0.9921875,0.9921875,0.00863673910498619,1.0,0.984375,True,3.405681848526001,0.38930225372314453,0.5606863242574563,160
two_concepts,TinyCNN,2007,template_init,1.0,0.009465446695685387,0.5352103506250786,1.0,0.98919677734375,0.2695682219140391,0.7982666682973663,0.2360227734836023,0.728515625,0.152587890625,0.9921875,0.9921875,0.008598081767559052,1.0,0.984375,True,3.6374404430389404,0.3805997371673584,0.562243894813764,200
two_concepts,TinyCNN,2007,template_release,0.36328125,1.3479351997375488,0.9986312250684239,1.0,0.8087310791015625,0.40035248771462384,0.5942982911323583,0.1156048666257013,0.345703125,0.235595703125,0.35546875,0.86328125,0.0003034915425814688,0.81640625,0.796875,True,0.06631854176521301,0.5995285511016846,0.47869342450665703,1
two_concepts,TinyCNN,2007,template_release,0.5234375,1.251737356185913,0.9871738397209961,1.0,0.86737060546875,0.38634439185757175,0.8838235709706272,0.2850983191763535,0.513671875,0.29833984375,0.54296875,0.86328125,0.0005425067502073944,0.921875,0.89453125,True,0.1591414511203766,0.5554213523864746,0.5987252517942738,5
two_concepts,TinyCNN,2007,template_release,0.63671875,1.1651877164840698,0.9784370605291379,1.0,0.9068145751953125,0.3836132359863762,0.9007742449470248,0.31357956518156216,0.568359375,0.27978515625,0.63671875,0.8203125,0.0008948015165515244,0.953125,0.9375,True,0.20217213034629822,0.5090782642364502,0.5871946797654627,10
two_concepts,TinyCNN,2007,template_release,0.859375,0.9724562764167786,0.9622463763599424,1.0,0.92626953125,0.3618501778402474,0.9394933876712525,0.3388611404700368,0.8125,0.231201171875,0.8515625,0.9140625,0.0021602073684334755,0.984375,0.96875,True,0.2850039601325989,0.5328490734100342,0.6006322472012157,20
two_concepts,TinyCNN,2007,template_release,0.93359375,0.5757659673690796,0.9260532721609246,1.0,0.93609619140625,0.34963579133045647,0.9732911352876795,0.3566908348560931,0.923828125,0.26025390625,0.9375,0.984375,0.006240292452275753,0.9921875,0.97265625,True,0.4450421929359436,0.36976194381713867,0.6166003004315864,40
two_concepts,TinyCNN,2007,template_release,0.98828125,0.16440215706825256,0.8093023409618599,1.0,0.97259521484375,0.31682388737139944,0.9832130424651127,0.3324951955160215,0.953125,0.2373046875,0.984375,0.98046875,0.009128213860094547,0.9921875,0.98828125,True,0.9506168961524963,0.39821362495422363,0.6507178469490911,80
two_concepts,TinyCNN,2007,template_release,1.0,0.036702416837215424,0.6545777245818266,1.0,0.98748779296875,0.285356922270238,0.9576245577963798,0.2931157202336358,0.943359375,0.20849609375,0.99609375,0.99609375,0.006937624420970678,1.0,0.98046875,True,1.9093315601348877,0.35831713676452637,0.6645088375627439,120
two_concepts,TinyCNN,2007,template_release,1.0,0.017719421535730362,0.6172911619335133,1.0,0.9901123046875,0.2714208372130651,0.9480259870691181,0.27575494493927866,0.9296875,0.19921875,0.99609375,0.99609375,0.007067936006933451,1.0,0.98046875,True,2.3560733795166016,0.36292529106140137,0.6722710421298395,160
two_concepts,TinyCNN,2007,template_release,1.0,0.011052858084440231,0.5980775661967177,1.0,0.99102783203125,0.25239725361367144,0.9416019851185154,0.26476404563043454,0.91796875,0.19091796875,0.99609375,0.99609375,0.007187002804130316,1.0,0.98046875,True,2.6339707374572754,0.3521106243133545,0.6768379394880809,200
two_concepts,TinyCNN,2007,template_retention_1,0.36328125,1.3479351997375488,0.9986312250684239,1.0,0.8087310791015625,0.40035248771462384,0.5942982911323583,0.1156048666257013,0.345703125,0.235595703125,0.35546875,0.86328125,0.0003034915425814688,0.81640625,0.796875,True,0.06631854176521301,0.5689525604248047,0.47869342450665703,1
two_concepts,TinyCNN,2007,template_retention_1,0.5234375,1.251737356185913,0.9871738397209961,1.0,0.86737060546875,0.38634439185757175,0.8838235709706272,0.2850983191763535,0.513671875,0.29833984375,0.54296875,0.86328125,0.0005425067502073944,0.921875,0.89453125,True,0.1591414511203766,0.5553815364837646,0.5987252517942738,5
two_concepts,TinyCNN,2007,template_retention_1,0.63671875,1.1651877164840698,0.9784370605291379,1.0,0.9068145751953125,0.3836132359863762,0.9007742449470248,0.31357956518156216,0.568359375,0.27978515625,0.63671875,0.8203125,0.0008948015165515244,0.953125,0.9375,True,0.20217213034629822,0.5090787410736084,0.5871946797654627,10
two_concepts,TinyCNN,2007,template_retention_1,0.84765625,0.9867392778396606,0.966117684261285,1.0,0.9217376708984375,0.36559943242754983,0.9381808992607328,0.33654349366489783,0.798828125,0.230224609375,0.83984375,0.9296875,0.0020691854879260063,0.984375,0.96875,True,0.26599830389022827,0.5253767967224121,0.6016374055958349,20
two_concepts,TinyCNN,2007,template_retention_1,0.9296875,0.6688882112503052,0.9496344954158487,1.0,0.92626953125,0.35124073475068407,0.9678616976280457,0.35393249820612044,0.91796875,0.260498046875,0.921875,0.98046875,0.0053275884129107,0.98828125,0.9765625,True,0.3354893922805786,0.37113356590270996,0.6139291994219254,40
two_concepts,TinyCNN,2007,template_retention_1,0.9375,0.4300417900085449,0.945581011166585,1.0,0.9287109375,0.35151454420600514,0.9776380867556559,0.3525708288968017,0.93359375,0.263671875,0.94921875,0.9765625,0.008740538731217384,0.98828125,0.98046875,True,0.3465867042541504,0.4626047611236572,0.6250672578588542,80
two_concepts,TinyCNN,2007,template_retention_1,0.96484375,0.3203828036785126,0.9447237887309573,1.0,0.9290313720703125,0.3535401028316943,0.9820832970672283,0.3464856786946615,0.951171875,0.26171875,0.98046875,0.96875,0.010025914758443832,0.9921875,0.984375,True,0.3404967784881592,0.42928409576416016,0.6355976183725668,120
two_concepts,TinyCNN,2007,template_retention_1,0.984375,0.25999677181243896,0.9456967844046804,1.0,0.9357147216796875,0.35283854175589113,0.9839613091933312,0.3414013380230927,0.966796875,0.2490234375,0.984375,0.98828125,0.010795674286782742,0.9921875,0.984375,True,0.33127307891845703,0.36486291885375977,0.6425599711702386,160
two_concepts,TinyCNN,2007,template_retention_1,0.98828125,0.2203713208436966,0.9463942244964618,1.0,0.930511474609375,0.3523763902299712,0.9856790985140452,0.33588262913172634,0.9765625,0.244384765625,0.98828125,0.984375,0.010126249864697456,0.9921875,0.98046875,True,0.3222840428352356,0.403425931930542,0.6497964693823188,200
two_concepts,TinyCNN,2008,random,0.25,1.3939822912216187,0.17099296866282243,0.16224214387100955,0.7349090576171875,0.18652182061322958,0.5133979011310025,0.17899586696134062,0.25,0.25,0.25,1.0,0.00012288497237022966,0.765625,0.74609375,True,0.07630446553230286,0.3632180690765381,0.33440203416966185,1
two_concepts,TinyCNN,2008,random,0.5,1.2950260639190674,0.20574618605380574,0.16224214387100955,0.937713623046875,0.19207005062549104,0.683698993263324,0.37113940789444544,0.361328125,0.28662109375,0.48046875,0.84765625,0.0002886653528548777,0.95703125,0.96875,True,0.2330300360918045,0.3539416790008545,0.3125595853688785,5
two_concepts,TinyCNN,2008,random,0.71875,1.131701946258545,0.23627104027702456,0.16224214387100955,0.9704437255859375,0.23122926163475127,0.8704879302245736,0.4171918859239584,0.5625,0.294921875,0.73046875,0.9140625,0.0010262515861541033,0.9609375,0.984375,True,0.40800225734710693,0.3503398895263672,0.4532960443006152,10
two_concepts,TinyCNN,2008,random,0.9453125,0.6071671843528748,0.25006255568025715,0.16224214387100955,0.9795379638671875,0.20368707888074772,0.8916899553936815,0.41819829094368965,0.779296875,0.234619140625,0.94140625,0.94921875,0.005132666788995266,0.9765625,0.98828125,True,0.9162030220031738,0.35544276237487793,0.4734916644499918,20
two_concepts,TinyCNN,2008,random,0.98828125,0.16101695597171783,0.22135378784006554,0.16224214387100955,0.97869873046875,0.17364562151796192,0.9102834934610387,0.34087508792335747,0.84765625,0.181396484375,0.98046875,0.97265625,0.009385504759848118,0.984375,0.99609375,True,1.6938056945800781,0.337357759475708,0.5694084055376811,40
two_concepts,TinyCNN,2008,random,0.9921875,0.06737629324197769,0.21187132824892504,0.16224214387100955,0.984283447265625,0.15307276714991053,0.8841540314770615,0.2792231073500377,0.833984375,0.158203125,0.984375,0.98046875,0.012588784098625183,0.9921875,1.0,True,2.3035836219787598,0.3390359878540039,0.6049309241270238,80
two_concepts,TinyCNN,2008,random,0.9921875,0.05160127952694893,0.2095812918244846,0.16224214387100955,0.984405517578125,0.14483748627547618,0.8808094613797142,0.254097158042493,0.833984375,0.1513671875,0.98828125,0.98046875,0.013192309997975826,0.9921875,1.0,True,2.5946054458618164,0.3672051429748535,0.6267123033372212,120
two_concepts,TinyCNN,2008,random,0.9921875,0.04627424106001854,0.20802277727087864,0.16224214387100955,0.984039306640625,0.1412844842217112,0.8770512526875436,0.2396080961943401,0.826171875,0.1484375,0.98828125,0.98046875,0.013141216710209846,0.9921875,1.0,True,2.779237747192383,0.3503239154815674,0.6374431564932035,160
two_concepts,TinyCNN,2008,random,0.9921875,0.04380685091018677,0.20701560411916142,0.16224214387100955,0.98388671875,0.13953022073559299,0.8737405389936301,0.22977990094363637,0.828125,0.146728515625,0.98828125,0.98046875,0.012858954258263111,0.9921875,1.0,True,2.9137518405914307,0.3504152297973633,0.6439606380499938,200
two_concepts,TinyCNN,2008,random_unitnorm,0.25,1.409284234046936,0.1642059375988072,0.16224214306445695,0.779754638671875,0.16094340467988827,0.4906603261104726,0.15071482208758852,0.25,0.25,0.25,1.0,0.0004143600817769766,0.7265625,0.71484375,True,0.07917089760303497,0.3733489513397217,0.3399455040228841,1
two_concepts,TinyCNN,2008,random_unitnorm,0.453125,1.301606297492981,0.17589827262377877,0.16224214306445695,0.8658447265625,0.13733422796519695,0.8231540761633647,0.2903467544200164,0.4140625,0.2822265625,0.48828125,0.73046875,0.0005775733152404428,0.9296875,0.921875,True,0.24434536695480347,0.4931938648223877,0.5328073217433482,5
two_concepts,TinyCNN,2008,random_unitnorm,0.66015625,1.1534620523452759,0.19926317003099017,0.16224214306445695,0.9647064208984375,0.1413256631737543,0.8550705103055488,0.35607556305011356,0.548828125,0.271484375,0.65625,0.91015625,0.0012541322503238916,0.953125,0.96875,True,0.40120846033096313,0.34813356399536133,0.49899494725543525,10
two_concepts,TinyCNN,2008,random_unitnorm,0.93359375,0.6935197114944458,0.24911257632745876,0.16224214306445695,0.9747467041015625,0.19460023440209256,0.8942046947332601,0.3736080507379613,0.76953125,0.220458984375,0.9296875,0.9609375,0.005351829342544079,0.97265625,0.98828125,True,0.8390220999717712,0.33526182174682617,0.5205966439952989,20
two_concepts,TinyCNN,2008,random_unitnorm,0.98046875,0.21602092683315277,0.24591620256530453,0.16224214306445695,0.9814300537109375,0.1782785148409068,0.890754417996291,0.32900405634172486,0.8046875,0.17431640625,0.98046875,0.98046875,0.009696515277028084,0.96875,0.9921875,True,1.5926395654678345,0.35796117782592773,0.561750361654566,40
two_concepts,TinyCNN,2008,random_unitnorm,0.9921875,0.09348756819963455,0.23928083496635372,0.16224214306445695,0.98565673828125,0.17986815279627907,0.8583685059954248,0.2805642449681971,0.77734375,0.15771484375,0.984375,0.98046875,0.012819454073905945,0.984375,1.0,True,2.245938539505005,0.3667426109313965,0.5778042610272277,80
two_concepts,TinyCNN,2008,random_unitnorm,0.9921875,0.0780186653137207,0.23850877914202784,0.16224214306445695,0.9871826171875,0.184258253901678,0.8414279258094626,0.2605575350871496,0.763671875,0.156005859375,0.984375,0.98046875,0.014835626818239689,0.98828125,1.0,True,2.5575151443481445,0.3524773120880127,0.580870390722313,120
two_concepts,TinyCNN,2008,random_unitnorm,0.9921875,0.07282168418169022,0.237877425299657,0.16224214306445695,0.9874267578125,0.18522329055277517,0.8311068313524244,0.24951933191135475,0.76171875,0.15576171875,0.984375,0.98046875,0.016001932322978973,0.98828125,1.0,True,2.756913661956787,0.3764512538909912,0.5815874994410696,160
two_concepts,TinyCNN,2008,random_unitnorm,0.9921875,0.07130300998687744,0.2374687920881196,0.16224214306445695,0.9871826171875,0.18621292036623438,0.8245148937486624,0.24187096353697957,0.751953125,0.155029296875,0.984375,0.98046875,0.016756828874349594,0.98828125,1.0,True,2.9034554958343506,0.34609150886535645,0.5826439302116828,200
two_concepts,TinyCNN,2008,template_init,0.25,1.456861138343811,0.9990341196385126,1.0,0.781646728515625,0.42156134612263896,0.6072412938456855,0.2022562762120733,0.25,0.25,0.25,1.0,0.0002011296892305836,0.83203125,0.828125,True,0.09465848654508591,0.5667095184326172,0.40498501763361217,1
two_concepts,TinyCNN,2008,template_init,0.60546875,1.2881395816802979,0.9802646101686369,1.0,0.8502044677734375,0.3965945945334569,0.8892254570780622,0.36397975950952577,0.521484375,0.276611328125,0.58984375,0.91015625,0.00046626199036836624,0.8984375,0.90625,True,0.2865314483642578,0.5650248527526855,0.5252456975685365,5
two_concepts,TinyCNN,2008,template_init,0.46875,1.155983567237854,0.9414886697657046,1.0,0.9182281494140625,0.3404592475486393,0.9383764801299403,0.3593992304364846,0.443359375,0.263671875,0.49609375,0.91015625,0.0007790714735165238,0.98046875,0.99609375,True,0.4087839126586914,0.3560171127319336,0.5789772496934558,10
two_concepts,TinyCNN,2008,template_init,0.85546875,0.8128717541694641,0.8455468276570501,1.0,0.944061279296875,0.3226387962150765,0.9358198100841488,0.3497075433945255,0.767578125,0.217041015625,0.84375,0.88671875,0.0033692787401378155,0.9765625,0.99609375,True,0.7699129581451416,0.3420860767364502,0.5861122666896234,20
two_concepts,TinyCNN,2008,template_init,0.94140625,0.33336347341537476,0.6858839266995083,1.0,0.963897705078125,0.2686685254955955,0.9141828953445452,0.30744058516656647,0.84375,0.1865234375,0.9453125,0.96484375,0.010613539256155491,0.9765625,0.99609375,True,1.5135161876678467,0.3483598232269287,0.6067423101779787,40
two_concepts,TinyCNN,2008,template_init,0.98046875,0.11773388087749481,0.5660593530205668,1.0,0.971649169921875,0.23857445692989498,0.9276594685057074,0.26260550723774645,0.865234375,0.17041015625,0.98046875,0.98046875,0.012625525705516338,0.98828125,0.99609375,True,2.409559726715088,0.35655665397644043,0.6650539612679609,80
two_concepts,TinyCNN,2008,template_init,0.98046875,0.07493044435977936,0.5287712960172386,1.0,0.97454833984375,0.23197770903611017,0.9299181471733758,0.24347563709417971,0.87109375,0.16259765625,0.98046875,0.98046875,0.013543043285608292,0.98828125,0.99609375,True,2.873525857925415,0.3524055480957031,0.6864425100791961,120
two_concepts,TinyCNN,2008,template_init,0.984375,0.06079091504216194,0.5066197495634642,1.0,0.976165771484375,0.22850484184080408,0.9304948459018448,0.23273044103851437,0.875,0.1611328125,0.98046875,0.984375,0.01470982190221548,0.98828125,0.99609375,True,3.186677932739258,0.4077260494232178,0.6977644048633305,160
two_concepts,TinyCNN,2008,template_init,0.984375,0.05415719747543335,0.4944604474971022,1.0,0.9766845703125,0.2268917043899803,0.9291958135642759,0.226203867724741,0.8671875,0.16162109375,0.98046875,0.984375,0.01620350405573845,0.98828125,0.99609375,True,3.4175095558166504,0.34650588035583496,0.702991945839535,200
two_concepts,TinyCNN,2008,template_release,0.25,1.4578399658203125,0.9991743368589736,1.0,0.7815704345703125,0.4129422306397592,0.6068414069468674,0.20333704482797704,0.25,0.25,0.25,1.0,0.00019937394245062023,0.83203125,0.828125,True,0.08128269016742706,0.601001501083374,0.40350436211889035,1
two_concepts,TinyCNN,2008,template_release,0.6171875,1.2913365364074707,0.9877172340040541,1.0,0.840240478515625,0.3942096707536792,0.8825627149413228,0.3599753709666672,0.537109375,0.26318359375,0.62109375,0.890625,0.00040586417890153825,0.875,0.8828125,True,0.18646661937236786,0.5204699039459229,0.5225873439746556,5
two_concepts,TinyCNN,2008,template_release,0.39453125,1.216255784034729,0.9812905722020433,1.0,0.9005126953125,0.36008640713064594,0.9081609456470632,0.34651201081347516,0.265625,0.234619140625,0.36328125,0.90625,0.000495599873829633,0.953125,0.9765625,True,0.19530043005943298,0.5336558818817139,0.561648934833588,10
two_concepts,TinyCNN,2008,template_release,0.765625,1.0559146404266357,0.9690758919652349,1.0,0.929412841796875,0.3497829568587679,0.9199280774027644,0.3035879863489284,0.640625,0.198486328125,0.76171875,0.93359375,0.001266413601115346,0.96484375,0.984375,True,0.25833627581596375,0.35807347297668457,0.6163400910538359,20
two_concepts,TinyCNN,2008,template_release,0.83203125,0.7317455410957336,0.9394125058501634,1.0,0.9478759765625,0.34820506621300795,0.9180775967356269,0.25291239484399775,0.7734375,0.16162109375,0.8515625,0.90625,0.004765031859278679,0.9765625,0.98828125,True,0.41273051500320435,0.355238676071167,0.6651652018916292,40
two_concepts,TinyCNN,2008,template_release,0.95703125,0.2792695462703705,0.8234939246655242,1.0,0.9669952392578125,0.34124336024912755,0.9421789453804267,0.20209179002786057,0.908203125,0.108154296875,0.953125,0.9453125,0.015061596408486366,0.98046875,1.0,True,0.9117792248725891,0.346482515335083,0.7400871553525661,80
two_concepts,TinyCNN,2008,template_release,0.9765625,0.1301911175251007,0.6570879462354886,1.0,0.9780426025390625,0.32035425203851386,0.9595094866511915,0.1700078916863761,0.92578125,0.098388671875,0.9765625,0.98828125,0.013345115818083286,0.9765625,1.0,True,1.7898337841033936,0.33647656440734863,0.7895015949648154,120
two_concepts,TinyCNN,2008,template_release,0.9765625,0.11196914315223694,0.6036009380043893,1.0,0.9788818359375,0.3019699498045064,0.9613837875872188,0.15689226758154065,0.9296875,0.096435546875,0.98046875,0.9921875,0.013612718321383,0.9765625,1.0,True,2.2003588676452637,0.40453529357910156,0.8044915200056781,160
two_concepts,TinyCNN,2008,template_release,0.9765625,0.1080697700381279,0.5736635507252601,1.0,0.97967529296875,0.29223839457324124,0.9613512121057748,0.14922674966768779,0.931640625,0.09521484375,0.98046875,0.9921875,0.013968674466013908,0.9765625,1.0,True,2.4755899906158447,0.3376166820526123,0.812124462438087,200
two_concepts,TinyCNN,2008,template_retention_1,0.25,1.4578399658203125,0.9991743368589736,1.0,0.7815704345703125,0.4129422306397592,0.6068414069468674,0.20333704482797704,0.25,0.25,0.25,1.0,0.00019937394245062023,0.83203125,0.828125,True,0.08128269016742706,0.6042320728302002,0.40350436211889035,1
two_concepts,TinyCNN,2008,template_retention_1,0.6171875,1.2913365364074707,0.9877172340040541,1.0,0.840240478515625,0.3942096707536792,0.8825627149413228,0.3599753709666672,0.537109375,0.26318359375,0.62109375,0.890625,0.00040586417890153825,0.875,0.8828125,True,0.18646661937236786,0.5077147483825684,0.5225873439746556,5
two_concepts,TinyCNN,2008,template_retention_1,0.39453125,1.216255784034729,0.9812905722020433,1.0,0.9005126953125,0.36008640713064594,0.9081609456470632,0.34651201081347516,0.265625,0.234619140625,0.36328125,0.90625,0.000495599873829633,0.953125,0.9765625,True,0.19530043005943298,0.542224645614624,0.561648934833588,10
two_concepts,TinyCNN,2008,template_retention_1,0.76953125,1.0651332139968872,0.9716161501833583,1.0,0.927154541015625,0.3487676771007212,0.9219618126832669,0.30076249642297814,0.64453125,0.197021484375,0.765625,0.93359375,0.0011994928354397416,0.96484375,0.98046875,True,0.2439250648021698,0.3564939498901367,0.6211993162602888,20
two_concepts,TinyCNN,2008,template_retention_1,0.8046875,0.8018069267272949,0.9586913760753375,1.0,0.9354248046875,0.34885482396813344,0.9284096919916026,0.24694230409331053,0.771484375,0.1689453125,0.82421875,0.890625,0.0036340439692139626,0.9609375,0.9921875,True,0.31458526849746704,0.3493340015411377,0.6814673878982921,40
two_concepts,TinyCNN,2008,template_retention_1,0.92578125,0.5485202074050903,0.9532689084214112,1.0,0.9507904052734375,0.3395070804136523,0.9266773205199849,0.21787363188867942,0.84375,0.1103515625,0.91015625,0.92578125,0.008315248414874077,0.98046875,0.99609375,True,0.3341320753097534,0.35373711585998535,0.7088036886313054,80
two_concepts,TinyCNN,2008,template_retention_1,0.953125,0.4242417812347412,0.9532812654736724,1.0,0.9448394775390625,0.3372901450557967,0.9322762037298805,0.2083672578082505,0.88671875,0.0986328125,0.9296875,0.9453125,0.012504363432526588,0.98828125,0.98828125,True,0.3296240568161011,0.35176944732666016,0.72390894592163,120
two_concepts,TinyCNN,2008,template_retention_1,0.96875,0.3525160849094391,0.9540797135713571,1.0,0.9437713623046875,0.3343722447074261,0.9175610200845666,0.19952919749823822,0.873046875,0.090576171875,0.9453125,0.9609375,0.014592617750167847,0.98046875,0.99609375,True,0.3217291533946991,0.42566466331481934,0.7180318225863285,160
two_concepts,TinyCNN,2008,template_retention_1,0.96875,0.3019680678844452,0.9556609205385915,1.0,0.9444427490234375,0.33453985102944717,0.924711104233005,0.19555913645683032,0.884765625,0.089599609375,0.9375,0.9453125,0.016709104180336,0.984375,0.9921875,True,0.3122975826263428,0.3652505874633789,0.7291519677761746,200
two_concepts,TinyCNN,2009,random,0.4609375,1.3630636930465698,0.15595193522869039,0.146281633289493,0.801971435546875,0.21533103342262935,0.42817811051990906,0.21174224183970217,0.369140625,0.25048828125,0.45703125,0.67578125,0.0001481779763707891,0.80078125,0.8359375,True,0.0753440260887146,0.4936211109161377,0.2164358686802069,1
two_concepts,TinyCNN,2009,random,0.79296875,1.250800609588623,0.17317845252486525,0.146281633289493,0.95928955078125,0.19591373819335833,0.7754415831291277,0.31555852223980374,0.59375,0.1708984375,0.7734375,0.82421875,0.000364277366315946,0.95703125,0.9765625,True,0.2705795168876648,0.3752622604370117,0.45988306088932396,5
two_concepts,TinyCNN,2009,random,0.875,1.0287840366363525,0.20128587798301018,0.146281633289493,0.9905242919921875,0.1798449035874467,0.8433852335230076,0.3345555198622695,0.6875,0.17236328125,0.859375,0.91015625,0.00135750079061836,0.97265625,0.9765625,True,0.5088310837745667,0.3367798328399658,0.5088297136607381,10
two_concepts,TinyCNN,2009,random,0.9375,0.5165748596191406,0.21675615964377837,0.146281633289493,0.9934539794921875,0.15715796841764407,0.8783543698095491,0.29890544665440727,0.75390625,0.145751953125,0.94921875,0.96484375,0.006843186914920807,0.98828125,0.98046875,True,1.0562796592712402,0.3512077331542969,0.5794489231551418,20
two_concepts,TinyCNN,2009,random,0.9765625,0.15975935757160187,0.20469420252705517,0.146281633289493,0.9951629638671875,0.16438973361050171,0.8931765686398756,0.23302784957595452,0.818359375,0.091064453125,0.97265625,0.984375,0.011271104216575623,0.98828125,0.98828125,True,1.785066843032837,0.3643045425415039,0.660148719063921,40
two_concepts,TinyCNN,2009,random,0.9921875,0.07282709330320358,0.2067657923400057,0.146281633289493,0.99609375,0.16145927976385172,0.893067203157311,0.18219353303388164,0.82421875,0.07080078125,0.98828125,0.98828125,0.01318880170583725,0.9921875,0.98828125,True,2.4010751247406006,0.3884446620941162,0.7108736701234294,80
two_concepts,TinyCNN,2009,random,0.9921875,0.05863572284579277,0.2083553377906907,0.146281633289493,0.99609375,0.15915923482266428,0.8908368622345332,0.15803887047310797,0.830078125,0.059326171875,0.9921875,0.984375,0.014721839688718319,0.9921875,0.98828125,True,2.7228336334228516,0.36293792724609375,0.7327979917614252,120
two_concepts,TinyCNN,2009,random,0.9921875,0.055251069366931915,0.20897081409687132,0.146281633289493,0.99609375,0.1568561754806183,0.8875689074612002,0.1434313886253641,0.828125,0.055908203125,0.9921875,0.984375,0.01558179222047329,0.9921875,0.99609375,True,2.938201904296875,0.347393274307251,0.7441375188358361,160
two_concepts,TinyCNN,2009,random,0.9921875,0.05373591184616089,0.20964229979512053,0.146281633289493,0.99627685546875,0.15522801719918372,0.8835774488785234,0.13317976094503803,0.82421875,0.052734375,0.9921875,0.984375,0.015902433544397354,0.9921875,0.99609375,True,3.100998878479004,0.3486783504486084,0.7503976879334854,200
two_concepts,TinyCNN,2009,random_unitnorm,0.3671875,1.365297794342041,0.14822714514610869,0.14628163192867427,0.7624053955078125,0.21529911056591738,0.22948142984549125,0.1553038566668302,0.349609375,0.267822265625,0.3359375,0.62890625,0.0003949504462070763,0.69140625,0.73828125,True,0.07818140089511871,0.3717505931854248,0.07417757317866105,1
two_concepts,TinyCNN,2009,random_unitnorm,0.73046875,1.2441511154174805,0.16499684356702618,0.14628163192867427,0.915863037109375,0.1909141402677684,0.666841059875865,0.31571666992630476,0.505859375,0.185791015625,0.73828125,0.81640625,0.0007335932459682226,0.96484375,0.97265625,True,0.2945582866668701,0.36819911003112793,0.3511243899495602,5
two_concepts,TinyCNN,2009,random_unitnorm,0.875,1.0359044075012207,0.1838579433584902,0.14628163192867427,0.9652252197265625,0.18745309218897116,0.6881247733935159,0.3309857760086086,0.599609375,0.155517578125,0.8828125,0.90625,0.001869615982286632,0.97265625,0.984375,True,0.5373375415802002,0.3494424819946289,0.35713899738490723,10
two_concepts,TinyCNN,2009,random_unitnorm,0.94140625,0.5497534275054932,0.2097594014686103,0.14628163192867427,0.9905548095703125,0.1973085591063119,0.7622193334264449,0.3072181390142551,0.658203125,0.127197265625,0.953125,0.953125,0.006962220650166273,0.984375,0.9921875,True,1.0568231344223022,0.3356740474700928,0.4550011944121898,20
two_concepts,TinyCNN,2009,random_unitnorm,0.9765625,0.16090717911720276,0.220199462321006,0.14628163192867427,0.9946441650390625,0.21609006303768047,0.7803254599141732,0.2307782446547671,0.66796875,0.07080078125,0.9765625,0.97265625,0.011666577309370041,0.9921875,0.9921875,True,1.7989881038665771,0.3287537097930908,0.5495472152594061,40
two_concepts,TinyCNN,2009,random_unitnorm,0.9921875,0.07232940196990967,0.2169579207116914,0.14628163192867427,0.99468994140625,0.21145656984591998,0.7821670214446921,0.1686213350864537,0.68359375,0.050537109375,0.9921875,0.9921875,0.01257248967885971,0.9921875,0.9921875,True,2.40000057220459,0.4135012626647949,0.6135456863582384,80
two_concepts,TinyCNN,2009,random_unitnorm,0.9921875,0.05650431290268898,0.21807772075213927,0.14628163192867427,0.994384765625,0.21010895592812656,0.7817698826833627,0.1419700705926321,0.689453125,0.045654296875,0.9921875,0.9921875,0.012423364445567131,0.9921875,0.9921875,True,2.713184118270874,0.4148440361022949,0.6397998120907306,120
two_concepts,TinyCNN,2009,random_unitnorm,0.9921875,0.05138922110199928,0.21924757332708456,0.14628163192867427,0.99444580078125,0.20794348433562782,0.7794959121521905,0.1268287280590682,0.693359375,0.04345703125,1.0,0.9921875,0.012243272736668587,0.9921875,0.9921875,True,2.924531936645508,0.3463306427001953,0.6526671840931223,160
two_concepts,TinyCNN,2009,random_unitnorm,0.9921875,0.04959525167942047,0.21950868976016127,0.14628163192867427,0.9945068359375,0.2060450421824528,0.7772726335590382,0.11693431950960648,0.685546875,0.0439453125,1.0,0.9921875,0.012246167287230492,0.9921875,0.9921875,True,3.0816617012023926,0.3990771770477295,0.6603383140494317,200
two_concepts,TinyCNN,2009,template_init,0.44140625,1.353395700454712,0.9987188534605952,1.0,0.7810821533203125,0.40356487570215915,0.6214384897180654,-0.028250276191505205,0.36328125,0.234375,0.41015625,0.8125,0.00026317633455619216,0.81640625,0.79296875,True,0.07844117283821106,0.5478200912475586,0.6496887659095706,1
two_concepts,TinyCNN,2009,template_init,0.6328125,1.239557147026062,0.9731651967173529,1.0,0.8143463134765625,0.40828844114435936,0.7185085054888098,0.23225379586908224,0.349609375,0.21044921875,0.67578125,0.87890625,0.0004761084564961493,0.9609375,0.96484375,True,0.2502650022506714,0.4906482696533203,0.4862547096197276,5
two_concepts,TinyCNN,2009,template_init,0.87109375,1.0647797584533691,0.9139514760253928,1.0,0.89654541015625,0.39880286621809724,0.7227347319012287,0.28505998872297766,0.423828125,0.166259765625,0.86328125,0.92578125,0.0010943295201286674,0.98828125,0.98046875,True,0.48149359226226807,0.35567188262939453,0.43767474317825106,10
two_concepts,TinyCNN,2009,template_init,0.95703125,0.6411226987838745,0.776567156461268,1.0,0.9539337158203125,0.33837259958264276,0.7620141110690243,0.31468613190394984,0.546875,0.123779296875,0.95703125,0.96875,0.005160768982023001,0.984375,0.984375,True,1.0064963102340698,0.3425765037536621,0.44732797916507444,20
two_concepts,TinyCNN,2009,template_init,0.984375,0.20626302063465118,0.6296612527176586,1.0,0.9791412353515625,0.3016956950732471,0.785225779144652,0.2888262149507159,0.658203125,0.095458984375,0.98046875,0.97265625,0.013187088072299957,0.98828125,0.984375,True,1.8580654859542847,0.34045982360839844,0.49639956419393605,40
two_concepts,TinyCNN,2009,template_init,0.98828125,0.079118512570858,0.5675211331404014,1.0,0.98443603515625,0.28413111350520603,0.7552158188232538,0.22823635363690492,0.59765625,0.06884765625,0.99609375,0.984375,0.01585310697555542,0.9921875,0.9921875,True,2.63247013092041,0.3439605236053467,0.5269794651863489,80
two_concepts,TinyCNN,2009,template_init,0.98828125,0.05688449740409851,0.546967061931052,1.0,0.9840087890625,0.278108580878903,0.7522162242504369,0.1991094395813331,0.603515625,0.064697265625,0.99609375,0.984375,0.016860632225871086,0.9921875,0.99609375,True,3.0348620414733887,0.34645533561706543,0.5531067846691038,120
two_concepts,TinyCNN,2009,template_init,0.98828125,0.049805108457803726,0.5354827279015759,1.0,0.9844970703125,0.276242142926216,0.7504808586274371,0.18143009239908275,0.609375,0.062744140625,0.9921875,0.98828125,0.018036948516964912,0.9921875,0.99609375,True,3.3051178455352783,0.3285834789276123,0.5690507662283544,160
two_concepts,TinyCNN,2009,template_init,0.98828125,0.04691329598426819,0.5279110655787431,1.0,0.9849853515625,0.2755919007795611,0.7498468124828794,0.16964393573986453,0.6171875,0.060791015625,0.9921875,0.98828125,0.01871591992676258,0.9921875,0.99609375,True,3.5090811252593994,0.3394591808319092,0.580202876743015,200
two_concepts,TinyCNN,2009,template_release,0.45703125,1.353720784187317,0.9989289395719414,1.0,0.7816925048828125,0.401133111506381,0.6471622821019655,-0.031066096318835307,0.375,0.237548828125,0.421875,0.8046875,0.00026134910876862705,0.80859375,0.796875,True,0.06391497701406479,0.5551836490631104,0.6782283784208007,1
two_concepts,TinyCNN,2009,template_release,0.62109375,1.2548227310180664,0.9860977771037316,1.0,0.8090362548828125,0.40652385871318897,0.7517334040956126,0.21981970690169275,0.40234375,0.21337890625,0.65234375,0.8671875,0.00042917701648548245,0.9609375,0.96875,True,0.1637755036354065,0.5028612613677979,0.5319136971939199,5
two_concepts,TinyCNN,2009,template_release,0.796875,1.1394625902175903,0.9710075219285741,1.0,0.7972412109375,0.38976952834941125,0.8577402194195813,0.26439135762580745,0.513671875,0.1826171875,0.7890625,0.93359375,0.0007986368145793676,0.984375,0.984375,True,0.23802778124809265,0.3471260070800781,0.5933488617937739,10
two_concepts,TinyCNN,2009,template_release,0.90234375,0.9186599850654602,0.9494620994358467,1.0,0.8895111083984375,0.3724246072847073,0.8739557750258747,0.2844640199604041,0.62890625,0.14013671875,0.87890625,0.92578125,0.0022229908499866724,0.98828125,0.99609375,True,0.34241199493408203,0.36370086669921875,0.5894917550654706,20
two_concepts,TinyCNN,2009,template_release,0.9609375,0.574264407157898,0.9131298458456774,1.0,0.9514312744140625,0.3517986993513618,0.8717389157934028,0.2971932369832665,0.751953125,0.116455078125,0.9296875,0.94921875,0.00675309868529439,0.98828125,0.99609375,True,0.49545085430145264,0.36110782623291016,0.5745456788101363,40
two_concepts,TinyCNN,2009,template_release,0.98828125,0.17656078934669495,0.7926522417482875,1.0,0.98040771484375,0.30162642785349036,0.8413369671979034,0.2564568858602912,0.763671875,0.083740234375,0.98828125,0.9765625,0.013321521691977978,0.9921875,0.99609375,True,0.9827514290809631,0.3695347309112549,0.5848800813376123,80
two_concepts,TinyCNN,2009,template_release,0.9921875,0.06703844666481018,0.6386166154243346,1.0,0.98834228515625,0.24748790968378812,0.849157776605866,0.19721070473834218,0.783203125,0.06689453125,0.99609375,0.98828125,0.015675174072384834,0.9921875,0.9921875,True,1.8565797805786133,0.34773707389831543,0.6519470718675238,120
two_concepts,TinyCNN,2009,template_release,0.9921875,0.050722572952508926,0.5983835386029817,1.0,0.98919677734375,0.23246786708778858,0.8438586000246893,0.17241073153879505,0.779296875,0.065673828125,0.99609375,0.98828125,0.017201878130435944,0.9921875,0.9921875,True,2.263415813446045,0.41329526901245117,0.6714478684858942,160
two_concepts,TinyCNN,2009,template_release,0.9921875,0.045594681054353714,0.5774435895617742,1.0,0.9876708984375,0.22642517746248586,0.8398252385949212,0.15782162555056672,0.7734375,0.06494140625,0.99609375,0.98828125,0.018607722595334053,0.9921875,0.9921875,True,2.5282044410705566,0.371307373046875,0.6820036130443545,200
two_concepts,TinyCNN,2009,template_retention_1,0.45703125,1.353720784187317,0.9989289395719414,1.0,0.7816925048828125,0.401133111506381,0.6471622821019655,-0.031066096318835307,0.375,0.237548828125,0.421875,0.8046875,0.00026134910876862705,0.80859375,0.796875,True,0.06391497701406479,0.5904796123504639,0.6782283784208007,1
two_concepts,TinyCNN,2009,template_retention_1,0.62109375,1.2548227310180664,0.9860977771037316,1.0,0.8090362548828125,0.40652385871318897,0.7517334040956126,0.21981970690169275,0.40234375,0.21337890625,0.65234375,0.8671875,0.00042917701648548245,0.9609375,0.96875,True,0.1637755036354065,0.5056602954864502,0.5319136971939199,5
two_concepts,TinyCNN,2009,template_retention_1,0.796875,1.1394625902175903,0.9710075219285741,1.0,0.7972412109375,0.38976952834941125,0.8577402194195813,0.26439135762580745,0.513671875,0.1826171875,0.7890625,0.93359375,0.0007986368145793676,0.984375,0.984375,True,0.23802778124809265,0.3543519973754883,0.5933488617937739,10
two_concepts,TinyCNN,2009,template_retention_1,0.8984375,0.935717761516571,0.9541973321017257,1.0,0.8808441162109375,0.37555325697335556,0.8772040220738746,0.2821995609558804,0.625,0.14306640625,0.875,0.93359375,0.0021094921976327896,0.98828125,0.98828125,True,0.32048940658569336,0.36095547676086426,0.5950044611179942,20
two_concepts,TinyCNN,2009,template_retention_1,0.94921875,0.6694658994674683,0.9400527588922671,1.0,0.9352264404296875,0.37031978902786666,0.8786986172369083,0.2917220600059308,0.744140625,0.12109375,0.91015625,0.9296875,0.0054471902549266815,0.9921875,0.9921875,True,0.3794419765472412,0.4485177993774414,0.5869765572309775,40
two_concepts,TinyCNN,2009,template_retention_1,0.97265625,0.43055304884910583,0.9367608617771812,1.0,0.9532012939453125,0.3733864045552775,0.892792718686005,0.28283586131068184,0.822265625,0.10107421875,0.9453125,0.96484375,0.009360234253108501,0.9921875,0.98828125,True,0.38172948360443115,0.37506699562072754,0.6099568573753231,80
two_concepts,TinyCNN,2009,template_retention_1,0.9765625,0.33193498849868774,0.939739319487775,1.0,0.9587554931640625,0.3772325859379724,0.9172356097113536,0.2713840996558089,0.853515625,0.09716796875,0.953125,0.9609375,0.011892910115420818,0.9921875,0.9921875,True,0.36435213685035706,0.37017393112182617,0.6458515100555448,120
two_concepts,TinyCNN,2009,template_retention_1,0.984375,0.2726837694644928,0.9431465861297883,1.0,0.9683685302734375,0.3809307002385347,0.9254234207427096,0.2608264384083855,0.8828125,0.092529296875,0.9609375,0.9609375,0.014161897823214531,0.9921875,0.9921875,True,0.3469996750354767,0.36122608184814453,0.6645969823343241,160
two_concepts,TinyCNN,2009,template_retention_1,0.984375,0.2376876026391983,0.9461208058223981,1.0,0.9706573486328125,0.383642383721863,0.9238186123383108,0.25274546482213556,0.87890625,0.092041015625,0.96484375,0.96484375,0.015351839363574982,0.9921875,0.9921875,True,0.33298590779304504,0.37345123291015625,0.6710731475161752,200
two_concepts,TwoLayerCNN,2000,random,0.31640625,1.3685928583145142,0.19686471487139592,0.1892051902680198,0.7641143798828125,0.1733056516690522,0.2539796285819279,0.4228885229595296,0.265625,0.271484375,0.30859375,0.92578125,3.869166903314181e-05,0.890625,0.90234375,True,0.07068942487239838,0.7268295288085938,-0.1689088943776017,1
two_concepts,TwoLayerCNN,2000,random,0.80078125,1.20187509059906,0.22795859064978896,0.1892051902680198,0.84912109375,0.22051802984597266,0.4755238656113586,0.4074650251743244,0.259765625,0.23388671875,0.76171875,0.8828125,0.0005424529081210494,0.9921875,0.98046875,True,0.2700265645980835,0.7252945899963379,0.0680588404370342,5
two_concepts,TwoLayerCNN,2000,random,0.859375,0.6443026065826416,0.2505736661654199,0.1892051902680198,0.8641510009765625,0.2272120469921149,0.34268764420317976,0.33099551164528007,0.171875,0.1630859375,0.859375,0.95703125,0.005993422586470842,0.9921875,0.984375,True,0.5958468914031982,0.7632150650024414,0.011692132557899693,10
two_concepts,TwoLayerCNN,2000,random,0.98828125,0.10059252381324768,0.2544478950777692,0.1892051902680198,0.861419677734375,0.21156934145168582,0.2687690709021633,0.1934576918787693,0.109375,0.06396484375,0.98046875,0.9921875,0.005275101400911808,0.99609375,0.9921875,True,1.062792181968689,0.6488010883331299,0.07531137902339399,20
two_concepts,TwoLayerCNN,2000,random,0.9921875,0.026031021028757095,0.25011137184730536,0.1892051902680198,0.85455322265625,0.19985336771636203,0.2070955950149037,0.12649471824769074,0.052734375,0.031982421875,0.9921875,1.0,0.002103634411469102,0.99609375,0.9921875,True,1.3056695461273193,0.6814875602722168,0.08060087676721298,40
two_concepts,TwoLayerCNN,2000,random,1.0,0.011124150827527046,0.24884869732564147,0.1892051902680198,0.84588623046875,0.19650728993580793,0.1481683675620581,0.0865886216300609,0.048828125,0.024658203125,0.9921875,0.9921875,0.0023685412015765905,1.0,0.9921875,True,1.461961030960083,0.6727867126464844,0.06157974593199719,80
two_concepts,TwoLayerCNN,2000,random,1.0,0.008177251555025578,0.2484295842177637,0.1892051902680198,0.8426513671875,0.19483065271324024,0.12917395151279187,0.0753234441357671,0.048828125,0.0244140625,0.9921875,0.9921875,0.0026178706903010607,0.99609375,0.9921875,True,1.5385875701904297,0.6886272430419922,0.05385050737702478,120
two_concepts,TwoLayerCNN,2000,random,1.0,0.006973350420594215,0.2481184751096884,0.1892051902680198,0.841552734375,0.19444059616256473,0.11903019974728812,0.06874313038307006,0.048828125,0.02392578125,0.9921875,0.9921875,0.0027517692651599646,0.99609375,0.9921875,True,1.5891257524490356,0.7840535640716553,0.05028706936421806,160
two_concepts,TwoLayerCNN,2000,random,1.0,0.006053086370229721,0.24774729655721422,0.1892051902680198,0.840179443359375,0.19336953272966156,0.11248083312672863,0.06362665811969782,0.05078125,0.023681640625,0.9921875,0.9921875,0.003076025750488043,0.99609375,0.9921875,True,1.6267699003219604,0.842475175857544,0.048854175007030806,200
two_concepts,TwoLayerCNN,2000,random_unitnorm,0.4609375,1.3584614992141724,0.18952815045409785,0.189205190800268,0.728118896484375,0.17764479796696497,0.3480153236258019,0.3943304811112899,0.275390625,0.323974609375,0.44140625,0.73046875,0.0001102011592593044,0.875,0.89453125,True,0.07263434678316116,0.8705661296844482,-0.04631515748548798,1
two_concepts,TwoLayerCNN,2000,random_unitnorm,0.6171875,1.1781014204025269,0.1985596790238536,0.189205190800268,0.8188018798828125,0.18929502161596953,0.4632226809787743,0.3947140118166878,0.37890625,0.28369140625,0.62890625,0.83984375,0.0008680931641720235,0.94921875,0.9453125,True,0.2620980143547058,0.7437705993652344,0.06850866916208648,5
two_concepts,TwoLayerCNN,2000,random_unitnorm,0.8515625,0.7117435336112976,0.20925919289271905,0.189205190800268,0.7997894287109375,0.2161377457169889,0.5125082601235584,0.3480784248639533,0.369140625,0.205810546875,0.84765625,0.953125,0.0056113614700734615,0.98828125,0.98828125,True,0.548923909664154,0.7279911041259766,0.16442983525960514,10
two_concepts,TwoLayerCNN,2000,random_unitnorm,0.98046875,0.11181888729333878,0.2404503660829325,0.189205190800268,0.8321533203125,0.2334696343673256,0.3731848768452579,0.22660509116656774,0.171875,0.07666015625,0.98828125,0.984375,0.012412375770509243,0.99609375,0.98828125,True,0.9944705367088318,0.6625797748565674,0.14657978567869018,20
two_concepts,TwoLayerCNN,2000,random_unitnorm,0.98828125,0.03145862743258476,0.24154382301631763,0.189205190800268,0.8294830322265625,0.22891414245288091,0.31861900451624914,0.1517574317670958,0.1484375,0.0478515625,0.9921875,0.99609375,0.008816882967948914,0.99609375,0.9921875,True,1.2467459440231323,0.7096700668334961,0.16686157274915334,40
two_concepts,TwoLayerCNN,2000,random_unitnorm,0.99609375,0.013684173114597797,0.2388244510719026,0.189205190800268,0.8246612548828125,0.22407206603452698,0.2534628777071418,0.11487205261992234,0.134765625,0.04248046875,0.9921875,0.98828125,0.00924069806933403,1.0,0.9921875,True,1.4062837362289429,0.6712512969970703,0.13859082508721948,80
two_concepts,TwoLayerCNN,2000,random_unitnorm,0.99609375,0.009613482281565666,0.23741166629772734,0.189205190800268,0.8254547119140625,0.2210030263218109,0.21446407639364906,0.09878262391169548,0.12109375,0.038818359375,0.9921875,0.98828125,0.009586479514837265,1.0,0.9921875,True,1.4830875396728516,0.7245810031890869,0.11568145248195358,120
two_concepts,TwoLayerCNN,2000,random_unitnorm,1.0,0.007620691787451506,0.23620280747657202,0.189205190800268,0.8246917724609375,0.22020775926062544,0.2002707599101634,0.09328340875740485,0.115234375,0.0380859375,0.9921875,0.9921875,0.009222353808581829,1.0,0.9921875,True,1.5331676006317139,0.6563053131103516,0.10698735115275856,160
two_concepts,TwoLayerCNN,2000,random_unitnorm,1.0,0.006451108492910862,0.2352454361833249,0.189205190800268,0.8248748779296875,0.21872435094388526,0.1885623433925676,0.0872865735102031,0.115234375,0.036376953125,0.9921875,0.9921875,0.009822506457567215,1.0,0.9921875,True,1.5701572895050049,0.6907517910003662,0.10127576988236452,200
two_concepts,TwoLayerCNN,2000,template_init,0.265625,1.3473392724990845,0.9976723087858803,1.0,0.772369384765625,0.3828659602791167,0.4042799416894709,0.3154687586629946,0.251953125,0.259765625,0.2578125,0.96875,8.224054909078404e-05,0.953125,0.96875,True,0.07410024106502533,1.001514196395874,0.08881118302647628,1
two_concepts,TwoLayerCNN,2000,template_init,0.88671875,1.0681347846984863,0.9700603170676236,1.0,0.78228759765625,0.36500318622193223,0.4062769663035076,0.3717451886110117,0.15625,0.169677734375,0.85546875,0.9140625,0.0007144628325477242,1.0,0.9921875,True,0.2748701870441437,0.679537296295166,0.034531777692495935,5
two_concepts,TwoLayerCNN,2000,template_init,0.84765625,0.5494633913040161,0.9120923734603343,1.0,0.7840423583984375,0.34068868656411544,0.4213425180430115,0.31373311372732593,0.212890625,0.172607421875,0.8359375,0.96484375,0.005563999526202679,1.0,0.9921875,True,0.5923088788986206,0.6836879253387451,0.10760940431568555,10
two_concepts,TwoLayerCNN,2000,template_init,0.984375,0.12790164351463318,0.840080604980605,1.0,0.8111114501953125,0.3367208969670422,0.31698210978779795,0.2270482432112304,0.109375,0.083740234375,0.9921875,0.9921875,0.007842646911740303,0.99609375,0.9921875,True,1.0102522373199463,0.6733272075653076,0.08993386657656754,20
two_concepts,TwoLayerCNN,2000,template_init,0.9921875,0.036609288305044174,0.8026408260400469,1.0,0.8248443603515625,0.32366341494582057,0.19281833029199358,0.16075425908854452,0.05078125,0.053955078125,0.9921875,1.0,0.0033296721521764994,0.99609375,0.9921875,True,1.275864601135254,0.6741628646850586,0.03206407120344906,40
two_concepts,TwoLayerCNN,2000,template_init,0.99609375,0.015358125790953636,0.7823409222704565,1.0,0.8394927978515625,0.32026226188149676,0.12556677657435356,0.11427455476609162,0.02734375,0.035400390625,0.99609375,1.0,0.0013953546294942498,0.99609375,0.9921875,True,1.4489866495132446,0.6908674240112305,0.011292221808261935,80
two_concepts,TwoLayerCNN,2000,template_init,0.99609375,0.012164551764726639,0.7735371311032915,1.0,0.8444671630859375,0.3163602449136925,0.12352894283997129,0.09792305413672489,0.03125,0.033203125,0.99609375,1.0,0.0009270583395846188,0.99609375,0.9921875,True,1.5324733257293701,0.7480208873748779,0.0256058887032464,120
two_concepts,TwoLayerCNN,2000,template_init,0.99609375,0.01112661138176918,0.768287513042573,1.0,0.8454132080078125,0.31452864706311456,0.1106707483257412,0.08945288780646399,0.03125,0.033447265625,0.99609375,1.0,0.0006836155662313104,0.99609375,0.9921875,True,1.5863709449768066,0.7684371471405029,0.02121786051927721,160
two_concepts,TwoLayerCNN,2000,template_init,0.99609375,0.009820469655096531,0.7645612256398586,1.0,0.846099853515625,0.3131244987174249,0.10060009926181568,0.08286335168026586,0.03125,0.0322265625,0.99609375,1.0,0.0006695984629914165,0.99609375,0.9921875,True,1.6261863708496094,0.9099245071411133,0.01773674758154982,200
two_concepts,TwoLayerCNN,2000,template_release,0.26953125,1.3468910455703735,0.9980580030508777,1.0,0.77301025390625,0.384965380592845,0.40351512268922296,0.3153102000800298,0.251953125,0.259521484375,0.2578125,0.96875,8.29766649985686e-05,0.95703125,0.9765625,True,0.06771954894065857,0.9260015487670898,0.08820492260919316,1
two_concepts,TwoLayerCNN,2000,template_release,0.87109375,1.0838546752929688,0.9889163298254748,1.0,0.7765045166015625,0.3737407905523402,0.39280651281231094,0.36275356151826477,0.171875,0.17041015625,0.859375,0.93359375,0.0006376314559020102,0.9921875,0.98828125,True,0.17294037342071533,0.7149627208709717,0.03005295129404617,5
two_concepts,TwoLayerCNN,2000,template_release,0.859375,0.6499810218811035,0.9794262322987097,1.0,0.7740478515625,0.3673393946086443,0.3668259850969898,0.3110042931495606,0.166015625,0.164794921875,0.85546875,0.94921875,0.004356842953711748,0.984375,0.984375,True,0.2893257439136505,0.6942908763885498,0.05582169194742925,10
two_concepts,TwoLayerCNN,2000,template_release,0.9609375,0.27014854550361633,0.9776575925903666,1.0,0.776458740234375,0.3579068387526748,0.3127041110705606,0.2626773476641246,0.115234375,0.1044921875,0.96484375,0.96484375,0.008389011025428772,0.98828125,0.9921875,True,0.3000100255012512,0.7959551811218262,0.050026763406436026,20
two_concepts,TwoLayerCNN,2000,template_release,0.98828125,0.09897413849830627,0.9810900505246084,1.0,0.7714385986328125,0.3554094065011274,0.2537623742184758,0.19868773778339763,0.0625,0.051025390625,0.9921875,0.99609375,0.00503067672252655,0.9921875,0.9921875,True,0.259965717792511,0.6506531238555908,0.05507463643507818,40
two_concepts,TwoLayerCNN,2000,template_release,0.98828125,0.03532494977116585,0.9659337470442796,1.0,0.758270263671875,0.3522808414649091,0.17071568996395603,0.13620995459705962,0.05078125,0.0341796875,0.9921875,0.99609375,0.0024117999710142612,0.98828125,0.9921875,True,0.3557136654853821,0.6999247074127197,0.03450573536689641,80
two_concepts,TwoLayerCNN,2000,template_release,0.9921875,0.02196596749126911,0.9300922911995149,1.0,0.760772705078125,0.35392382761740593,0.12379802875277557,0.09961469124544758,0.037109375,0.03173828125,0.9921875,1.0,0.0013895418960601091,0.98828125,0.9921875,True,0.5583025217056274,0.6914122104644775,0.024183337507327984,120
two_concepts,TwoLayerCNN,2000,template_release,0.9921875,0.021079599857330322,0.9157743312024289,1.0,0.76031494140625,0.35474985914070634,0.10755680900430764,0.08840732502757372,0.03515625,0.03076171875,0.9921875,1.0,0.0009580093319527805,0.9921875,0.9921875,True,0.640912652015686,0.6371994018554688,0.019149483976733925,160
two_concepts,TwoLayerCNN,2000,template_release,0.9921875,0.0201617069542408,0.9065638755096554,1.0,0.759490966796875,0.35465976322586784,0.09721501587793924,0.08084513119170819,0.033203125,0.030029296875,0.9921875,1.0,0.0008472878253087401,0.9921875,0.9921875,True,0.6941887140274048,0.7150564193725586,0.016369884686231045,200
two_concepts,TwoLayerCNN,2000,template_retention_1,0.26953125,1.3468910455703735,0.9980580030508777,1.0,0.77301025390625,0.384965380592845,0.40351512268922296,0.3153102000800298,0.251953125,0.259521484375,0.2578125,0.96875,8.29766649985686e-05,0.95703125,0.9765625,True,0.06771954894065857,1.0238327980041504,0.08820492260919316,1
two_concepts,TwoLayerCNN,2000,template_retention_1,0.87109375,1.0838546752929688,0.9889163298254748,1.0,0.7765045166015625,0.3737407905523402,0.39280651281231094,0.36275356151826477,0.171875,0.17041015625,0.859375,0.93359375,0.0006376314559020102,0.9921875,0.98828125,True,0.17294037342071533,0.8867807388305664,0.03005295129404617,5
two_concepts,TwoLayerCNN,2000,template_retention_1,0.859375,0.6499810218811035,0.9794262322987097,1.0,0.7740478515625,0.3673393946086443,0.3668259850969898,0.3110042931495606,0.166015625,0.164794921875,0.85546875,0.94921875,0.004356842953711748,0.984375,0.984375,True,0.2893257439136505,0.8251309394836426,0.05582169194742925,10
two_concepts,TwoLayerCNN,2000,template_retention_1,0.9609375,0.2805124521255493,0.9806034621334432,1.0,0.776458740234375,0.3592790166939601,0.31152939580593253,0.2642699157247171,0.111328125,0.105712890625,0.95703125,0.96484375,0.00845376681536436,0.98828125,0.9921875,True,0.2779049277305603,0.7696003913879395,0.047259480081215444,20
two_concepts,TwoLayerCNN,2000,template_retention_1,0.984375,0.11759577691555023,0.9888012581301442,1.0,0.772674560546875,0.366842235236184,0.37046655226294967,0.20486581683082924,0.109375,0.054931640625,0.984375,1.0,0.006220553070306778,0.98828125,0.9921875,True,0.19529090821743011,0.794853925704956,0.16560073543212042,40
two_concepts,TwoLayerCNN,2000,template_retention_1,0.98828125,0.06887312978506088,0.9953712959188148,1.0,0.7770843505859375,0.3738189085592049,0.30005602281701527,0.17472806635938062,0.10546875,0.0625,0.9921875,0.99609375,0.006562781520187855,0.98828125,0.9921875,True,0.1280892789363861,0.6669859886169434,0.12532795645763464,80
two_concepts,TwoLayerCNN,2000,template_retention_1,0.98828125,0.04205864667892456,0.9977090985553804,1.0,0.7785491943359375,0.3749771698368605,0.2463765905715819,0.1488949811838059,0.080078125,0.044677734375,0.98828125,0.9921875,0.006611908320337534,0.98828125,0.99609375,True,0.09275579452514648,0.6740429401397705,0.097481609387776,120
two_concepts,TwoLayerCNN,2000,template_retention_1,0.98828125,0.03633818402886391,0.9985163746828447,1.0,0.7791900634765625,0.3837168886666137,0.2307953450739748,0.141236536971807,0.078125,0.0517578125,0.9921875,0.99609375,0.006712988950312138,0.98828125,0.99609375,True,0.07663169503211975,0.6846106052398682,0.08955880810216782,160
two_concepts,TwoLayerCNN,2000,template_retention_1,0.98828125,0.02918451465666294,0.9991495394824381,1.0,0.77899169921875,0.38284708119832317,0.20283618410509874,0.12575211713349072,0.068359375,0.041748046875,0.98828125,0.9921875,0.008163701742887497,0.9921875,0.99609375,True,0.06019394099712372,0.6342818737030029,0.07708406697160802,200
two_concepts,TwoLayerCNN,2001,random,0.43359375,1.3640820980072021,0.16830505577700744,0.15442299075062285,0.80352783203125,0.1800317360557841,0.4166984281529674,0.36493683003548005,0.263671875,0.269775390625,0.44921875,0.875,3.01784402836347e-05,0.9375,0.94140625,True,0.07017175108194351,0.8808715343475342,0.05176159811748737,1
two_concepts,TwoLayerCNN,2001,random,0.74609375,1.1489639282226562,0.21877815478868384,0.15442299075062285,0.7822265625,0.19999353742817821,0.6162622320289247,0.3981615056839427,0.40234375,0.23291015625,0.73828125,0.890625,0.0005417426582425833,0.984375,0.98046875,True,0.2592002749443054,0.6631252765655518,0.218100726344982,5
two_concepts,TwoLayerCNN,2001,random,0.91796875,0.5178608894348145,0.2437058684835119,0.15442299075062285,0.84576416015625,0.20289719499461698,0.6302406799910563,0.3369214608947457,0.41796875,0.143798828125,0.92578125,0.94921875,0.0048287976533174515,0.9921875,0.99609375,True,0.5842709541320801,0.6474952697753906,0.2933192190963106,10
two_concepts,TwoLayerCNN,2001,random,0.98828125,0.07248499244451523,0.24853176263066026,0.15442299075062285,0.813751220703125,0.21528497702606,0.4875636695580552,0.176129509533286,0.291015625,0.040283203125,0.99609375,0.9921875,0.0039605386555194855,0.99609375,0.9921875,True,1.0351908206939697,0.6720128059387207,0.3114341600247692,20
two_concepts,TwoLayerCNN,2001,random,0.9921875,0.018990961834788322,0.2529019422091572,0.15442299075062285,0.79083251953125,0.2204811015940098,0.24702412880658264,0.10936628007596998,0.0625,0.021728515625,1.0,0.9921875,0.0015322003746405244,1.0,0.99609375,True,1.2679524421691895,0.6433682441711426,0.13765784873061265,40
two_concepts,TwoLayerCNN,2001,random,1.0,0.006743290461599827,0.25296979236439393,0.15442299075062285,0.7776336669921875,0.2230695948835538,0.19802340928894469,0.07508214580461339,0.05078125,0.015380859375,1.0,1.0,0.000687970023136586,1.0,1.0,True,1.4231398105621338,0.6899330615997314,0.12294126348433129,80
two_concepts,TwoLayerCNN,2001,random,1.0,0.004096729215234518,0.25263949316409995,0.15442299075062285,0.77166748046875,0.2238630319991057,0.17712427765511962,0.06214561187306922,0.05078125,0.0146484375,1.0,1.0,0.00041344831697642803,1.0,1.0,True,1.4988923072814941,0.6531422138214111,0.1149786657820504,120
two_concepts,TwoLayerCNN,2001,random,1.0,0.0031807648483663797,0.25262685539053703,0.15442299075062285,0.769073486328125,0.2242547338185364,0.16299070219375145,0.05437432810981786,0.046875,0.0146484375,1.0,1.0,0.0003346544981468469,1.0,1.0,True,1.5487613677978516,0.65736985206604,0.10861637408393358,160
two_concepts,TwoLayerCNN,2001,random,1.0,0.00237466162070632,0.25262839642056456,0.15442299075062285,0.76708984375,0.22434059674947396,0.20555582381664617,0.05037985520499329,0.080078125,0.013671875,1.0,1.0,0.00019827148935291916,1.0,1.0,True,1.585813283920288,0.6444401741027832,0.1551759686116529,200
two_concepts,TwoLayerCNN,2001,random_unitnorm,0.5546875,1.3481223583221436,0.15939478475139782,0.15442299112443636,0.8105621337890625,0.15696407522110936,0.5196721462609144,0.3915432238507125,0.302734375,0.27294921875,0.5390625,0.8359375,8.641225576866418e-05,0.87890625,0.88671875,True,0.07330723106861115,0.662226676940918,0.1281289224102019,1
two_concepts,TwoLayerCNN,2001,random_unitnorm,0.78125,1.0571528673171997,0.17818786297746594,0.15442299112443636,0.7472686767578125,0.1724392320304414,0.4979987550890429,0.41025180833426,0.255859375,0.2119140625,0.77734375,0.90234375,0.0012825153535231948,0.98828125,0.96484375,True,0.2714505195617676,0.7105813026428223,0.0877469467547829,5
two_concepts,TwoLayerCNN,2001,random_unitnorm,0.93359375,0.49234768748283386,0.20429605040557355,0.15442299112443636,0.795166015625,0.17876225412020225,0.3852123307958225,0.344245988270349,0.1796875,0.130126953125,0.95703125,0.96484375,0.005532176233828068,0.9921875,0.9765625,True,0.5786852836608887,0.6476736068725586,0.04096634252547349,10
two_concepts,TwoLayerCNN,2001,random_unitnorm,0.9921875,0.07826976478099823,0.23214937321726936,0.15442299112443636,0.8076171875,0.18560312007976845,0.27730801488975065,0.19575229150523735,0.072265625,0.04052734375,0.99609375,0.99609375,0.005545605905354023,1.0,0.99609375,True,1.0109689235687256,0.681542158126831,0.0815557233845133,20
two_concepts,TwoLayerCNN,2001,random_unitnorm,1.0,0.01732948236167431,0.23803920343075802,0.15442299112443636,0.7856903076171875,0.20380678899635707,0.15733755297453167,0.1227439124858181,0.037109375,0.02294921875,1.0,1.0,0.001886883401311934,1.0,1.0,True,1.2591056823730469,0.65169358253479,0.034593640488713565,40
two_concepts,TwoLayerCNN,2001,random_unitnorm,1.0,0.007561952341347933,0.23976075477892037,0.15442299112443636,0.7746124267578125,0.2127339219862209,0.11064472710796025,0.0771052801806606,0.029296875,0.014892578125,1.0,1.0,0.0014307977398857474,1.0,1.0,True,1.4257493019104004,0.6371238231658936,0.033539446927299654,80
two_concepts,TwoLayerCNN,2001,random_unitnorm,1.0,0.005014800000935793,0.2407288759272577,0.15442299112443636,0.769134521484375,0.2160872601382896,0.09513299696193722,0.06307325092879998,0.025390625,0.0126953125,1.0,1.0,0.0010185807477682829,1.0,1.0,True,1.5070526599884033,0.6886255741119385,0.03205974603313724,120
two_concepts,TwoLayerCNN,2001,random_unitnorm,1.0,0.003928560297936201,0.24126692154741955,0.15442299112443636,0.7646331787109375,0.21795219022075124,0.08554128004723471,0.05465573362617443,0.0234375,0.012451171875,1.0,1.0,0.0008276300504803658,1.0,1.0,True,1.5606633424758911,0.6385645866394043,0.030885546421060284,160
two_concepts,TwoLayerCNN,2001,random_unitnorm,1.0,0.003054678440093994,0.2415181863057085,0.15442299112443636,0.761962890625,0.21890159278786625,0.0799953307675384,0.05026948115887803,0.021484375,0.011962890625,1.0,1.0,0.0005835723131895065,1.0,1.0,True,1.6006245613098145,0.6410889625549316,0.02972584960866037,200
two_concepts,TwoLayerCNN,2001,template_init,0.3359375,1.3642985820770264,0.9981707929294665,1.0,0.779541015625,0.373954914291057,0.0886105985260578,0.2880816430237901,0.248046875,0.25732421875,0.328125,0.91015625,7.648609607713297e-05,0.94140625,0.94140625,True,0.06663615256547928,0.9226667881011963,-0.19947104449773229,1
two_concepts,TwoLayerCNN,2001,template_init,0.8515625,1.175470232963562,0.9734799081547643,1.0,0.7588043212890625,0.3722646616648907,0.3386636547378433,0.4161752202898382,0.234375,0.250732421875,0.8359375,0.88671875,0.00044033234007656574,0.97265625,0.96875,True,0.24954412877559662,0.7033965587615967,-0.0775115655519949,5
two_concepts,TwoLayerCNN,2001,template_init,0.9609375,0.6366854906082153,0.914637888994352,1.0,0.7481536865234375,0.3427366661740643,0.4614809552086868,0.38209004459214235,0.28515625,0.18212890625,0.953125,0.953125,0.003322785487398505,0.984375,0.9765625,True,0.5408422946929932,0.6662938594818115,0.07939091061654446,10
two_concepts,TwoLayerCNN,2001,template_init,0.98828125,0.10873933136463165,0.8249438794307499,1.0,0.840911865234375,0.3232121186809536,0.47994268628068826,0.26692601993555287,0.3125,0.10498046875,0.984375,0.98828125,0.005092746112495661,0.98828125,0.99609375,True,1.013927936553955,0.6517596244812012,0.21301666634513539,20
two_concepts,TwoLayerCNN,2001,template_init,0.9921875,0.04745471477508545,0.7790357610445978,1.0,0.8230743408203125,0.31714465665066865,0.3468992397980827,0.174482786553132,0.177734375,0.050537109375,0.98828125,0.99609375,0.0036150238011032343,0.9921875,1.0,True,1.2946935892105103,0.6558859348297119,0.17241645324495067,40
two_concepts,TwoLayerCNN,2001,template_init,0.9921875,0.04830479994416237,0.7487891128662743,1.0,0.81072998046875,0.3125857594382698,0.26296360532606655,0.12432438320791532,0.134765625,0.04248046875,0.98828125,0.99609375,0.00451083667576313,0.9921875,1.0,True,1.5059776306152344,0.6911191940307617,0.13863922211815122,80
two_concepts,TwoLayerCNN,2001,template_init,0.9921875,0.05231725051999092,0.7354831624628563,1.0,0.8078460693359375,0.3093619226890022,0.25563381207565816,0.12392459891690587,0.16796875,0.056640625,0.98828125,0.99609375,0.003836306044831872,0.9921875,1.0,True,1.6172524690628052,0.6433529853820801,0.13170921315875228,120
two_concepts,TwoLayerCNN,2001,template_init,0.9921875,0.05704201012849808,0.7280912550797403,1.0,0.80523681640625,0.3078652356858316,0.2373248552216629,0.11142290676233413,0.15234375,0.0517578125,0.98828125,0.99609375,0.0033380137756466866,0.9921875,1.0,True,1.686387300491333,0.6995439529418945,0.12590194845932878,160
two_concepts,TwoLayerCNN,2001,template_init,0.9921875,0.06102311611175537,0.7231505351042835,1.0,0.8004302978515625,0.30655449207727764,0.23069266266458277,0.10743933573358669,0.1484375,0.05126953125,0.98828125,0.99609375,0.0027682583313435316,0.9921875,1.0,True,1.7357914447784424,0.658715009689331,0.12325332693099608,200
two_concepts,TwoLayerCNN,2001,template_release,0.31640625,1.363858699798584,0.9986004864778889,1.0,0.781097412109375,0.37494519958431705,0.09108899404463833,0.28427191547199937,0.248046875,0.257568359375,0.3203125,0.91796875,7.556085620308295e-05,0.9453125,0.9296875,True,0.05819632485508919,0.8231246471405029,-0.19318292142736104,1
two_concepts,TwoLayerCNN,2001,template_release,0.89453125,1.189736008644104,0.991205295864944,1.0,0.775787353515625,0.3738627261477708,0.3452703247548031,0.4131350386766456,0.2109375,0.23779296875,0.85546875,0.875,0.0003910078085027635,0.9765625,0.96875,True,0.14547941088676453,0.6211559772491455,-0.06786471392184246,5
two_concepts,TwoLayerCNN,2001,template_release,0.96484375,0.7601155638694763,0.9791682620134659,1.0,0.7498779296875,0.3716989464845041,0.34868077849079515,0.3949653591700194,0.142578125,0.178466796875,0.9609375,0.96484375,0.0025637128856033087,0.98046875,0.98046875,True,0.2662605047225952,0.6447656154632568,-0.04628458067922425,10
two_concepts,TwoLayerCNN,2001,template_release,0.984375,0.24727559089660645,0.9734082607707335,1.0,0.7588043212890625,0.38016249045212325,0.31870836569591643,0.3429285935606957,0.12109375,0.152099609375,0.984375,0.9921875,0.005240338388830423,0.9921875,0.9921875,True,0.31509843468666077,0.67854905128479,-0.024220227864779287,20
two_concepts,TwoLayerCNN,2001,template_release,0.9921875,0.09155455976724625,0.9787841634002147,1.0,0.7573089599609375,0.3807947928860256,0.22092292045972828,0.2691853832464439,0.04296875,0.1005859375,0.98046875,0.98828125,0.004563034977763891,0.98828125,1.0,True,0.2662273049354553,0.6540412902832031,-0.04826246278671564,40
two_concepts,TwoLayerCNN,2001,template_release,0.9921875,0.04194997623562813,0.9639009046968233,1.0,0.750732421875,0.37218209801400537,0.19404405131527958,0.19180747984367572,0.052734375,0.07666015625,0.98828125,0.99609375,0.0029654107056558132,0.9921875,1.0,True,0.35982775688171387,0.6412539482116699,0.00223657147160386,80
two_concepts,TwoLayerCNN,2001,template_release,0.9921875,0.037891123443841934,0.9190150944860008,1.0,0.724456787109375,0.3518291649187416,0.1502136745099173,0.15871244807568516,0.0546875,0.084716796875,0.98828125,0.99609375,0.002672524657100439,0.9921875,1.0,True,0.6097766757011414,0.6735062599182129,-0.008498773565767864,120
two_concepts,TwoLayerCNN,2001,template_release,0.9921875,0.038865286856889725,0.8997918723215892,1.0,0.72216796875,0.3421376697537431,0.1283368159940781,0.1418453338082453,0.052734375,0.07861328125,0.98828125,0.99609375,0.002435682574287057,0.9921875,1.0,True,0.7220516204833984,0.6659731864929199,-0.013508517814167204,160
two_concepts,TwoLayerCNN,2001,template_release,0.9921875,0.04128197208046913,0.8886314875044218,1.0,0.7177734375,0.33827382872137185,0.11753462784145341,0.13603802193880626,0.052734375,0.077392578125,0.98828125,0.99609375,0.0019596759229898453,0.9921875,1.0,True,0.7914062738418579,0.7454912662506104,-0.018503394097352854,200
two_concepts,TwoLayerCNN,2001,template_retention_1,0.31640625,1.363858699798584,0.9986004864778889,1.0,0.781097412109375,0.37494519958431705,0.09108899404463833,0.28427191547199937,0.248046875,0.257568359375,0.3203125,0.91796875,7.556085620308295e-05,0.9453125,0.9296875,True,0.05819632485508919,0.8288030624389648,-0.19318292142736104,1
two_concepts,TwoLayerCNN,2001,template_retention_1,0.89453125,1.189736008644104,0.991205295864944,1.0,0.775787353515625,0.3738627261477708,0.3452703247548031,0.4131350386766456,0.2109375,0.23779296875,0.85546875,0.875,0.0003910078085027635,0.9765625,0.96875,True,0.14547941088676453,0.6584079265594482,-0.06786471392184246,5
two_concepts,TwoLayerCNN,2001,template_retention_1,0.96484375,0.7601155638694763,0.9791682620134659,1.0,0.7498779296875,0.3716989464845041,0.34868077849079515,0.3949653591700194,0.142578125,0.178466796875,0.9609375,0.96484375,0.0025637128856033087,0.98046875,0.98046875,True,0.2662605047225952,0.6966865062713623,-0.04628458067922425,10
two_concepts,TwoLayerCNN,2001,template_retention_1,0.984375,0.25796231627464294,0.9764244422453173,1.0,0.7625274658203125,0.38103570024392197,0.3223155800810673,0.3468285060291883,0.123046875,0.1552734375,0.984375,0.9921875,0.005239500198513269,0.98828125,0.9921875,True,0.29360100626945496,0.6651592254638672,-0.02451292594812099,20
two_concepts,TwoLayerCNN,2001,template_retention_1,0.9921875,0.10261435806751251,0.9864195666321438,1.0,0.7640533447265625,0.38319693247458975,0.2397143892675111,0.2859735105554632,0.044921875,0.109375,0.98828125,0.99609375,0.004428736865520477,0.9921875,1.0,True,0.20573246479034424,0.6525328159332275,-0.04625912128795212,40
two_concepts,TwoLayerCNN,2001,template_retention_1,0.9921875,0.06621668487787247,0.993727908105315,1.0,0.7746429443359375,0.3860872134483563,0.1923101410772574,0.23941598282752785,0.02734375,0.097412109375,0.98828125,0.99609375,0.0038998329546302557,0.9921875,0.99609375,True,0.12833984196186066,0.6627354621887207,-0.04710584175027044,80
two_concepts,TwoLayerCNN,2001,template_retention_1,0.9921875,0.062016237527132034,0.9962763006761537,1.0,0.77850341796875,0.3791014506465594,0.21246744879670498,0.23115782394674478,0.048828125,0.112060546875,0.9921875,1.0,0.0028867945075035095,0.9921875,0.99609375,True,0.09661546349525452,0.6779794692993164,-0.018690375150039795,120
two_concepts,TwoLayerCNN,2001,template_retention_1,0.9921875,0.05852081999182701,0.9979074351212535,1.0,0.782501220703125,0.3733908644431938,0.21955260398723753,0.2273590163281914,0.06640625,0.122802734375,0.98828125,0.99609375,0.002829361241310835,0.9921875,0.99609375,True,0.07146888971328735,0.7949986457824707,-0.007806412340953861,160
two_concepts,TwoLayerCNN,2001,template_retention_1,0.9921875,0.0578891858458519,0.9986489030738748,1.0,0.7821044921875,0.37270104009872923,0.1904839319575905,0.20303552385896445,0.048828125,0.10986328125,0.98828125,0.99609375,0.0032406917307525873,0.9921875,0.99609375,True,0.057058826088905334,0.6382856369018555,-0.012551591901373949,200
two_concepts,TwoLayerCNN,2002,random,0.25,1.3618009090423584,0.17566679687352363,0.17244776952784444,0.7360992431640625,0.19331429520537993,0.4734993893227464,0.30482799605123195,0.25,0.25,0.25,1.0,4.187992453807965e-05,0.8828125,0.921875,True,0.07082933187484741,0.7535569667816162,0.16867139327151442,1
two_concepts,TwoLayerCNN,2002,random,0.69921875,1.1187679767608643,0.21385684021719262,0.17244776952784444,0.7580413818359375,0.20457085697352884,0.46606740588241913,0.38215627587037615,0.298828125,0.26220703125,0.72265625,0.87890625,0.0008036023937165737,0.9609375,0.99609375,True,0.27850252389907837,0.7325353622436523,0.08391113001204298,5
two_concepts,TwoLayerCNN,2002,random,0.9375,0.5027036070823669,0.23687138232974664,0.17244776952784444,0.7443695068359375,0.21784460652210852,0.4635806692789499,0.3237133654937633,0.1875,0.1142578125,0.92578125,0.96484375,0.006911464035511017,0.984375,1.0,True,0.6132195591926575,0.6834492683410645,0.13986730378518664,10
two_concepts,TwoLayerCNN,2002,random,0.984375,0.10336591303348541,0.24511706495319902,0.17244776952784444,0.75970458984375,0.22970701191024923,0.2754260295031564,0.19812769587469375,0.076171875,0.05908203125,0.9765625,0.9765625,0.008964643813669682,0.984375,1.0,True,1.0299137830734253,0.6529943943023682,0.07729833362846267,20
two_concepts,TwoLayerCNN,2002,random,0.98828125,0.043576549738645554,0.2483365698721473,0.17244776952784444,0.7574615478515625,0.23524167116153172,0.18835934138047838,0.136851093541691,0.05859375,0.0458984375,0.98828125,0.9921875,0.008583132177591324,0.9921875,0.99609375,True,1.2435564994812012,0.6707582473754883,0.05150824783878738,40
two_concepts,TwoLayerCNN,2002,random,0.98828125,0.032207123935222626,0.2508417289445982,0.17244776952784444,0.752197265625,0.236921483882586,0.1537135610179906,0.10832918152030149,0.0625,0.0439453125,0.984375,0.99609375,0.008660141378641129,0.9921875,0.99609375,True,1.381563425064087,0.6414222717285156,0.045384379497689115,80
two_concepts,TwoLayerCNN,2002,random,0.98828125,0.029343102127313614,0.25179441509635536,0.17244776952784444,0.7501068115234375,0.23760213965749086,0.14045946128075193,0.09752284848930728,0.064453125,0.043212890625,0.98046875,0.9921875,0.008807315491139889,0.9921875,0.99609375,True,1.4517955780029297,0.6082708835601807,0.042936612791444645,120
two_concepts,TwoLayerCNN,2002,random,0.98828125,0.027581967413425446,0.25232387471263806,0.17244776952784444,0.7485809326171875,0.23810168198969814,0.13116501557259297,0.0907770221076292,0.0625,0.043212890625,0.98046875,0.9921875,0.009090515784919262,0.9921875,0.99609375,True,1.4987518787384033,0.6491620540618896,0.04038799346496377,160
two_concepts,TwoLayerCNN,2002,random,0.98828125,0.026632949709892273,0.25267395492961964,0.17244776952784444,0.746551513671875,0.23817471035863336,0.12593819754121782,0.0868397770838714,0.0625,0.042236328125,0.98046875,0.9921875,0.009222093038260937,0.9921875,0.99609375,True,1.5340150594711304,0.6229887008666992,0.03909842045734642,200
two_concepts,TwoLayerCNN,2002,random_unitnorm,0.2578125,1.3548433780670166,0.16755357021700173,0.17244776929794128,0.75848388671875,0.156958497096854,0.4432531534699816,0.31260128543478494,0.25,0.2490234375,0.25390625,0.98828125,7.942859519971535e-05,0.859375,0.87890625,True,0.07291033864021301,0.7318625450134277,0.13065186803519668,1
two_concepts,TwoLayerCNN,2002,random_unitnorm,0.78515625,1.075657606124878,0.18236036221611684,0.17244776929794128,0.7425537109375,0.19008297934623586,0.4442793266740448,0.38451891544804684,0.220703125,0.204345703125,0.80859375,0.921875,0.0009063455509021878,0.95703125,0.97265625,True,0.2803613543510437,0.7439420223236084,0.059760411225997956,5
two_concepts,TwoLayerCNN,2002,random_unitnorm,0.92578125,0.45001792907714844,0.20942306053029802,0.17244776929794128,0.7919921875,0.21973190688734742,0.35777872342383166,0.307001438787692,0.142578125,0.11279296875,0.9140625,0.96484375,0.007131561636924744,0.96875,0.99609375,True,0.6084274053573608,0.6620519161224365,0.050777284636139675,10
two_concepts,TwoLayerCNN,2002,random_unitnorm,0.96875,0.1058066263794899,0.22668701404795513,0.17244776929794128,0.767425537109375,0.23168698349591413,0.240571932607202,0.18210255756478086,0.08984375,0.066650390625,0.98046875,0.98046875,0.010917970910668373,0.98046875,1.0,True,1.0065505504608154,0.6711676120758057,0.05846937504242114,20
two_concepts,TwoLayerCNN,2002,random_unitnorm,0.9765625,0.060232974588871,0.22851316246044043,0.17244776929794128,0.75677490234375,0.23243515260592915,0.10737027200375027,0.11736887269038444,0.04296875,0.047119140625,0.9765625,0.984375,0.012534401379525661,0.9765625,1.0,True,1.2114245891571045,0.6646091938018799,-0.009998600686634176,40
two_concepts,TwoLayerCNN,2002,random_unitnorm,0.97265625,0.051602479070425034,0.23000810314239797,0.17244776929794128,0.753387451171875,0.23259156184849117,0.07866030080938757,0.09331603365460531,0.041015625,0.047119140625,0.9765625,0.98046875,0.014032242819666862,0.98046875,1.0,True,1.3523321151733398,0.6410627365112305,-0.014655732845217734,80
two_concepts,TwoLayerCNN,2002,random_unitnorm,0.97265625,0.04879332333803177,0.2304592840504624,0.17244776929794128,0.7483062744140625,0.23278820679410267,0.06971068667337299,0.0850587319121817,0.041015625,0.047119140625,0.9765625,0.98046875,0.015357347205281258,0.9765625,1.0,True,1.4249927997589111,0.6381943225860596,-0.015348045238808714,120
two_concepts,TwoLayerCNN,2002,random_unitnorm,0.97265625,0.047801170498132706,0.23073421262796798,0.17244776929794128,0.7527923583984375,0.23259478329232108,0.06290575272391286,0.07827634784837725,0.04296875,0.0458984375,0.9765625,0.98046875,0.016309207305312157,0.98046875,1.0,True,1.4736785888671875,0.6518239974975586,-0.015370595124464398,160
two_concepts,TwoLayerCNN,2002,random_unitnorm,0.97265625,0.04767733812332153,0.2309203585001895,0.17244776929794128,0.7563323974609375,0.232770929580491,0.059359234643751924,0.07492019377010381,0.04296875,0.045166015625,0.9765625,0.98046875,0.016910303384065628,0.98046875,1.0,True,1.5102375745773315,0.7179763317108154,-0.015560959126351886,200
two_concepts,TwoLayerCNN,2002,template_init,0.25,1.346071481704712,0.9976150880501459,1.0,0.77862548828125,0.40111216366011093,0.03810134666102272,0.2038767752231624,0.25,0.250732421875,0.25,1.0,0.00012273635366000235,0.921875,0.97265625,True,0.07710416615009308,0.7308008670806885,-0.16577542856213967,1
two_concepts,TwoLayerCNN,2002,template_init,0.796875,1.0832667350769043,0.9659065640371018,1.0,0.76934814453125,0.3807417724702514,0.42528557735463,0.42379670654048796,0.154296875,0.17236328125,0.76953125,0.93359375,0.0008807029807940125,0.98046875,0.99609375,True,0.28777796030044556,0.7416541576385498,0.0014888708141420626,5
two_concepts,TwoLayerCNN,2002,template_init,0.90234375,0.5345138907432556,0.9018799728656942,1.0,0.745574951171875,0.348059013633525,0.37002848784149156,0.3684367464521183,0.099609375,0.134765625,0.87890625,0.9296875,0.005774492397904396,0.9765625,0.99609375,True,0.5964948534965515,0.7078235149383545,0.0015917413893732357,10
two_concepts,TwoLayerCNN,2002,template_init,0.98046875,0.11765589565038681,0.8304786455227515,1.0,0.73748779296875,0.32973537710961254,0.1489701324013285,0.21386770477505357,0.05078125,0.06396484375,0.98046875,0.98046875,0.010938746854662895,0.984375,0.9921875,True,1.009772539138794,0.6540622711181641,-0.06489757237372507,20
two_concepts,TwoLayerCNN,2002,template_init,0.984375,0.06249278783798218,0.7969768089517854,1.0,0.746246337890625,0.3212085475783196,0.0677744535196525,0.13300543196581413,0.03515625,0.0517578125,0.98046875,0.98046875,0.011748665943741798,0.98828125,0.99609375,True,1.2349631786346436,0.6394522190093994,-0.06523097844616163,40
two_concepts,TwoLayerCNN,2002,template_init,0.984375,0.0512138195335865,0.7798608720192585,1.0,0.760345458984375,0.3192539535090382,0.051110323195473706,0.09916787832417724,0.03125,0.04638671875,0.984375,0.984375,0.012604818679392338,0.98828125,0.99609375,True,1.3732097148895264,0.6477599143981934,-0.048057555128703536,80
two_concepts,TwoLayerCNN,2002,template_init,0.98828125,0.0477849505841732,0.7721216074623398,1.0,0.761474609375,0.31827983586841324,0.051840775321123744,0.08709423115240003,0.03515625,0.042724609375,0.984375,0.98828125,0.012135302647948265,0.98828125,0.99609375,True,1.4425586462020874,0.6404755115509033,-0.03525345583127629,120
two_concepts,TwoLayerCNN,2002,template_init,0.98828125,0.04620478302240372,0.7671635160910715,1.0,0.761962890625,0.317578743540732,0.04893218649879616,0.07967658518560854,0.03515625,0.041015625,0.984375,0.98828125,0.011822544038295746,0.98828125,0.99609375,True,1.4888579845428467,0.62371826171875,-0.030744398686812377,160
two_concepts,TwoLayerCNN,2002,template_init,0.98828125,0.04625755175948143,0.7636250957547533,1.0,0.762054443359375,0.3171659963420106,0.04714817919170455,0.07506453550923083,0.03515625,0.04052734375,0.984375,0.98828125,0.011678674258291721,0.98828125,0.99609375,True,1.5233889818191528,0.6244401931762695,-0.027916356317526272,200
two_concepts,TwoLayerCNN,2002,template_release,0.25,1.3456850051879883,0.9980576829082738,1.0,0.77838134765625,0.40136126606839684,0.03906599504879704,0.20437795961962063,0.25,0.2509765625,0.25,1.0,0.00012092417455278337,0.91796875,0.97265625,True,0.06981289386749268,0.6489732265472412,-0.1653119645708236,1
two_concepts,TwoLayerCNN,2002,template_release,0.76953125,1.1082302331924438,0.9868593862972355,1.0,0.76141357421875,0.3962030278641472,0.38452687501280536,0.43645865619050983,0.15625,0.1826171875,0.7890625,0.91796875,0.000799760571680963,0.97265625,0.99609375,True,0.1778152585029602,0.7093582153320312,-0.05193178117770447,5
two_concepts,TwoLayerCNN,2002,template_release,0.87890625,0.6565437912940979,0.9739122011911758,1.0,0.7505035400390625,0.3845505093414755,0.3881222459443475,0.41202106368802427,0.08203125,0.156005859375,0.875,0.9140625,0.0041563855484128,0.9765625,0.99609375,True,0.29734688997268677,0.6770367622375488,-0.023898817743676748,10
two_concepts,TwoLayerCNN,2002,template_release,0.96875,0.23114697635173798,0.9760822979210415,1.0,0.751129150390625,0.3821690481526021,0.33766970528410334,0.30955169081241457,0.0625,0.094482421875,0.96484375,0.97265625,0.009194118902087212,0.98046875,0.99609375,True,0.2896725535392761,0.6145288944244385,0.028118014471688768,20
two_concepts,TwoLayerCNN,2002,template_release,0.9765625,0.11024711281061172,0.9853005582272032,1.0,0.7529144287109375,0.38669300805306284,0.3032531894899094,0.23559943198372651,0.076171875,0.073486328125,0.9765625,0.984375,0.008446438238024712,0.98046875,0.99609375,True,0.2160750776529312,0.6685354709625244,0.06765375750618291,40
two_concepts,TwoLayerCNN,2002,template_release,0.984375,0.0600011982023716,0.9753078926143993,1.0,0.75518798828125,0.37991016323823523,0.17429183532663006,0.15269826160384756,0.05859375,0.0576171875,0.98046875,0.99609375,0.005531389266252518,0.984375,0.99609375,True,0.29129159450531006,0.6129837036132812,0.021593573722782505,80
two_concepts,TwoLayerCNN,2002,template_release,0.984375,0.04892631992697716,0.9427557280031014,1.0,0.760589599609375,0.35922268870757246,0.15458270898641568,0.1080931810631859,0.06640625,0.048583984375,0.98046875,0.9921875,0.004542060196399689,0.984375,0.9921875,True,0.4949580430984497,0.6448359489440918,0.04648952792322979,120
two_concepts,TwoLayerCNN,2002,template_release,0.984375,0.04828432947397232,0.9305369954537519,1.0,0.7631683349609375,0.35374757909440324,0.08555143865244563,0.09429626146463484,0.0390625,0.045166015625,0.98046875,0.9921875,0.004167736042290926,0.984375,0.9921875,True,0.5735486745834351,0.6197271347045898,-0.008744822812189204,160
two_concepts,TwoLayerCNN,2002,template_release,0.984375,0.04914781451225281,0.9228726137815042,1.0,0.7660064697265625,0.3508560352927237,0.07907339025183491,0.08690366761608088,0.037109375,0.043212890625,0.98046875,0.9921875,0.003968025557696819,0.984375,0.9921875,True,0.6247748136520386,0.5949265956878662,-0.007830277364245977,200
two_concepts,TwoLayerCNN,2002,template_retention_1,0.25,1.3456850051879883,0.9980576829082738,1.0,0.77838134765625,0.40136126606839684,0.03906599504879704,0.20437795961962063,0.25,0.2509765625,0.25,1.0,0.00012092417455278337,0.91796875,0.97265625,True,0.06981289386749268,0.6794562339782715,-0.1653119645708236,1
two_concepts,TwoLayerCNN,2002,template_retention_1,0.76953125,1.1082302331924438,0.9868593862972355,1.0,0.76141357421875,0.3962030278641472,0.38452687501280536,0.43645865619050983,0.15625,0.1826171875,0.7890625,0.91796875,0.000799760571680963,0.97265625,0.99609375,True,0.1778152585029602,0.738152265548706,-0.05193178117770447,5
two_concepts,TwoLayerCNN,2002,template_retention_1,0.87890625,0.6565437912940979,0.9739122011911758,1.0,0.7505035400390625,0.3845505093414755,0.3881222459443475,0.41202106368802427,0.08203125,0.156005859375,0.875,0.9140625,0.0041563855484128,0.9765625,0.99609375,True,0.29734688997268677,0.6642308235168457,-0.023898817743676748,10
two_concepts,TwoLayerCNN,2002,template_retention_1,0.96875,0.2404026836156845,0.978944968586785,1.0,0.751251220703125,0.3839629518902925,0.3540827721548472,0.3145796867370808,0.0703125,0.09423828125,0.96484375,0.97265625,0.009105485863983631,0.98046875,0.99609375,True,0.2684335708618164,0.6837565898895264,0.03950308541776637,20
two_concepts,TwoLayerCNN,2002,template_retention_1,0.9765625,0.12113948911428452,0.9913261115349854,1.0,0.7606201171875,0.39049321489575595,0.31172861315557543,0.24883856751100764,0.07421875,0.08251953125,0.9765625,0.984375,0.008653171360492706,0.98046875,0.99609375,True,0.16282938420772552,0.6482803821563721,0.0628900456445678,40
two_concepts,TwoLayerCNN,2002,template_retention_1,0.9765625,0.08014705777168274,0.997330638571612,1.0,0.7687835693359375,0.3935750598059468,0.2773767208404111,0.20695485317655013,0.087890625,0.079833984375,0.9765625,0.9921875,0.007873347029089928,0.984375,0.99609375,True,0.09031976759433746,0.606497049331665,0.07042186766386097,80
two_concepts,TwoLayerCNN,2002,template_retention_1,0.9765625,0.07097690552473068,0.9987918935645248,1.0,0.770416259765625,0.395808970861648,0.26014037246050337,0.1845458377126266,0.09375,0.076416015625,0.9765625,0.98828125,0.00789109617471695,0.984375,0.9921875,True,0.06057282164692879,0.6195921897888184,0.07559453474787678,120
two_concepts,TwoLayerCNN,2002,template_retention_1,0.98046875,0.06806344538927078,0.999348449221992,1.0,0.77227783203125,0.3966980908986545,0.24963229682439525,0.17396407120643728,0.09765625,0.078369140625,0.9765625,0.984375,0.00764252245426178,0.984375,0.99609375,True,0.04507587105035782,0.6078712940216064,0.07566822561795797,160
two_concepts,TwoLayerCNN,2002,template_retention_1,0.98046875,0.06380628049373627,0.9996356537797036,1.0,0.773101806640625,0.39704867133358923,0.24346698416317103,0.1653553718365351,0.09765625,0.073974609375,0.9765625,0.984375,0.007547776214778423,0.984375,0.99609375,True,0.03424442186951637,0.6613411903381348,0.07811161232663594,200
two_concepts,TwoLayerCNN,2003,random,0.26171875,1.3631806373596191,0.16928592696946293,0.17049900799045187,0.6426849365234375,0.16616480782074697,0.20612849438491443,0.35818657217895933,0.251953125,0.25,0.2578125,0.98046875,3.5860008210875094e-05,0.94921875,0.890625,True,0.07062181085348129,0.8270528316497803,-0.1520580777940449,1
two_concepts,TwoLayerCNN,2003,random,0.88671875,1.138628363609314,0.23809469846925854,0.17049900799045187,0.7437286376953125,0.21904629810583748,0.4470113046693034,0.42311500528866,0.15625,0.141357421875,0.88671875,0.9296875,0.0004869772237725556,0.9921875,0.99609375,True,0.2822856605052948,0.7269113063812256,0.023896299380643415,5
two_concepts,TwoLayerCNN,2003,random,0.93359375,0.5680888891220093,0.2788004204333122,0.17049900799045187,0.758880615234375,0.24014672090531472,0.402541240878584,0.3372281636227569,0.130859375,0.106689453125,0.9140625,0.96484375,0.004965386353433132,0.98828125,0.9765625,True,0.6234631538391113,0.690279483795166,0.06531307725582708,10
two_concepts,TwoLayerCNN,2003,random,1.0,0.11385791748762131,0.2880925395217957,0.17049900799045187,0.7685699462890625,0.23615214594300094,0.23978185478896508,0.2315624389343553,0.072265625,0.066162109375,0.9921875,0.9921875,0.009465067647397518,0.99609375,0.99609375,True,1.0660080909729004,0.647801399230957,0.00821941585460978,20
two_concepts,TwoLayerCNN,2003,random,1.0,0.01970469206571579,0.29320765439499696,0.17049900799045187,0.7660675048828125,0.24030529552737814,0.14227796856813535,0.13628097312342885,0.013671875,0.019775390625,0.9921875,0.9921875,0.007699418812990189,1.0,1.0,True,1.326439380645752,0.6287355422973633,0.005996995444706499,40
two_concepts,TwoLayerCNN,2003,random,1.0,0.0054349759593605995,0.29399034738040386,0.17049900799045187,0.75732421875,0.24035876682084362,0.09233130538773704,0.09388401113168902,0.005859375,0.015869140625,0.99609375,0.99609375,0.006708899047225714,1.0,1.0,True,1.494960069656372,0.6597332954406738,-0.0015527057439519848,80
two_concepts,TwoLayerCNN,2003,random,1.0,0.0028670395258814096,0.29415751936420653,0.17049900799045187,0.7547149658203125,0.24005890857286522,0.07337451809567241,0.0776213999866466,0.0078125,0.015869140625,0.99609375,0.99609375,0.006679287180304527,1.0,1.0,True,1.577531099319458,0.6578693389892578,-0.004246881890974191,120
two_concepts,TwoLayerCNN,2003,random,1.0,0.0018464316381141543,0.2942222705499418,0.17049900799045187,0.7536773681640625,0.23879120870165801,0.06272599988554506,0.06837827788409308,0.005859375,0.01513671875,0.99609375,0.99609375,0.006622722372412682,1.0,1.0,True,1.6323063373565674,0.6592981815338135,-0.005652277998548019,160
two_concepts,TwoLayerCNN,2003,random,1.0,0.0013451764825731516,0.2942392401484253,0.17049900799045187,0.7530670166015625,0.23854470579012432,0.05580763789852261,0.06226200418617123,0.005859375,0.014404296875,0.99609375,0.99609375,0.006694819778203964,1.0,1.0,True,1.673234224319458,0.6594898700714111,-0.006454366287648616,200
two_concepts,TwoLayerCNN,2003,random_unitnorm,0.2890625,1.3565534353256226,0.17506850732807228,0.17049900779747704,0.77386474609375,0.16936915192286223,0.2520362009959055,0.36611357936436806,0.234375,0.233642578125,0.2734375,0.9453125,7.493711018469185e-05,0.91796875,0.890625,True,0.06992053985595703,0.735436201095581,-0.11407737836846255,1
two_concepts,TwoLayerCNN,2003,random_unitnorm,0.8515625,1.1076529026031494,0.2045577793151805,0.17049900779747704,0.768280029296875,0.22388561881136382,0.4860397405115109,0.37671407609641194,0.240234375,0.163330078125,0.875,0.9296875,0.0006870547658763826,0.9921875,0.953125,True,0.27295637130737305,0.7783486843109131,0.10932566441509894,5
two_concepts,TwoLayerCNN,2003,random_unitnorm,0.9375,0.5425369739532471,0.2373562929791157,0.17049900779747704,0.792388916015625,0.23790305930029737,0.4873536467263575,0.29812651760379,0.248046875,0.098876953125,0.91796875,0.96484375,0.005486099980771542,0.9765625,0.9609375,True,0.5931845903396606,0.6830565929412842,0.1892271291225675,10
two_concepts,TwoLayerCNN,2003,random_unitnorm,1.0,0.09840037673711777,0.2575794820513141,0.17049900779747704,0.792144775390625,0.2365330376664057,0.36861191730428633,0.20490805377186622,0.189453125,0.05078125,0.98828125,0.98828125,0.005827344488352537,1.0,0.99609375,True,1.0145061016082764,0.644200325012207,0.1637038635324201,20
two_concepts,TwoLayerCNN,2003,random_unitnorm,1.0,0.01781078800559044,0.2592016521323873,0.17049900779747704,0.762969970703125,0.23117459763158504,0.28553625817175865,0.1066935208247749,0.166015625,0.012451171875,1.0,1.0,0.002372934017330408,1.0,1.0,True,1.2634472846984863,0.6264796257019043,0.17884273734698375,40
two_concepts,TwoLayerCNN,2003,random_unitnorm,1.0,0.005332192871719599,0.2588212228350884,0.17049900779747704,0.7624359130859375,0.2291504252977602,0.23772163391551993,0.06885650427787583,0.14453125,0.009033203125,1.0,1.0,0.0016067331889644265,1.0,1.0,True,1.4302066564559937,0.6308541297912598,0.1688651296376441,80
two_concepts,TwoLayerCNN,2003,random_unitnorm,1.0,0.0029004511889070272,0.2583361663724197,0.17049900779747704,0.761749267578125,0.23055654794675362,0.21984728419410038,0.055115079348382126,0.142578125,0.008056640625,1.0,1.0,0.001758613041602075,1.0,1.0,True,1.5137360095977783,0.6501903533935547,0.16473220484571827,120
two_concepts,TwoLayerCNN,2003,random_unitnorm,1.0,0.0018978071166202426,0.25805383059164166,0.17049900779747704,0.761932373046875,0.23087070228071666,0.20846565362427738,0.04753551010700861,0.138671875,0.007568359375,1.0,1.0,0.001755083561874926,1.0,1.0,True,1.5691595077514648,0.6298606395721436,0.16093014351726875,160
two_concepts,TwoLayerCNN,2003,random_unitnorm,1.0,0.0013897947501391172,0.2578515371302616,0.17049900779747704,0.761993408203125,0.22998360107779456,0.22048529422150165,0.04222630441764055,0.138671875,0.007080078125,1.0,1.0,0.0017395415343344212,1.0,1.0,True,1.610687017440796,0.606226921081543,0.1782589898038611,200
two_concepts,TwoLayerCNN,2003,template_init,0.25,1.3506759405136108,0.9978237946276608,1.0,0.7740478515625,0.37726579506883595,0.20573028535839266,0.46340764251091454,0.25,0.25,0.25,1.0,8.698197780176997e-05,0.890625,0.8359375,True,0.07313220202922821,0.9750845432281494,-0.2576773571525219,1
two_concepts,TwoLayerCNN,2003,template_init,0.87109375,1.1230218410491943,0.9712439250125668,1.0,0.760986328125,0.3603580951431394,0.23328614316316432,0.4214522948997661,0.103515625,0.171875,0.859375,0.90234375,0.00048145861364901066,0.9921875,0.97265625,True,0.26117321848869324,0.7398178577423096,-0.18816615173660178,5
two_concepts,TwoLayerCNN,2003,template_init,0.93359375,0.6662493944168091,0.914513609210982,1.0,0.75103759765625,0.34924963588420643,0.2635897889578265,0.36434984925559033,0.080078125,0.14501953125,0.9453125,0.94921875,0.0026196346152573824,0.98828125,0.98046875,True,0.547081470489502,0.6958258152008057,-0.10076006029776385,10
two_concepts,TwoLayerCNN,2003,template_init,1.0,0.14657549560070038,0.8339455021027181,1.0,0.7744598388671875,0.32711854020274644,0.22562482579530352,0.26262245081731467,0.05078125,0.083984375,1.0,1.0,0.0054471674375236034,1.0,0.9921875,True,1.018934726715088,0.6458055973052979,-0.03699762502201115,20
two_concepts,TwoLayerCNN,2003,template_init,1.0,0.020456045866012573,0.788043736001952,1.0,0.784149169921875,0.32516735578239464,0.1418688402157935,0.15135110821270892,0.017578125,0.02197265625,1.0,1.0,0.002892912831157446,1.0,0.99609375,True,1.3366892337799072,0.63834547996521,-0.009482267996915428,40
two_concepts,TwoLayerCNN,2003,template_init,1.0,0.004730300512164831,0.7617046845279373,1.0,0.788818359375,0.3211546736232167,0.07041395476096557,0.09090299752592987,0.01171875,0.015869140625,1.0,1.0,0.001464179833419621,1.0,1.0,True,1.5407469272613525,0.6133363246917725,-0.0204890427649643,80
two_concepts,TwoLayerCNN,2003,template_init,1.0,0.0023679009173065424,0.7508724536586759,1.0,0.79144287109375,0.3184270159227088,0.05206401994079868,0.0698868709451816,0.0078125,0.01318359375,1.0,1.0,0.0010852871928364038,1.0,1.0,True,1.6351642608642578,0.617809534072876,-0.017822851004382925,120
two_concepts,TwoLayerCNN,2003,template_init,1.0,0.0014954005600884557,0.7445779161324586,1.0,0.7926025390625,0.3181919111961479,0.04772715871102273,0.0588256379040476,0.0078125,0.01220703125,1.0,1.0,0.0008837305358611047,1.0,1.0,True,1.695267915725708,0.6334128379821777,-0.011098479193024868,160
two_concepts,TwoLayerCNN,2003,template_init,1.0,0.0010759595315903425,0.7400046154405839,1.0,0.7930145263671875,0.3168921848989409,0.04139695987124026,0.051800932453003504,0.005859375,0.01171875,1.0,1.0,0.0007313623791560531,1.0,1.0,True,1.7397384643554688,0.6442761421203613,-0.010403972581763246,200
two_concepts,TwoLayerCNN,2003,template_release,0.25,1.3505101203918457,0.9982146268378026,1.0,0.774566650390625,0.3772767380666579,0.2046591399812735,0.46317271105571606,0.25,0.25,0.25,1.0,8.702896593604237e-05,0.88671875,0.82421875,True,0.0656893253326416,0.9145686626434326,-0.25851357107444256,1
two_concepts,TwoLayerCNN,2003,template_release,0.875,1.1455940008163452,0.9902342419518402,1.0,0.771270751953125,0.37477909170574664,0.370902885835394,0.4236310288837051,0.123046875,0.177734375,0.84765625,0.91015625,0.0004315318656153977,0.984375,0.9609375,True,0.153489887714386,0.7323958873748779,-0.05272814304831108,5
two_concepts,TwoLayerCNN,2003,template_release,0.9296875,0.7788649797439575,0.9805392549964281,1.0,0.7616729736328125,0.37611774836310385,0.3989740887254285,0.3765280209196993,0.095703125,0.156005859375,0.9296875,0.9296875,0.0018674111925065517,0.99609375,0.98046875,True,0.25723403692245483,0.68337082862854,0.02244606780572922,10
two_concepts,TwoLayerCNN,2003,template_release,0.99609375,0.3135315477848053,0.9745587028922519,1.0,0.7694091796875,0.3769877298540223,0.3415849019389835,0.3244244558195772,0.08984375,0.11474609375,0.98828125,0.984375,0.005435578525066376,1.0,0.98828125,True,0.3061884641647339,0.6145527362823486,0.017160446119406314,20
two_concepts,TwoLayerCNN,2003,template_release,1.0,0.08140669763088226,0.9758063215817592,1.0,0.7796173095703125,0.3823587791003936,0.27705724327893744,0.23358264258004297,0.033203125,0.036376953125,0.99609375,0.99609375,0.005484818480908871,1.0,0.9921875,True,0.2815856337547302,0.6342768669128418,0.04347460069889447,40
two_concepts,TwoLayerCNN,2003,template_release,1.0,0.012467379681766033,0.9575551020296783,1.0,0.7745819091796875,0.37877851395085216,0.21097639634689447,0.13826299676558507,0.0390625,0.026611328125,1.0,1.0,0.0010960163781419396,1.0,0.99609375,True,0.38631966710090637,0.6133608818054199,0.0727133995813094,80
two_concepts,TwoLayerCNN,2003,template_release,1.0,0.002484478522092104,0.9166903903245021,1.0,0.771820068359375,0.3632335068396964,0.09955904312839203,0.08475924799560966,0.013671875,0.01953125,1.0,1.0,0.00021589161769952625,1.0,1.0,True,0.6156692504882812,0.6129946708679199,0.014799795132782373,120
two_concepts,TwoLayerCNN,2003,template_release,1.0,0.0012737748911604285,0.9022030566854076,1.0,0.76953125,0.36909681103104786,0.08321403186318499,0.06958450451000242,0.013671875,0.017578125,1.0,1.0,9.885285544442013e-05,1.0,1.0,True,0.70546954870224,0.615290641784668,0.013629527353182569,160
two_concepts,TwoLayerCNN,2003,template_release,1.0,0.0008102079154923558,0.8932522414323094,1.0,0.76885986328125,0.36831932773109244,0.07319906118557284,0.06078925436046702,0.013671875,0.015380859375,1.0,1.0,6.0278267483226955e-05,1.0,1.0,True,0.7641284465789795,0.6196675300598145,0.012409806825105826,200
two_concepts,TwoLayerCNN,2003,template_retention_1,0.25,1.3505101203918457,0.9982146268378026,1.0,0.774566650390625,0.3772767380666579,0.2046591399812735,0.46317271105571606,0.25,0.25,0.25,1.0,8.702896593604237e-05,0.88671875,0.82421875,True,0.0656893253326416,0.9843339920043945,-0.25851357107444256,1
two_concepts,TwoLayerCNN,2003,template_retention_1,0.875,1.1455940008163452,0.9902342419518402,1.0,0.771270751953125,0.37477909170574664,0.370902885835394,0.4236310288837051,0.123046875,0.177734375,0.84765625,0.91015625,0.0004315318656153977,0.984375,0.9609375,True,0.153489887714386,0.7316498756408691,-0.05272814304831108,5
two_concepts,TwoLayerCNN,2003,template_retention_1,0.9296875,0.7788649797439575,0.9805392549964281,1.0,0.7616729736328125,0.37611774836310385,0.3989740887254285,0.3765280209196993,0.095703125,0.156005859375,0.9296875,0.9296875,0.0018674111925065517,0.99609375,0.98046875,True,0.25723403692245483,0.673912763595581,0.02244606780572922,10
two_concepts,TwoLayerCNN,2003,template_retention_1,0.99609375,0.3238198459148407,0.9773859207343634,1.0,0.7699127197265625,0.3767687363386766,0.3438473290967945,0.32765818457676965,0.091796875,0.115234375,0.98828125,0.984375,0.005419556982815266,1.0,0.98828125,True,0.28500843048095703,0.6771912574768066,0.016189144520024845,20
two_concepts,TwoLayerCNN,2003,template_retention_1,1.0,0.09829409420490265,0.9840506974792392,1.0,0.7568817138671875,0.384707363875692,0.28504939747473435,0.2514450333862538,0.033203125,0.04345703125,0.99609375,0.99609375,0.006155272014439106,1.0,0.9921875,True,0.22041192650794983,0.6196136474609375,0.033604364088480554,40
two_concepts,TwoLayerCNN,2003,template_retention_1,1.0,0.0345580168068409,0.9921633275016335,1.0,0.7649993896484375,0.39112674197656777,0.2194601111132568,0.19906449428176987,0.03515625,0.0439453125,1.0,1.0,0.004602508619427681,1.0,0.99609375,True,0.14874997735023499,0.6198761463165283,0.02039561683148694,80
two_concepts,TwoLayerCNN,2003,template_retention_1,1.0,0.018824297934770584,0.9954011870700276,1.0,0.7708282470703125,0.3894973186017962,0.20990727209779325,0.17976786541898904,0.041015625,0.0400390625,1.0,1.0,0.0031979673076421022,1.0,0.99609375,True,0.11213349550962448,0.6149044036865234,0.030139406678804215,120
two_concepts,TwoLayerCNN,2003,template_retention_1,1.0,0.012178978882730007,0.9974878240832531,1.0,0.7739410400390625,0.3848541653875639,0.19939238829866623,0.16778347527770476,0.044921875,0.041259765625,1.0,1.0,0.002681280951946974,1.0,0.99609375,True,0.08444191515445709,0.6408686637878418,0.03160891302096147,160
two_concepts,TwoLayerCNN,2003,template_retention_1,1.0,0.008542550727725029,0.99836866706316,1.0,0.7744293212890625,0.38375010570510704,0.19521194691287236,0.1602925080475305,0.0546875,0.044189453125,1.0,1.0,0.0023702550679445267,1.0,0.99609375,True,0.06820988655090332,0.6363735198974609,0.03491943886534185,200
two_concepts,TwoLayerCNN,2004,random,0.2890625,1.3704057931900024,0.15292815692218106,0.14237980728053284,0.821044921875,0.16374325808084916,0.41637089849221653,0.32266590933770867,0.24609375,0.24755859375,0.28515625,0.9296875,2.1002182620577514e-05,0.890625,0.93359375,True,0.07154075801372528,0.7374472618103027,0.09370498915450787,1
two_concepts,TwoLayerCNN,2004,random,0.82421875,1.2000317573547363,0.18630398295742479,0.14237980728053284,0.819793701171875,0.20316789236995958,0.48929593511195013,0.3924163393814559,0.248046875,0.174560546875,0.80859375,0.87890625,0.00041167307063005865,0.96875,0.97265625,True,0.25727054476737976,0.6663849353790283,0.0968795957304942,5
two_concepts,TwoLayerCNN,2004,random,0.91796875,0.574630618095398,0.22577948498445008,0.14237980728053284,0.8101806640625,0.2201567084155031,0.4262152831103283,0.3432211441202606,0.2109375,0.139404296875,0.91796875,0.9609375,0.005328969564288855,0.9609375,0.9609375,True,0.6040771007537842,0.6389188766479492,0.08299413899006769,10
two_concepts,TwoLayerCNN,2004,random,0.9609375,0.11848753690719604,0.2524239673683389,0.14237980728053284,0.799713134765625,0.22558379694519565,0.28821910512684334,0.18704210533362492,0.12890625,0.073974609375,0.98046875,0.96484375,0.010067697614431381,0.984375,0.984375,True,1.0449458360671997,0.6235451698303223,0.10117699979321843,20
two_concepts,TwoLayerCNN,2004,random,0.98828125,0.050694823265075684,0.26162226666626515,0.14237980728053284,0.7974853515625,0.22647163248170804,0.20837481725412232,0.11851217203223814,0.08984375,0.046630859375,0.9921875,0.984375,0.014264198951423168,0.98828125,0.9921875,True,1.2581722736358643,0.6802356243133545,0.08986264522188418,40
two_concepts,TwoLayerCNN,2004,random,0.98828125,0.03763091191649437,0.26694374840670854,0.14237980728053284,0.79132080078125,0.22468324286416372,0.17216006117226224,0.09493068924059749,0.083984375,0.04443359375,0.9921875,0.984375,0.01654411479830742,0.9921875,0.9921875,True,1.4101125001907349,0.6673340797424316,0.07722937193166475,80
two_concepts,TwoLayerCNN,2004,random,0.98828125,0.036916401237249374,0.26899419017494464,0.14237980728053284,0.7875213623046875,0.22461726055828776,0.15476112293684097,0.08472551310207176,0.083984375,0.042236328125,0.98828125,0.98046875,0.01824391633272171,0.9921875,0.9921875,True,1.4841222763061523,0.646432638168335,0.07003560983476921,120
two_concepts,TwoLayerCNN,2004,random,0.98828125,0.037590689957141876,0.27005901375926766,0.14237980728053284,0.784149169921875,0.22451454981991634,0.14792462864815326,0.08137420668067888,0.083984375,0.043212890625,0.98828125,0.98046875,0.019276335835456848,0.9921875,0.9921875,True,1.532244324684143,0.6209802627563477,0.06655042196747438,160
two_concepts,TwoLayerCNN,2004,random,0.98828125,0.03816172480583191,0.270752003860288,0.14237980728053284,0.7816925048828125,0.2239978347654566,0.14066186136994174,0.07729086915775396,0.083984375,0.0419921875,0.98828125,0.98046875,0.020084643736481667,0.9921875,0.9921875,True,1.5675678253173828,0.6186978816986084,0.06337099221218778,200
two_concepts,TwoLayerCNN,2004,random_unitnorm,0.37109375,1.3623037338256836,0.14451167203844323,0.1423798069295697,0.8070220947265625,0.18883992308535172,0.3644697012302488,0.32733082121531354,0.26171875,0.292236328125,0.3828125,0.82421875,7.34346904209815e-05,0.89453125,0.92578125,True,0.07296060025691986,0.6428937911987305,0.03713888001493526,1
two_concepts,TwoLayerCNN,2004,random_unitnorm,0.82421875,1.1086668968200684,0.17128261720929597,0.1423798069295697,0.7869110107421875,0.21214630442607146,0.5393229644363937,0.37984901270396804,0.306640625,0.19189453125,0.8125,0.8984375,0.0008917464874684811,0.97265625,0.9921875,True,0.2706191837787628,0.6290595531463623,0.15947395173242568,5
two_concepts,TwoLayerCNN,2004,random_unitnorm,0.93359375,0.47562649846076965,0.21980854612490286,0.1423798069295697,0.8227996826171875,0.21701215623531517,0.4913807237522263,0.3079392865961966,0.220703125,0.111083984375,0.92578125,0.984375,0.007224747911095619,0.984375,0.984375,True,0.6040522456169128,0.6229121685028076,0.18344143715602967,10
two_concepts,TwoLayerCNN,2004,random_unitnorm,0.96875,0.10396648198366165,0.2401723051788865,0.1423798069295697,0.80926513671875,0.22153482704794059,0.30389988235901066,0.16522134708015646,0.099609375,0.044677734375,0.98046875,0.98828125,0.006702074781060219,0.98046875,0.984375,True,1.0164812803268433,0.6355991363525391,0.1386785352788542,20
two_concepts,TwoLayerCNN,2004,random_unitnorm,0.984375,0.06087201461195946,0.2441316134952454,0.1423798069295697,0.8173370361328125,0.22058558558723557,0.22777801015315968,0.10852617987527663,0.0859375,0.037109375,0.984375,1.0,0.004448604770004749,0.98828125,0.99609375,True,1.240069031715393,0.6654834747314453,0.11925183027788305,40
two_concepts,TwoLayerCNN,2004,random_unitnorm,0.984375,0.056526269763708115,0.244989145131647,0.1423798069295697,0.8140869140625,0.220855122779907,0.20026772712353857,0.074001159643266,0.09765625,0.033203125,0.984375,1.0,0.003303905948996544,0.984375,0.99609375,True,1.3941510915756226,0.6303534507751465,0.12626656748027257,80
two_concepts,TwoLayerCNN,2004,random_unitnorm,0.984375,0.060884878039360046,0.2445528614327036,0.1423798069295697,0.793365478515625,0.22632149356013997,0.1783748200254197,0.06333429785950068,0.09375,0.03271484375,0.984375,1.0,0.0022969671990722418,0.984375,0.99609375,True,1.4722437858581543,0.65771484375,0.11504052216591903,120
two_concepts,TwoLayerCNN,2004,random_unitnorm,0.984375,0.0649077296257019,0.24408889970313175,0.1423798069295697,0.79248046875,0.22738198256788303,0.166458461131766,0.05787787794881245,0.09375,0.0322265625,0.984375,1.0,0.0016065600793808699,0.984375,0.99609375,True,1.5241644382476807,0.6408133506774902,0.10858058318295354,160
two_concepts,TwoLayerCNN,2004,random_unitnorm,0.984375,0.06737729907035828,0.24368967248372014,0.1423798069295697,0.7922821044921875,0.22813079830503424,0.1563525564842172,0.05385285410679515,0.09375,0.03173828125,0.984375,1.0,0.0013070153072476387,0.984375,0.99609375,True,1.5629992485046387,0.6274216175079346,0.10249970237742205,200
two_concepts,TwoLayerCNN,2004,template_init,0.25,1.3628267049789429,0.9976726209575137,1.0,0.7858734130859375,0.4179059435220599,0.18267813354738738,0.22408855712435913,0.255859375,0.2529296875,0.25,0.9921875,5.7921271945815533e-05,0.86328125,0.89453125,True,0.07755827903747559,0.7691676616668701,-0.04141042357697175,1
two_concepts,TwoLayerCNN,2004,template_init,0.671875,1.1644139289855957,0.9711413252380118,1.0,0.8078155517578125,0.41966062131087245,0.5444727387026018,0.386673841282128,0.2734375,0.24853515625,0.671875,0.91796875,0.00045681200572289526,0.98046875,0.97265625,True,0.25321048498153687,0.6760706901550293,0.15779889742047382,5
two_concepts,TwoLayerCNN,2004,template_init,0.9296875,0.6849205493927002,0.9117115776770661,1.0,0.8177490234375,0.4062039475709583,0.5049481045921026,0.3473690414200292,0.236328125,0.162353515625,0.921875,0.9453125,0.003793270094320178,0.98046875,0.9765625,True,0.5302479267120361,0.647036075592041,0.15757906317207337,10
two_concepts,TwoLayerCNN,2004,template_init,0.96875,0.15803329646587372,0.8246497246418563,1.0,0.8288116455078125,0.3653758267566176,0.43368699407512845,0.24265903135260725,0.1953125,0.092529296875,0.9609375,0.9765625,0.011605718173086643,0.9921875,0.97265625,True,0.9779779314994812,0.6327533721923828,0.1910279627225212,20
two_concepts,TwoLayerCNN,2004,template_init,0.99609375,0.04247349500656128,0.7727284044732956,1.0,0.8272857666015625,0.358160275654701,0.2836909038650317,0.1656439594726724,0.11328125,0.065185546875,0.9921875,0.98828125,0.012334173545241356,0.99609375,0.9921875,True,1.2938649654388428,0.636763334274292,0.1180469443923593,40
two_concepts,TwoLayerCNN,2004,template_init,0.99609375,0.02206069976091385,0.7456450397484753,1.0,0.824371337890625,0.351290080580166,0.172661063941835,0.11861380687783268,0.08984375,0.052001953125,0.99609375,0.9921875,0.011279253289103508,0.99609375,0.99609375,True,1.493760108947754,0.6302080154418945,0.05404725706400232,80
two_concepts,TwoLayerCNN,2004,template_init,0.99609375,0.017947398126125336,0.7346234625598479,1.0,0.8260650634765625,0.3467522142172871,0.15244706045683076,0.10327225324900859,0.083984375,0.05078125,0.99609375,0.9921875,0.010838769376277924,0.99609375,0.99609375,True,1.586225986480713,0.665778398513794,0.04917480720782218,120
two_concepts,TwoLayerCNN,2004,template_init,0.99609375,0.016160663217306137,0.7278998775028389,1.0,0.8269500732421875,0.3433973431186581,0.13752433499813776,0.095241329385317,0.080078125,0.04931640625,0.99609375,0.9921875,0.010456066578626633,0.99609375,0.99609375,True,1.6457090377807617,0.6296775341033936,0.042283005612820765,160
two_concepts,TwoLayerCNN,2004,template_init,0.99609375,0.014753061346709728,0.7232295267303935,1.0,0.8266754150390625,0.34168316808202837,0.13129529959315056,0.09048694246706954,0.080078125,0.048828125,0.99609375,0.9921875,0.010028299875557423,0.99609375,0.99609375,True,1.68903648853302,0.6297845840454102,0.040808357126081024,200
two_concepts,TwoLayerCNN,2004,template_release,0.25,1.3623749017715454,0.9980889333807839,1.0,0.7857818603515625,0.41880826299368146,0.15124436145168274,0.22428891869102502,0.255859375,0.253662109375,0.25390625,0.98828125,5.849427907378413e-05,0.859375,0.8984375,True,0.07047165930271149,0.8144674301147461,-0.07304455723934228,1
two_concepts,TwoLayerCNN,2004,template_release,0.609375,1.1848948001861572,0.9904286838091307,1.0,0.8004150390625,0.4324964930597592,0.49466941523998575,0.3917548664192017,0.248046875,0.24853515625,0.6328125,0.88671875,0.00040398197597824037,0.94921875,0.95703125,True,0.1479833573102951,0.8043527603149414,0.10291454882078405,5
two_concepts,TwoLayerCNN,2004,template_release,0.90234375,0.8024516701698303,0.9800037266161596,1.0,0.805633544921875,0.4205718627973849,0.5739115553051842,0.36717158638104735,0.236328125,0.182861328125,0.890625,0.9453125,0.002214817563071847,0.98046875,0.97265625,True,0.2566321790218353,0.650346040725708,0.20673996892413687,10
two_concepts,TwoLayerCNN,2004,template_release,0.97265625,0.3087901175022125,0.9735805111303981,1.0,0.8337249755859375,0.39921698401443817,0.501477765235756,0.32218471736555365,0.236328125,0.122802734375,0.96484375,0.984375,0.007695539388805628,0.98828125,0.98046875,True,0.310310423374176,0.6107685565948486,0.1792930478702024,20
two_concepts,TwoLayerCNN,2004,template_release,1.0,0.09468479454517365,0.9791513091479886,1.0,0.8330535888671875,0.4028951216213281,0.36768342148593514,0.25660698680545435,0.138671875,0.081787109375,0.98828125,0.98828125,0.00896406453102827,1.0,0.984375,True,0.2627060115337372,0.673170804977417,0.11107643468048078,40
two_concepts,TwoLayerCNN,2004,template_release,1.0,0.024437539279460907,0.9622165066924433,1.0,0.83367919921875,0.3989309598750297,0.27602091492922043,0.17728170258249198,0.111328125,0.064208984375,0.99609375,0.99609375,0.007283270824700594,1.0,0.9921875,True,0.3664160668849945,0.6197049617767334,0.09873921234672844,80
two_concepts,TwoLayerCNN,2004,template_release,1.0,0.008830280974507332,0.9222212458607266,1.0,0.8384246826171875,0.37893483661475724,0.24076944942900447,0.14079093044032737,0.11328125,0.065185546875,0.99609375,0.99609375,0.006514180917292833,1.0,0.9921875,True,0.6010547280311584,0.6550626754760742,0.0999785189886771,120
two_concepts,TwoLayerCNN,2004,template_release,1.0,0.005862342193722725,0.9074562067810755,1.0,0.8400726318359375,0.3747879283642471,0.23115808614835498,0.132547447908584,0.123046875,0.068359375,0.99609375,0.99609375,0.006416503340005875,1.0,0.9921875,True,0.6932534575462341,0.6516208648681641,0.09861063823977098,160
two_concepts,TwoLayerCNN,2004,template_release,1.0,0.004602005705237389,0.8982855245339231,1.0,0.84185791015625,0.37244706830350216,0.22557655248136133,0.12787595061132961,0.125,0.07177734375,0.99609375,0.99609375,0.0065537020564079285,1.0,0.9921875,True,0.7528231143951416,0.6269774436950684,0.09770060187003171,200
two_concepts,TwoLayerCNN,2004,template_retention_1,0.25,1.3623749017715454,0.9980889333807839,1.0,0.7857818603515625,0.41880826299368146,0.15124436145168274,0.22428891869102502,0.255859375,0.253662109375,0.25390625,0.98828125,5.849427907378413e-05,0.859375,0.8984375,True,0.07047165930271149,0.7664835453033447,-0.07304455723934228,1
two_concepts,TwoLayerCNN,2004,template_retention_1,0.609375,1.1848948001861572,0.9904286838091307,1.0,0.8004150390625,0.4324964930597592,0.49466941523998575,0.3917548664192017,0.248046875,0.24853515625,0.6328125,0.88671875,0.00040398197597824037,0.94921875,0.95703125,True,0.1479833573102951,0.826845645904541,0.10291454882078405,5
two_concepts,TwoLayerCNN,2004,template_retention_1,0.90234375,0.8024516701698303,0.9800037266161596,1.0,0.805633544921875,0.4205718627973849,0.5739115553051842,0.36717158638104735,0.236328125,0.182861328125,0.890625,0.9453125,0.002214817563071847,0.98046875,0.97265625,True,0.2566321790218353,0.6467447280883789,0.20673996892413687,10
two_concepts,TwoLayerCNN,2004,template_retention_1,0.97265625,0.31922999024391174,0.9767068468018245,1.0,0.8305511474609375,0.4024646376909618,0.5038282126261079,0.3259246400273641,0.236328125,0.125244140625,0.96484375,0.984375,0.007479814812541008,0.98828125,0.9765625,True,0.2889690399169922,0.6399879455566406,0.1779035725987438,20
two_concepts,TwoLayerCNN,2004,template_retention_1,1.0,0.10897574573755264,0.9867298623655099,1.0,0.8238372802734375,0.41016322728215904,0.37157429880593185,0.2696366476111628,0.142578125,0.087890625,0.98828125,0.98828125,0.009150373749434948,1.0,0.984375,True,0.20252305269241333,0.6539013385772705,0.10193765119476905,40
two_concepts,TwoLayerCNN,2004,template_retention_1,0.99609375,0.05036523565649986,0.9944361726206064,1.0,0.8087158203125,0.41766801217571425,0.36599329301271155,0.21654763586817188,0.142578125,0.075439453125,0.98828125,0.9921875,0.009414082393050194,1.0,0.98828125,True,0.12627241015434265,0.6223652362823486,0.14944565714453967,80
two_concepts,TwoLayerCNN,2004,template_retention_1,0.99609375,0.031540289521217346,0.9973722405667238,1.0,0.8002471923828125,0.4175647799596417,0.3123489714931319,0.20609555592783751,0.14453125,0.0830078125,0.99609375,0.9921875,0.008997416123747826,0.99609375,0.98828125,True,0.08829481899738312,0.6131970882415771,0.10625341556529438,120
two_concepts,TwoLayerCNN,2004,template_retention_1,0.9921875,0.024795077741146088,0.998574714342602,1.0,0.79351806640625,0.41457015999952623,0.27664614558407197,0.19151496987530003,0.1171875,0.084228515625,0.99609375,0.99609375,0.009682999923825264,0.9921875,0.98828125,True,0.06572955846786499,0.6224684715270996,0.08513117570877193,160
two_concepts,TwoLayerCNN,2004,template_retention_1,0.9921875,0.022232254967093468,0.9991612061680188,1.0,0.7910003662109375,0.41548281949432037,0.25719104383310976,0.1862060738268605,0.12109375,0.08984375,0.9921875,0.9921875,0.011572793126106262,0.9921875,0.9921875,True,0.05161605030298233,0.621004581451416,0.07098497000624926,200
two_concepts,TwoLayerCNN,2005,random,0.34375,1.3445850610733032,0.1482987098301234,0.14540757610083227,0.7794342041015625,0.2042723276186218,0.44583605982800945,0.32307478091187075,0.263671875,0.267578125,0.33203125,0.87890625,6.469157233368605e-05,0.921875,0.92578125,True,0.07492279261350632,0.6487317085266113,0.1227612789161387,1
two_concepts,TwoLayerCNN,2005,random,0.81640625,1.0385212898254395,0.16040650231494336,0.14540757610083227,0.8204345703125,0.22817265450061078,0.5224135298145418,0.3316058905711983,0.33203125,0.16162109375,0.82421875,0.9296875,0.0011239966843277216,0.96484375,0.953125,True,0.3032655715942383,0.6660573482513428,0.19080763924334349,5
two_concepts,TwoLayerCNN,2005,random,0.9140625,0.42390888929367065,0.18958248634817437,0.14540757610083227,0.87982177734375,0.22630617223960073,0.47705200874859777,0.2718377436442773,0.22265625,0.1279296875,0.95703125,0.90234375,0.009418359026312828,0.98828125,0.9765625,True,0.629477858543396,0.6347718238830566,0.20521426510432045,10
two_concepts,TwoLayerCNN,2005,random,0.99609375,0.06086153909564018,0.21128930765563625,0.14540757610083227,0.8806915283203125,0.22700246132426288,0.2789403224465261,0.1544171296321195,0.091796875,0.026123046875,0.99609375,1.0,0.003442424349486828,0.99609375,0.98828125,True,1.0041284561157227,0.6106786727905273,0.1245231928144066,20
two_concepts,TwoLayerCNN,2005,random,0.99609375,0.02050807885825634,0.209325311207984,0.14540757610083227,0.867340087890625,0.22731120563673507,0.17289516687350337,0.08925666279958494,0.041015625,0.013916015625,0.99609375,1.0,0.0014064719434827566,0.99609375,0.98828125,True,1.217115879058838,0.6563160419464111,0.08363850407391843,40
two_concepts,TwoLayerCNN,2005,random,0.99609375,0.013913016766309738,0.20892367037661252,0.14540757610083227,0.8529815673828125,0.22715244143579844,0.13235475064895175,0.06680168789874937,0.0390625,0.017333984375,0.99609375,1.0,0.0008886187570169568,0.99609375,0.9921875,True,1.3520923852920532,0.6568701267242432,0.06555306275020238,80
two_concepts,TwoLayerCNN,2005,random,0.99609375,0.012863676063716412,0.20875154045268351,0.14540757610083227,0.8457183837890625,0.22654644800017032,0.11564512122314585,0.05761473208799982,0.03515625,0.01611328125,0.99609375,1.0,0.0007305631879717112,0.99609375,0.99609375,True,1.4178282022476196,0.6538021564483643,0.058030389135146035,120
two_concepts,TwoLayerCNN,2005,random,0.99609375,0.012105677276849747,0.2084583272856317,0.14540757610083227,0.842071533203125,0.2267199292416909,0.1049937256761524,0.051744580986485614,0.033203125,0.016357421875,0.99609375,1.0,0.0006511734682135284,0.99609375,0.99609375,True,1.4612936973571777,0.6265780925750732,0.05324914468966678,160
two_concepts,TwoLayerCNN,2005,random,0.99609375,0.01150066964328289,0.20830786884751243,0.14540757610083227,0.838104248046875,0.22660272170003914,0.09705609968152729,0.047055865010466644,0.03125,0.015380859375,0.99609375,1.0,0.00060365250101313,0.99609375,0.99609375,True,1.4937490224838257,0.6342477798461914,0.05000023467106064,200
two_concepts,TwoLayerCNN,2005,random_unitnorm,0.41796875,1.3249515295028687,0.14889385720943496,0.14540757595364645,0.7753143310546875,0.17287302211163652,0.3830130811793113,0.3556943189275368,0.26171875,0.27294921875,0.41796875,0.84375,0.00016752791998442262,0.94140625,0.92578125,True,0.07639366388320923,0.8659188747406006,0.027318762251774542,1
two_concepts,TwoLayerCNN,2005,random_unitnorm,0.89453125,0.9604954123497009,0.1616169135798495,0.14540757595364645,0.7817230224609375,0.1910571379415668,0.331221582160669,0.36770869861934474,0.11328125,0.1591796875,0.90625,0.92578125,0.001607459969818592,0.98828125,0.9609375,True,0.30952292680740356,0.6720852851867676,-0.03648711645867575,5
two_concepts,TwoLayerCNN,2005,random_unitnorm,0.9609375,0.3477122485637665,0.18561178053438704,0.14540757595364645,0.7789154052734375,0.1953984251285124,0.3006021617977236,0.3115831174333532,0.119140625,0.117431640625,0.96875,0.95703125,0.006735881790518761,0.99609375,0.98046875,True,0.6300526857376099,0.6491420269012451,-0.010980955635629619,10
two_concepts,TwoLayerCNN,2005,random_unitnorm,0.99609375,0.05814804136753082,0.1969218103829481,0.14540757595364645,0.7767333984375,0.21528591334196692,0.1872681231115677,0.18439311929932828,0.03125,0.031982421875,1.0,0.99609375,0.004171786364167929,0.99609375,0.98828125,True,0.9792369604110718,0.7601416110992432,0.0028750038122394295,20
two_concepts,TwoLayerCNN,2005,random_unitnorm,0.99609375,0.019216636195778847,0.19833931466012178,0.14540757595364645,0.775115966796875,0.21687834588045868,0.12449462391029209,0.12644754584975587,0.0234375,0.023193359375,1.0,0.99609375,0.002585207810625434,1.0,0.98828125,True,1.178792119026184,0.6491844654083252,-0.001952921939463781,40
two_concepts,TwoLayerCNN,2005,random_unitnorm,1.0,0.008521771989762783,0.19740970853005047,0.14540757595364645,0.773468017578125,0.217462141693441,0.09828610624269929,0.0953932618869958,0.021484375,0.0234375,1.0,1.0,0.0017978822579607368,1.0,0.9921875,True,1.3253355026245117,0.6409075260162354,0.002892844355703486,80
two_concepts,TwoLayerCNN,2005,random_unitnorm,1.0,0.0058608949184417725,0.19711700721049402,0.14540757595364645,0.7744903564453125,0.21841367616610607,0.08712922490149189,0.08223891060233471,0.021484375,0.022216796875,1.0,1.0,0.0014761885395273566,1.0,0.9921875,True,1.3997201919555664,0.6576962471008301,0.004890314299157178,120
two_concepts,TwoLayerCNN,2005,random_unitnorm,1.0,0.004518119152635336,0.19688003850824326,0.14540757595364645,0.773773193359375,0.2186954063354341,0.08154095571755937,0.07493317181821216,0.021484375,0.021240234375,1.0,1.0,0.0011899007949978113,1.0,0.9921875,True,1.4497371912002563,0.6470139026641846,0.006607783899347214,160
two_concepts,TwoLayerCNN,2005,random_unitnorm,1.0,0.0037242555990815163,0.1967382447496073,0.14540757595364645,0.773651123046875,0.21880801468843813,0.07738774943617455,0.06932374259605,0.021484375,0.020751953125,1.0,1.0,0.0009836872341111302,1.0,0.9921875,True,1.487330675125122,0.6288108825683594,0.008064006840124552,200
two_concepts,TwoLayerCNN,2005,template_init,0.48046875,1.330933690071106,0.9974422816514641,1.0,0.763153076171875,0.38711329011406126,0.36866687352073224,0.2989516425913973,0.28515625,0.3115234375,0.48046875,0.91796875,8.878015069058165e-05,0.96484375,0.921875,True,0.07479861378669739,0.7879183292388916,0.06971523092933496,1
two_concepts,TwoLayerCNN,2005,template_init,0.859375,1.056020736694336,0.9660719141124183,1.0,0.7907867431640625,0.37417390592419547,0.34215607136869863,0.38774876923013846,0.115234375,0.156005859375,0.84375,0.9375,0.0007051583961583674,0.9921875,0.98828125,True,0.28926920890808105,0.6229944229125977,-0.045592697861439824,5
two_concepts,TwoLayerCNN,2005,template_init,0.96875,0.5029021501541138,0.8999008839340173,1.0,0.7568359375,0.36305897326134284,0.39898364795122354,0.3292819761351384,0.111328125,0.099853515625,0.97265625,0.98046875,0.00421280600130558,0.99609375,0.97265625,True,0.6072556972503662,0.6394071578979492,0.06970167181608516,10
two_concepts,TwoLayerCNN,2005,template_init,0.9921875,0.07445349544286728,0.8232488446878933,1.0,0.7379150390625,0.3537316726486065,0.22999305683670168,0.19576188191131683,0.037109375,0.051513671875,1.0,0.9921875,0.003800727892667055,0.9921875,0.984375,True,1.0355744361877441,0.6426053047180176,0.034231174925384855,20
two_concepts,TwoLayerCNN,2005,template_init,1.0,0.016758034005761147,0.7879519731474345,1.0,0.7190704345703125,0.35594495707957186,0.0946839263077528,0.11699742378893059,0.009765625,0.02392578125,1.0,1.0,0.001231684349477291,1.0,0.9921875,True,1.2838597297668457,0.6274223327636719,-0.022313497481177794,40
two_concepts,TwoLayerCNN,2005,template_init,1.0,0.004837979096919298,0.766267916075446,1.0,0.71917724609375,0.35550897004064436,0.05835736115167267,0.08463544766051836,0.005859375,0.02294921875,1.0,1.0,0.0007291657384485006,1.0,0.99609375,True,1.462538242340088,0.6637229919433594,-0.026278086508845694,80
two_concepts,TwoLayerCNN,2005,template_init,1.0,0.0026277753058820963,0.7565103415819946,1.0,0.7186431884765625,0.3554715891068342,0.04512833280877593,0.07167927075768611,0.005859375,0.022705078125,1.0,1.0,0.0006099556921981275,1.0,1.0,True,1.5508517026901245,0.6210150718688965,-0.026550937948910183,120
two_concepts,TwoLayerCNN,2005,template_init,1.0,0.0017339222831651568,0.7503266657160355,1.0,0.7194366455078125,0.355952986666611,0.037597623314748474,0.06413853426321213,0.005859375,0.0224609375,1.0,1.0,0.0005396205233410001,1.0,0.99609375,True,1.6092267036437988,0.6536054611206055,-0.026540910948463656,160
two_concepts,TwoLayerCNN,2005,template_init,1.0,0.0012755325296893716,0.7459273128456982,1.0,0.7199554443359375,0.35567187065235073,0.03237416936865711,0.05888835437702103,0.005859375,0.0224609375,1.0,1.0,0.0005095204687677324,1.0,0.99609375,True,1.6524336338043213,0.6177964210510254,-0.026514185008363916,200
two_concepts,TwoLayerCNN,2005,template_release,0.47265625,1.3310377597808838,0.9978364746721359,1.0,0.76397705078125,0.38809209429477826,0.36634870059841773,0.2989984120962282,0.283203125,0.312255859375,0.47265625,0.9140625,8.53065648698248e-05,0.95703125,0.93359375,True,0.06852409243583679,0.7325031757354736,0.06735028850218955,1
two_concepts,TwoLayerCNN,2005,template_release,0.85546875,1.083193063735962,0.9867769174999229,1.0,0.74993896484375,0.3919539933437808,0.39905335000349973,0.3926335772617632,0.134765625,0.1611328125,0.83203125,0.91015625,0.000614714517723769,0.98828125,0.984375,True,0.18190890550613403,0.6108431816101074,0.006419772741736551,5
two_concepts,TwoLayerCNN,2005,template_release,0.96875,0.6391703486442566,0.974520457470076,1.0,0.7552490234375,0.4034026000994988,0.3856532688693566,0.3506890439316701,0.095703125,0.099365234375,0.96484375,0.96484375,0.003225595224648714,0.9921875,0.96875,True,0.3010854721069336,0.621957540512085,0.03496422493768647,10
two_concepts,TwoLayerCNN,2005,template_release,0.984375,0.19896771013736725,0.9738872004674428,1.0,0.7456512451171875,0.41818798107311195,0.1900247258422818,0.28048186004563,0.03125,0.08251953125,0.99609375,0.98046875,0.005947602912783623,1.0,0.9921875,True,0.3109434247016907,0.6175990104675293,-0.09045713420334822,20
two_concepts,TwoLayerCNN,2005,template_release,0.9921875,0.06546520441770554,0.9802798359266631,1.0,0.7598114013671875,0.4134452474446081,0.18059129458707346,0.21096729711914838,0.033203125,0.05419921875,0.99609375,0.99609375,0.0033123730681836605,1.0,0.9921875,True,0.25576549768447876,0.621483564376831,-0.030376002532074925,40
two_concepts,TwoLayerCNN,2005,template_release,1.0,0.014185067266225815,0.9647786441561592,1.0,0.757537841796875,0.4100172214165989,0.1066945348311299,0.13920803663816367,0.01953125,0.044189453125,1.0,1.0,0.001377623062580824,1.0,0.99609375,True,0.3537159562110901,0.6176152229309082,-0.03251350180703377,80
two_concepts,TwoLayerCNN,2005,template_release,1.0,0.004058199003338814,0.9255962733531502,1.0,0.7486572265625,0.40070126362846203,0.04559892562554524,0.10245902676291442,0.001953125,0.040771484375,1.0,1.0,0.0008542028954252601,1.0,0.99609375,True,0.5778456926345825,0.628751277923584,-0.05686010113736918,120
two_concepts,TwoLayerCNN,2005,template_release,1.0,0.00247424584813416,0.9114328935428087,1.0,0.7449188232421875,0.39851458934383077,0.03668597612782265,0.0907804908240058,0.001953125,0.038330078125,1.0,1.0,0.0007745694019831717,1.0,0.99609375,True,0.6652014255523682,0.6177666187286377,-0.05409451469618315,160
two_concepts,TwoLayerCNN,2005,template_release,1.0,0.0018050835933536291,0.9024231198775803,1.0,0.7414398193359375,0.39549357106590854,0.039397006138520485,0.08337997839861785,0.005859375,0.037353515625,1.0,1.0,0.0007177795050665736,1.0,0.99609375,True,0.7232682704925537,0.6583244800567627,-0.04398297226009737,200
two_concepts,TwoLayerCNN,2005,template_retention_1,0.47265625,1.3310377597808838,0.9978364746721359,1.0,0.76397705078125,0.38809209429477826,0.36634870059841773,0.2989984120962282,0.283203125,0.312255859375,0.47265625,0.9140625,8.53065648698248e-05,0.95703125,0.93359375,True,0.06852409243583679,0.691425085067749,0.06735028850218955,1
two_concepts,TwoLayerCNN,2005,template_retention_1,0.85546875,1.083193063735962,0.9867769174999229,1.0,0.74993896484375,0.3919539933437808,0.39905335000349973,0.3926335772617632,0.134765625,0.1611328125,0.83203125,0.91015625,0.000614714517723769,0.98828125,0.984375,True,0.18190890550613403,0.6223011016845703,0.006419772741736551,5
two_concepts,TwoLayerCNN,2005,template_retention_1,0.96875,0.6391703486442566,0.974520457470076,1.0,0.7552490234375,0.4034026000994988,0.3856532688693566,0.3506890439316701,0.095703125,0.099365234375,0.96484375,0.96484375,0.003225595224648714,0.9921875,0.96875,True,0.3010854721069336,0.624478816986084,0.03496422493768647,10
two_concepts,TwoLayerCNN,2005,template_retention_1,0.984375,0.20957453548908234,0.9769049432381913,1.0,0.74774169921875,0.4169933310592983,0.1917886284640401,0.28447449523520496,0.033203125,0.08544921875,0.99609375,0.98046875,0.006099448073655367,1.0,0.98828125,True,0.28951215744018555,0.6805253028869629,-0.09268586677116486,20
two_concepts,TwoLayerCNN,2005,template_retention_1,0.9921875,0.07977107167243958,0.9876538644909572,1.0,0.758941650390625,0.4091171284488388,0.19359522693318276,0.22439200286444833,0.03515625,0.0595703125,0.99609375,0.99609375,0.004008392803370953,1.0,0.9921875,True,0.1984805464744568,0.6454887390136719,-0.030796775931265563,40
two_concepts,TwoLayerCNN,2005,template_retention_1,0.99609375,0.03966857120394707,0.9944216415757174,1.0,0.7589874267578125,0.39432389651467037,0.1505287122892479,0.19045280692439198,0.037109375,0.072998046875,0.99609375,1.0,0.004063974600285292,1.0,0.99609375,True,0.12846268713474274,0.61147141456604,-0.03992409463514407,80
two_concepts,TwoLayerCNN,2005,template_retention_1,0.99609375,0.026004917919635773,0.9972007342509579,1.0,0.7589111328125,0.3902231576993098,0.1713060261742827,0.16656670217885894,0.06640625,0.0634765625,0.99609375,1.0,0.002782251453027129,1.0,0.99609375,True,0.09185533225536346,0.7974808216094971,0.004739323995423761,120
two_concepts,TwoLayerCNN,2005,template_retention_1,0.99609375,0.019607631489634514,0.9982989955215273,1.0,0.7572021484375,0.3879253115129976,0.15641533816689246,0.15068682639256104,0.060546875,0.06298828125,0.99609375,1.0,0.002127737272530794,1.0,0.9921875,True,0.07226260006427765,0.6543889045715332,0.005728511774331424,160
two_concepts,TwoLayerCNN,2005,template_retention_1,0.99609375,0.016657207161188126,0.999018334354087,1.0,0.7571868896484375,0.38856037608260546,0.16758289168890217,0.14694856010755408,0.06640625,0.067138671875,0.99609375,1.0,0.0022818022407591343,1.0,0.9921875,True,0.05634544789791107,0.6118903160095215,0.020634331581348087,200
two_concepts,TwoLayerCNN,2006,random,0.38671875,1.374667763710022,0.18806619631137256,0.1854856862934246,0.827301025390625,0.22257975284235382,0.483744624858936,0.3138999952698632,0.296875,0.26806640625,0.38671875,0.8671875,3.9985967305256054e-05,0.8671875,0.89453125,True,0.07528631389141083,0.6792380809783936,0.16984462958907282,1
two_concepts,TwoLayerCNN,2006,random,0.71875,1.1229451894760132,0.2188243517967089,0.1854856862934246,0.817413330078125,0.20183596844359397,0.6760343283677555,0.3559120771316912,0.380859375,0.229248046875,0.734375,0.88671875,0.0005822902312502265,0.9296875,0.9609375,True,0.28197014331817627,0.644711971282959,0.32012225123606425,5
two_concepts,TwoLayerCNN,2006,random,0.828125,0.5415922403335571,0.24866333039824218,0.1854856862934246,0.8272857666015625,0.20052230126935583,0.6357941172016417,0.2998924378595961,0.369140625,0.183837890625,0.85546875,0.94921875,0.006445828825235367,0.96484375,0.984375,True,0.6229631900787354,0.6317079067230225,0.3359016793420456,10
two_concepts,TwoLayerCNN,2006,random,0.98046875,0.13010714948177338,0.2354006407521616,0.1854856862934246,0.815582275390625,0.19194477702282825,0.36963160303860565,0.2164541051736038,0.212890625,0.091552734375,0.984375,0.9765625,0.01210864819586277,0.9921875,0.98828125,True,1.0382680892944336,0.642066478729248,0.15317749786500184,20
two_concepts,TwoLayerCNN,2006,random,0.9921875,0.047574516385793686,0.22616811439471313,0.1854856862934246,0.8043670654296875,0.18585278001917582,0.29785682681592396,0.1511653361334443,0.19921875,0.06982421875,0.9921875,0.9921875,0.007957768626511097,1.0,0.9921875,True,1.2721848487854004,0.6381964683532715,0.14669149068247966,40
two_concepts,TwoLayerCNN,2006,random,0.99609375,0.02872661128640175,0.2213379907537118,0.1854856862934246,0.8023529052734375,0.19396984159652358,0.26979938802502124,0.12100829171122403,0.189453125,0.063232421875,0.9921875,0.99609375,0.005990549921989441,1.0,0.9921875,True,1.417243480682373,0.7050266265869141,0.14879109631379722,80
two_concepts,TwoLayerCNN,2006,random,0.99609375,0.024409912526607513,0.21959244311905954,0.1854856862934246,0.8013458251953125,0.19777521590207642,0.2351833643055934,0.10898291510534668,0.185546875,0.059326171875,0.99609375,1.0,0.004969598725438118,1.0,0.9921875,True,1.488341212272644,0.6254439353942871,0.1262004492002467,120
two_concepts,TwoLayerCNN,2006,random,0.99609375,0.022505899891257286,0.21867276011657755,0.1854856862934246,0.8008880615234375,0.19901102491404737,0.28542992342713924,0.10205941495279106,0.24609375,0.05712890625,0.99609375,1.0,0.004155836068093777,1.0,0.9921875,True,1.535247564315796,0.6020917892456055,0.1833705084743482,160
two_concepts,TwoLayerCNN,2006,random,0.99609375,0.02135971561074257,0.21806033253834597,0.1854856862934246,0.80035400390625,0.20070387062025324,0.2801834447131799,0.0978412311021951,0.2421875,0.056640625,0.99609375,1.0,0.003646955592557788,1.0,0.9921875,True,1.5702900886535645,0.6239006519317627,0.1823422136109848,200
two_concepts,TwoLayerCNN,2006,random_unitnorm,0.53125,1.3586225509643555,0.1837587816558114,0.1854856856772304,0.8017578125,0.22487910800818664,0.23417477895665317,0.3135696302947538,0.283203125,0.271484375,0.55859375,0.828125,9.573239367455244e-05,0.91015625,0.8671875,True,0.07832865417003632,0.6653761863708496,-0.07939485133810065,1
two_concepts,TwoLayerCNN,2006,random_unitnorm,0.80078125,1.0436511039733887,0.22080364685187368,0.1854856856772304,0.8531036376953125,0.21200307060549894,0.5055559349955792,0.3605450239177842,0.259765625,0.17822265625,0.82421875,0.92578125,0.0014490536414086819,0.984375,0.99609375,True,0.2888842225074768,0.6439838409423828,0.14501091107779496,5
two_concepts,TwoLayerCNN,2006,random_unitnorm,0.8984375,0.45645833015441895,0.2534176733520828,0.1854856856772304,0.838165283203125,0.2040842713720718,0.4381664290549342,0.2939096129483594,0.21875,0.150146484375,0.89453125,0.9140625,0.011580187827348709,0.98828125,0.9921875,True,0.6101054549217224,0.6394326686859131,0.14425681610657481,10
two_concepts,TwoLayerCNN,2006,random_unitnorm,0.984375,0.09461141377687454,0.2688442541102896,0.1854856856772304,0.7953338623046875,0.19832124143113244,0.22333886486928956,0.18140910005514027,0.109375,0.067138671875,0.98828125,0.97265625,0.018822677433490753,0.99609375,1.0,True,0.999218225479126,0.597583532333374,0.041929764814149284,20
two_concepts,TwoLayerCNN,2006,random_unitnorm,0.9921875,0.04015807434916496,0.2723641126647045,0.1854856856772304,0.7664337158203125,0.19640258265876853,0.17180093561208742,0.12257617007753155,0.08984375,0.046630859375,0.98828125,0.98046875,0.01816132664680481,0.99609375,1.0,True,1.1946940422058105,0.6149322986602783,0.049224765534555875,40
two_concepts,TwoLayerCNN,2006,random_unitnorm,0.99609375,0.0236384104937315,0.2745703842804922,0.1854856856772304,0.7645721435546875,0.1978368975749709,0.15321169684178682,0.09788747638600441,0.091796875,0.0458984375,0.9921875,0.98828125,0.017380420118570328,0.99609375,1.0,True,1.3248916864395142,0.6201603412628174,0.055324220455782405,80
two_concepts,TwoLayerCNN,2006,random_unitnorm,0.99609375,0.01864103600382805,0.2753282836518597,0.1854856856772304,0.7624969482421875,0.19873230692320576,0.14444695308105726,0.08741594643544832,0.095703125,0.04248046875,0.9921875,0.98828125,0.01707731932401657,0.99609375,1.0,True,1.3911292552947998,0.6378257274627686,0.057031006645608937,120
two_concepts,TwoLayerCNN,2006,random_unitnorm,0.99609375,0.016245482489466667,0.27603309566739237,0.1854856856772304,0.760589599609375,0.19973986861115078,0.1387226477255985,0.08089714747326197,0.08984375,0.04052734375,0.9921875,0.98828125,0.01672646775841713,0.99609375,1.0,True,1.4354674816131592,0.6322736740112305,0.05782550025233653,160
two_concepts,TwoLayerCNN,2006,random_unitnorm,0.99609375,0.014702005311846733,0.2766015419268865,0.1854856856772304,0.7601776123046875,0.2003153614017591,0.1354902238048733,0.07698564964262052,0.08984375,0.03955078125,0.9921875,0.98828125,0.01661847159266472,0.99609375,1.0,True,1.4689114093780518,0.636934757232666,0.058504574162252784,200
two_concepts,TwoLayerCNN,2006,template_init,0.3203125,1.3676789999008179,0.9976477859385304,1.0,0.7838134765625,0.3815305682795155,-0.030863231493816867,0.008230103664099639,0.2734375,0.265869140625,0.3203125,0.96875,8.358254126505926e-05,0.8203125,0.8515625,True,0.07996746897697449,0.8273720741271973,-0.039093335157916506,1
two_concepts,TwoLayerCNN,2006,template_init,0.8203125,1.1689645051956177,0.969697657576595,1.0,0.797576904296875,0.3426537066268876,0.4530375388249014,0.38640654264856045,0.1875,0.17919921875,0.8046875,0.87109375,0.0007387393270619214,0.9765625,0.984375,True,0.26455792784690857,0.614084005355835,0.06663099617634094,5
two_concepts,TwoLayerCNN,2006,template_init,0.93359375,0.6472265720367432,0.9095572461300009,1.0,0.7995147705078125,0.32436834928897273,0.3413624493607139,0.3661389119591425,0.119140625,0.12451171875,0.9453125,0.9375,0.005728224758058786,0.97265625,0.9765625,True,0.5498229265213013,0.6305258274078369,-0.024776462598428584,10
two_concepts,TwoLayerCNN,2006,template_init,0.984375,0.12685561180114746,0.8366284239938508,1.0,0.78326416015625,0.3223919723663228,0.20528156435984612,0.24444190063916513,0.076171875,0.10009765625,0.9765625,0.96875,0.015526428818702698,0.98828125,0.9921875,True,1.0089341402053833,0.6140661239624023,-0.039160336279319,20
two_concepts,TwoLayerCNN,2006,template_init,0.9921875,0.03860406577587128,0.8047577069058081,1.0,0.7979888916015625,0.3229545334240863,0.15740220398299132,0.17617671275479885,0.05078125,0.069580078125,0.98828125,0.98046875,0.013764620758593082,0.99609375,0.9921875,True,1.2679235935211182,0.63625168800354,-0.01877450877180753,40
two_concepts,TwoLayerCNN,2006,template_init,1.0,0.01947089470922947,0.7868564501500296,1.0,0.8043060302734375,0.31871798264551443,0.12390215230521018,0.14311369107166066,0.048828125,0.06787109375,0.98828125,0.98828125,0.012450273148715496,1.0,0.99609375,True,1.4332420825958252,0.6278324127197266,-0.019211538766450487,80
two_concepts,TwoLayerCNN,2006,template_init,1.0,0.013806890696287155,0.7783338914312744,1.0,0.80426025390625,0.31626301348787117,0.11219900232078484,0.1321301510769094,0.044921875,0.06884765625,0.98828125,0.98828125,0.01206668745726347,1.0,0.99609375,True,1.516176462173462,0.6192741394042969,-0.01993114875612456,120
two_concepts,TwoLayerCNN,2006,template_init,1.0,0.011441756039857864,0.772953369351874,1.0,0.803131103515625,0.3143125984266935,0.10230537227261693,0.12332965477054965,0.046875,0.06689453125,0.98828125,0.98828125,0.012280166149139404,1.0,0.99609375,True,1.571030616760254,0.6765472888946533,-0.021024282497932714,160
two_concepts,TwoLayerCNN,2006,template_init,1.0,0.009869723580777645,0.7690529449018315,1.0,0.8019561767578125,0.3134773822477849,0.09674708540315091,0.11852998638205198,0.046875,0.067138671875,0.98828125,0.98828125,0.012608715333044529,1.0,0.99609375,True,1.6118813753128052,0.6005682945251465,-0.021782900978901065,200
two_concepts,TwoLayerCNN,2006,template_release,0.3203125,1.367719292640686,0.9980157983886615,1.0,0.78375244140625,0.38102132038537,-0.03630080110654377,0.0020718937054297754,0.27734375,0.265380859375,0.3359375,0.96484375,8.48901690915227e-05,0.82421875,0.84765625,True,0.0737902820110321,0.7770323753356934,-0.03837269481197354,1
two_concepts,TwoLayerCNN,2006,template_release,0.79296875,1.181310772895813,0.9890201044303419,1.0,0.788543701171875,0.36037492840931484,0.4059720803824205,0.3972499794098856,0.205078125,0.203125,0.796875,0.88671875,0.000694971764460206,0.9609375,0.9921875,True,0.15922389924526215,0.6278398036956787,0.008722100972534896,5
two_concepts,TwoLayerCNN,2006,template_release,0.93359375,0.7404542565345764,0.9763379810230173,1.0,0.7912750244140625,0.35465693558965883,0.3887990248018399,0.38892884187719534,0.130859375,0.12841796875,0.9453125,0.9453125,0.004644447006285191,0.9921875,0.984375,True,0.2859031558036804,0.5915713310241699,-0.00012981707535542064,10
two_concepts,TwoLayerCNN,2006,template_release,0.97265625,0.24245218932628632,0.9769683836052427,1.0,0.77685546875,0.35420862665289177,0.4329597776040309,0.31178306633161407,0.125,0.107177734375,0.97265625,0.9609375,0.014566111378371716,0.98828125,0.9921875,True,0.3050219416618347,0.6878767013549805,0.12117671127241686,20
two_concepts,TwoLayerCNN,2006,template_release,0.984375,0.09586464613676071,0.9854229599628217,1.0,0.7701873779296875,0.3666564075280425,0.3949061803988171,0.25135852197814473,0.125,0.083251953125,0.984375,0.984375,0.01485910639166832,0.99609375,0.9921875,True,0.23051899671554565,0.6204488277435303,0.14354765842067235,40
two_concepts,TwoLayerCNN,2006,template_release,1.0,0.03172853961586952,0.974447068826356,1.0,0.77056884765625,0.3577354992158799,0.3112367210382424,0.18372194158443494,0.11328125,0.0693359375,0.9921875,0.9921875,0.013090320862829685,1.0,0.99609375,True,0.3150697350502014,0.6752634048461914,0.12751477945380746,80
two_concepts,TwoLayerCNN,2006,template_release,1.0,0.015615762211382389,0.9425226064125809,1.0,0.765289306640625,0.34698091084356963,0.16017909135286157,0.14271703067961336,0.056640625,0.059814453125,0.9921875,0.9921875,0.01212792657315731,1.0,0.9921875,True,0.5279964804649353,0.6917934417724609,0.01746206067324821,120
two_concepts,TwoLayerCNN,2006,template_release,1.0,0.012459811754524708,0.9303293703903531,1.0,0.759124755859375,0.3448411701124685,0.14520169426843377,0.13157589562281255,0.0546875,0.06103515625,0.9921875,0.9921875,0.01259511336684227,1.0,0.99609375,True,0.6123716831207275,0.6127948760986328,0.013625798645621218,160
two_concepts,TwoLayerCNN,2006,template_release,1.0,0.010700956918299198,0.922634599073173,1.0,0.762664794921875,0.34354339816481216,0.13572598317016205,0.12571629340052648,0.0546875,0.060791015625,0.9921875,0.9921875,0.012598645873367786,1.0,1.0,True,0.6675351858139038,0.6343286037445068,0.010009689769635566,200
two_concepts,TwoLayerCNN,2006,template_retention_1,0.3203125,1.367719292640686,0.9980157983886615,1.0,0.78375244140625,0.38102132038537,-0.03630080110654377,0.0020718937054297754,0.27734375,0.265380859375,0.3359375,0.96484375,8.48901690915227e-05,0.82421875,0.84765625,True,0.0737902820110321,0.7976772785186768,-0.03837269481197354,1
two_concepts,TwoLayerCNN,2006,template_retention_1,0.79296875,1.181310772895813,0.9890201044303419,1.0,0.788543701171875,0.36037492840931484,0.4059720803824205,0.3972499794098856,0.205078125,0.203125,0.796875,0.88671875,0.000694971764460206,0.9609375,0.9921875,True,0.15922389924526215,0.6237456798553467,0.008722100972534896,5
two_concepts,TwoLayerCNN,2006,template_retention_1,0.93359375,0.7404542565345764,0.9763379810230173,1.0,0.7912750244140625,0.35465693558965883,0.3887990248018399,0.38892884187719534,0.130859375,0.12841796875,0.9453125,0.9453125,0.004644447006285191,0.9921875,0.984375,True,0.2859031558036804,0.6653270721435547,-0.00012981707535542064,10
two_concepts,TwoLayerCNN,2006,template_retention_1,0.9765625,0.25189316272735596,0.9797390615182993,1.0,0.7721405029296875,0.35772215244715755,0.43698244737156444,0.315376935360727,0.126953125,0.107421875,0.9765625,0.96875,0.014366068877279758,0.9765625,0.984375,True,0.2829911708831787,0.6274285316467285,0.12160551201083747,20
two_concepts,TwoLayerCNN,2006,template_retention_1,0.984375,0.10943371057510376,0.9914020573645372,1.0,0.7762908935546875,0.37312028542032827,0.40699932090168156,0.2601856491364269,0.123046875,0.08544921875,0.9765625,0.9765625,0.01583174429833889,0.99609375,0.99609375,True,0.17411920428276062,0.621302604675293,0.14681367176525467,40
two_concepts,TwoLayerCNN,2006,template_retention_1,0.9921875,0.056803636252880096,0.9968405331028898,1.0,0.7816314697265625,0.3732687554283204,0.37657707389744743,0.22025368077751148,0.14453125,0.080078125,0.9921875,0.9921875,0.011791831813752651,0.9921875,0.9921875,True,0.10304392874240875,0.6227548122406006,0.15632339311993595,80
two_concepts,TwoLayerCNN,2006,template_retention_1,0.984375,0.04462886229157448,0.9986408440691821,1.0,0.783843994140625,0.370684414949378,0.3469878070362332,0.19854585078556025,0.15234375,0.0859375,0.984375,0.9765625,0.016763677820563316,0.9921875,0.9921875,True,0.06939811259508133,0.6113522052764893,0.14844195625067297,120
two_concepts,TwoLayerCNN,2006,template_retention_1,0.98828125,0.0374411977827549,0.9992880557404616,1.0,0.784515380859375,0.37147597733207294,0.32961404523542104,0.18574340609076748,0.154296875,0.085205078125,0.98828125,0.984375,0.015688955783843994,0.98828125,0.9921875,True,0.05065445601940155,0.6067748069763184,0.14387063914465356,160
two_concepts,TwoLayerCNN,2006,template_retention_1,0.984375,0.03344596177339554,0.9995991594137386,1.0,0.7833251953125,0.3715865842108972,0.31561208346303227,0.17536833757881554,0.154296875,0.08447265625,0.98828125,0.98828125,0.015528742223978043,0.98828125,0.9921875,True,0.03875839710235596,0.5800459384918213,0.14024374588421673,200
two_concepts,TwoLayerCNN,2007,random,0.25,1.363621473312378,0.18355702909331606,0.17791198279783993,0.8137359619140625,0.2260195460296362,0.3508357792902792,0.3914811926459554,0.25,0.25,0.25,1.0,4.354403063189238e-05,0.93359375,0.8828125,True,0.07507392764091492,0.6879246234893799,-0.040645413355676174,1
two_concepts,TwoLayerCNN,2007,random,0.62890625,1.1096421480178833,0.2239547505039307,0.17791198279783993,0.8585052490234375,0.23541836209924927,0.4890338267539094,0.4359880849347697,0.326171875,0.290283203125,0.62109375,0.9140625,0.000897108344361186,0.9765625,0.96484375,True,0.2777167558670044,0.6485283374786377,0.05304574181913968,5
two_concepts,TwoLayerCNN,2007,random,0.93359375,0.4832362234592438,0.27354290168241685,0.17791198279783993,0.8596038818359375,0.2506211907090299,0.4706511133154543,0.36311501409854785,0.224609375,0.110595703125,0.94140625,0.98046875,0.005317948758602142,0.98046875,0.9765625,True,0.5830932855606079,0.6324005126953125,0.10753609921690643,10
two_concepts,TwoLayerCNN,2007,random,0.98828125,0.05810246616601944,0.27938578569250216,0.17791198279783993,0.86700439453125,0.2514046036510659,0.3505070142689223,0.2056089450857337,0.197265625,0.056396484375,0.99609375,0.984375,0.007303030230104923,0.9921875,0.9765625,True,0.9959625005722046,0.6354713439941406,0.14489806918318857,20
two_concepts,TwoLayerCNN,2007,random,0.98828125,0.018610414117574692,0.2779252831304426,0.17791198279783993,0.865325927734375,0.24709979772918717,0.20411159004868495,0.12029965340785703,0.080078125,0.03955078125,0.99609375,0.984375,0.006316658575087786,0.99609375,0.984375,True,1.20156991481781,0.6682488918304443,0.08381193664082792,40
two_concepts,TwoLayerCNN,2007,random,0.99609375,0.009636945091187954,0.2793975710399333,0.17791198279783993,0.8566436767578125,0.25206957099043725,0.1751831495044962,0.0903211101239358,0.08203125,0.037353515625,0.99609375,0.9921875,0.005492642056196928,1.0,0.984375,True,1.340889573097229,0.6870207786560059,0.0848620393805604,80
two_concepts,TwoLayerCNN,2007,random,1.0,0.006643764209002256,0.2798384453603984,0.17791198279783993,0.850982666015625,0.2540503272815285,0.11847458419715373,0.07774383870584578,0.064453125,0.034423828125,0.99609375,0.99609375,0.0049330550245940685,1.0,0.984375,True,1.410200834274292,0.6325013637542725,0.04073074549130795,120
two_concepts,TwoLayerCNN,2007,random,0.99609375,0.0056150308810174465,0.28020220360943404,0.17791198279783993,0.8538360595703125,0.2557079797137838,0.11190458882118082,0.07311041855863812,0.064453125,0.03369140625,0.99609375,0.9921875,0.005068272817879915,1.0,0.984375,True,1.4558827877044678,0.6826014518737793,0.0387941702625427,160
two_concepts,TwoLayerCNN,2007,random,1.0,0.004778553266078234,0.28048926817763853,0.17791198279783993,0.8515167236328125,0.25589799198061036,0.10365859309489533,0.06767795736656305,0.060546875,0.03173828125,0.99609375,0.99609375,0.005104245617985725,1.0,0.984375,True,1.4898737668991089,0.6843695640563965,0.03598063572833228,200
two_concepts,TwoLayerCNN,2007,random_unitnorm,0.28515625,1.3455512523651123,0.1802816681592295,0.1779119834991035,0.780059814453125,0.2081074920959746,0.43362704938558594,0.3985081476870186,0.244140625,0.242431640625,0.27734375,0.953125,0.00012428867921698838,0.92578125,0.8984375,True,0.0782647579908371,0.696582555770874,0.03511890169856735,1
two_concepts,TwoLayerCNN,2007,random_unitnorm,0.703125,0.9950374960899353,0.21201720479162095,0.1779119834991035,0.8736724853515625,0.223361029649009,0.44373690540468336,0.4159785191812144,0.30078125,0.28515625,0.70703125,0.90625,0.0018725412664934993,0.97265625,0.9453125,True,0.29629504680633545,0.6909928321838379,0.027758386223468934,5
two_concepts,TwoLayerCNN,2007,random_unitnorm,0.9375,0.3769772946834564,0.25520375198531886,0.1779119834991035,0.8781890869140625,0.22890159764319873,0.41116783271774315,0.33427826260297794,0.158203125,0.11572265625,0.9375,0.98046875,0.008686546236276627,0.9921875,0.96484375,True,0.6156490445137024,0.6817307472229004,0.07688957011476522,10
two_concepts,TwoLayerCNN,2007,random_unitnorm,0.9921875,0.06268468499183655,0.2637679622977508,0.1779119834991035,0.8743896484375,0.21888016772149813,0.27794222497445364,0.19797157264399529,0.115234375,0.061279296875,0.99609375,0.99609375,0.007774032186716795,0.9921875,0.98828125,True,0.9904720783233643,0.693256139755249,0.07997065233045836,20
two_concepts,TwoLayerCNN,2007,random_unitnorm,0.99609375,0.022370735183358192,0.26505229934219926,0.1779119834991035,0.8651580810546875,0.22256181458222382,0.2213947202101464,0.13186998444031717,0.107421875,0.04833984375,0.99609375,0.9921875,0.007963204756379128,1.0,0.984375,True,1.2036216259002686,0.63053297996521,0.08952473576982922,40
two_concepts,TwoLayerCNN,2007,random_unitnorm,1.0,0.01185553427785635,0.26904162365132195,0.1779119834991035,0.859832763671875,0.21842203223189427,0.14599525214118947,0.10586809687363537,0.060546875,0.046630859375,0.99609375,0.99609375,0.008394780568778515,1.0,0.984375,True,1.360857367515564,0.6358788013458252,0.0401271552675541,80
two_concepts,TwoLayerCNN,2007,random_unitnorm,1.0,0.00887901708483696,0.27039147153506293,0.1779119834991035,0.855621337890625,0.2174117242414994,0.13501883468426945,0.09661328273060214,0.060546875,0.0439453125,0.99609375,0.99609375,0.008434843271970749,1.0,0.984375,True,1.4400259256362915,0.6727118492126465,0.03840555195366731,120
two_concepts,TwoLayerCNN,2007,random_unitnorm,1.0,0.007331796921789646,0.27125618090676645,0.1779119834991035,0.85198974609375,0.21805538752130735,0.13004797611213537,0.0921285700163149,0.060546875,0.0439453125,0.99609375,0.99609375,0.008270177990198135,1.0,0.984375,True,1.4922407865524292,0.6452534198760986,0.037919406095820465,160
two_concepts,TwoLayerCNN,2007,random_unitnorm,1.0,0.006583512760698795,0.2717941756306355,0.1779119834991035,0.85028076171875,0.21824742659036875,0.1236338070308105,0.08698914967074847,0.060546875,0.0439453125,0.99609375,0.99609375,0.008393851108849049,1.0,0.984375,True,1.5309756994247437,0.6636056900024414,0.03664465736006203,200
two_concepts,TwoLayerCNN,2007,template_init,0.2578125,1.365782380104065,0.9976134557182443,1.0,0.8087310791015625,0.41521079313446363,0.40698545605914893,0.050660304533340084,0.25,0.248046875,0.26171875,0.99609375,5.0241851567989215e-05,0.921875,0.91015625,True,0.07615070044994354,0.8241496086120605,0.35632515152580885,1
two_concepts,TwoLayerCNN,2007,template_init,0.81640625,1.1640048027038574,0.9675058914733143,1.0,0.7595672607421875,0.39946356546416323,0.3316893058169381,0.40923152562234405,0.181640625,0.220947265625,0.8125,0.92578125,0.00045982759911566973,0.97265625,0.984375,True,0.2689257264137268,0.6417529582977295,-0.07754221980540593,5
two_concepts,TwoLayerCNN,2007,template_init,0.86328125,0.6503720283508301,0.9002168332712919,1.0,0.78546142578125,0.37712225812909317,0.31206191061932476,0.35946954872806014,0.16015625,0.173095703125,0.87109375,0.96875,0.003638534341007471,0.98046875,0.98046875,True,0.5793562531471252,0.6783418655395508,-0.047407638108735384,10
two_concepts,TwoLayerCNN,2007,template_init,0.96484375,0.13412873446941376,0.8134045626284092,1.0,0.8069305419921875,0.3468425082929189,0.20997883558622088,0.2132891978698519,0.072265625,0.07275390625,0.96484375,0.9765625,0.006904486566781998,0.99609375,0.97265625,True,1.0696501731872559,0.6271076202392578,-0.0033103622836310187,20
two_concepts,TwoLayerCNN,2007,template_init,1.0,0.018665893003344536,0.7697194686085211,1.0,0.7579193115234375,0.3374714103313806,0.14502048611964458,0.11928810546151072,0.03125,0.025390625,0.99609375,0.99609375,0.004915289115160704,1.0,0.98046875,True,1.3957223892211914,0.6390082836151123,0.025732380658133852,40
two_concepts,TwoLayerCNN,2007,template_init,1.0,0.004769128281623125,0.7489012602767214,1.0,0.7655029296875,0.3348688027415887,0.09681110854995634,0.08099389357870164,0.02734375,0.021728515625,0.99609375,0.99609375,0.005507279187440872,1.0,0.984375,True,1.5994757413864136,0.7319610118865967,0.015817214971254698,80
two_concepts,TwoLayerCNN,2007,template_init,1.0,0.002366430126130581,0.7401721976126074,1.0,0.768402099609375,0.33666907600579976,0.07462960277032293,0.06630804558164592,0.017578125,0.018798828125,0.99609375,0.99609375,0.00570610212162137,1.0,0.98828125,True,1.6934775114059448,0.6305394172668457,0.008321557188677012,120
two_concepts,TwoLayerCNN,2007,template_init,1.0,0.0015787805896252394,0.7348500830819947,1.0,0.76885986328125,0.3363253568783142,0.04182693755657918,0.06002392439898305,0.01171875,0.017822265625,0.99609375,0.99609375,0.005920932162553072,1.0,0.98828125,True,1.752366304397583,0.59452223777771,-0.018196986842403867,160
two_concepts,TwoLayerCNN,2007,template_init,1.0,0.0011603990569710732,0.7310267339596898,1.0,0.76898193359375,0.335814440758862,0.03807646727010805,0.05606313300700484,0.01171875,0.017333984375,0.99609375,0.99609375,0.005741522181779146,1.0,0.98828125,True,1.7946901321411133,0.6330254077911377,-0.017986665736896792,200
two_concepts,TwoLayerCNN,2007,template_release,0.2578125,1.3656851053237915,0.9981027416904215,1.0,0.8082427978515625,0.41356963387948603,0.4040973675514925,0.04781677425374839,0.25,0.247802734375,0.26171875,0.99609375,5.0624927098397166e-05,0.93359375,0.9140625,True,0.06804311275482178,0.8552024364471436,0.3562805932977441,1
two_concepts,TwoLayerCNN,2007,template_release,0.82421875,1.1838947534561157,0.9906630350271509,1.0,0.75341796875,0.40822054648817674,0.3044160977581032,0.40513767170130566,0.150390625,0.217529296875,0.8125,0.94921875,0.00045435523497872055,0.9765625,0.96484375,True,0.14498627185821533,0.6031041145324707,-0.10072157394320247,5
two_concepts,TwoLayerCNN,2007,template_release,0.875,0.7697840332984924,0.9796150225856888,1.0,0.7575836181640625,0.4098951284734508,0.288379128722536,0.3588171720731945,0.091796875,0.177490234375,0.859375,0.96875,0.0028555055614560843,0.98828125,0.9765625,True,0.2663419842720032,0.605841875076294,-0.07043804335065851,10
two_concepts,TwoLayerCNN,2007,template_release,0.92578125,0.2959061861038208,0.9732489033057452,1.0,0.7687225341796875,0.4115874527240406,0.19807491390697352,0.2717613006582922,0.044921875,0.114013671875,0.9453125,0.98046875,0.007914522662758827,0.98828125,0.984375,True,0.3106232285499573,0.6162011623382568,-0.07368638675131867,20
two_concepts,TwoLayerCNN,2007,template_release,0.98828125,0.08235661685466766,0.9751980186404234,1.0,0.7695770263671875,0.4099414495276041,0.14114557406684936,0.20656855745223834,0.017578125,0.043701171875,0.984375,0.99609375,0.006237129680812359,0.9921875,0.984375,True,0.28829413652420044,0.6342620849609375,-0.06542298338538899,40
two_concepts,TwoLayerCNN,2007,template_release,0.9921875,0.02154260315001011,0.959785959046739,1.0,0.7649993896484375,0.39878479726538696,0.07619039182803089,0.12498051383466276,0.009765625,0.034423828125,0.9921875,1.0,0.003446446731686592,0.9921875,0.98828125,True,0.3852542042732239,0.6496386528015137,-0.04879012200663187,80
two_concepts,TwoLayerCNN,2007,template_release,1.0,0.007474059239029884,0.9238634250221824,1.0,0.7448577880859375,0.38129668095323394,0.022239939241149864,0.07796503667532075,0.009765625,0.025146484375,0.9921875,0.9921875,0.0047544315457344055,1.0,0.98828125,True,0.5972424149513245,0.6174297332763672,-0.05572509743417088,120
two_concepts,TwoLayerCNN,2007,template_release,1.0,0.00596057390794158,0.9106528663051321,1.0,0.7523345947265625,0.3757205123372248,0.021113996169337845,0.06474397280670738,0.009765625,0.02294921875,0.9921875,0.9921875,0.005448149982839823,1.0,0.984375,True,0.683393120765686,0.5791864395141602,-0.04362997663736953,160
two_concepts,TwoLayerCNN,2007,template_release,1.0,0.004966250155121088,0.9029182903839081,1.0,0.7497406005859375,0.37422864138677303,0.020690320989666056,0.05742215532342797,0.009765625,0.021484375,0.9921875,0.9921875,0.005972651764750481,1.0,0.984375,True,0.7380820512771606,0.6154270172119141,-0.03673183433376191,200
two_concepts,TwoLayerCNN,2007,template_retention_1,0.2578125,1.3656851053237915,0.9981027416904215,1.0,0.8082427978515625,0.41356963387948603,0.4040973675514925,0.04781677425374839,0.25,0.247802734375,0.26171875,0.99609375,5.0624927098397166e-05,0.93359375,0.9140625,True,0.06804311275482178,0.9297237396240234,0.3562805932977441,1
two_concepts,TwoLayerCNN,2007,template_retention_1,0.82421875,1.1838947534561157,0.9906630350271509,1.0,0.75341796875,0.40822054648817674,0.3044160977581032,0.40513767170130566,0.150390625,0.217529296875,0.8125,0.94921875,0.00045435523497872055,0.9765625,0.96484375,True,0.14498627185821533,0.6321649551391602,-0.10072157394320247,5
two_concepts,TwoLayerCNN,2007,template_retention_1,0.875,0.7697840332984924,0.9796150225856888,1.0,0.7575836181640625,0.4098951284734508,0.288379128722536,0.3588171720731945,0.091796875,0.177490234375,0.859375,0.96875,0.0028555055614560843,0.98828125,0.9765625,True,0.2663419842720032,0.5946211814880371,-0.07043804335065851,10
two_concepts,TwoLayerCNN,2007,template_retention_1,0.92578125,0.3075440227985382,0.976560566302713,1.0,0.7694244384765625,0.41229506941715044,0.20350361768201952,0.2756439482209072,0.048828125,0.119873046875,0.9375,0.98828125,0.00791659951210022,0.98828125,0.98046875,True,0.28800642490386963,0.6121978759765625,-0.07214033053888769,20
two_concepts,TwoLayerCNN,2007,template_retention_1,0.98828125,0.09823089092969894,0.9842445091282749,1.0,0.7740020751953125,0.41463293500970055,0.15916065962897297,0.21799045338554274,0.01953125,0.043212890625,0.984375,0.99609375,0.00746904918923974,0.98828125,0.984375,True,0.22277683019638062,0.624849796295166,-0.05882979375656977,40
two_concepts,TwoLayerCNN,2007,template_retention_1,0.9921875,0.036148834973573685,0.9928320236017787,1.0,0.7800445556640625,0.4086840159171744,0.2025609901796641,0.1647936345723376,0.046875,0.03466796875,0.9921875,0.9921875,0.006499495357275009,0.9921875,0.984375,True,0.14518851041793823,0.6469981670379639,0.037767355607326525,80
two_concepts,TwoLayerCNN,2007,template_retention_1,0.9921875,0.02450527437031269,0.9960139183692001,1.0,0.780731201171875,0.4025173828949298,0.17537071795636827,0.14185399755725508,0.064453125,0.03369140625,0.9921875,0.9921875,0.005586319137364626,0.9921875,0.984375,True,0.10664473474025726,0.6056971549987793,0.03351672039911319,120
two_concepts,TwoLayerCNN,2007,template_retention_1,0.99609375,0.018269822001457214,0.997472741054328,1.0,0.7813873291015625,0.3976753421565008,0.12281239393488608,0.13466213818084688,0.021484375,0.03857421875,0.9921875,0.99609375,0.004977310076355934,0.9921875,0.98046875,True,0.08475340902805328,0.6767981052398682,-0.011849744245960803,160
two_concepts,TwoLayerCNN,2007,template_retention_1,0.99609375,0.014886563643813133,0.998229455491861,1.0,0.782989501953125,0.39661434697871994,0.10900251141676087,0.12215940263314963,0.021484375,0.03564453125,0.9921875,0.99609375,0.004319066181778908,0.9921875,0.98046875,True,0.07078847289085388,0.6263453960418701,-0.013156891216388758,200
two_concepts,TwoLayerCNN,2008,random,0.41015625,1.3526504039764404,0.16679915954475752,0.16501419257706995,0.7412261962890625,0.1653596291738224,0.5495061196076801,0.3760180146600449,0.265625,0.27783203125,0.4140625,0.859375,5.5932912800926715e-05,0.96484375,0.9765625,True,0.07146686315536499,0.629676342010498,0.17348810494763522,1
two_concepts,TwoLayerCNN,2008,random,0.79296875,1.0606694221496582,0.22414229388810808,0.16501419257706995,0.716156005859375,0.20719676382134278,0.5095107884566978,0.39094662143627135,0.216796875,0.213623046875,0.79296875,0.8515625,0.0007831098628230393,0.98046875,0.98828125,True,0.30357691645622253,0.6403098106384277,0.11856416702042649,5
two_concepts,TwoLayerCNN,2008,random,0.921875,0.47602948546409607,0.2824150661949514,0.16501419257706995,0.7656097412109375,0.20987559748708814,0.40728830245368874,0.3098367556234318,0.126953125,0.11474609375,0.94140625,0.94921875,0.009899591095745564,0.98046875,0.99609375,True,0.6460388898849487,0.6383936405181885,0.09745154683025692,10
two_concepts,TwoLayerCNN,2008,random,0.984375,0.10314758121967316,0.29437837661852073,0.16501419257706995,0.8219451904296875,0.24160615182989392,0.252672206412335,0.20191828214288698,0.05859375,0.050537109375,0.98046875,0.98046875,0.01171819306910038,0.98046875,0.99609375,True,1.0340969562530518,0.6226377487182617,0.050753924269448025,20
two_concepts,TwoLayerCNN,2008,random,0.984375,0.0575854517519474,0.2875828946224081,0.16501419257706995,0.82427978515625,0.25823335875384607,0.19269381884934045,0.13990314800398307,0.0546875,0.048095703125,0.9921875,0.9921875,0.008137705735862255,0.9921875,1.0,True,1.2400108575820923,0.636460542678833,0.05279067084535738,40
two_concepts,TwoLayerCNN,2008,random,0.98828125,0.050436269491910934,0.28216532072246575,0.16501419257706995,0.820343017578125,0.26000894983033573,0.14744306641116744,0.11133489606776022,0.0625,0.045654296875,0.9921875,0.99609375,0.0053390683606266975,0.9921875,1.0,True,1.3738470077514648,0.6400675773620605,0.03610817034340723,80
two_concepts,TwoLayerCNN,2008,random,0.98828125,0.05000962316989899,0.27995687546136666,0.16501419257706995,0.8191070556640625,0.260100571672463,0.1336161796562748,0.0997681980205097,0.0625,0.04443359375,0.9921875,0.99609375,0.004708319902420044,0.9921875,1.0,True,1.441494345664978,0.5966904163360596,0.03384798163576512,120
two_concepts,TwoLayerCNN,2008,random,0.98828125,0.05012401565909386,0.27893386907670487,0.16501419257706995,0.8179931640625,0.258071161127999,0.125789068108895,0.09298099495532752,0.06640625,0.04443359375,0.9921875,0.99609375,0.00424317829310894,0.9921875,1.0,True,1.4866920709609985,0.6409866809844971,0.032808073153567485,160
two_concepts,TwoLayerCNN,2008,random,0.98828125,0.05101975053548813,0.27816480358958356,0.16501419257706995,0.8165283203125,0.2581106722559027,0.1214989048213837,0.08923223348896371,0.064453125,0.0439453125,0.9921875,0.99609375,0.004042548593133688,0.9921875,1.0,True,1.520674228668213,0.6265723705291748,0.03226667133241999,200
two_concepts,TwoLayerCNN,2008,random_unitnorm,0.5703125,1.33290696144104,0.16367696011235225,0.1650141922105735,0.78070068359375,0.17822642633040808,0.42768654703960607,0.3777226042537013,0.296875,0.274169921875,0.55859375,0.86328125,0.00015425411402247846,0.921875,0.9453125,True,0.07369822263717651,0.7458047866821289,0.04996394278590477,1
two_concepts,TwoLayerCNN,2008,random_unitnorm,0.8515625,0.9856428503990173,0.19744242798932557,0.1650141922105735,0.7479705810546875,0.20909871231561233,0.5112152606326852,0.3475041595988998,0.2265625,0.1904296875,0.85546875,0.90234375,0.0015670638531446457,0.96484375,0.9921875,True,0.3060516119003296,0.6376464366912842,0.1637111010337854,5
two_concepts,TwoLayerCNN,2008,random_unitnorm,0.93359375,0.4490096867084503,0.24071773223843176,0.1650141922105735,0.7610931396484375,0.22080654123681698,0.4124739349167653,0.2921102954704645,0.119140625,0.09716796875,0.93359375,0.95703125,0.009282205253839493,0.98046875,0.99609375,True,0.6138619184494019,0.6673774719238281,0.1203636394463008,10
two_concepts,TwoLayerCNN,2008,random_unitnorm,0.98828125,0.10773038119077682,0.25969663820153865,0.1650141922105735,0.77264404296875,0.22639412488548563,0.29538361957819914,0.2024890258582994,0.09765625,0.05126953125,0.984375,0.9765625,0.012988359667360783,0.9921875,1.0,True,0.9789276123046875,0.6199958324432373,0.09289459371989975,20
two_concepts,TwoLayerCNN,2008,random_unitnorm,0.9921875,0.04828498885035515,0.26427120425067646,0.1650141922105735,0.7694091796875,0.2277015521178808,0.18767401079053747,0.1451083261398325,0.0703125,0.03955078125,0.99609375,0.9921875,0.01153584849089384,0.9921875,1.0,True,1.2004544734954834,0.6340575218200684,0.04256568465070498,40
two_concepts,TwoLayerCNN,2008,random_unitnorm,0.9921875,0.03975886106491089,0.26829250852529646,0.1650141922105735,0.7659149169921875,0.22533493786144512,0.15281544121606383,0.11265574407149682,0.0703125,0.038330078125,0.99609375,0.9921875,0.012074548751115799,0.9921875,1.0,True,1.3453319072723389,0.6125087738037109,0.040159697144567005,80
two_concepts,TwoLayerCNN,2008,random_unitnorm,0.9921875,0.03956438601016998,0.26999957689592996,0.1650141922105735,0.761260986328125,0.22362363886283115,0.12605758719475701,0.09664803470103348,0.064453125,0.035888671875,0.99609375,0.9921875,0.012623830698430538,0.9921875,1.0,True,1.4189155101776123,0.6108663082122803,0.02940955249372354,120
two_concepts,TwoLayerCNN,2008,random_unitnorm,0.9921875,0.040167588740587234,0.2710772637396727,0.1650141922105735,0.760467529296875,0.22310893428162681,0.11760160512328832,0.08890389039921838,0.06640625,0.03515625,0.99609375,0.9921875,0.012948356568813324,0.9921875,1.0,True,1.4681763648986816,0.6215794086456299,0.028697714724069942,160
two_concepts,TwoLayerCNN,2008,random_unitnorm,0.9921875,0.04074014723300934,0.27186053243007013,0.1650141922105735,0.7596435546875,0.22253754225743444,0.11204784066469842,0.08384600097408014,0.064453125,0.03515625,0.99609375,0.9921875,0.013173926621675491,0.9921875,1.0,True,1.505271553993225,0.6129364967346191,0.028201839690618277,200
two_concepts,TwoLayerCNN,2008,template_init,0.3046875,1.3280251026153564,0.9976230758936815,1.0,0.7869720458984375,0.4213910547784013,0.2892413352281199,0.3491174548146786,0.271484375,0.23193359375,0.328125,0.92578125,9.742565453052521e-05,0.94140625,0.9609375,True,0.07389531284570694,0.7921264171600342,-0.059876119586558696,1
two_concepts,TwoLayerCNN,2008,template_init,0.8515625,1.0479000806808472,0.9669278503509952,1.0,0.775054931640625,0.40455970844986866,0.31466697705347235,0.37045546316879524,0.12109375,0.159423828125,0.8203125,0.859375,0.0007703194860368967,0.98828125,0.98828125,True,0.2898648977279663,0.6205155849456787,-0.05578848611532289,5
two_concepts,TwoLayerCNN,2008,template_init,0.9375,0.528346598148346,0.9090267285665339,1.0,0.753387451171875,0.37472193334429027,0.29100791712864416,0.3260032445470308,0.109375,0.122314453125,0.93359375,0.96484375,0.00446950551122427,0.99609375,1.0,True,0.6004533171653748,0.6193127632141113,-0.034995327418386624,10
two_concepts,TwoLayerCNN,2008,template_init,0.98046875,0.10458995401859283,0.8339610735719074,1.0,0.7681121826171875,0.3469333355809182,0.20444914169686101,0.21677343490905743,0.056640625,0.069091796875,0.984375,0.98828125,0.008281667716801167,0.9921875,1.0,True,1.0533243417739868,0.6092822551727295,-0.012324293212196413,20
two_concepts,TwoLayerCNN,2008,template_init,0.98828125,0.04129483923316002,0.7954478958207696,1.0,0.7921905517578125,0.3370593623132646,0.11300591118426684,0.15088991187653045,0.041015625,0.0546875,0.98828125,0.9921875,0.006083647254854441,0.98828125,1.0,True,1.323319673538208,0.6022522449493408,-0.03788400069226361,40
two_concepts,TwoLayerCNN,2008,template_init,0.9921875,0.032878581434488297,0.7759866610285442,1.0,0.7929229736328125,0.33176556983757205,0.08410445571520053,0.11886033592631517,0.037109375,0.05029296875,0.98828125,0.99609375,0.006432528141885996,0.9921875,1.0,True,1.4941902160644531,0.6436827182769775,-0.03475588021111464,80
two_concepts,TwoLayerCNN,2008,template_init,0.9921875,0.030233824625611305,0.7677768984459394,1.0,0.7943115234375,0.33005533827078304,0.07111127810963314,0.10355798704454748,0.037109375,0.04833984375,0.98828125,0.99609375,0.0065789902582764626,0.9921875,1.0,True,1.5771024227142334,0.6251332759857178,-0.032446708934914345,120
two_concepts,TwoLayerCNN,2008,template_init,0.9921875,0.029733804985880852,0.7625439739893333,1.0,0.794921875,0.32873041813644865,0.06476422678641602,0.09461250126270285,0.033203125,0.046875,0.98828125,0.99609375,0.006484595593065023,0.9921875,1.0,True,1.6316137313842773,0.6387670040130615,-0.029848274476286824,160
two_concepts,TwoLayerCNN,2008,template_init,0.9921875,0.02940521575510502,0.7588815538937356,1.0,0.7949981689453125,0.328504118696159,0.06095656037375641,0.0889510392483627,0.033203125,0.044921875,0.98828125,0.99609375,0.006330880336463451,0.9921875,1.0,True,1.671863079071045,0.626396894454956,-0.027994478874606293,200
two_concepts,TwoLayerCNN,2008,template_release,0.296875,1.3280344009399414,0.9980144996528777,1.0,0.7867279052734375,0.4202469580331374,0.28888501450630166,0.3480583584596292,0.271484375,0.232421875,0.328125,0.92578125,9.682659583631903e-05,0.94140625,0.95703125,True,0.06772179156541824,0.8098244667053223,-0.05917334395332752,1
two_concepts,TwoLayerCNN,2008,template_release,0.84375,1.0720479488372803,0.9870255996558792,1.0,0.7716522216796875,0.4241352558065651,0.3805590934673866,0.36424520618734096,0.130859375,0.15966796875,0.82421875,0.86328125,0.0006747042643837631,0.98828125,0.9921875,True,0.1836201548576355,0.6214852333068848,0.016313887280045625,5
two_concepts,TwoLayerCNN,2008,template_release,0.9375,0.6351199150085449,0.9785341811985495,1.0,0.748291015625,0.41928294742370215,0.3956234326234358,0.3204159299900558,0.1015625,0.115234375,0.9375,0.96484375,0.0036474100779742002,0.98828125,1.0,True,0.2847880721092224,0.6415011882781982,0.07520750263338,10
two_concepts,TwoLayerCNN,2008,template_release,0.96875,0.23030580580234528,0.9767680708949569,1.0,0.7629241943359375,0.41000900468981305,0.3142599361899038,0.2564562733065424,0.083984375,0.085205078125,0.96484375,0.98828125,0.008117561228573322,0.9921875,1.0,True,0.2885870337486267,0.6383793354034424,0.05780366288336136,20
two_concepts,TwoLayerCNN,2008,template_release,0.9921875,0.08492295444011688,0.9825153402733071,1.0,0.762451171875,0.4099199715821912,0.24726889738571745,0.22119626620903637,0.046875,0.062255859375,0.98828125,0.99609375,0.007324794307351112,0.9921875,1.0,True,0.23908406496047974,0.6449966430664062,0.02607263117668107,40
two_concepts,TwoLayerCNN,2008,template_release,0.9921875,0.032663002610206604,0.9689814725930535,1.0,0.7950439453125,0.3956887614309132,0.1798731344615353,0.15091144075858925,0.052734375,0.052734375,0.98828125,0.99609375,0.006540173664689064,0.9921875,1.0,True,0.3297381103038788,0.6704823970794678,0.028961693702946045,80
two_concepts,TwoLayerCNN,2008,template_release,0.9921875,0.021718833595514297,0.9361115134662068,1.0,0.7867889404296875,0.3856091560531831,0.1093927688241958,0.10368180115689725,0.052734375,0.043701171875,0.98828125,0.99609375,0.007046385668218136,0.9921875,1.0,True,0.5367529988288879,0.607342004776001,0.005710967667298547,120
two_concepts,TwoLayerCNN,2008,template_release,0.9921875,0.020294470712542534,0.9241666095870256,1.0,0.7852630615234375,0.38169199798608044,0.10005551536152901,0.09065627391953951,0.05078125,0.041015625,0.98828125,0.99609375,0.0068094744347035885,0.9921875,1.0,True,0.6172093152999878,0.6499106884002686,0.009399241441989503,160
two_concepts,TwoLayerCNN,2008,template_release,0.9921875,0.01950749382376671,0.9164768545177675,1.0,0.7851104736328125,0.3800425802351446,0.06772710041293872,0.08306317327320413,0.03515625,0.039306640625,0.98828125,0.99609375,0.006613614037632942,0.9921875,1.0,True,0.6701531410217285,0.6151728630065918,-0.015336072860265407,200
two_concepts,TwoLayerCNN,2008,template_retention_1,0.296875,1.3280344009399414,0.9980144996528777,1.0,0.7867279052734375,0.4202469580331374,0.28888501450630166,0.3480583584596292,0.271484375,0.232421875,0.328125,0.92578125,9.682659583631903e-05,0.94140625,0.95703125,True,0.06772179156541824,0.7652380466461182,-0.05917334395332752,1
two_concepts,TwoLayerCNN,2008,template_retention_1,0.84375,1.0720479488372803,0.9870255996558792,1.0,0.7716522216796875,0.4241352558065651,0.3805590934673866,0.36424520618734096,0.130859375,0.15966796875,0.82421875,0.86328125,0.0006747042643837631,0.98828125,0.9921875,True,0.1836201548576355,0.6412272453308105,0.016313887280045625,5
two_concepts,TwoLayerCNN,2008,template_retention_1,0.9375,0.6351199150085449,0.9785341811985495,1.0,0.748291015625,0.41928294742370215,0.3956234326234358,0.3204159299900558,0.1015625,0.115234375,0.9375,0.96484375,0.0036474100779742002,0.98828125,1.0,True,0.2847880721092224,0.6165626049041748,0.07520750263338,10
two_concepts,TwoLayerCNN,2008,template_retention_1,0.96484375,0.23956657946109772,0.9797041184735611,1.0,0.763031005859375,0.41171558749435344,0.3165801902945504,0.25871152977458417,0.08203125,0.08740234375,0.9609375,0.98828125,0.008124065585434437,0.9921875,1.0,True,0.2669934630393982,0.6005654335021973,0.05786866051996625,20
two_concepts,TwoLayerCNN,2008,template_retention_1,0.9921875,0.09704051911830902,0.98914328123024,1.0,0.762054443359375,0.41161161927874357,0.26121840285997233,0.2279760576615596,0.041015625,0.060791015625,0.98828125,0.99609375,0.007654249668121338,0.9921875,1.0,True,0.18425658345222473,0.6255996227264404,0.03324234519841274,40
two_concepts,TwoLayerCNN,2008,template_retention_1,0.9921875,0.04896382987499237,0.9954687870235981,1.0,0.7722015380859375,0.4064890963406785,0.23674786896704914,0.19343607219598097,0.05859375,0.0634765625,0.98828125,0.99609375,0.006181374192237854,0.99609375,1.0,True,0.1161763072013855,0.6358132362365723,0.04331179677106817,80
two_concepts,TwoLayerCNN,2008,template_retention_1,0.9921875,0.03722367063164711,0.9975187857112837,1.0,0.7711944580078125,0.40759072683309094,0.22087477682465995,0.1695304190215962,0.05859375,0.0625,0.98828125,0.99609375,0.005824941676110029,0.9921875,1.0,True,0.0841711238026619,0.6305480003356934,0.051344357803063734,120
two_concepts,TwoLayerCNN,2008,template_retention_1,0.98828125,0.03311974182724953,0.9984636707176466,1.0,0.7703094482421875,0.4086851179754721,0.21085567828309382,0.15359086415392278,0.068359375,0.05908203125,0.98828125,0.9921875,0.005892553366720676,0.9921875,1.0,True,0.06283299624919891,0.6170105934143066,0.05726481412917103,160
two_concepts,TwoLayerCNN,2008,template_retention_1,0.9921875,0.030586615204811096,0.9989989048396295,1.0,0.7696380615234375,0.40631616087112354,0.2554195651383643,0.14715351720581438,0.09765625,0.06005859375,0.98828125,0.99609375,0.006461913697421551,0.9921875,1.0,True,0.05127403140068054,0.6150825023651123,0.1082660479325499,200
two_concepts,TwoLayerCNN,2009,random,0.3046875,1.3604167699813843,0.13646590081562293,0.13664004692818296,0.77069091796875,0.22469693205870722,0.4602528674609684,0.4205592817990106,0.28125,0.288818359375,0.29296875,0.91796875,5.3032159485155717e-05,0.93359375,0.92578125,True,0.06914065778255463,0.677598237991333,0.0396935856619578,1
two_concepts,TwoLayerCNN,2009,random,0.78125,1.0835285186767578,0.17585569607311344,0.13664004692818296,0.85931396484375,0.2213117371768653,0.5504480970190418,0.4159361906151633,0.298828125,0.239990234375,0.76953125,0.8984375,0.0009502776665613055,0.98828125,0.96875,True,0.27135562896728516,0.6417107582092285,0.13451190640387856,5
two_concepts,TwoLayerCNN,2009,random,0.90625,0.4570312798023224,0.24066823745115215,0.13664004692818296,0.866455078125,0.19620657294845142,0.481192818112573,0.3370171902176605,0.267578125,0.17138671875,0.89453125,0.9453125,0.00783928669989109,0.9765625,0.984375,True,0.5863144993782043,0.6495568752288818,0.14417562789491245,10
two_concepts,TwoLayerCNN,2009,random,0.984375,0.0962340235710144,0.24930355274700805,0.13664004692818296,0.853790283203125,0.17864310229191027,0.29265061616810406,0.2159293747322986,0.173828125,0.087158203125,0.9765625,0.96875,0.011990999802947044,0.99609375,0.98828125,True,0.950535237789154,0.6234002113342285,0.07672124143580547,20
two_concepts,TwoLayerCNN,2009,random,0.9921875,0.04241668060421944,0.24451198412113626,0.13664004692818296,0.8580169677734375,0.17585987838943717,0.2599951957430172,0.16128530561025803,0.181640625,0.074462890625,0.98828125,0.98828125,0.014612388797104359,0.99609375,0.9921875,True,1.1533567905426025,0.6467585563659668,0.09870989013275919,40
two_concepts,TwoLayerCNN,2009,random,0.9921875,0.030730247497558594,0.24371599785109846,0.13664004692818296,0.8622589111328125,0.17501270144637526,0.1834507591618355,0.12233166377958436,0.1328125,0.06591796875,1.0,0.9921875,0.013477765023708344,0.9921875,0.9921875,True,1.3075950145721436,0.6671953201293945,0.061119095382251146,80
two_concepts,TwoLayerCNN,2009,random,0.9921875,0.030698293820023537,0.24389425083510025,0.13664004692818296,0.8626861572265625,0.17519109867410354,0.17669385859100206,0.11427842028233944,0.13671875,0.067138671875,1.0,0.9921875,0.01343177817761898,0.9921875,0.9921875,True,1.386430025100708,0.6718487739562988,0.06241543830866263,120
two_concepts,TwoLayerCNN,2009,random,0.9921875,0.030820202082395554,0.2441233706961699,0.13664004692818296,0.8624420166015625,0.1749408091930305,0.17242000503651222,0.10961662346033324,0.134765625,0.06787109375,1.0,0.9921875,0.013037987984716892,0.9921875,0.9921875,True,1.4387474060058594,0.6218066215515137,0.06280338157617898,160
two_concepts,TwoLayerCNN,2009,random,0.9921875,0.030676191672682762,0.2442697379227736,0.13664004692818296,0.8617706298828125,0.1747435318359145,0.16722760379176982,0.10450904022350457,0.1328125,0.06689453125,1.0,0.9921875,0.012646107003092766,0.9921875,0.9921875,True,1.4776809215545654,0.6886250972747803,0.06271856356826525,200
two_concepts,TwoLayerCNN,2009,random_unitnorm,0.40234375,1.3538386821746826,0.13482377902194992,0.13664004658630557,0.722900390625,0.20618503727948195,0.4166761198054614,0.41685658775960055,0.328125,0.32568359375,0.4296875,0.828125,9.632130968384445e-05,0.95703125,0.96484375,True,0.06933228671550751,0.7235879898071289,-0.00018046795413917405,1
two_concepts,TwoLayerCNN,2009,random_unitnorm,0.80078125,1.0571084022521973,0.1554053808163382,0.13664004658630557,0.81292724609375,0.21028855920489184,0.5401059957657859,0.4076464501403344,0.275390625,0.227294921875,0.8125,0.9375,0.0011249403469264507,0.984375,0.97265625,True,0.27725955843925476,0.6469488143920898,0.13245954562545148,5
two_concepts,TwoLayerCNN,2009,random_unitnorm,0.90234375,0.46071696281433105,0.19726638085667295,0.13664004658630557,0.7845916748046875,0.21537255419840096,0.511254741434979,0.33035491937137196,0.298828125,0.166015625,0.890625,0.9296875,0.007677033543586731,0.98828125,0.98828125,True,0.5841703414916992,0.6202495098114014,0.180899822063607,10
two_concepts,TwoLayerCNN,2009,random_unitnorm,0.9765625,0.10431678593158722,0.20594124683417392,0.13664004658630557,0.8092498779296875,0.21412451702783325,0.3481903935069497,0.21716692109320884,0.20703125,0.090087890625,0.97265625,0.96484375,0.014661233872175217,0.9921875,0.99609375,True,0.952782154083252,0.660557746887207,0.13102347241374085,20
two_concepts,TwoLayerCNN,2009,random_unitnorm,0.98828125,0.04166295751929283,0.20391713349458757,0.13664004658630557,0.8097686767578125,0.20459910256601416,0.3170400650533477,0.15760417921749914,0.203125,0.064453125,0.9921875,0.98046875,0.017267119139432907,0.9921875,0.99609375,True,1.176395297050476,0.6736886501312256,0.15943588583584856,40
two_concepts,TwoLayerCNN,2009,random_unitnorm,0.98828125,0.028805207461118698,0.2037621958443952,0.13664004658630557,0.8096160888671875,0.19689270739999565,0.2750478014480262,0.11457297465636417,0.201171875,0.0537109375,1.0,0.98828125,0.016357608139514923,0.9921875,0.99609375,True,1.3348758220672607,0.6840457916259766,0.16047482679166203,80
two_concepts,TwoLayerCNN,2009,random_unitnorm,0.98828125,0.025141697376966476,0.2037828518874387,0.13664004658630557,0.8108367919921875,0.19279407072608842,0.2615550582710622,0.10008549330655753,0.19921875,0.052490234375,1.0,0.98828125,0.015305643901228905,0.9921875,0.99609375,True,1.4137988090515137,0.6310961246490479,0.16146956496450465,120
two_concepts,TwoLayerCNN,2009,random_unitnorm,0.98828125,0.023740781471133232,0.20370423063863996,0.13664004658630557,0.8115386962890625,0.19089425285876074,0.25557640752468835,0.09527126862733726,0.19921875,0.052001953125,1.0,0.98828125,0.014541021548211575,0.9921875,0.99609375,True,1.4661078453063965,0.7241792678833008,0.1603051388973511,160
two_concepts,TwoLayerCNN,2009,random_unitnorm,0.9921875,0.02253400906920433,0.20368721409830198,0.13664004658630557,0.812530517578125,0.1892157262642599,0.25059173686087366,0.08944568331489482,0.1953125,0.051513671875,1.0,0.9921875,0.01396891474723816,0.9921875,0.99609375,True,1.5050896406173706,0.6443483829498291,0.16114605354597883,200
two_concepts,TwoLayerCNN,2009,template_init,0.25,1.3609951734542847,0.9978694638164191,1.0,0.7527313232421875,0.40036644986851294,0.2668100892777443,0.38407700088864727,0.25390625,0.25341796875,0.25,1.0,8.903982961783186e-05,0.8828125,0.8984375,True,0.07178004086017609,0.7726545333862305,-0.11726691161090297,1
two_concepts,TwoLayerCNN,2009,template_init,0.65234375,1.1740750074386597,0.9733737100916375,1.0,0.75909423828125,0.3897027501914418,0.3323103785353132,0.3919214189614044,0.1640625,0.220703125,0.66015625,0.875,0.0005672146799042821,0.94140625,0.9609375,True,0.25081944465637207,0.7716822624206543,-0.05961104042609122,5
two_concepts,TwoLayerCNN,2009,template_init,0.85546875,0.7082664966583252,0.911375873055289,1.0,0.7662811279296875,0.36037212197922264,0.3480119963551851,0.34279079219939773,0.177734375,0.204833984375,0.875,0.86328125,0.003919556271284819,0.95703125,0.98828125,True,0.5498806834220886,0.7843074798583984,0.005221204155787362,10
two_concepts,TwoLayerCNN,2009,template_init,0.98046875,0.20350132882595062,0.8338563284916325,1.0,0.771636962890625,0.33797358029207025,0.26976144657911527,0.24106678839450707,0.08984375,0.0869140625,0.97265625,0.96875,0.014562152326107025,0.9921875,1.0,True,1.002257227897644,0.5997612476348877,0.0286946581846082,20
two_concepts,TwoLayerCNN,2009,template_init,0.9921875,0.05337781086564064,0.7857708154109807,1.0,0.73309326171875,0.3285118062056355,0.19077704905222448,0.16708653507413745,0.060546875,0.063720703125,0.9921875,0.984375,0.015678565949201584,0.9921875,1.0,True,1.3422250747680664,0.6119458675384521,0.023690513978087024,40
two_concepts,TwoLayerCNN,2009,template_init,0.9921875,0.03390134125947952,0.7619493061632259,1.0,0.718414306640625,0.329344388243875,0.1181584145820116,0.11669969120839274,0.044921875,0.048828125,0.9921875,0.984375,0.015613151714205742,0.9921875,1.0,True,1.538454294204712,0.6198406219482422,0.0014587233736188532,80
two_concepts,TwoLayerCNN,2009,template_init,0.9921875,0.031398117542266846,0.7526727784030735,1.0,0.7261199951171875,0.32919598302134784,0.09391327567661478,0.09760116161472783,0.037109375,0.043212890625,0.99609375,0.98828125,0.014755901880562305,0.9921875,1.0,True,1.6230508089065552,0.6610913276672363,-0.0036878859381130474,120
two_concepts,TwoLayerCNN,2009,template_init,0.9921875,0.0315251350402832,0.7476422883779053,1.0,0.7299652099609375,0.3275321596350028,0.10267992490091093,0.08859853580962805,0.044921875,0.041748046875,0.99609375,0.98828125,0.014643280766904354,0.9921875,1.0,True,1.6741007566452026,0.6594018936157227,0.014081389091282884,160
two_concepts,TwoLayerCNN,2009,template_init,0.9921875,0.03139141574501991,0.7445722723135001,1.0,0.7325592041015625,0.32724947901921464,0.10457822295631247,0.08216034377009511,0.046875,0.041259765625,1.0,0.9921875,0.01432056538760662,0.9921875,1.0,True,1.710067868232727,0.6007447242736816,0.022417879186217363,200
two_concepts,TwoLayerCNN,2009,template_release,0.25,1.3612351417541504,0.998308449792992,1.0,0.7536468505859375,0.40003696158678653,0.2661466822898356,0.38400342673896676,0.25390625,0.253173828125,0.25,1.0,8.789640560280532e-05,0.87890625,0.90625,True,0.06401485949754715,0.8661737442016602,-0.11785674444913113,1
two_concepts,TwoLayerCNN,2009,template_release,0.63671875,1.190925121307373,0.9914391313089442,1.0,0.7535400390625,0.3988090430768456,0.35023736853027565,0.39078863819761345,0.16015625,0.22607421875,0.61328125,0.9140625,0.000512272643391043,0.9453125,0.97265625,True,0.14296852052211761,0.9201252460479736,-0.0405512696673378,5
two_concepts,TwoLayerCNN,2009,template_release,0.859375,0.7944443821907043,0.9809281104695262,1.0,0.76715087890625,0.38714674787265835,0.3713136212811611,0.35280175256818636,0.154296875,0.1943359375,0.83984375,0.8671875,0.0030169265810400248,0.9765625,0.99609375,True,0.2560783624649048,0.6557645797729492,0.01851186871297472,10
two_concepts,TwoLayerCNN,2009,template_release,0.97265625,0.34494882822036743,0.978698244061903,1.0,0.77349853515625,0.3935285890423376,0.3617866359934332,0.3046170357596194,0.125,0.119384765625,0.96484375,0.97265625,0.010144403204321861,0.98046875,1.0,True,0.2855808734893799,0.6491925716400146,0.05716960023381379,20
two_concepts,TwoLayerCNN,2009,template_release,0.9921875,0.0943368598818779,0.9812425074275507,1.0,0.7737579345703125,0.39269245815637566,0.32969262460506765,0.23423043125749338,0.087890625,0.06298828125,0.9921875,0.9921875,0.010603886097669601,0.9921875,0.99609375,True,0.2552796006202698,0.6208136081695557,0.09546219334757428,40
two_concepts,TwoLayerCNN,2009,template_release,0.9921875,0.03365602344274521,0.9660302601209316,1.0,0.8034210205078125,0.3814961545162776,0.18484351361701779,0.1340781944874146,0.068359375,0.038818359375,1.0,0.9921875,0.011877879500389099,0.9921875,1.0,True,0.3424493670463562,0.6556308269500732,0.05076531912960319,80
two_concepts,TwoLayerCNN,2009,template_release,0.9921875,0.034792136400938034,0.9326169086339836,1.0,0.816680908203125,0.36224682868087527,0.09996045538516829,0.08840798374396516,0.03125,0.02880859375,1.0,0.9921875,0.01375170424580574,0.9921875,1.0,True,0.5481525659561157,0.7004153728485107,0.011552471641203127,120
two_concepts,TwoLayerCNN,2009,template_release,0.9921875,0.03761385381221771,0.9203953957203521,1.0,0.8178558349609375,0.35653023230810915,0.0882940682640817,0.0759318344750545,0.033203125,0.02734375,1.0,0.9921875,0.014258957467973232,0.9921875,1.0,True,0.6271334886550903,0.6152095794677734,0.012362233789027205,160
two_concepts,TwoLayerCNN,2009,template_release,0.9921875,0.03961484879255295,0.9126017693935087,1.0,0.816986083984375,0.35465999855438424,0.08381375310208805,0.06930136190846597,0.03515625,0.0263671875,1.0,0.9921875,0.01448743510991335,0.9921875,1.0,True,0.678601861000061,0.6262185573577881,0.014512391193622076,200
two_concepts,TwoLayerCNN,2009,template_retention_1,0.25,1.3612351417541504,0.998308449792992,1.0,0.7536468505859375,0.40003696158678653,0.2661466822898356,0.38400342673896676,0.25390625,0.253173828125,0.25,1.0,8.789640560280532e-05,0.87890625,0.90625,True,0.06401485949754715,0.8065180778503418,-0.11785674444913113,1
two_concepts,TwoLayerCNN,2009,template_retention_1,0.63671875,1.190925121307373,0.9914391313089442,1.0,0.7535400390625,0.3988090430768456,0.35023736853027565,0.39078863819761345,0.16015625,0.22607421875,0.61328125,0.9140625,0.000512272643391043,0.9453125,0.97265625,True,0.14296852052211761,0.8584861755371094,-0.0405512696673378,5
two_concepts,TwoLayerCNN,2009,template_retention_1,0.859375,0.7944443821907043,0.9809281104695262,1.0,0.76715087890625,0.38714674787265835,0.3713136212811611,0.35280175256818636,0.154296875,0.1943359375,0.83984375,0.8671875,0.0030169265810400248,0.9765625,0.99609375,True,0.2560783624649048,0.6319031715393066,0.01851186871297472,10
two_concepts,TwoLayerCNN,2009,template_retention_1,0.96875,0.35655829310417175,0.981381671571356,1.0,0.77374267578125,0.39658940727078196,0.36373934085618087,0.3065346931920173,0.12890625,0.12353515625,0.95703125,0.9609375,0.009778166189789772,0.98046875,0.99609375,True,0.264301061630249,0.6756711006164551,0.057204647664163555,20
two_concepts,TwoLayerCNN,2009,template_retention_1,0.9921875,0.10813461244106293,0.9884100569148853,1.0,0.770751953125,0.39563222434783885,0.36028715470216544,0.24416660612933988,0.099609375,0.065673828125,0.9921875,0.9921875,0.01087757758796215,0.9921875,0.9921875,True,0.19440872967243195,0.6253342628479004,0.11612054857282555,40
two_concepts,TwoLayerCNN,2009,template_retention_1,0.9921875,0.04673297330737114,0.9945522132896805,1.0,0.7638092041015625,0.3915822523256984,0.2928446216005639,0.18143515124699025,0.07421875,0.047119140625,1.0,0.9921875,0.01163606345653534,0.9921875,1.0,True,0.12214729189872742,0.6639707088470459,0.11140947035357365,80
two_concepts,TwoLayerCNN,2009,template_retention_1,0.9921875,0.037621188908815384,0.9969778651894161,1.0,0.7664794921875,0.39348122860900825,0.2692776546140976,0.16708033575693415,0.091796875,0.05615234375,1.0,0.9921875,0.011843005195260048,0.9921875,1.0,True,0.08939749747514725,0.6006503105163574,0.10219731885716343,120
two_concepts,TwoLayerCNN,2009,template_retention_1,0.9921875,0.03350161388516426,0.9981169635164819,1.0,0.7668609619140625,0.3937420021828485,0.2538058285235548,0.154118077459032,0.083984375,0.058349609375,1.0,0.9921875,0.012176303192973137,0.9921875,1.0,True,0.07032856345176697,0.6836457252502441,0.09968775106452282,160
two_concepts,TwoLayerCNN,2009,template_retention_1,0.9921875,0.0331776887178421,0.9986851826960833,1.0,0.7663116455078125,0.39280555171657255,0.25010277747210785,0.1480213432766345,0.09375,0.064208984375,1.0,0.9921875,0.012569298967719078,0.9921875,1.0,True,0.057913996279239655,0.6512534618377686,0.10208143419547336,200
