task,architecture,block,condition,epoch,nearest_cosine,assignment_cosine,matching_gap,nearest_template_count,nearest_distance,assignment_distance,redundancy_cosine,mean_raw_norm,initial_index_cosine,raw_initial_drift,id_acc,semantic_auc,localization_iou,causal_usefulness,cf_accuracy,fidelity_selected,fidelity_random
single_shape,TinyCNN,2000,random,0,0.17818822830151826,0.16061636545001057,0.01757186285150769,11,1.2809320164544247,1.2943615062370557,0.17757322500418138,0.5747002,1.0,0.0,,,,,,,
single_shape,TinyCNN,2000,random,1,0.18347714111939628,0.16911336233028545,0.014363778789110826,8,1.2766062187944271,1.2875610849225674,0.17623880669771444,0.5790982,0.9909063229495577,0.09026556,0.62109375,0.9085286458333334,0.3505156488038532,0.19726693076081847,0.4140625,0.5879900883829324,0.39072315762211396
single_shape,TinyCNN,2000,random,5,0.2424155399660166,0.23237097571581253,0.010044564250204085,12,1.227271067856565,1.2354402365002892,0.22902290287866062,0.6687944,0.8822615035118941,0.33093625,0.87890625,0.9559936523437499,0.32311134717708656,0.19153083959813505,0.4192708432674408,0.604893620373449,0.4133627807753139
single_shape,TinyCNN,2000,random,10,0.28380630535608803,0.2681071723217885,0.01569913303429954,10,1.191784156502452,1.2043648889813672,0.2945532852744108,0.8689898,0.7445757916339987,0.5941709,1.0,0.9586995442708334,0.3195489091238575,0.1940677108831188,0.3424479067325592,0.6016177121827795,0.4075500012996607
single_shape,TinyCNN,2000,random,20,0.30460106946222554,0.28573002075362897,0.01887104870859657,11,1.1741110298773116,1.189251564598619,0.34135475207265165,1.3762712,0.5836600130346348,1.1509204,1.0,0.9623209635416667,0.30198834066056923,0.19349884262731465,0.2838541567325592,0.551520517343944,0.3580216747166294
single_shape,TinyCNN,2000,random,40,0.30981920943648406,0.2918330563239627,0.01798615311252133,12,1.1697681063176713,1.1843276880353553,0.3451484210085794,1.8673695,0.5072877186346283,1.6618533,1.0,0.9632161458333334,0.2943393140066541,0.2425687573276114,0.3138020932674408,0.5103663685906303,0.26779761126301893
single_shape,TinyCNN,2000,random,80,0.3105298570875267,0.29121667819668,0.01931317889084666,12,1.169386118410182,1.1850998800355128,0.3433112284435268,2.1804612,0.4741384053829316,1.9835134,1.0,0.9617919921875,0.29387514096860806,0.2670526956353094,0.3190104067325592,0.4797170330754009,0.21266433744009153
single_shape,TinyCNN,2000,random,120,0.31098074405265413,0.29100861469392053,0.019972129358733604,12,1.1690390501005388,1.1861153826771262,0.3415204634894481,2.3368087,0.46065222093504,2.143336,1.0,0.9609171549479166,0.2946786147098976,0.2768273475962189,0.3190104067325592,0.4662944532437332,0.1894671056475143
single_shape,TinyCNN,2000,random,160,0.3112249791434642,0.2918100604059987,0.01941491873746548,12,1.1688755380108655,1.1854404392169628,0.34045142504913184,2.441787,0.4526428305113607,2.2503328,1.0,0.9603271484375,0.2960399246125677,0.2821787491105562,0.3177083432674408,0.4582438260048304,0.17606507689427423
single_shape,TinyCNN,2000,random,200,0.31120538086953764,0.29230263355317987,0.01890274731635777,12,1.1689264205742778,1.18529992480532,0.3392047655877915,2.5215201,0.44709086779084056,2.3314078,1.0,0.95977783203125,0.29695309660278807,0.28586026495958755,0.3177083432674408,0.45277384327673265,0.1669135783171451
single_shape,TinyCNN,2000,random_unitnorm,0,0.17818823036649623,0.1606163675822665,0.01757186278422973,11,1.2809320148263514,1.294361504590314,0.17757322484466775,1.0,1.0,0.0,,,,,,,
single_shape,TinyCNN,2000,random_unitnorm,1,0.181587605253766,0.16464296270009632,0.016944642553669675,9,1.278253411867384,1.2912359027070408,0.17546529973324576,1.0029113,0.9969671478846985,0.09077784,0.71875,0.8993937174479166,0.3584611388831138,0.274856176414464,0.4986979067325592,0.6252367529219975,0.3503805765075335
single_shape,TinyCNN,2000,random_unitnorm,5,0.20764081678526236,0.19871999061254197,0.008920826172720386,11,1.2564587996403112,1.2635975930612087,0.1950754234228022,1.0622436,0.9490601503356401,0.34926602,0.94140625,0.9361979166666667,0.31980557765837136,0.2258993878294746,0.4010416567325592,0.6326948482643975,0.4067954604349229
single_shape,TinyCNN,2000,random_unitnorm,10,0.25614206176745075,0.24536860376788758,0.010773457999563169,11,1.216193057531588,1.2248149410829876,0.23315281502193055,1.2144057,0.8643300252037898,0.6276734,1.0,0.9465738932291666,0.3235698362326317,0.23511355086539398,0.4700520932674408,0.6421461832043688,0.4070326323389748
single_shape,TinyCNN,2000,random_unitnorm,20,0.2948119535982511,0.28212011803643106,0.01269183556182002,12,1.183243914654042,1.1935189483401436,0.2759834553536158,1.6336417,0.7289494294059706,1.1545892,1.0,0.9561971028645834,0.3198207703822051,0.2617142443710365,0.3697916567325592,0.6254654905192212,0.36375124614818466
single_shape,TinyCNN,2000,random_unitnorm,40,0.303807292476827,0.28839407532198214,0.015413217154844838,11,1.1754022650819398,1.1881399125615384,0.3008327228899905,2.0980096,0.6322926176102097,1.6781429,1.0,0.9601033528645834,0.3144720095074794,0.25146593159248454,0.3411458432674408,0.5341021446652552,0.28263621307277065
single_shape,TinyCNN,2000,random_unitnorm,80,0.3065577142916218,0.2903048427686608,0.01625287152296101,12,1.1730937881996848,1.1860908836488664,0.31514760653865975,2.411694,0.5885755721506679,2.0141478,1.0,0.9593505859375,0.31806214589093323,0.28331861181242,0.3528645932674408,0.5131853890427284,0.22986677723030835
single_shape,TinyCNN,2000,random_unitnorm,120,0.30739534225527126,0.2911254812947432,0.01626986096052807,11,1.1723146547729795,1.1853156867215366,0.31918203202652595,2.5705686,0.5707614016114633,2.1813774,1.0,0.9587605794270833,0.3190393549102481,0.29895633431696206,0.35546875,0.5053507988832524,0.20639446456629035
single_shape,TinyCNN,2000,random_unitnorm,160,0.3079192553798982,0.29096577053429384,0.016953484845604383,12,1.171922391070031,1.185467224356828,0.320944022203479,2.6789155,0.5595395790803497,2.2950597,1.0,0.9581502278645834,0.3192311075321218,0.30884781698718056,0.3684895932674408,0.501140423650736,0.1922926066635554
single_shape,TinyCNN,2000,random_unitnorm,200,0.30840946135064107,0.29101364327610474,0.01739581807453633,12,1.171561546847057,1.1863702271375878,0.3221470850702656,2.7619495,0.5515317248442088,2.3818166,1.0,0.95819091796875,0.31952809000175364,0.3157611653808663,0.3671875,0.4981932259802224,0.18243206059935613
single_shape,TinyCNN,2000,template_init,0,1.0,1.0,0.0,16,1.3170890159654386e-09,1.3170890159654386e-09,0.8481368160118523,1.0,1.0,0.0,,,,,,,
single_shape,TinyCNN,2000,template_init,1,0.9974411134738688,0.9974411134738688,0.0,16,0.07019201952328413,0.07019201952328413,0.8500176924800871,1.0066696,0.9974411134738688,0.09144218,0.48046875,0.87030029296875,0.48158756448153867,0.3985299763018474,0.5221354365348816,0.4855569810290705,0.0870270047272231
single_shape,TinyCNN,2000,template_init,5,0.9564349606730668,0.9564349606730668,0.0,16,0.2924661212078322,0.2924661212078322,0.7935193957256457,1.0678662,0.9564349606730668,0.32442147,0.53515625,0.8931681315104166,0.5097801347801681,0.2647387955134729,0.4127604067325592,0.6366239453148086,0.3718851498013357
single_shape,TinyCNN,2000,template_init,10,0.8764531378745284,0.8746392149247446,0.001813922949783775,15,0.4934610520714891,0.4974486389601309,0.6908399847629549,1.2151539,0.8746392149247446,0.61243993,0.99609375,0.9431355794270834,0.5075321283824189,0.23495954119646018,0.4908854067325592,0.6272732018748294,0.3923136606783692
single_shape,TinyCNN,2000,template_init,20,0.733169473778629,0.7326384319781496,0.0005310418004793593,15,0.7267976992698424,0.7275170770065634,0.5518423497086867,1.6412632,0.7292756317825942,1.1703991,1.0,0.9733886718750001,0.45896035533154056,0.22353891329405418,0.4479166567325592,0.5756139664276451,0.3520750531335909
single_shape,TinyCNN,2000,template_init,40,0.643540152732122,0.641771929588159,0.0017682231439629659,14,0.838730176376731,0.8407242356916197,0.5194349135756149,2.158628,0.6396831168365813,1.7239848,1.0,0.9686279296875,0.43543436576685646,0.25520553248203803,0.3528645932674408,0.5203913018850044,0.26518576940296634
single_shape,TinyCNN,2000,template_init,80,0.6067219832371948,0.6035710302688229,0.0031509529683719784,15,0.8804756650608827,0.883843408265367,0.5096461275523517,2.540801,0.6015828020624792,2.114386,1.0,0.970947265625,0.43242638238348247,0.275400408455747,0.3307291567325592,0.4870847989720596,0.21168439051631258
single_shape,TinyCNN,2000,template_init,120,0.5887593867429861,0.585099133734552,0.003660253008434089,15,0.8997683693971265,0.9035966961838451,0.5075040102568555,2.7368808,0.5828498588678257,2.3175092,1.0,0.9715372721354167,0.4288280870201653,0.2906700189773761,0.3372395932674408,0.4791683793226864,0.18849836034531034
single_shape,TinyCNN,2000,template_init,160,0.5799124748276746,0.5759875852616536,0.003924889566020995,15,0.9093918407420708,0.9134471015509471,0.505304192329658,2.8672647,0.5732529531046174,2.450489,1.0,0.9719848632812501,0.42553176385404456,0.29358276589189236,0.3372395932674408,0.46878823428833893,0.17520546839644657
single_shape,TinyCNN,2000,template_init,200,0.5740882543980911,0.5699946733238441,0.004093581074246955,15,0.915712654258728,0.9199076655772697,0.5036208590603065,2.964673,0.5669852984226655,2.5493026,1.0,0.9721883138020834,0.4213945808366296,0.29553380818855157,0.3411458432674408,0.46178057723328525,0.16624676904473365
single_shape,TinyCNN,2000,template_retention_1,0,1.0,1.0,0.0,16,1.3170890159654386e-09,1.3170890159654386e-09,0.8481368160118523,1.0,1.0,0.0,,,,,,,
single_shape,TinyCNN,2000,template_retention_1,1,0.9978412226390686,0.9978412226390686,0.0,16,0.06464153767508174,0.06464153767508174,0.8500484401279638,1.0051506,0.9978412226390686,0.080225594,0.484375,0.8700764973958334,0.48137232549003306,0.39972683555082106,0.51953125,0.4840981594944943,0.08437132394367325
single_shape,TinyCNN,2000,template_retention_1,5,0.9728744356263082,0.9728744356263082,0.0,16,0.23012603780793345,0.23012603780793345,0.8189784237618785,1.0364504,0.9728744356263082,0.24307281,0.5703125,0.8968098958333334,0.4944381963377007,0.2646349515588037,0.4153645932674408,0.6312047998131771,0.36656984825437344
single_shape,TinyCNN,2000,template_retention_1,10,0.9471556866773506,0.9471556866773506,0.0,16,0.3146186144840156,0.3146186144840156,0.7884972355606904,1.0752115,0.9471556866773506,0.33985975,0.9921875,0.9309692382812499,0.5086677933931092,0.24404312500627295,0.5611979365348816,0.6364770756946422,0.3924339506883692
single_shape,TinyCNN,2000,template_retention_1,20,0.9210068557644533,0.9204152810442379,0.0005915747202154265,15,0.3772357704043129,0.3783856743613588,0.7488430843284468,1.1352297,0.9204152810442379,0.4347028,0.99609375,0.9442545572916666,0.5143123104920899,0.2565963242051112,0.4752604067325592,0.6478319212371285,0.3912355970320173
single_shape,TinyCNN,2000,template_retention_1,40,0.922385260935229,0.9219234963013151,0.000461764633913897,15,0.3700263258441611,0.37095823155192453,0.7496361728433549,1.1342417,0.9219234963013151,0.4274575,0.9921875,0.9399210611979166,0.5283717140762807,0.20653911821411736,0.2747395932674408,0.5771661559134293,0.370627037699312
single_shape,TinyCNN,2000,template_retention_1,80,0.936700922860469,0.936700922860469,0.0,16,0.3310415478088805,0.3310415478088805,0.7723835264599356,1.1017292,0.936700922860469,0.3704672,0.99609375,0.9398803710937501,0.535478011179706,0.22908175141407644,0.2877604067325592,0.5698428977911245,0.3407611463770481
single_shape,TinyCNN,2000,template_retention_1,120,0.9464636622848799,0.9464636622848799,0.0,16,0.3033960334805266,0.3033960334805266,0.7866053675743993,1.0818275,0.9464636622848799,0.33283287,1.0,0.9378865559895833,0.5370453177438546,0.24558843699189237,0.3072916567325592,0.5668357132586357,0.3212472762667433
single_shape,TinyCNN,2000,template_retention_1,160,0.9532370058119249,0.9532370058119249,0.0,16,0.28245601303339,0.28245601303339,0.7977582590897193,1.0699006,0.9532370058119249,0.30673078,1.0,0.9354451497395833,0.5369984424414301,0.2762330331205496,0.3763020932674408,0.584735994268712,0.30850296114816245
single_shape,TinyCNN,2000,template_retention_1,200,0.9585087768085675,0.9585087768085675,0.0,16,0.26523333023989093,0.26523333023989093,0.8035589871713809,1.0612779,0.9585087768085675,0.28611636,1.0,0.9331868489583333,0.5361988938170229,0.3340663350379989,0.4296875,0.6328744342091226,0.2988080991711237
single_shape,TinyCNN,2000,template_release,0,1.0,1.0,0.0,16,1.3170890159654386e-09,1.3170890159654386e-09,0.8481368160118523,1.0,1.0,0.0,,,,,,,
single_shape,TinyCNN,2000,template_release,1,0.9978412226390686,0.9978412226390686,0.0,16,0.06464153767508174,0.06464153767508174,0.8500484401279638,1.0051506,0.9978412226390686,0.080225594,0.484375,0.8700764973958334,0.48137232549003306,0.39972683555082106,0.51953125,0.4840981594944943,0.08437132394367325
single_shape,TinyCNN,2000,template_release,5,0.9728744356263082,0.9728744356263082,0.0,16,0.23012603780793345,0.23012603780793345,0.8189784237618785,1.0364504,0.9728744356263082,0.24307281,0.5703125,0.8968098958333334,0.4944381963377007,0.2646349515588037,0.4153645932674408,0.6312047998131771,0.36656984825437344
single_shape,TinyCNN,2000,template_release,10,0.9471556866773506,0.9471556866773506,0.0,16,0.3146186144840156,0.3146186144840156,0.7884972355606904,1.0752115,0.9471556866773506,0.33985975,0.9921875,0.9309692382812499,0.5086677933931092,0.24404312500627295,0.5611979365348816,0.6364770756946422,0.3924339506883692
single_shape,TinyCNN,2000,template_release,20,0.9137124067504541,0.9129371608148726,0.0007752459355814256,15,0.39553887320320175,0.39700485384596557,0.7390190303351796,1.1490792,0.9129371608148726,0.460693,0.99609375,0.9318033854166666,0.513947521997719,0.25729860054584514,0.4713541567325592,0.6476333778526218,0.3903347773067766
single_shape,TinyCNN,2000,template_release,40,0.895761319325146,0.8946121895741271,0.0011491297510188847,15,0.4330959411411818,0.43517499929373216,0.7134050268838873,1.1955154,0.8946121895741271,0.52745533,0.99609375,0.9455362955729166,0.5149494098561334,0.2185738393066246,0.3033854067325592,0.5768134229684475,0.3582395836618229
single_shape,TinyCNN,2000,template_release,80,0.824302295826481,0.8217074578756846,0.0025948379507964026,15,0.5738614244424365,0.5776770536594371,0.6390086308464223,1.4095895,0.8217074578756846,0.8169098,1.0,0.9556681315104166,0.4909637146723545,0.2573102046279795,0.2981770932674408,0.5316451491453205,0.274334944517341
single_shape,TinyCNN,2000,template_release,120,0.7241263402443213,0.7228505762527838,0.001275763991537504,15,0.7350761654694495,0.7368542966785726,0.556554585348707,1.8368316,0.7215079828071451,1.325065,1.0,0.9643147786458333,0.4500255409240481,0.26898399459782935,0.27734375,0.4834973005497003,0.21451330595187096
single_shape,TinyCNN,2000,template_release,160,0.696943382729479,0.6953496941790751,0.0015936885504038711,14,0.7719322560412148,0.7739720280455875,0.5389172832916556,2.021225,0.6936799246967673,1.5233612,1.0,0.9654541015624999,0.43541051915239626,0.26901086365061366,0.2747395932674408,0.4666009489643749,0.19759008531376118
single_shape,TinyCNN,2000,template_release,200,0.6816283272427761,0.6794658002094371,0.002162527033338968,14,0.79163926557758,0.7943836109687962,0.5281650547217807,2.1465216,0.6775601752687708,1.6558907,1.0,0.9631144205729167,0.429448993927474,0.26833698607858913,0.2708333432674408,0.4561903586488024,0.18785337257021328
single_shape,TinyCNN,2001,random,0,0.17255583202058805,0.14627467867101251,0.026281153349575537,9,1.2855628779586776,1.3055480515166857,0.176411314023746,0.5782918,1.0,0.0,,,,,,,
single_shape,TinyCNN,2001,random,1,0.18112508742507336,0.1546492245838017,0.026475862841271652,8,1.2782474927118208,1.2982124113542404,0.17659773218431052,0.5840209,0.9893688563173907,0.087268755,0.421875,0.9350789388020833,0.3272822179465431,0.27082765848902,0.3372395932674408,0.6030271195681107,0.3321994610790907
single_shape,TinyCNN,2001,random,5,0.24119713896584663,0.21377453698096874,0.027422601984877892,11,1.2288842904512065,1.2501168309979653,0.22386216058959318,0.6698047,0.8753008650492593,0.33033723,0.9453125,0.9540201822916666,0.36949863865885335,0.10922447292651516,0.36328125,0.49994946209349,0.39072498916697485
single_shape,TinyCNN,2001,random,10,0.2762977925871535,0.25096136487484555,0.02533642771230793,9,1.199536896563897,1.2196370756540182,0.2970631173130902,0.878236,0.7281425127939004,0.6138241,0.984375,0.9598795572916667,0.36415652262868364,0.14577189978151295,0.30859375,0.5257438407986561,0.37997194101714316
single_shape,TinyCNN,2001,random,20,0.3021065401993017,0.27489932514658055,0.027207215052721168,11,1.1775647645650689,1.1996680712535563,0.3353700571904279,1.3208593,0.578413704145551,1.0997515,1.0,0.9659830729166666,0.35953897111986294,0.15137537510663224,0.2682291567325592,0.45654411600651446,0.3051687408998822
single_shape,TinyCNN,2001,random,40,0.31287421642269514,0.2846672444097118,0.028206972012983333,10,1.1682630940200003,1.1908523483322564,0.3482847482121452,1.7268544,0.5084483246670638,1.5220556,1.0,0.9686686197916666,0.3591031022133143,0.2332407511198215,0.2786458432674408,0.4602775737154585,0.227036822595637
single_shape,TinyCNN,2001,random,80,0.31675309363628146,0.287953252061973,0.028799841574308482,11,1.164872242388521,1.187830483868337,0.36002145926058937,2.0241451,0.471302916962915,1.8287245,1.0,0.96990966796875,0.3487605487799507,0.2605521393625848,0.2903645932674408,0.43927134704263626,0.17871920768005145
single_shape,TinyCNN,2001,random,120,0.3184075390174144,0.2896038569886409,0.028803682028773536,11,1.1633716251346367,1.186320513071375,0.36254765631802954,2.177174,0.4569175992677803,1.9850152,1.0,0.9697469075520834,0.3515430359386038,0.2681342377780933,0.2994791567325592,0.4271880923512281,0.1590538545731348
single_shape,TinyCNN,2001,random,160,0.3192315951187267,0.2905626541085839,0.02866894101014278,11,1.1626020224023308,1.1854330433314366,0.36377503610453055,2.2798991,0.4484747240400764,2.0896082,1.0,0.9693400065104167,0.3531899241069602,0.2709460820558729,0.296875,0.419191500577314,0.1482454185214411
single_shape,TinyCNN,2001,random,200,0.3199572261923319,0.2911213967250139,0.028835829467317997,11,1.1619512056928458,1.1849046935093543,0.36396207139955394,2.3573117,0.4427010784494545,2.168243,1.0,0.96905517578125,0.3543186551612329,0.27181893487036896,0.296875,0.41307048209425634,0.14125154722388739
single_shape,TinyCNN,2001,random_unitnorm,0,0.17255583274231553,0.14627467884940062,0.02628115389291491,9,1.2855628774093781,1.305548051379926,0.17641131168964713,1.0,1.0,0.0,,,,,,,
single_shape,TinyCNN,2001,random_unitnorm,1,0.174999435261031,0.14925322045444994,0.02574621480658107,8,1.2832782122617679,1.3029343951030197,0.17573403447175073,1.0043309,0.9962948784624925,0.0893477,0.4921875,0.92034912109375,0.3051742154467464,0.23043821554997213,0.4348958432674408,0.5329889517304166,0.3025507361804445
single_shape,TinyCNN,2001,random_unitnorm,5,0.2048856915720183,0.17880861853241034,0.026077073039607962,9,1.2585592311022666,1.278311438701814,0.1883959177843229,1.0654228,0.9467959613726145,0.35327008,0.91015625,0.9517008463541666,0.3481065529335861,0.1830478671887611,0.4388020932674408,0.5739992219166588,0.39095135472789766
single_shape,TinyCNN,2001,random_unitnorm,10,0.23392650785242391,0.21579773722267712,0.0181287706297468,10,1.2345656996341206,1.2488928924352347,0.23507787451147094,1.2138124,0.8575253351010352,0.64317644,0.97265625,0.9565226236979167,0.35918177115278416,0.13860227790394353,0.30859375,0.5262742595672714,0.38767198166332784
single_shape,TinyCNN,2001,random_unitnorm,20,0.26881266586226554,0.2493927659723829,0.01941989988988263,9,1.2057341310758878,1.2208225866102755,0.27968394314248496,1.5788591,0.7186123394031954,1.1236312,1.0,0.9615681966145833,0.3537527879894634,0.16162422513350133,0.2513020932674408,0.47859137824012465,0.3169671531066233
single_shape,TinyCNN,2001,random_unitnorm,40,0.28935720162745804,0.27166018757795257,0.017697014049505466,12,1.1886817704298842,1.2027279285201251,0.2998579613964185,1.960431,0.6317152167705804,1.5540719,1.0,0.964599609375,0.35453497437993964,0.22981523066085274,0.2799479067325592,0.4663654557777941,0.23655022511694135
single_shape,TinyCNN,2001,random_unitnorm,80,0.29799591531480585,0.279637989684533,0.01835792563027283,12,1.181488945989686,1.1962568983665691,0.3151515386698628,2.2546792,0.5841423862556965,1.8721554,1.0,0.9659423828125,0.3520247586519481,0.2611669549001791,0.2473958283662796,0.44868137991804335,0.18751442501786425
single_shape,TinyCNN,2001,random_unitnorm,120,0.30107266235276,0.2821940925050181,0.01887856984774189,12,1.178921151913392,1.194194981565556,0.3216380379229001,2.4081144,0.5638095729050303,2.0351338,1.0,0.96630859375,0.35144336374322593,0.2607949568757242,0.2447916716337204,0.428396127622646,0.16760117074692182
single_shape,TinyCNN,2001,random_unitnorm,160,0.30282821439779417,0.2836850915052725,0.01914312289252168,12,1.177432485702032,1.192694142358271,0.32523244787810834,2.5130358,0.5516109013203138,2.145409,1.0,0.9663289388020833,0.3418802592486455,0.25887372865342717,0.2434895783662796,0.41544128423178917,0.15656755557836197
single_shape,TinyCNN,2001,random_unitnorm,200,0.30378936391262695,0.2847412004269622,0.019048163485664737,12,1.1765937399753772,1.1917721435999074,0.32730467188969,2.5933533,0.5431016740018758,2.229263,1.0,0.9662272135416667,0.34263125558623114,0.2567056370960137,0.2434895783662796,0.4060378862266849,0.14933224913067122
single_shape,TinyCNN,2001,template_init,0,1.0,1.0,0.0,16,1.3170890159654386e-09,1.3170890159654386e-09,0.8481368160118523,1.0,1.0,0.0,,,,,,,
single_shape,TinyCNN,2001,template_init,1,0.9968926745003888,0.9968926745003888,0.0,16,0.07851042540510625,0.07851042540510625,0.8486925733078439,1.0046229,0.9968926745003888,0.08698495,0.56640625,0.8762207031249999,0.5456355038343221,0.11599699632519378,0.2890625,0.3315491317308372,0.21555213540564344
single_shape,TinyCNN,2001,template_init,5,0.9466019139709458,0.9466019139709458,0.0,16,0.3229784860806897,0.3229784860806897,0.8035172048519557,1.0876667,0.9466019139709458,0.36090463,0.9921875,0.9035847981770834,0.5717213140540119,0.12971357481276846,0.4010416567325592,0.5148003879835399,0.3850868131707714
single_shape,TinyCNN,2001,template_init,10,0.8662529191016166,0.8652092793575383,0.001043639744078284,15,0.5113744192924157,0.5135263732408251,0.7081532660291258,1.2715328,0.8652092793575383,0.65476084,0.9921875,0.9494222005208334,0.5645722835170887,0.18842678658454282,0.3984375,0.5807224098625328,0.39229562327798995
single_shape,TinyCNN,2001,template_init,20,0.7602360940947616,0.757506474925888,0.0027296191688735982,15,0.6861711420024577,0.690154485479493,0.5829995025846785,1.6754147,0.757506474925888,1.13662,1.0,0.9673258463541666,0.5037472934078525,0.22932346315253754,0.3020833432674408,0.5614575742279041,0.33213411107536656
single_shape,TinyCNN,2001,template_init,40,0.7001811271778968,0.6958856942590229,0.004295432918873909,14,0.7681791055906315,0.773775392631692,0.5275070076862229,2.1009846,0.6958856942590229,1.5889692,1.0,0.9694010416666666,0.4462239908644593,0.2785575162415755,0.29296875,0.5238798228801375,0.24532230663856197
single_shape,TinyCNN,2001,template_init,80,0.6679719435937073,0.6621405457946056,0.00583139779910169,14,0.8092056162422261,0.8173797212937008,0.506073147077571,2.4320045,0.6617499150842133,1.9332502,1.0,0.9694824218749999,0.41144886775462464,0.31837492080805346,0.3515625,0.5048649741844329,0.18649005337637942
single_shape,TinyCNN,2001,template_init,120,0.656777963763518,0.6504574708954329,0.006320492868085115,14,0.8231676052434235,0.8317284931648652,0.4980322181082929,2.6070385,0.6500269489583009,2.11018,1.0,0.9696044921875,0.41008611160829045,0.325143082078666,0.3580729067325592,0.4877049415950615,0.1625618595163955
single_shape,TinyCNN,2001,template_init,160,0.6494906451268101,0.6429239444709273,0.006566700655882829,14,0.8319939188494581,0.8407258866032803,0.4931742902923042,2.7259252,0.6425142218704449,2.2305834,1.0,0.9827677408854166,0.40726199984143974,0.3276659113899908,0.3580729067325592,0.4764465540149575,0.1487806426249667
single_shape,TinyCNN,2001,template_init,200,0.6445900958608176,0.6380801959416091,0.006509899919208473,14,0.837877503151756,0.8460514848424765,0.48995869896153255,2.8170612,0.63746702133077,2.3224573,1.0,0.9829915364583333,0.4061093480935117,0.3286175370886606,0.3528645932674408,0.46818284853683534,0.13956531144817472
single_shape,TinyCNN,2001,template_retention_1,0,1.0,1.0,0.0,16,1.3170890159654386e-09,1.3170890159654386e-09,0.8481368160118523,1.0,1.0,0.0,,,,,,,
single_shape,TinyCNN,2001,template_retention_1,1,0.9973676129906986,0.9973676129906986,0.0,16,0.07221441147858428,0.07221441147858428,0.850077928778533,1.0037508,0.9973676129906986,0.07801419,0.5625,0.8762003580729167,0.546945988372236,0.11551551532695004,0.2903645932674408,0.32984656171409144,0.2143310463871414
single_shape,TinyCNN,2001,template_retention_1,5,0.9652124588957267,0.9652124588957267,0.0,16,0.2601166395346063,0.2601166395346063,0.8216952285750043,1.0467849,0.9652124588957267,0.2739549,0.98046875,0.8980916341145834,0.5701347623638695,0.13254066584542046,0.3997395932674408,0.5141713916574939,0.38163072581207347
single_shape,TinyCNN,2001,template_retention_1,10,0.9381854563142893,0.9381854563142893,0.0,16,0.3454860471059207,0.3454860471059207,0.786563534656737,1.1024047,0.9381854563142893,0.38153648,0.9921875,0.9101765950520833,0.5765664922426225,0.16772675582028385,0.3932291567325592,0.5603570520089444,0.3926302961886605
single_shape,TinyCNN,2001,template_retention_1,20,0.9214902352543637,0.9214902352543637,0.0,16,0.38858874949859235,0.38858874949859235,0.7674986272063369,1.1505822,0.9214902352543637,0.4504323,0.9921875,0.933349609375,0.5627637218466006,0.20700429209670324,0.4192708432674408,0.5914467433943063,0.384442451297603
single_shape,TinyCNN,2001,template_retention_1,40,0.9269716188720252,0.9269716188720252,0.0,16,0.37141205988623843,0.37141205988623843,0.7781760996644533,1.134234,0.9269716188720252,0.42487526,0.99609375,0.9419352213541666,0.5463818127302711,0.233943075818696,0.41796875,0.6020769053877054,0.3681338295690094
single_shape,TinyCNN,2001,template_retention_1,80,0.942260311724054,0.942260311724054,0.0,16,0.32661302996068253,0.32661302996068253,0.8018671439103892,1.101294,0.942260311724054,0.36354595,0.99609375,0.9393107096354167,0.5365997799056217,0.3028900382133591,0.4361979067325592,0.644029090240244,0.34113905202688494
single_shape,TinyCNN,2001,template_retention_1,120,0.9513334393197275,0.9513334393197275,0.0,16,0.29822757739157163,0.29822757739157163,0.8132567525915146,1.0819643,0.9513334393197275,0.3265409,0.99609375,0.93621826171875,0.5305034509157678,0.3248415318594842,0.4518229067325592,0.6478052148668787,0.3229636830073945
single_shape,TinyCNN,2001,template_retention_1,160,0.9580575536245258,0.9580575536245258,0.0,16,0.27551003779607997,0.27551003779607997,0.8203897801663862,1.0698822,0.9580575536245258,0.29861268,0.99609375,0.9311523437500001,0.530862730729188,0.36870142630392116,0.5247395634651184,0.680598557786598,0.3118971314826768
single_shape,TinyCNN,2001,template_retention_1,200,0.9628938062140405,0.9628938062140405,0.0,16,0.2581408630376659,0.2581408630376659,0.8241637255675025,1.0604535,0.9628938062140405,0.27707943,0.99609375,0.9346516927083333,0.5367191507507012,0.38771981123738386,0.5481770634651184,0.692055427333903,0.30433561609651916
single_shape,TinyCNN,2001,template_release,0,1.0,1.0,0.0,16,1.3170890159654386e-09,1.3170890159654386e-09,0.8481368160118523,1.0,1.0,0.0,,,,,,,
single_shape,TinyCNN,2001,template_release,1,0.9973676129906986,0.9973676129906986,0.0,16,0.07221441147858428,0.07221441147858428,0.850077928778533,1.0037508,0.9973676129906986,0.07801419,0.5625,0.8762003580729167,0.546945988372236,0.11551551532695004,0.2903645932674408,0.32984656171409144,0.2143310463871414
single_shape,TinyCNN,2001,template_release,5,0.9652124588957267,0.9652124588957267,0.0,16,0.2601166395346063,0.2601166395346063,0.8216952285750043,1.0467849,0.9652124588957267,0.2739549,0.98046875,0.8980916341145834,0.5701347623638695,0.13254066584542046,0.3997395932674408,0.5141713916574939,0.38163072581207347
single_shape,TinyCNN,2001,template_release,10,0.9381854563142893,0.9381854563142893,0.0,16,0.3454860471059207,0.3454860471059207,0.786563534656737,1.1024047,0.9381854563142893,0.38153648,0.9921875,0.9101765950520833,0.5765664922426225,0.16772675582028385,0.3932291567325592,0.5603570520089444,0.3926302961886605
single_shape,TinyCNN,2001,template_release,20,0.9143358525440678,0.9143358525440678,0.0,16,0.40650847027366366,0.40650847027366366,0.7588375142717523,1.1644012,0.9143358525440678,0.47578773,0.9921875,0.93707275390625,0.5642617447493331,0.20822880717890668,0.4140625,0.5907576092779878,0.38252880209908113
single_shape,TinyCNN,2001,template_release,40,0.9005412464973918,0.9002020194451578,0.0003392270522339924,15,0.43483012295276297,0.4354728586138639,0.7528440931640139,1.1910212,0.9002020194451578,0.52086794,0.99609375,0.9513956705729166,0.552242631442138,0.24217584237969547,0.3958333432674408,0.5945989006425356,0.35242305826284015
single_shape,TinyCNN,2001,template_release,80,0.8295872357772944,0.8269795844645683,0.0026076513127261114,15,0.5716670487012474,0.5751771664606458,0.6994227349293263,1.3778697,0.8269795844645683,0.78353107,1.0,0.9671630859375,0.5276481745049336,0.3001324874197992,0.4140625,0.5585335819801929,0.2584010945603937
single_shape,TinyCNN,2001,template_release,120,0.7424651124915855,0.7388346057481122,0.0036305067434733163,15,0.7102510199720462,0.7158394270534336,0.6334378834756219,1.7595395,0.7385470126863154,1.2248192,1.0,0.9741007486979167,0.463883689318031,0.32703219308846687,0.41015625,0.517026928514714,0.18999473542624715
single_shape,TinyCNN,2001,template_release,160,0.7189011411176458,0.7155187706845286,0.0033823704331171767,15,0.7435497987743896,0.748530752377877,0.6157542320544593,1.9256637,0.7150019181389387,1.4012289,1.0,0.97528076171875,0.44306775576305424,0.3465059511555666,0.4153645932674408,0.5171414940104314,0.17063554285486482
single_shape,TinyCNN,2001,template_release,200,0.7049252546347982,0.7016703622460257,0.0032548923887724124,15,0.7625799951552985,0.7672571840845424,0.6052926784856296,2.0385866,0.7010016633252877,1.5200953,1.0,0.975830078125,0.43115116899152706,0.3513706456496405,0.41796875,0.5105391246278184,0.15916847897817785
single_shape,TinyCNN,2002,random,0,0.17046222140617595,0.15618320240693304,0.014279018999242915,10,1.287050585992597,1.297980020862951,0.19069903507895136,0.58106977,1.0,0.0,,,,,,,
single_shape,TinyCNN,2002,random,1,0.17690881172899758,0.1567900802839581,0.02011873144503948,8,1.2820886967848288,1.2976131706458647,0.19323425158469287,0.58918023,0.9908130799101251,0.08735043,0.8046875,0.8831380208333333,0.32643043231927993,0.2686585693402669,0.5390625,0.6227325833358957,0.35407401399562877
single_shape,TinyCNN,2002,random,5,0.21863889051955154,0.19967527914834377,0.018963611371207778,9,1.2485600159871881,1.2634220979376911,0.20789942834305475,0.68282104,0.8890388484885826,0.3332496,0.7890625,0.97332763671875,0.35460558449035273,0.13300527218612201,0.36328125,0.5502699591672404,0.4172646869811184
single_shape,TinyCNN,2002,random,10,0.2640812234897809,0.23433106409045754,0.029750159399323378,10,1.210464830748729,1.2346566004236483,0.26288656871624205,0.8926952,0.7436257455596924,0.6209883,1.0,0.9778035481770834,0.38469329412007774,0.15275824308848973,0.25390625,0.5649881758792723,0.41222993279078257
single_shape,TinyCNN,2002,random,20,0.30030623963009495,0.2579054763976434,0.042400763232451566,9,1.1786537636438186,1.2132848453716254,0.30771392576073797,1.3807015,0.5861458380718478,1.1592054,1.0,0.97857666015625,0.40091849541005903,0.22809234763745456,0.296875,0.5573688201191099,0.32927647248165537
single_shape,TinyCNN,2002,random,40,0.31531991199810894,0.2701030402570638,0.04521687174104516,7,1.1654174484387032,1.2033573710826735,0.3391193442382976,1.8446567,0.5086816977673924,1.6441259,1.0,0.97967529296875,0.40276625275511213,0.2656800376645224,0.2994791567325592,0.5055335030829102,0.23985346541838778
single_shape,TinyCNN,2002,random,80,0.32150708840387154,0.2764991747918936,0.04500791361197792,8,1.1604035383227351,1.1986030482441699,0.35660191748964565,2.1637964,0.4725761249562015,1.9731975,1.0,0.97906494140625,0.3988661161841221,0.27477116498948484,0.2981770932674408,0.4669751721523785,0.19220400716289363
single_shape,TinyCNN,2002,random,120,0.3227592935426069,0.2775682307551477,0.04519106278745921,7,1.1594566808785771,1.1976876425357306,0.3615315712202203,2.3246222,0.45728311814701594,2.1382725,1.0,0.9796956380208333,0.3964872607350741,0.27444285515102834,0.2955729067325592,0.448016441402863,0.17357358625183467
single_shape,TinyCNN,2002,random,160,0.32364612759812594,0.27844981804302793,0.04519630955509801,7,1.1587677426204093,1.1969472944937216,0.3636117538139427,2.433115,0.44800024426457763,2.249311,1.0,0.9798177083333333,0.3958387792789436,0.27291002801000197,0.2903645932674408,0.43584169403287565,0.16293166602287368
single_shape,TinyCNN,2002,random,200,0.3240392195230074,0.2790100024663543,0.04502921705665308,7,1.1584667339621504,1.1964803327646272,0.3646452864653693,2.5152864,0.4414001356970815,2.3332908,1.0,0.97998046875,0.3951882163199571,0.27105162056231047,0.2890625,0.42681857847704807,0.15576695791473763
single_shape,TinyCNN,2002,random_unitnorm,0,0.17046222207847003,0.15618320173019373,0.0142790203482763,10,1.287050585472313,1.2979800213630208,0.1906990368240527,1.0,1.0,0.0,,,,,,,
single_shape,TinyCNN,2002,random_unitnorm,1,0.1711504567842851,0.15447145181257718,0.016679004971707906,9,1.286458513930939,1.299189541157944,0.19354489533163335,1.0057851,0.9969747084675329,0.090081915,0.78125,0.86083984375,0.3244674012555493,0.21965839183041547,0.58203125,0.516519498680527,0.2968611068501116
single_shape,TinyCNN,2002,random_unitnorm,5,0.2056944518088652,0.18228374558839047,0.023410706220474725,9,1.2593911748879976,1.2774637701847344,0.18818975193557505,1.0689278,0.9515283147267677,0.35139996,0.76171875,0.9442952473958334,0.3591453459185095,0.1651073899117167,0.3736979067325592,0.5699297393861518,0.4048223494744351
single_shape,TinyCNN,2002,random_unitnorm,10,0.23536923001964072,0.20539071458484154,0.02997851543479918,8,1.2349529635836811,1.2581548253604344,0.20947561521463476,1.224184,0.8632137886407931,0.64248306,1.0,0.9774983723958334,0.36262706202046324,0.1504842389294303,0.3841145932674408,0.5577600119080437,0.4072757729786134
single_shape,TinyCNN,2002,random_unitnorm,20,0.2742734549733103,0.23486582107694418,0.03940763389636612,9,1.2017398067484046,1.2340800423493647,0.2702247892366962,1.627403,0.7191445416593479,1.166225,1.0,0.9799601236979166,0.3902900712984466,0.17844257682307152,0.2591145932674408,0.5109312171671381,0.33248864034406655
single_shape,TinyCNN,2002,random_unitnorm,40,0.293012346620083,0.24897937422101377,0.04403297239906925,8,1.1852570916464487,1.222074996586806,0.3019610861345228,2.0657034,0.6254514522023995,1.6599278,1.0,0.9812011718750001,0.40495501085372976,0.20171234003226085,0.2643229067325592,0.4490351150850884,0.24732277505282757
single_shape,TinyCNN,2002,random_unitnorm,80,0.30226868036247667,0.2577404209460951,0.044528259416381555,8,1.17748932911788,1.214733692828406,0.3172158348503235,2.3825767,0.5768604631767786,2.0030277,1.0,0.98077392578125,0.40461903470547084,0.20855325514356948,0.2747395932674408,0.4091666442784385,0.20061338913486904
single_shape,TinyCNN,2002,random_unitnorm,120,0.3055046050802429,0.2608589621514939,0.04464564292874901,8,1.1748516478838331,1.2121606316213969,0.32453380846299307,2.5458806,0.5559439851543626,2.1774452,1.0,0.9807535807291667,0.40528949990297114,0.21016071649069568,0.26953125,0.3928080920953154,0.18264737560461974
single_shape,TinyCNN,2002,random_unitnorm,160,0.30652614725005894,0.26210395640067996,0.044422190849378984,8,1.1740335789219707,1.2111318616186297,0.32947317783212704,2.6569853,0.54318744841857,2.2951822,1.0,0.98077392578125,0.40579176494969693,0.21069245722948143,0.2760416567325592,0.3833227936006528,0.17263033637117137
single_shape,TinyCNN,2002,random_unitnorm,200,0.30683981242531766,0.26278706749775554,0.044052744927562115,8,1.1738389860021372,1.210612814619957,0.333531819198507,2.7415237,0.5341662628531822,2.3843427,1.0,0.9806925455729166,0.40657172886129234,0.2108941672946399,0.2760416567325592,0.37693332723355466,0.16603915993891477
single_shape,TinyCNN,2002,template_init,0,1.0,1.0,0.0,16,1.3170890159654386e-09,1.3170890159654386e-09,0.8481368160118523,1.0,1.0,0.0,,,,,,,
single_shape,TinyCNN,2002,template_init,1,0.9972605300464086,0.9972605300464086,0.0,16,0.07323454862023261,0.07323454862023261,0.8493492814684173,1.0073981,0.9972605300464086,0.08801434,0.53125,0.8684488932291666,0.5808837826735405,0.34089481784600556,0.28515625,0.32248906892825024,-0.018405748917755316
single_shape,TinyCNN,2002,template_init,5,0.9530794682374404,0.9530794682374404,0.0,16,0.30470152659730787,0.30470152659730787,0.7997636744420815,1.0717363,0.9530794682374404,0.34110606,0.72265625,0.9261474609375,0.5400738011584182,0.1950814767234627,0.3020833432674408,0.5767008522353619,0.38161937551189923
single_shape,TinyCNN,2002,template_init,10,0.8671835192135269,0.8671835192135269,0.0,16,0.5121842430557355,0.5121842430557355,0.7028027179443485,1.220585,0.8671835192135269,0.6300812,0.984375,0.9651285807291667,0.4824865194222808,0.24345836029990564,0.3463541567325592,0.6359737614718226,0.39251540117191697
single_shape,TinyCNN,2002,template_init,20,0.7384350833955049,0.7374102633713349,0.0010248200241700367,14,0.7184674870192234,0.7200235382804125,0.6243497235225428,1.6565884,0.7374102633713349,1.1654813,1.0,0.9791259765625,0.3790554012855839,0.2661790677258113,0.3046875,0.600856230173338,0.3346771624475267
single_shape,TinyCNN,2002,template_init,40,0.6603560101139879,0.6574181482639218,0.00293786185006617,13,0.8182610534211536,0.8221732356233125,0.5817044960959612,2.2249725,0.6574181482639218,1.7621894,1.0,0.9817911783854166,0.3584663346654236,0.304437252066138,0.34375,0.5450685373656907,0.24063128529955274
single_shape,TinyCNN,2002,template_init,80,0.625347983481501,0.6214102535840135,0.00393772989748753,12,0.8598237990171242,0.864677986274764,0.5566234348678164,2.6386693,0.6214102535840135,2.1859107,1.0,0.9826253255208334,0.36677253310431324,0.3616205783005789,0.3880208432674408,0.5408930808165971,0.1792725025160182
single_shape,TinyCNN,2002,template_init,120,0.6112784641339017,0.6068722556193944,0.004406208514507348,12,0.8758974060253142,0.881161359663297,0.5467470984986116,2.841503,0.6068722556193944,2.3930051,1.0,0.9829915364583334,0.36956986443492656,0.3796850022003157,0.40625,0.534119274644728,0.15443427244441227
single_shape,TinyCNN,2002,template_init,160,0.6029529551237739,0.5983420003904141,0.004610954733359818,12,0.885317268208957,0.8907257067706051,0.5417113981787529,2.9765215,0.5983420003904141,2.5303793,1.0,0.9830729166666667,0.3701261936712517,0.38970225477814024,0.4075520932674408,0.5295851891186372,0.13988293434049692
single_shape,TinyCNN,2002,template_init,200,0.5969471177091557,0.5921671199115652,0.004779997797590418,12,0.8920331417262619,0.8975748258741618,0.5380039310391191,3.078959,0.5921671199115652,2.634624,1.0,0.98297119140625,0.3696557920819059,0.3955049341741803,0.4088541567325592,0.5254426312777289,0.12993769710354863
single_shape,TinyCNN,2002,template_retention_1,0,1.0,1.0,0.0,16,1.3170890159654386e-09,1.3170890159654386e-09,0.8481368160118523,1.0,1.0,0.0,,,,,,,
single_shape,TinyCNN,2002,template_retention_1,1,0.9976440832820171,0.9976440832820171,0.0,16,0.0678990185309303,0.0678990185309303,0.8486387592698971,1.0003227,0.9976440832820171,0.07821481,0.52734375,0.8679402669270833,0.5798428785387786,0.33991727161020147,0.2877604067325592,0.3202633845186288,-0.019653887091572703
single_shape,TinyCNN,2002,template_retention_1,5,0.9705150622961074,0.9705150622961074,0.0,16,0.23828761482078714,0.23828761482078714,0.8147011788943981,1.0372235,0.9705150622961074,0.2527349,0.71875,0.9251505533854167,0.5615281650895686,0.18930561673643453,0.3190104067325592,0.5636984080307437,0.37439279129430914
single_shape,TinyCNN,2002,template_retention_1,10,0.9462665094463312,0.9462665094463312,0.0,16,0.31698694227797375,0.31698694227797375,0.7900347073356185,1.0823272,0.9462665094463312,0.34500778,0.953125,0.948486328125,0.5363096790279709,0.20753822961242463,0.3020833432674408,0.598032283977065,0.39049405436464035
single_shape,TinyCNN,2002,template_retention_1,20,0.9261751118243968,0.9261751118243968,0.0,16,0.36808159887223113,0.36808159887223113,0.7765671151921418,1.1369013,0.9261751118243968,0.42318547,1.0,0.9609375,0.5052584781826277,0.2503604973352751,0.33984375,0.6300635451021805,0.37970304776690544
single_shape,TinyCNN,2002,template_retention_1,40,0.9278486880833644,0.9277461481996641,0.00010253988370034772,15,0.35881520641587494,0.3589732339400641,0.7849001933946982,1.1362087,0.9277461481996641,0.41600138,1.0,0.9600016276041667,0.4976853755648128,0.31419780232822436,0.4921875,0.6617796192510126,0.3475818169227882
single_shape,TinyCNN,2002,template_retention_1,80,0.9422449022498303,0.9422268489769832,1.8053272847096125e-05,15,0.3183503335888976,0.3183799291279703,0.798964810050089,1.1055577,0.9422268489769832,0.35963672,1.0,0.95465087890625,0.4912854753435666,0.3502454592468281,0.5416666865348816,0.6682837482138029,0.3180382889669748
single_shape,TinyCNN,2002,template_retention_1,120,0.951446022920958,0.951446022920958,0.0,16,0.29006096225407363,0.29006096225407363,0.8067845705714238,1.086411,0.951446022920958,0.32135785,1.0,0.9500935872395833,0.4924844101606174,0.3531329170982789,0.5364583134651184,0.6563386772462674,0.3032057601479885
single_shape,TinyCNN,2002,template_retention_1,160,0.9578999723357584,0.9578999723357584,0.0,16,0.2697534445209361,0.2697534445209361,0.811712048587317,1.0740135,0.9578999723357584,0.2952439,1.0,0.9425455729166667,0.4954083198126845,0.33332694816315667,0.5052083134651184,0.6279184674886555,0.2945915193254989
single_shape,TinyCNN,2002,template_retention_1,200,0.9625192459719965,0.9625192459719965,0.0,16,0.2545324128291668,0.2545324128291668,0.8166118045631423,1.0649093,0.9625192459719965,0.2759559,1.0,0.9400838216145834,0.49683806868676345,0.34811044420002746,0.5260416865348816,0.6342179561482763,0.2861075119482488
single_shape,TinyCNN,2002,template_release,0,1.0,1.0,0.0,16,1.3170890159654386e-09,1.3170890159654386e-09,0.8481368160118523,1.0,1.0,0.0,,,,,,,
single_shape,TinyCNN,2002,template_release,1,0.9976440832820171,0.9976440832820171,0.0,16,0.0678990185309303,0.0678990185309303,0.8486387592698971,1.0003227,0.9976440832820171,0.07821481,0.52734375,0.8679402669270833,0.5798428785387786,0.33991727161020147,0.2877604067325592,0.3202633845186288,-0.019653887091572703
single_shape,TinyCNN,2002,template_release,5,0.9705150622961074,0.9705150622961074,0.0,16,0.23828761482078714,0.23828761482078714,0.8147011788943981,1.0372235,0.9705150622961074,0.2527349,0.71875,0.9251505533854167,0.5615281650895686,0.18930561673643453,0.3190104067325592,0.5636984080307437,0.37439279129430914
single_shape,TinyCNN,2002,template_release,10,0.9462665094463312,0.9462665094463312,0.0,16,0.31698694227797375,0.31698694227797375,0.7900347073356185,1.0823272,0.9462665094463312,0.34500778,0.953125,0.948486328125,0.5363096790279709,0.20753822961242463,0.3020833432674408,0.598032283977065,0.39049405436464035
single_shape,TinyCNN,2002,template_release,20,0.9193383047900548,0.9193383047900548,0.0,16,0.38605882818361104,0.38605882818361104,0.7702440645360197,1.1506202,0.9193383047900548,0.44856292,1.0,0.96258544921875,0.5018789553693984,0.2517855726521979,0.3333333432674408,0.6302866101433577,0.3785010374911598
single_shape,TinyCNN,2002,template_release,40,0.9038881996058934,0.9034940298743903,0.0003941697315030801,15,0.41812860995009415,0.4186811976700513,0.764990713990745,1.199349,0.9034940298743903,0.5127286,1.0,0.96380615234375,0.48492964182858067,0.31319443846450623,0.50390625,0.6480482916755542,0.334853853211048
single_shape,TinyCNN,2002,template_release,80,0.8386925936416917,0.8376097515542966,0.001082842087395064,15,0.5538883885119941,0.5552205821116241,0.7170874034357605,1.4150004,0.8376097515542966,0.79796576,1.0,0.9724121093749999,0.4334859355514017,0.39197621278685485,0.5052083134651184,0.6442340277804659,0.25225781499361105
single_shape,TinyCNN,2002,template_release,120,0.7416721387588121,0.740262729688803,0.0014094090700090822,15,0.7125774366923077,0.7142547660012507,0.6508170959674549,1.8666887,0.740262729688803,1.3263094,1.0,0.9796346028645833,0.3968055302589882,0.4509399728108616,0.5390625,0.64832108045463,0.19738110764376834
single_shape,TinyCNN,2002,template_release,160,0.7154896313737458,0.7140229342859239,0.0014666970878218777,15,0.7492305786122653,0.7509738919395841,0.6354308182588235,2.063466,0.7140229342859239,1.5365528,1.0,0.98077392578125,0.38451949790338985,0.4570679665273878,0.5364583134651184,0.6386197671692899,0.18155180064190216
single_shape,TinyCNN,2002,template_release,200,0.7004363647649506,0.6989631973198732,0.0014731674450774168,15,0.7693195549898149,0.7710699357763018,0.6265953367247713,2.197379,0.6989631973198732,1.6774809,1.0,0.9814249674479166,0.38106463956646636,0.45907129497621924,0.53125,0.6309842341629589,0.17191293918673967
single_shape,TinyCNN,2003,random,0,0.1619630300243563,0.1531870341813369,0.008775995843019413,10,1.2936579054185775,1.3004072923697425,0.1751300867089013,0.5788084,1.0,0.0,,,,,,,
single_shape,TinyCNN,2003,random,1,0.17447186474662768,0.1619054544247689,0.01256641032185879,9,1.284053517399636,1.2937303005012326,0.17510867526159862,0.5843713,0.9905682024689934,0.08854349,0.484375,0.8862304687500001,0.28817873284557816,0.24298651825632678,0.35546875,0.5489107435991756,0.3059242253428488
single_shape,TinyCNN,2003,random,5,0.23052000250037002,0.2106557090870696,0.019864293413300427,11,1.238509509668626,1.2534469805318231,0.18927429222815556,0.678772,0.8873845613124915,0.33456352,0.73046875,0.9538370768229166,0.3894993458807024,0.22554823878671104,0.3528645932674408,0.5934746701117989,0.36792643132508784
single_shape,TinyCNN,2003,random,10,0.28124496257105824,0.26523569084599713,0.016009271725061114,12,1.1959431692759486,1.2091154196687404,0.24065775509975226,0.88694423,0.7421693698560914,0.6221506,0.9453125,0.9758504231770834,0.3881137947600568,0.18816487831409512,0.3177083432674408,0.5580925073720585,0.3699276290579634
single_shape,TinyCNN,2003,random,20,0.31269675031187566,0.29619032332928064,0.016506426982595024,11,1.1695506829334832,1.1835555319140125,0.2941440758962248,1.3521266,0.5721692407855465,1.1460876,0.99609375,0.9816691080729166,0.371237093535877,0.1656639707875417,0.2473958283662796,0.4859507533587766,0.3202867825712349
single_shape,TinyCNN,2003,random,40,0.3275247166639067,0.3082658256033803,0.019258891060526417,10,1.1571813403703115,1.1732628540642833,0.2976179329741787,1.7750566,0.4881572470611976,1.5930867,1.0,0.9852294921875,0.36019070167910205,0.22546212478863986,0.2955729067325592,0.4752142388332299,0.24975211404459002
single_shape,TinyCNN,2003,random,80,0.331172892163109,0.3113739564308875,0.019798935732221523,10,1.1543282522454197,1.1707737915478882,0.2944919850700192,2.0650134,0.44842111287402403,1.8935485,1.0,0.98138427734375,0.3499323614772349,0.23901051595704043,0.3125,0.4463919061971183,0.2073813902400779
single_shape,TinyCNN,2003,random,120,0.33195066763237346,0.31179639111720214,0.02015427651517132,10,1.1537044866721609,1.1704051037324412,0.2956079913545564,2.2127006,0.431932035651476,2.0453944,1.0,0.9820353190104166,0.3447794203036288,0.241871405241939,0.3151041567325592,0.43149148299273976,0.18962007775080075
single_shape,TinyCNN,2003,random,160,0.3317526822408671,0.31147693125660636,0.020275750984260765,10,1.1538837991357107,1.170650926465556,0.2963666960853985,2.312283,0.42179061242889837,2.147556,1.0,0.9822998046875,0.3428178213373251,0.24294658249519685,0.3177083432674408,0.4222253673991617,0.17927878490396487
single_shape,TinyCNN,2003,random,200,0.33168162325603845,0.31124189242095646,0.020439730835081993,10,1.153959238618604,1.170835288419578,0.2974780854029568,2.3879862,0.4146862485205285,2.225024,1.0,0.9824625651041666,0.3404551310775381,0.2435030661494632,0.3216145932674408,0.4157130908193183,0.17221002466985508
single_shape,TinyCNN,2003,random_unitnorm,0,0.16196302848160848,0.15318703253512406,0.008775995946484427,10,1.293657906640943,1.300407293656905,0.17513008466478552,1.0,1.0,0.0,,,,,,,
single_shape,TinyCNN,2003,random_unitnorm,1,0.17000376749124016,0.15763765311717168,0.012366114374068482,10,1.2875523411424252,1.2970196572853965,0.17088747638671684,1.0057869,0.9965389116278589,0.09131418,0.4375,0.87982177734375,0.24283831446612963,0.24375096059231838,0.3919270932674408,0.47922229304609154,0.23547133245377316
single_shape,TinyCNN,2003,random_unitnorm,5,0.2066866698059917,0.18866829251321998,0.018018377292771726,10,1.2582278463016623,1.2723108008013244,0.1784749262503832,1.0754516,0.9487984789795773,0.35919282,0.7109375,0.9395345052083333,0.34595778606574823,0.20706131449503495,0.3580729067325592,0.5721779652320327,0.3651166507369977
single_shape,TinyCNN,2003,random_unitnorm,10,0.24821492676063323,0.22628950703100043,0.0219254197296328,10,1.2241837124497612,1.2413758276120228,0.20554717192784472,1.2336018,0.8617850755536831,0.6548633,0.9453125,0.9726969401041667,0.37529087289480806,0.2243964981135343,0.3463541567325592,0.5939529847886085,0.3695564866750742
single_shape,TinyCNN,2003,random_unitnorm,20,0.2886068337154658,0.2631618147707916,0.025445018944674214,11,1.190200925248895,1.2111476990195478,0.2514554453347312,1.6159117,0.7195259717968119,1.1608748,0.99609375,0.985107421875,0.3649587068518829,0.19681436473947178,0.3098958432674408,0.5237529621698787,0.3269385974304069
single_shape,TinyCNN,2003,random_unitnorm,40,0.30061338140846994,0.2716987978255972,0.028914583582872744,9,1.1799557840360881,1.2040248306451975,0.26434158425068094,2.0122461,0.6224560637660725,1.6192129,1.0,0.9880981445312501,0.3585589598312894,0.23395453873939354,0.2916666567325592,0.49374513345036064,0.2597905947109671
single_shape,TinyCNN,2003,random_unitnorm,80,0.30414748054246343,0.2755704572643984,0.02857702327806505,9,1.176971874301869,1.2005936460999966,0.265386243347459,2.2948394,0.5740236860708536,1.9270949,1.0,0.9903564453125,0.35527726398981224,0.24319002237259055,0.3307291567325592,0.4595701674986348,0.21638014512604423
single_shape,TinyCNN,2003,random_unitnorm,120,0.3047759800678321,0.27665315059132595,0.028122829476506128,9,1.176448413612357,1.1992345384051954,0.2651779853407425,2.4396665,0.5528626045167573,2.082591,1.0,0.9907023111979166,0.35290976379966904,0.2476915423573984,0.3346354067325592,0.44571733542297676,0.19802579306557835
single_shape,TinyCNN,2003,random_unitnorm,160,0.3048610156985526,0.2772481052479279,0.027612910450624695,9,1.1763816673888967,1.198778353613152,0.2652508599403791,2.538557,0.5397004961628189,2.1879983,1.0,0.9905802408854166,0.3526935573769825,0.24961105639747555,0.3385416567325592,0.43698978976564695,0.1873787333681714
single_shape,TinyCNN,2003,random_unitnorm,200,0.3048400657348296,0.277610107317798,0.027229958417031574,9,1.1764003521209467,1.198504067953106,0.2665879100764619,2.6139262,0.5304453695467484,2.2677794,1.0,0.9904174804687499,0.35244112044707515,0.2547823661134606,0.3424479067325592,0.434888281581409,0.1801059154679484
single_shape,TinyCNN,2003,template_init,0,1.0,1.0,0.0,16,1.3170890159654386e-09,1.3170890159654386e-09,0.8481368160118523,1.0,1.0,0.0,,,,,,,
single_shape,TinyCNN,2003,template_init,1,0.9970467273032568,0.9970467273032568,0.0,16,0.07603516492461922,0.07603516492461922,0.8477852164806369,1.0112288,0.9970467273032568,0.09082195,0.296875,0.8669840494791666,0.5758827535990909,-0.29398846175405324,0.1236979141831398,-0.3680736704121492,-0.07408520865809597
single_shape,TinyCNN,2003,template_init,5,0.9511635597473475,0.9511635597473475,0.0,16,0.30696380719563765,0.30696380719563765,0.8100361766142048,1.0859871,0.9511635597473475,0.3495618,0.90625,0.9247639973958334,0.5895506828188268,0.23754687320744294,0.5234375,0.5769759832416532,0.3394291100342103
single_shape,TinyCNN,2003,template_init,10,0.8727305297176666,0.8727305297176666,0.0,16,0.49811016863470314,0.49811016863470314,0.7292011342496647,1.246046,0.8727305297176666,0.6341307,0.99609375,0.9596150716145834,0.5629919461808411,0.19167188999446982,0.3736979067325592,0.5609886432057958,0.36931675321132595
single_shape,TinyCNN,2003,template_init,20,0.7535089699062312,0.7521329652584392,0.001376004647791973,15,0.6959391485422932,0.6979820186982364,0.6192016796984481,1.6360724,0.7521329652584392,1.1285897,1.0,0.968017578125,0.5018144916900503,0.2109048815180986,0.30859375,0.5488340844226786,0.33792920290457995
single_shape,TinyCNN,2003,template_init,40,0.6854254615965834,0.6834174474102414,0.002008014186342,15,0.787656919484371,0.7901537746878249,0.5664218859679688,2.0689526,0.6834174474102414,1.5894704,1.0,0.9758707682291666,0.486037330544206,0.25219418226481255,0.3385416567325592,0.5193170478463995,0.267122865581587
single_shape,TinyCNN,2003,template_init,80,0.655326976838231,0.6526922701085942,0.0026347067296368376,15,0.825412035169125,0.8284880305105677,0.5436343899515066,2.4120674,0.6526922701085942,1.9367887,1.0,0.9764200846354167,0.4836869776362801,0.2572732343980012,0.3294270932674408,0.4774194366148876,0.22014620221688644
single_shape,TinyCNN,2003,template_init,120,0.6431527631305018,0.6399754081711606,0.0031773549593412387,15,0.840012710181123,0.8436067928634521,0.5369870236922125,2.5959249,0.6399754081711606,2.1214795,1.0,0.9764811197916666,0.4830017244873298,0.2574496448146516,0.3229166567325592,0.45673583933167594,0.19928619451702434
single_shape,TinyCNN,2003,template_init,160,0.6355990202556627,0.6322321757950164,0.003366844460646279,15,0.848908266907392,0.8526471169400752,0.5323776575122598,2.721037,0.6322321757950164,2.2472143,1.0,0.9764607747395833,0.4817486605556345,0.2569043812619507,0.3229166567325592,0.443764199482756,0.1868598182208053
single_shape,TinyCNN,2003,template_init,200,0.6304106482648991,0.6269345746628641,0.003476073602035057,15,0.854978364964286,0.8588013628644142,0.5286950907393357,2.8172693,0.6269345746628641,2.343689,1.0,0.97625732421875,0.4814121454109468,0.256206916181899,0.3229166567325592,0.43439187160368364,0.17818495542178464
single_shape,TinyCNN,2003,template_retention_1,0,1.0,1.0,0.0,16,1.3170890159654386e-09,1.3170890159654386e-09,0.8481368160118523,1.0,1.0,0.0,,,,,,,
single_shape,TinyCNN,2003,template_retention_1,1,0.997365719896331,0.997365719896331,0.0,16,0.07169159950990109,0.07169159950990109,0.8483954258598382,1.0040524,0.997365719896331,0.08008848,0.29296875,0.86724853515625,0.5777648571306182,-0.1434452907990226,0.11328125,-0.21457280900231668,-0.07112751820329408
single_shape,TinyCNN,2003,template_retention_1,5,0.9667732881193527,0.9667732881193527,0.0,16,0.25045905045952066,0.25045905045952066,0.8226040092781904,1.0416179,0.9667732881193527,0.26432496,0.87109375,0.9188232421874999,0.5812226384007417,0.23755017857732075,0.51953125,0.5718834676468851,0.3343332890695644
single_shape,TinyCNN,2003,template_retention_1,10,0.9381477772270516,0.9381477772270516,0.0,16,0.33878614751693686,0.33878614751693686,0.7955405552190988,1.087523,0.9381477772270516,0.36910188,0.98828125,0.9453938802083333,0.5772006200213613,0.20649174953393828,0.4778645932674408,0.5752189168146289,0.3687271672806906
single_shape,TinyCNN,2003,template_retention_1,20,0.9106859546091005,0.9106859546091005,0.0,16,0.39930463643938885,0.39930463643938885,0.7850256665446846,1.1420071,0.9106859546091005,0.45919037,0.99609375,0.9545898437499999,0.5468772124672662,0.1684827340098981,0.3606770932674408,0.5474538493354526,0.3789711153255545
single_shape,TinyCNN,2003,template_retention_1,40,0.9168189910494463,0.9168189910494463,0.0,16,0.3830273150788393,0.3830273150788393,0.8068543295330697,1.1256726,0.9168189910494463,0.43377697,1.0,0.95703125,0.5503300362137258,0.18619797544557548,0.3502604067325592,0.5530029749851902,0.36680499953961476
single_shape,TinyCNN,2003,template_retention_1,80,0.9335120383854651,0.9335120383854651,0.0,16,0.34296301414766395,0.34296301414766395,0.8210778143657107,1.0910815,0.9335120383854651,0.3750577,1.0,0.9521484375,0.5614671614561478,0.24093441282045525,0.3997395932674408,0.5863211093781966,0.34538669655774135
single_shape,TinyCNN,2003,template_retention_1,120,0.9431476411637956,0.9431476411637956,0.0,16,0.31757345218889865,0.31757345218889865,0.8270620958786332,1.0733883,0.9431476411637956,0.34124678,1.0,0.9429117838541667,0.570151488522216,0.2707075938512737,0.4348958432674408,0.602131119968043,0.33142352611676934
single_shape,TinyCNN,2003,template_retention_1,160,0.9498114896519179,0.9498114896519179,0.0,16,0.29882954731641426,0.29882954731641426,0.831198466358426,1.0615008,0.9498114896519179,0.3176713,1.0,0.9470621744791667,0.5755782650430094,0.28757849636337457,0.44140625,0.6105886209983439,0.3230101246349693
single_shape,TinyCNN,2003,template_retention_1,200,0.9550392215697695,0.9550392215697695,0.0,16,0.2830198315070312,0.2830198315070312,0.8335034933209537,1.0521767,0.9550392215697695,0.2981841,1.0,0.9438883463541666,0.5804089392395095,0.3469102283718088,0.5481770634651184,0.6610279556062169,0.31411772723440806
single_shape,TinyCNN,2003,template_release,0,1.0,1.0,0.0,16,1.3170890159654386e-09,1.3170890159654386e-09,0.8481368160118523,1.0,1.0,0.0,,,,,,,
single_shape,TinyCNN,2003,template_release,1,0.997365719896331,0.997365719896331,0.0,16,0.07169159950990109,0.07169159950990109,0.8483954258598382,1.0040524,0.997365719896331,0.08008848,0.29296875,0.86724853515625,0.5777648571306182,-0.1434452907990226,0.11328125,-0.21457280900231668,-0.07112751820329408
single_shape,TinyCNN,2003,template_release,5,0.9667732881193527,0.9667732881193527,0.0,16,0.25045905045952066,0.25045905045952066,0.8226040092781904,1.0416179,0.9667732881193527,0.26432496,0.87109375,0.9188232421874999,0.5812226384007417,0.23755017857732075,0.51953125,0.5718834676468851,0.3343332890695644
single_shape,TinyCNN,2003,template_release,10,0.9381477772270516,0.9381477772270516,0.0,16,0.33878614751693686,0.33878614751693686,0.7955405552190988,1.087523,0.9381477772270516,0.36910188,0.98828125,0.9453938802083333,0.5772006200213613,0.20649174953393828,0.4778645932674408,0.5752189168146289,0.3687271672806906
single_shape,TinyCNN,2003,template_release,20,0.903432890906765,0.903432890906765,0.0,16,0.4164130592200866,0.4164130592200866,0.7781746725393963,1.1558751,0.903432890906765,0.48388502,0.99609375,0.9563395182291666,0.547947295699142,0.16949711538419127,0.3580729067325592,0.5472208653141817,0.3777237499299904
single_shape,TinyCNN,2003,template_release,40,0.8910252187929687,0.8910252187929687,0.0,16,0.44098102119500127,0.44098102119500127,0.7859264582737189,1.1802883,0.8910252187929687,0.52287245,1.0,0.9698079427083334,0.5324792017395057,0.22200154697649332,0.4283854067325592,0.5757466489392677,0.3537451019627744
single_shape,TinyCNN,2003,template_release,80,0.8198834096619094,0.8198834096619094,0.0,16,0.576636100844192,0.576636100844192,0.7394773661305651,1.3593535,0.8198834096619094,0.7764038,1.0,0.98065185546875,0.5237474826201934,0.2670249310986734,0.3932291567325592,0.5461539447445833,0.2791290136459099
single_shape,TinyCNN,2003,template_release,120,0.7337149149671574,0.7325585977884104,0.0011563171787469795,15,0.7157159552249162,0.7173331759766394,0.6898917865406429,1.7446654,0.7325585977884104,1.2264321,1.0,0.9860432942708334,0.4910586274118606,0.27765690517754266,0.3854166567325592,0.5016184943284805,0.22396158915093783
single_shape,TinyCNN,2003,template_release,160,0.7092624605404403,0.7078718551134051,0.0013906054270351742,15,0.7512436756607821,0.7531165113126468,0.6694021103776105,1.9145069,0.7078718551134051,1.4086177,1.0,0.9871215820312499,0.48276736301828066,0.27969596159964893,0.3828125,0.48717061952141505,0.20747465792176611
single_shape,TinyCNN,2003,template_release,200,0.6939810178211835,0.6925066221351024,0.001474395686081098,15,0.7725238747569032,0.7744694753909758,0.6563766618616718,2.0308216,0.6925066221351024,1.5326686,1.0,0.9876302083333333,0.4776754824876288,0.28068449493776937,0.3776041567325592,0.4779951357372707,0.19731064079950134
single_shape,TinyCNN,2004,random,0,0.15065180330061792,0.1364389245180109,0.014212878782607019,10,1.301875905683554,1.3123057343772822,0.18061309048119614,0.5842011,1.0,0.0,,,,,,,
single_shape,TinyCNN,2004,random,1,0.1565374564767666,0.1484193105722855,0.008118145904481094,11,1.297635469114987,1.3036793673373412,0.17612486270151315,0.59194684,0.9904444064991157,0.08898044,0.2890625,0.8936971028645834,0.2269813841172723,0.042497019955812454,0.3203125,0.36693384765535253,0.3244368276995401
single_shape,TinyCNN,2004,random,5,0.21721972444413196,0.21076835660501061,0.006451367839121341,12,1.249433140654749,1.254349965225794,0.18484879389531428,0.6868609,0.8889327967106043,0.3313743,0.87890625,0.9534912109375001,0.24566513295628944,0.23340815703040207,0.4140625,0.6145481808295187,0.3811400237991166
single_shape,TinyCNN,2004,random,10,0.25126866701729966,0.23977534152615887,0.011493325491140793,12,1.2209611292487064,1.2299449592985723,0.2415578881838104,0.8905059,0.747842846614517,0.61307395,0.99609375,0.9603068033854166,0.24290168417419897,0.2505401067345723,0.4791666567325592,0.6325666112826811,0.3820265045481088
single_shape,TinyCNN,2004,random,20,0.27651273124769216,0.2605853367894919,0.01592739445820024,9,1.1989973214840772,1.2115592836407485,0.33052548816732363,1.3977478,0.5817696594434866,1.1724588,1.0,0.9634806315104166,0.2501361050560508,0.26157561841563226,0.4192708432674408,0.5811652448920757,0.3195896264764434
single_shape,TinyCNN,2004,random,40,0.2857622003137594,0.26877454262744754,0.01698765768631183,9,1.1907201071143292,1.2041472180983592,0.3546752478376098,1.8835541,0.5021926102665425,1.6793187,1.0,0.9636433919270834,0.25004238162061637,0.3087750946522614,0.3880208432674408,0.5307290780536857,0.2219539834014244
single_shape,TinyCNN,2004,random,80,0.29241235192595066,0.2751892233582125,0.017223128567738166,9,1.1849847687223944,1.1986017158671691,0.35574741483203487,2.2050335,0.4664532564659283,2.0103993,1.0,0.95880126953125,0.24887483895641416,0.30190895243956695,0.3684895932674408,0.46776609692489235,0.1658571444853254
single_shape,TinyCNN,2004,random,120,0.2940668343128305,0.2773967590979709,0.01667007521485958,9,1.183672620557858,1.196655907108744,0.3540288207670921,2.3667293,0.4525664469999136,2.1756086,1.0,0.9558308919270834,0.24654113199192484,0.3016780655991476,0.36328125,0.4456614295909854,0.1439833639918378
single_shape,TinyCNN,2004,random,160,0.2946180761328618,0.2785414344998013,0.016076641633060496,9,1.1832937473445782,1.1957614719128922,0.35175317965084385,2.4763155,0.44436923389935756,2.2871692,1.0,0.9571126302083333,0.24569859694084523,0.3005158061825499,0.3567708432674408,0.4317718997997211,0.13125609361717117
single_shape,TinyCNN,2004,random,200,0.2952689528731302,0.2793209985784533,0.015947954294676936,10,1.1828261754503555,1.1951715383386157,0.35043992417680236,2.5597289,0.4386769751734112,2.3719041,1.0,0.9577840169270834,0.25143898093948175,0.2990788660428205,0.3567708432674408,0.4220000122991966,0.1229211462563761
single_shape,TinyCNN,2004,random_unitnorm,0,0.15065180252163346,0.13643892312351408,0.014212879398119382,10,1.3018759062599443,1.3123057354138308,0.18061309137356835,1.0,1.0,0.0,,,,,,,
single_shape,TinyCNN,2004,random_unitnorm,1,0.15271379866237256,0.1414710945808223,0.011242704081550259,10,1.3003700017635202,1.3087829571775407,0.1780272337979389,1.0050538,0.9968944474563557,0.090729855,0.30078125,0.881591796875,0.19651263569996083,0.12204029034956632,0.3567708432674408,0.38914840447375854,0.2671081141241922
single_shape,TinyCNN,2004,random_unitnorm,5,0.18969879309270118,0.17565372692672107,0.014045066165980113,11,1.2718024220491748,1.2825561861969832,0.18653276502264093,1.0729154,0.9509982106871739,0.3512379,0.89453125,0.949462890625,0.21400287766228154,0.23675524987878183,0.4544270932674408,0.6081898516091973,0.3714346017304154
single_shape,TinyCNN,2004,random_unitnorm,10,0.22364136937843018,0.210714076381015,0.012927292997415185,12,1.2442866578953362,1.2539582374744667,0.19123350942965775,1.2244914,0.8693503371173785,0.63517356,0.9921875,0.9610799153645833,0.24790710465253457,0.252798261920018,0.4739583432674408,0.6307652656945477,0.37796700377452974
single_shape,TinyCNN,2004,random_unitnorm,20,0.2601786770582829,0.23936737850916023,0.02081129854912267,9,1.213314385169288,1.2295892188465958,0.27276568781994615,1.6411167,0.7169431630885684,1.1836917,1.0,0.95916748046875,0.24802455506367155,0.3119851767037548,0.4453125,0.6327407437834063,0.32075556707965147
single_shape,TinyCNN,2004,random_unitnorm,40,0.2818122012256865,0.2575208259271938,0.024291375298492734,9,1.1944737889917736,1.213811930167643,0.3259193355607857,2.101344,0.6180657970285007,1.7001543,1.0,0.9665730794270834,0.2444676236310831,0.3248839875412822,0.40234375,0.551830341722674,0.22694635418139175
single_shape,TinyCNN,2004,random_unitnorm,80,0.2913709037377112,0.2680350910818383,0.023335812655872867,10,1.1859027509890763,1.2042505974551623,0.33843371518022936,2.4241772,0.5661029577370136,2.051187,1.0,0.95623779296875,0.2402175619439344,0.33992200039456677,0.3802083432674408,0.5103009518595918,0.170378951465025
single_shape,TinyCNN,2004,random_unitnorm,120,0.29467506769312635,0.2717399021241121,0.02293516556901426,10,1.1829199731052875,1.2010343938538361,0.34040667227496124,2.5899954,0.544482031151895,2.2282698,1.0,0.95709228515625,0.24112284058181555,0.3411476756402965,0.3723958432674408,0.4891460110759872,0.1479983354356907
single_shape,TinyCNN,2004,random_unitnorm,160,0.29594270177317056,0.27315248341424797,0.022790218358922587,10,1.181806659638757,1.1998432281809435,0.3418735120480171,2.7030563,0.5318970655229979,2.347443,1.0,0.9568888346354166,0.2403393748617459,0.340092245660989,0.3619791567325592,0.4747824643556052,0.13469021869461623
single_shape,TinyCNN,2004,random_unitnorm,200,0.2964552363679439,0.2737936133472893,0.02266162302065461,10,1.1813610706366346,1.1993151072714778,0.3427354627885574,2.7894847,0.5228403029417822,2.438294,1.0,0.9566446940104166,0.24050805587545643,0.33848611449744,0.3580729067325592,0.4642772064319375,0.1257910919344975
single_shape,TinyCNN,2004,template_init,0,1.0,1.0,0.0,16,1.3170890159654386e-09,1.3170890159654386e-09,0.8481368160118523,1.0,1.0,0.0,,,,,,,
single_shape,TinyCNN,2004,template_init,1,0.9972179242642928,0.9972179242642928,0.0,16,0.07320716688468545,0.07320716688468545,0.8502411568931496,0.9974159,0.9972179242642928,0.09254999,0.25,0.8682047526041666,0.6075343480874875,-0.04428971470373477,0.25,0.11492276452654737,0.15921247923028214
single_shape,TinyCNN,2004,template_init,5,0.9490418312978093,0.9490418312978093,0.0,16,0.31371084156990653,0.31371084156990653,0.7823152133338587,1.045892,0.9490418312978093,0.34026706,0.83984375,0.9051106770833333,0.5892176264428771,0.2616451428841887,0.5651041865348816,0.6417906116591348,0.38014546877494604
single_shape,TinyCNN,2004,template_init,10,0.8641890890226629,0.8641890890226629,0.0,16,0.5122373580408501,0.5122373580408501,0.6823522945676799,1.194461,0.8641890890226629,0.612748,0.9765625,0.9499511718750001,0.5686031521586761,0.24843453650499236,0.5533854365348816,0.6339526937779332,0.3855181572729408
single_shape,TinyCNN,2004,template_init,20,0.7285846001838134,0.7278393559202558,0.0007452442635575984,15,0.7304252274763091,0.7316486285951898,0.5799120889971492,1.623363,0.7278393559202558,1.1449649,1.0,0.9711507161458334,0.5174971121329134,0.27531539518808573,0.43359375,0.6213033367044518,0.3459879415163661
single_shape,TinyCNN,2004,template_init,40,0.6493265124584513,0.6460234246504204,0.0033030878080309023,13,0.8339504440959271,0.8381726624929189,0.5403701903071296,2.1752446,0.6460234246504204,1.7278256,1.0,0.9742431640625,0.46608081578611993,0.29153263558013415,0.3515625,0.551481691044601,0.25994905546446684
single_shape,TinyCNN,2004,template_init,80,0.6172993468097279,0.6121506510390019,0.005148695770725964,12,0.8721339216972639,0.8777179992129184,0.5274214613528277,2.5648189,0.6120023981966164,2.1254435,1.0,0.9748942057291666,0.44296816955291746,0.2989849293979567,0.3307291567325592,0.5054075340162025,0.20642260461824585
single_shape,TinyCNN,2004,template_init,120,0.6041196676547089,0.5983456492919711,0.005774018362737832,12,0.8873345049446755,0.8934906931012195,0.5195101725009814,2.763375,0.5980406421654817,2.3276253,1.0,0.9744873046875,0.43503955084650303,0.30021969381908725,0.3307291567325592,0.48496815426311346,0.1847484604440262
single_shape,TinyCNN,2004,template_init,160,0.5959779145676122,0.5897593496077533,0.006218564959858841,11,0.8965646865497525,0.9031312003799428,0.5141920806912208,2.897571,0.5895242946450108,2.4641032,1.0,0.9742024739583334,0.4317869088589805,0.30279694594263457,0.3515625,0.4746514890456073,0.1718545431029727
single_shape,TinyCNN,2004,template_init,200,0.5903703859459211,0.5836659411091242,0.006704444836796886,11,0.9028422645960938,0.90990887733265,0.5098810877789896,3.000223,0.5834636645241449,2.5683446,1.0,0.9736735026041667,0.43050736101725884,0.3055467782923966,0.35546875,0.46865634106007925,0.16310956276768265
single_shape,TinyCNN,2004,template_retention_1,0,1.0,1.0,0.0,16,1.3170890159654386e-09,1.3170890159654386e-09,0.8481368160118523,1.0,1.0,0.0,,,,,,,
single_shape,TinyCNN,2004,template_retention_1,1,0.9977024097374924,0.9977024097374924,0.0,16,0.06641298476136967,0.06641298476136967,0.8506179012104498,1.0015175,0.9977024097374924,0.080663875,0.25,0.8687133789062499,0.6083017340887348,-0.04546543620119653,0.25,0.11242912610489997,0.1578945623060965
single_shape,TinyCNN,2004,template_retention_1,5,0.9719701992859373,0.9719701992859373,0.0,16,0.2294547522484809,0.2294547522484809,0.812843565615567,1.0218308,0.9719701992859373,0.23885381,0.85546875,0.90234375,0.6012594979998938,0.3099610691281578,0.5924479365348816,0.6844875979586378,0.37452652883048
single_shape,TinyCNN,2004,template_retention_1,10,0.9492550934792499,0.9492550934792499,0.0,16,0.3026591183091997,0.3026591183091997,0.7898669412624427,1.0689603,0.9492550934792499,0.32631025,0.9765625,0.9242146809895833,0.5894171258304249,0.2727590977095957,0.54296875,0.6607725678743023,0.38801347016470655
single_shape,TinyCNN,2004,template_retention_1,20,0.9213864800457956,0.9213864800457956,0.0,16,0.374783973665534,0.374783973665534,0.7626085681737036,1.1322992,0.9213864800457956,0.43187833,0.99609375,0.9332275390625,0.6000884645503695,0.3078770270502851,0.5169270634651184,0.6916626808176416,0.3837856537673565
single_shape,TinyCNN,2004,template_retention_1,40,0.9201666112205509,0.9201666112205509,0.0,16,0.37780461385437303,0.37780461385437303,0.7607976268002256,1.1377962,0.9201666112205509,0.43790615,1.0,0.9463500976562499,0.6013065653389257,0.31824184047439685,0.5091145634651184,0.6807792275771447,0.36253738710274785
single_shape,TinyCNN,2004,template_retention_1,80,0.9353547841646298,0.9353547841646298,0.0,16,0.3398085939419242,0.3398085939419242,0.7741888992564933,1.1077781,0.9353547841646298,0.38276023,1.0,0.9469197591145834,0.6014472764958607,0.3205990269879869,0.48046875,0.6636557539913176,0.3430567270033307
single_shape,TinyCNN,2004,template_retention_1,120,0.9460201452401809,0.9460201452401809,0.0,16,0.30982713689856034,0.30982713689856034,0.7837543459275463,1.0887423,0.9460201452401809,0.34275937,1.0,0.941162109375,0.6014668434451333,0.335895544955057,0.51953125,0.6701254337677286,0.33422988881267157
single_shape,TinyCNN,2004,template_retention_1,160,0.9531818043689684,0.9531818043689684,0.0,16,0.2878091813617957,0.2878091813617957,0.7928311901209393,1.0754826,0.9531818043689684,0.31443715,1.0,0.9359334309895834,0.6009542902930014,0.29885170121952026,0.4895833432674408,0.6279335594621649,0.32908185824264463
single_shape,TinyCNN,2004,template_retention_1,200,0.9585795279341262,0.9585795279341262,0.0,16,0.27200837494556523,0.27200837494556523,0.8015420655133827,1.0651283,0.9585795279341262,0.2936856,1.0,0.9328816731770834,0.5963869781538489,0.29968923030426214,0.4973958432674408,0.625702884522082,0.32601365421781986
single_shape,TinyCNN,2004,template_release,0,1.0,1.0,0.0,16,1.3170890159654386e-09,1.3170890159654386e-09,0.8481368160118523,1.0,1.0,0.0,,,,,,,
single_shape,TinyCNN,2004,template_release,1,0.9977024097374924,0.9977024097374924,0.0,16,0.06641298476136967,0.06641298476136967,0.8506179012104498,1.0015175,0.9977024097374924,0.080663875,0.25,0.8687133789062499,0.6083017340887348,-0.04546543620119653,0.25,0.11242912610489997,0.1578945623060965
single_shape,TinyCNN,2004,template_release,5,0.9719701992859373,0.9719701992859373,0.0,16,0.2294547522484809,0.2294547522484809,0.812843565615567,1.0218308,0.9719701992859373,0.23885381,0.85546875,0.90234375,0.6012594979998938,0.3099610691281578,0.5924479365348816,0.6844875979586378,0.37452652883048
single_shape,TinyCNN,2004,template_release,10,0.9492550934792499,0.9492550934792499,0.0,16,0.3026591183091997,0.3026591183091997,0.7898669412624427,1.0689603,0.9492550934792499,0.32631025,0.9765625,0.9242146809895833,0.5894171258304249,0.2727590977095957,0.54296875,0.6607725678743023,0.38801347016470655
single_shape,TinyCNN,2004,template_release,20,0.9140450183724295,0.9140450183724295,0.0,16,0.3934655605381069,0.3934655605381069,0.754466346175598,1.1457351,0.9140450183724295,0.45778537,1.0,0.9361165364583334,0.6007939761154347,0.3106009890234993,0.5130208134651184,0.6927995721456803,0.382198583122181
single_shape,TinyCNN,2004,template_release,40,0.8914054195113839,0.8914054195113839,0.0,16,0.44384066348883044,0.44384066348883044,0.7338686861621876,1.2004343,0.8914054195113839,0.54124725,1.0,0.95526123046875,0.6049387552681571,0.3185040144555051,0.5104166865348816,0.6654299307323721,0.34692591627686703
single_shape,TinyCNN,2004,template_release,80,0.8100341908812593,0.8094416590086859,0.0005925318725733542,15,0.5995690907040487,0.6004074544259477,0.6527985146214605,1.4104431,0.8094416590086859,0.8400276,1.0,0.9665323893229166,0.6030235477232085,0.3739550028042093,0.4947916567325592,0.6338330177243943,0.259878014920185
single_shape,TinyCNN,2004,template_release,120,0.7129112393902441,0.7101958254199238,0.0027154139703203795,14,0.750482434306953,0.7540318334613311,0.5716786908926446,1.8322417,0.7101958254199238,1.3327117,1.0,0.9715779622395834,0.5679939170422087,0.4107858238953441,0.4908854067325592,0.607687789144342,0.19690196524899783
single_shape,TinyCNN,2004,template_release,160,0.6885909925015168,0.6855146464138848,0.003076346087631965,14,0.7832949156274537,0.7871719892931577,0.5494765993801914,2.0170677,0.6855146464138848,1.5268729,1.0,0.9714762369791666,0.5518713327232252,0.420422017481164,0.4921875,0.5989966120735439,0.17857459459237995
single_shape,TinyCNN,2004,template_release,200,0.6745580984279064,0.671340703477131,0.003217394950775332,14,0.8015966271787406,0.8055642902405863,0.5361628151128827,2.1434364,0.671340703477131,1.6581008,1.0,0.9716796875,0.5433248717961937,0.42608974406175504,0.4947916567325592,0.5939485911294975,0.16785884706774246
single_shape,TinyCNN,2005,random,0,0.17035902189261165,0.14952608025139658,0.020832941641215075,11,1.2871180027794584,1.3029163861709798,0.20233359461067452,0.5730294,0.9999999999999999,0.0,,,,,,,
single_shape,TinyCNN,2005,random,1,0.1752471109302924,0.15874932493201338,0.01649778599827903,11,1.2830334459632893,1.2952492364747792,0.19726868129469302,0.5790992,0.9892626752536677,0.087273486,0.328125,0.86431884765625,0.25581893308112147,0.1884587805410603,0.4075520932674408,0.5829559616237917,0.3944971810827314
single_shape,TinyCNN,2005,random,5,0.22331729937893996,0.21132762685439305,0.011989672524546913,13,1.244428900227265,1.253315075918041,0.20812507776745948,0.6729268,0.8795839263547615,0.3331737,0.67578125,0.93182373046875,0.2816525064514253,0.13265840763120623,0.43359375,0.5437522051783907,0.4110937975471845
single_shape,TinyCNN,2005,random,10,0.25910167778159987,0.24996824271337553,0.009133435068224338,12,1.2138154928517602,1.2212182717007058,0.26185797504638536,0.88750076,0.7357521216556404,0.6251733,0.93359375,0.9553019205729166,0.3310768080023206,0.17022228943310458,0.3515625,0.5791385818465259,0.4089162924134213
single_shape,TinyCNN,2005,random,20,0.29278641434890834,0.2819484948150405,0.010837919533867868,12,1.1841342414522233,1.193203491661934,0.311803349449425,1.428282,0.5626508061718472,1.2201226,1.0,0.9657796223958333,0.3212130065403227,0.19854489039493506,0.3489583432674408,0.5496380325786748,0.35109314218373977
single_shape,TinyCNN,2005,random,40,0.3010227447915507,0.28346611796678844,0.017556626824762278,12,1.176729428006259,1.191360978153675,0.3226673996503243,1.9303833,0.4800983905119856,1.7453656,1.0,0.9687296549479167,0.30311581762312734,0.2122697673696844,0.2369791716337204,0.46821383731484933,0.25594406994516494
single_shape,TinyCNN,2005,random,80,0.30104214239212335,0.28203598496020554,0.019006157431917803,12,1.176696506392059,1.1926201786098716,0.32571015391432134,2.2602363,0.44026109377353084,2.0866542,1.0,0.9690348307291666,0.2917705467198078,0.21366851642428794,0.2057291716337204,0.4118781042029531,0.19820958777866518
single_shape,TinyCNN,2005,random,120,0.299699785576083,0.2804641934834655,0.019235592092617493,12,1.177761845258132,1.194177035207076,0.33132866665286353,2.4293826,0.42364231575096745,2.2603092,1.0,0.9549763997395834,0.28772769271637,0.20790647473204685,0.19921875,0.3820702073477136,0.17416373261566673
single_shape,TinyCNN,2005,random,160,0.29859751815482294,0.27964045062145537,0.018957067533367566,12,1.1786630090332717,1.1949514687800162,0.334358489201682,2.542505,0.4126694574921253,2.3766506,1.0,0.95599365234375,0.2865329835870896,0.20161022002714898,0.1953125,0.36130549452461436,0.15969527449746537
single_shape,TinyCNN,2005,random,200,0.29760383272474633,0.27887382226613766,0.01873001045860867,12,1.1794980646641964,1.1955881874930587,0.3369151431969687,2.6289074,0.40484676463035996,2.4653702,1.0,0.9571329752604167,0.2856871583649886,0.19651309827617747,0.1888020783662796,0.34627907766266797,0.1497659793864905
single_shape,TinyCNN,2005,random_unitnorm,0,0.17035902257895513,0.14952607961254089,0.020832942966414247,11,1.2871180022989912,1.3029163866681803,0.20233359550529167,1.0,1.0,0.0,,,,,,,
single_shape,TinyCNN,2005,random_unitnorm,1,0.1739871284728317,0.15650890017155328,0.01747822830127843,11,1.284190614339352,1.2975422646817512,0.20009830896333403,1.0043056,0.9964451339269118,0.08844638,0.30078125,0.8802490234375,0.20437006827559218,0.12458979267969372,0.4075520932674408,0.45497621509024144,0.3303864224105477
single_shape,TinyCNN,2005,random_unitnorm,5,0.2050429979804606,0.18981720613033926,0.01522579185012135,10,1.2596119423918504,1.2710588726894407,0.20040421394112956,1.0652126,0.9492163670825124,0.3524006,0.71484375,0.9289957682291666,0.27468392367356237,0.1763055161660455,0.4466145932674408,0.5796523724357071,0.4033468562696616
single_shape,TinyCNN,2005,random_unitnorm,10,0.2454776665437385,0.22887552826585017,0.01660213827788834,11,1.2265294236293782,1.2393053605240936,0.22377875152273943,1.2171443,0.8690952935117493,0.64167416,0.9453125,0.939208984375,0.2850747302865163,0.14982723741269643,0.3502604067325592,0.5590172663193869,0.40919002890669043
single_shape,TinyCNN,2005,random_unitnorm,20,0.2898162197364426,0.2758392260814595,0.013976993654983116,11,1.1893408982244453,1.200410487076013,0.2763084318393416,1.6610329,0.7098101771157174,1.230207,0.9921875,0.9638875325520834,0.32984418759483924,0.22982768388828334,0.38671875,0.587371281892264,0.3575435980039806
single_shape,TinyCNN,2005,random_unitnorm,40,0.2987989393370107,0.28357941857656077,0.015219520760449912,11,1.1813740145574858,1.1935808701136081,0.2934869766850682,2.1580887,0.6053131632025934,1.7870383,1.0,0.97369384765625,0.3376263130191537,0.2668820531386383,0.3138020932674408,0.5311770918472634,0.2642950387086251
single_shape,TinyCNN,2005,random_unitnorm,80,0.29970971209686936,0.2859941654736574,0.01371554662321195,12,1.1803619454412888,1.1914002790973481,0.3049444801227761,2.4958456,0.5581217265504379,2.1473413,1.0,0.97174072265625,0.33747817973135236,0.27721618502295287,0.3033854067325592,0.4825299641801899,0.20531377915723703
single_shape,TinyCNN,2005,random_unitnorm,120,0.2997730422880829,0.2866569987923734,0.013116043495709495,12,1.1802348594024683,1.190803250460763,0.3091843614298694,2.6671786,0.5384366566499711,2.3275495,1.0,0.9701944986979167,0.33732813522517796,0.25790582996695416,0.2981770932674408,0.4390920630292672,0.18118623306231302
single_shape,TinyCNN,2005,random_unitnorm,160,0.2997643553693261,0.2870369378441525,0.01272741752517359,12,1.1802196393509798,1.1904967449132335,0.3112500545003749,2.7838955,0.5256041807639309,2.4502435,1.0,0.9692586263020834,0.3373611152146029,0.2581278024872776,0.2942708432674408,0.4253152177320991,0.1671874152448215
single_shape,TinyCNN,2005,random_unitnorm,200,0.29979066119538045,0.28721215027080094,0.012578510924579511,12,1.1802050485119628,1.1903852630715561,0.31299637861805907,2.8734987,0.5166731245801921,2.543713,1.0,0.9683024088541666,0.3369559734840025,0.25748790480385686,0.29296875,0.4151210065618457,0.1576331017579888
single_shape,TinyCNN,2005,template_init,0,1.0,1.0,0.0,16,1.3170890159654386e-09,1.3170890159654386e-09,0.8481368160118523,1.0,1.0,0.0,,,,,,,
single_shape,TinyCNN,2005,template_init,1,0.9973971243262331,0.9973971243262331,0.0,16,0.0713438085540655,0.0713438085540655,0.8471879442414113,1.0087426,0.9973971243262331,0.094112426,0.25,0.8504028320312501,0.6246909845287321,-0.22269488614643013,0.2239583283662796,-0.043352461594341696,0.17934242455208843
single_shape,TinyCNN,2005,template_init,5,0.9492536790924974,0.9492536790924974,0.0,16,0.31619795402780404,0.31619795402780404,0.7929693940585469,1.0736616,0.9492536790924974,0.3601982,0.90234375,0.8920491536458334,0.5448829451679134,0.08343279496134282,0.4778645932674408,0.45321631611945423,0.3697835211581114
single_shape,TinyCNN,2005,template_init,10,0.859485874183523,0.8591883918251724,0.000297482358350587,15,0.5258104771275609,0.526357419843236,0.7131827927982937,1.2298198,0.8591883918251724,0.655522,0.96875,0.9365030924479166,0.4766219112954896,0.11744132054403844,0.265625,0.5036479386042116,0.3862066180601732
single_shape,TinyCNN,2005,template_init,20,0.7332937163580819,0.7310089010429115,0.002284815315170441,14,0.7257540222713805,0.7288667908530507,0.6048361212271733,1.7111917,0.7310089010429115,1.2199779,1.0,0.9616495768229167,0.41342520699178054,0.21389826143338747,0.3059895932674408,0.5487303002528001,0.33483203881941265
single_shape,TinyCNN,2005,template_init,40,0.665612439643873,0.6601447702510836,0.005467669392789309,14,0.8114298304095371,0.8181051206473389,0.5638894158800098,2.2641587,0.6601447702510836,1.7955002,1.0,0.9672444661458333,0.40693095071383834,0.27349949610208035,0.3125,0.520000442384533,0.24650094628245267
single_shape,TinyCNN,2005,template_init,80,0.6330479944304396,0.6247214244246762,0.008326570005763423,14,0.8497289013304719,0.8593220636180372,0.5529498226786416,2.6642675,0.6247214244246762,2.2054822,1.0,0.966796875,0.40855047015798296,0.30156040856456756,0.3385416567325592,0.4964361309556451,0.19487572239107756
single_shape,TinyCNN,2005,template_init,120,0.6179716363162833,0.6090166244753366,0.008955011840946714,14,0.8668274553359578,0.8768790681333907,0.5438282576029474,2.8723712,0.6090166244753366,2.41847,1.0,0.9664510091145834,0.4074709120140275,0.3116162792934203,0.34375,0.4867626474851112,0.1751463681916909
single_shape,TinyCNN,2005,template_init,160,0.6086852765468174,0.5994373508285352,0.009247925718282146,14,0.877204248361982,0.887443109545941,0.536081413614768,3.0112233,0.5994373508285352,2.5604546,1.0,0.9663899739583334,0.4070825507134198,0.2689293561197777,0.3033854067325592,0.43332356363241453,0.16439420751263684
single_shape,TinyCNN,2005,template_init,200,0.6027083184594,0.5933492823872725,0.009359036072127513,14,0.8837605309360802,0.8940504194079023,0.5295928808691988,3.1175187,0.5933492823872725,2.6682968,1.0,0.96636962890625,0.40698747239455463,0.2698904840441358,0.3098958432674408,0.4274012050118051,0.15751072096766933
single_shape,TinyCNN,2005,template_retention_1,0,1.0,1.0,0.0,16,1.3170890159654386e-09,1.3170890159654386e-09,0.8481368160118523,1.0,1.0,0.0,,,,,,,
single_shape,TinyCNN,2005,template_retention_1,1,0.9977137342985078,0.9977137342985078,0.0,16,0.06707296312363582,0.06707296312363582,0.8473814857335964,0.9983036,0.9977137342985078,0.08199823,0.25,0.85076904296875,0.6253096806139772,-0.27156585311586356,0.2239583283662796,-0.0843989243275376,0.18716692878832594
single_shape,TinyCNN,2005,template_retention_1,5,0.9691896482274267,0.9691896482274267,0.0,16,0.24535739165612735,0.24535739165612735,0.8111905544108493,1.0222943,0.9691896482274267,0.2555816,0.859375,0.88299560546875,0.5792608176741028,0.1208096734754347,0.5221354365348816,0.4945494620229539,0.3737397885475192
single_shape,TinyCNN,2005,template_retention_1,10,0.9463872494095393,0.9463872494095393,0.0,16,0.3194379336248305,0.3194379336248305,0.7826823412460564,1.0642376,0.9463872494095393,0.33972174,0.94921875,0.91912841796875,0.5874220264788917,0.14452677933262714,0.4309895932674408,0.5245290967162088,0.3800023173835817
single_shape,TinyCNN,2005,template_retention_1,20,0.9148853157297123,0.9148853157297123,0.0,16,0.39890174512264565,0.39890174512264565,0.7446315380847062,1.1337272,0.9148853157297123,0.45085406,0.98828125,0.9397176106770834,0.5609483861615896,0.19397331201440543,0.3359375,0.574849819008254,0.3808765069938486
single_shape,TinyCNN,2005,template_retention_1,40,0.9167205413022672,0.9167205413022672,0.0,16,0.3913472623746046,0.3913472623746046,0.7461155083739401,1.1299299,0.9167205413022672,0.44198254,1.0,0.9420369466145833,0.5615910073656152,0.23794114358263696,0.3776041567325592,0.5920384130003957,0.35409726941775876
single_shape,TinyCNN,2005,template_retention_1,80,0.9325794291243621,0.9325794291243621,0.0,16,0.3503713185758467,0.3503713185758467,0.7618320959632989,1.0979586,0.9325794291243621,0.38514203,1.0,0.93817138671875,0.5675649386029202,0.27464413444545094,0.4010416567325592,0.5958599298694213,0.32121579542397033
single_shape,TinyCNN,2005,template_retention_1,120,0.9430646909562059,0.9430646909562059,0.0,16,0.3212436567899709,0.3212436567899709,0.7752087553642202,1.080409,0.9430646909562059,0.3479765,1.0,0.9355672200520833,0.569836897049866,0.30024654666743844,0.41796875,0.6049535420217511,0.30470699535431267
single_shape,TinyCNN,2005,template_retention_1,160,0.9505067316753925,0.9505067316753925,0.0,16,0.29851783833839274,0.29851783833839274,0.7841040736997547,1.0687809,0.9505067316753925,0.3202217,1.0,0.932373046875,0.5957352428585567,0.319556458506142,0.44140625,0.6138155480410211,0.2942590895348791
single_shape,TinyCNN,2005,template_retention_1,200,0.9556196156770456,0.9556196156770456,0.0,16,0.28195023599066005,0.28195023599066005,0.7899040964587147,1.0603874,0.9556196156770456,0.30048013,1.0,0.92962646484375,0.597009829337976,0.33606220116869184,0.4635416567325592,0.622725820811162,0.28666361964247017
single_shape,TinyCNN,2005,template_release,0,1.0,1.0,0.0,16,1.3170890159654386e-09,1.3170890159654386e-09,0.8481368160118523,1.0,1.0,0.0,,,,,,,
single_shape,TinyCNN,2005,template_release,1,0.9977137342985078,0.9977137342985078,0.0,16,0.06707296312363582,0.06707296312363582,0.8473814857335964,0.9983036,0.9977137342985078,0.08199823,0.25,0.85076904296875,0.6253096806139772,-0.27156585311586356,0.2239583283662796,-0.0843989243275376,0.18716692878832594
single_shape,TinyCNN,2005,template_release,5,0.9691896482274267,0.9691896482274267,0.0,16,0.24535739165612735,0.24535739165612735,0.8111905544108493,1.0222943,0.9691896482274267,0.2555816,0.859375,0.88299560546875,0.5792608176741028,0.1208096734754347,0.5221354365348816,0.4945494620229539,0.3737397885475192
single_shape,TinyCNN,2005,template_release,10,0.9463872494095393,0.9463872494095393,0.0,16,0.3194379336248305,0.3194379336248305,0.7826823412460564,1.0642376,0.9463872494095393,0.33972174,0.94921875,0.91912841796875,0.5874220264788917,0.14452677933262714,0.4309895932674408,0.5245290967162088,0.3800023173835817
single_shape,TinyCNN,2005,template_release,20,0.9068590136173089,0.9068590136173089,0.0,16,0.4183465091426505,0.4183465091426505,0.7342582031363306,1.1482737,0.9068590136173089,0.4779165,0.98828125,0.9416300455729166,0.5573081175390336,0.194679085207071,0.328125,0.5745499670163303,0.3798708818092593
single_shape,TinyCNN,2005,template_release,40,0.8870827469275201,0.8870827469275201,0.0,16,0.4588642900120163,0.4588642900120163,0.7128647723374628,1.1912487,0.8870827469275201,0.5439454,1.0,0.9478759765625,0.5511752530077356,0.20597036344581537,0.2981770932674408,0.5471132477149983,0.3411428842691829
single_shape,TinyCNN,2005,template_release,80,0.8065976915412414,0.8045727069760391,0.0020249845652022813,13,0.6103225299908253,0.6130083483592744,0.6353190334215674,1.3993647,0.8045727069760391,0.8371108,1.0,0.9574788411458334,0.5120769504092857,0.20454624662184223,0.2838541567325592,0.4573568798944255,0.2528106332725833
single_shape,TinyCNN,2005,template_release,120,0.7097677469805904,0.7048483562377577,0.004919390742832763,13,0.7544819810882355,0.7601426470409187,0.5598479263263099,1.845196,0.7048483562377577,1.3442242,1.0,0.9645182291666666,0.4467271031351075,0.2311640254383721,0.2825520932674408,0.4236386566313456,0.19247463119297348
single_shape,TinyCNN,2005,template_release,160,0.6879990625833337,0.6820991820327904,0.005899880550543246,13,0.7822724579409863,0.7888353306742282,0.5463152969000136,2.0364463,0.6820991820327904,1.5413558,1.0,0.9656778971354167,0.4381667455466378,0.23858949779466143,0.2864583432674408,0.41444177072820987,0.17585227293354844
single_shape,TinyCNN,2005,template_release,200,0.6758713030133355,0.6695087227073823,0.006362580305953269,13,0.7973906682134921,0.8043557934358183,0.5394521609391507,2.16649,0.6695087227073823,1.6739812,1.0,0.96624755859375,0.4333961858840886,0.24283424818903057,0.2916666567325592,0.40912693916875387,0.1662926909797233
single_shape,TinyCNN,2006,random,0,0.12979782721535163,0.11323285025254903,0.016564976962802597,8,1.3182752144057766,1.3308149396301938,0.2002431634255618,0.588665,1.0,0.0,,,,,,,
single_shape,TinyCNN,2006,random,1,0.1487870984122024,0.133095672825359,0.01569142558684339,9,1.303925968789199,1.3157084910998498,0.19834115070694552,0.5919469,0.9917493938473106,0.09051338,0.3359375,0.884765625,0.2555362954926774,0.16559518616748187,0.3411458432674408,0.34511302720085013,0.17951784103336826
single_shape,TinyCNN,2006,random,5,0.19209144067273004,0.1769900193101213,0.015101421362608752,11,1.2699455635060795,1.2814470948063983,0.19875587134652667,0.67148346,0.8940625815111752,0.330984,0.75,0.9491780598958333,0.2826659218144053,0.12720046404798857,0.3880208432674408,0.4705735780407059,0.3433731139927173
single_shape,TinyCNN,2006,random,10,0.22331667076765593,0.203398016050947,0.019918654716708922,10,1.2433942868707337,1.2590741018898681,0.27048399090946496,0.856088,0.7455025550642441,0.5978458,0.98828125,0.9683024088541666,0.27289169937236196,0.12200460337675822,0.2265625,0.4963280192648899,0.37432341588813167
single_shape,TinyCNN,2006,random,20,0.25158093545290733,0.22053214262796345,0.031048792824943883,10,1.2183523250922443,1.242247385634378,0.36340814410140665,1.3437628,0.5653301073770699,1.1468649,1.0,0.9820760091145834,0.25712354620988676,0.14925334579895422,0.1197916641831398,0.4694703068193645,0.3202169610204103
single_shape,TinyCNN,2006,random,40,0.26208635195192365,0.22152037325603866,0.04056597869588499,9,1.2098645415668736,1.241503157228292,0.38032825736394127,1.840894,0.47836952698777613,1.6679248,1.0,0.9733683268229166,0.2445619893822773,0.18543468985912603,0.2174479216337204,0.4085848955202136,0.22315020566108756
single_shape,TinyCNN,2006,random,80,0.26358691801943546,0.21872137841278366,0.044865539606651794,10,1.2092879695187542,1.2434247035928498,0.3804153412699541,2.1724458,0.44289326401508955,2.0086093,1.0,0.9657185872395834,0.23521455930279792,0.26954500554753263,0.296875,0.4391930062377756,0.16964800069024294
single_shape,TinyCNN,2006,random,120,0.2626536495190625,0.21550382840101273,0.04714982111804977,8,1.2103416603395933,1.246115991217061,0.38117954081458744,2.3408737,0.42842387742763777,2.1807795,1.0,0.9673055013020834,0.23076294499406355,0.2790278597105594,0.2981770932674408,0.4267874177182558,0.1477595580076964
single_shape,TinyCNN,2006,random,160,0.26261681167724293,0.2136595847334822,0.04895722694376073,8,1.210512691660084,1.2476069457400785,0.38298533104999255,2.4555502,0.4195534690665942,2.2977011,1.0,0.9687296549479166,0.22867537120602083,0.28316065357011727,0.2981770932674408,0.41815608569664364,0.13499543212652637
single_shape,TinyCNN,2006,random,200,0.2622727378970173,0.21281901117473825,0.04945372672227907,8,1.2109209757018884,1.2492617543484261,0.3837478578806942,2.5434093,0.41361100280685065,2.3869162,1.0,0.9692382812499999,0.22737316495338938,0.2856383861105908,0.3033854067325592,0.41208388649299676,0.126445500382406
single_shape,TinyCNN,2006,random_unitnorm,0,0.1297978262528433,0.11323284833471217,0.016564977918131135,8,1.3182752151157977,1.3308149410677648,0.20024316105405332,1.0,1.0,0.0,,,,,,,
single_shape,TinyCNN,2006,random_unitnorm,1,0.13822042140796906,0.12219694264315456,0.016023478764814497,8,1.3119083106907796,1.3240622730609648,0.19982847609622967,1.0035167,0.9971437718125796,0.09380695,0.32421875,0.87091064453125,0.23967630307864068,0.19814520176301983,0.4192708432674408,0.15621688580966586,-0.04192831595335397
single_shape,TinyCNN,2006,random_unitnorm,5,0.16647286703935113,0.153146093764124,0.013326773275227133,11,1.2899255347062226,1.2999607259266592,0.19071225887531507,1.0551531,0.9539927959820096,0.3505389,0.71875,0.92742919921875,0.2759556189135616,0.09983618050875309,0.3763020932674408,0.414033736479302,0.3141975559705489
single_shape,TinyCNN,2006,random_unitnorm,10,0.18176400283651975,0.16262712856995748,0.01913687426656227,8,1.2769469021123063,1.2911467506097623,0.195173261322586,1.1823428,0.8716489275622634,0.61189806,0.9921875,0.9441121419270834,0.2758779118509612,0.1364710522351944,0.2291666716337204,0.4949223305496694,0.358451278314475
single_shape,TinyCNN,2006,random_unitnorm,20,0.22377659366896938,0.19507905103025455,0.028697542638714824,8,1.24168296938125,1.2634352551540193,0.2712932564635778,1.5834485,0.7174696303919633,1.146325,1.0,0.9510701497395833,0.2687858271712932,0.10247704239804445,0.1627604216337204,0.4249470944280793,0.32247005203003487
single_shape,TinyCNN,2006,random_unitnorm,40,0.2438537179846142,0.19896357152361593,0.04489014646099826,8,1.224521073492907,1.2587086348150458,0.3053598686763686,2.0564866,0.6146023633879929,1.6809115,1.0,0.9549967447916666,0.2748604078676419,0.17229661992571768,0.2252604216337204,0.4030677837846973,0.23077116385897964
single_shape,TinyCNN,2006,random_unitnorm,80,0.2476186027510639,0.19706254561275988,0.05055605713830402,8,1.2214755636784451,1.2597849031624964,0.3188115675885783,2.3807712,0.5665574303239684,2.0300074,1.0,0.95404052734375,0.2601297508296943,0.26845167149042093,0.33203125,0.4471954684932543,0.1787437970028334
single_shape,TinyCNN,2006,random_unitnorm,120,0.24830788871868395,0.19688619965731713,0.05142168906136682,8,1.2209530591307103,1.2599249336287497,0.3232377024661093,2.545391,0.5474711743110587,2.2033021,1.0,0.9615885416666666,0.2479566782157312,0.28006320633457826,0.3307291567325592,0.4382572230036701,0.15819401666909183
single_shape,TinyCNN,2006,random_unitnorm,160,0.24839368167968723,0.1967826386317427,0.05161104304794453,8,1.22093294602408,1.260122266352901,0.3271735795688141,2.6591554,0.5361523452839168,2.321655,1.0,0.96246337890625,0.24534739412263068,0.28628846191844176,0.3307291567325592,0.43286990517782997,0.1465814432593882
single_shape,TinyCNN,2006,random_unitnorm,200,0.24802187541958204,0.19640996769084323,0.051611907728738804,8,1.2212738957261131,1.2604839365841753,0.3302392515795466,2.7461994,0.528122279633897,2.41188,1.0,0.9632364908854166,0.24343802062996342,0.29040336193118255,0.3385416567325592,0.42901217172543626,0.1386088097942537
single_shape,TinyCNN,2006,template_init,0,1.0,1.0,0.0,16,1.3170890159654386e-09,1.3170890159654386e-09,0.8481368160118523,1.0,1.0,0.0,,,,,,,
single_shape,TinyCNN,2006,template_init,1,0.9974840214686804,0.9974840214686804,0.0,16,0.07003548718677341,0.07003548718677341,0.8478424024942817,1.002774,0.9974840214686804,0.09440529,0.375,0.8812052408854166,0.55215001894526,-0.018729791191320136,0.3502604067325592,0.034199070530498976,0.05292886172181911
single_shape,TinyCNN,2006,template_init,5,0.9571341747910784,0.9571341747910784,0.0,16,0.2913137368116142,0.2913137368116142,0.8023275118235733,1.0710702,0.9571341747910784,0.34146965,0.4140625,0.9007568359375,0.5472357382922487,0.23974734159469824,0.4270833432674408,0.554503720669671,0.3147563790749728
single_shape,TinyCNN,2006,template_init,10,0.8817784803192482,0.879264119922805,0.0025143603964432604,15,0.4845518747066113,0.4894766194519477,0.7332602692829603,1.2261298,0.879264119922805,0.6187349,0.99609375,0.9465128580729166,0.5280451249680727,0.22895159465241655,0.3294270932674408,0.566157761010585,0.33720616635816847
single_shape,TinyCNN,2006,template_init,20,0.7493032562866461,0.744515511987706,0.004787744298940022,13,0.7039037276433977,0.7109056826306828,0.6595401377113247,1.6607144,0.744515511987706,1.1624844,1.0,0.9758504231770834,0.465219629780986,0.2436819250627631,0.2669270932674408,0.5546991679064397,0.3110172428436766
single_shape,TinyCNN,2006,template_init,40,0.6703285416496391,0.6642148413253028,0.006113700324336224,13,0.8050469286999475,0.8132744284988209,0.6132765184056695,2.238272,0.6642148413253028,1.7667761,1.0,0.9782714843750001,0.43589155864096046,0.2747680979660699,0.3125,0.5071512139429117,0.23238311597684186
single_shape,TinyCNN,2006,template_init,80,0.6348866157805705,0.6281072945778818,0.0067793212026886485,13,0.8461152814175608,0.8541014369617893,0.5860311789421704,2.6877809,0.6276852698355733,2.2237506,1.0,0.9783732096354167,0.43716337418075046,0.29306224423910243,0.3138020932674408,0.4733538358814685,0.18029159164236605
single_shape,TinyCNN,2006,template_init,120,0.6227756549560894,0.6160518771069586,0.0067237778491308076,12,0.8601068391587072,0.8679916829664145,0.5756018811113981,2.919794,0.6151139672842607,2.4567003,1.0,0.9788818359375001,0.4365913264865881,0.30003718377478317,0.3203125,0.45817097897670833,0.1581337952019252
single_shape,TinyCNN,2006,template_init,160,0.6155114386434242,0.6085718508629537,0.006939587780470435,12,0.8684869458505065,0.8765746309119906,0.5702909321012845,3.0781083,0.6074945523329935,2.6156936,1.0,0.9789835611979166,0.43663399012576015,0.3052903071152349,0.32421875,0.45049500650416363,0.14520469938892872
single_shape,TinyCNN,2006,template_init,200,0.6102012096729015,0.6031140321362205,0.0070871775366809775,12,0.8745802310437529,0.8827918335483917,0.5672157030539942,3.1993093,0.6020617450773538,2.7374678,1.0,0.9789835611979166,0.437204196243755,0.3085963982974463,0.3203125,0.444950505092102,0.1363541067946557
single_shape,TinyCNN,2006,template_retention_1,0,1.0,1.0,0.0,16,1.3170890159654386e-09,1.3170890159654386e-09,0.8481368160118523,1.0,1.0,0.0,,,,,,,
single_shape,TinyCNN,2006,template_retention_1,1,0.9979234107139456,0.9979234107139456,0.0,16,0.06385121378467375,0.06385121378467375,0.8480503520519067,1.006306,0.9979234107139456,0.08229588,0.37890625,0.88153076171875,0.5519961553748229,-0.017595599373271376,0.3502604067325592,0.03652951173877905,0.05412511111205043
single_shape,TinyCNN,2006,template_retention_1,5,0.9730767003940501,0.9730767003940501,0.0,16,0.2286757799056379,0.2286757799056379,0.8209554380043724,1.0271107,0.9730767003940501,0.24680799,0.4296875,0.9100341796875,0.5664551728561613,0.24123978651161926,0.44140625,0.543414911088616,0.3021751245769967
single_shape,TinyCNN,2006,template_retention_1,10,0.950924260609494,0.950924260609494,0.0,16,0.3038918815928865,0.3038918815928865,0.8014901031373252,1.0584269,0.950924260609494,0.3247165,0.98046875,0.9343465169270833,0.5521876682428032,0.35243675343757264,0.55859375,0.6639790307733975,0.31154227733582485
single_shape,TinyCNN,2006,template_retention_1,20,0.9232349605936425,0.9231816549254259,5.330566821659666e-05,15,0.3728612865572543,0.3729487634259713,0.7831764655500895,1.1266543,0.9231816549254259,0.42454284,0.9921875,0.9490966796874999,0.5527115152681555,0.2719181355576343,0.4166666567325592,0.5948576300887847,0.3229394945311504
single_shape,TinyCNN,2006,template_retention_1,40,0.9219397837890937,0.9219397837890937,0.0,16,0.3719066632888117,0.3719066632888117,0.7835560673625974,1.137434,0.9219397837890937,0.42997485,0.99609375,0.9535725911458334,0.5570929731385401,0.3744288113682859,0.5026041865348816,0.6824946199017072,0.30806580853342136
single_shape,TinyCNN,2006,template_retention_1,80,0.9354094504813746,0.9354094504813746,0.0,16,0.33482863018150866,0.33482863018150866,0.7947310379649777,1.1067376,0.9354094504813746,0.3760549,0.99609375,0.9500732421875,0.5549193908842078,0.3957223463093974,0.5013020634651184,0.6795178275440468,0.28379548123464937
single_shape,TinyCNN,2006,template_retention_1,120,0.944342983595028,0.944342983595028,0.0,16,0.30912626957908623,0.30912626957908623,0.8030286724221924,1.0857434,0.944342983595028,0.34033313,1.0,0.9466756184895834,0.5505350447438887,0.3982000711645066,0.515625,0.6644094589121665,0.2662093877476599
single_shape,TinyCNN,2006,template_retention_1,160,0.9509098111609732,0.9509098111609732,0.0,16,0.2887360666679591,0.2887360666679591,0.8091909885138066,1.0727689,0.9509098111609732,0.3134671,1.0,0.9431762695312501,0.5516121333436032,0.447435302011285,0.5442708134651184,0.6979772325962885,0.2505419305850035
single_shape,TinyCNN,2006,template_retention_1,200,0.9559499140649641,0.9559499140649641,0.0,16,0.27302364278841673,0.27302364278841673,0.8133057501112944,1.0624552,0.9559499140649641,0.2935707,1.0,0.9398600260416667,0.5539644192901012,0.4604242333361198,0.5703125,0.7006078810882781,0.24018364775215828
single_shape,TinyCNN,2006,template_release,0,1.0,1.0,0.0,16,1.3170890159654386e-09,1.3170890159654386e-09,0.8481368160118523,1.0,1.0,0.0,,,,,,,
single_shape,TinyCNN,2006,template_release,1,0.9979234107139456,0.9979234107139456,0.0,16,0.06385121378467375,0.06385121378467375,0.8480503520519067,1.006306,0.9979234107139456,0.08229588,0.37890625,0.88153076171875,0.5519961553748229,-0.017595599373271376,0.3502604067325592,0.03652951173877905,0.05412511111205043
single_shape,TinyCNN,2006,template_release,5,0.9730767003940501,0.9730767003940501,0.0,16,0.2286757799056379,0.2286757799056379,0.8209554380043724,1.0271107,0.9730767003940501,0.24680799,0.4296875,0.9100341796875,0.5664551728561613,0.24123978651161926,0.44140625,0.543414911088616,0.3021751245769967
single_shape,TinyCNN,2006,template_release,10,0.950924260609494,0.950924260609494,0.0,16,0.3038918815928865,0.3038918815928865,0.8014901031373252,1.0584269,0.950924260609494,0.3247165,0.98046875,0.9343465169270833,0.5521876682428032,0.35243675343757264,0.55859375,0.6639790307733975,0.31154227733582485
single_shape,TinyCNN,2006,template_release,20,0.9162073929883869,0.9159804263795291,0.00022696660885779263,15,0.3915600439900102,0.3919208094283454,0.7756954695496219,1.1397831,0.9159804263795291,0.45043266,0.9921875,0.9498291015625,0.5452124025043534,0.27135833597147285,0.4075520932674408,0.5953636214639488,0.324005285492476
single_shape,TinyCNN,2006,template_release,40,0.8943834054387463,0.8943824752876524,9.301510939252466e-07,15,0.43841486375366956,0.43841625459775563,0.7607614598059014,1.2019777,0.8943824752876524,0.5344243,1.0,0.9572550455729167,0.5395611347920595,0.3736680654922815,0.4700520932674408,0.673809777639915,0.3001417121476335
single_shape,TinyCNN,2006,template_release,80,0.8116597156876969,0.8100306785061284,0.0016290371815684823,14,0.6010958913908835,0.6031297226051783,0.7007383060338424,1.4308728,0.8100306785061284,0.8553358,1.0,0.9653523763020833,0.5072129421710074,0.3947087531886262,0.4348958432674408,0.6223969194782981,0.22768816628967195
single_shape,TinyCNN,2006,template_release,120,0.7032876037416164,0.6997823275774491,0.0035052761641672925,13,0.7644588215182704,0.7685450423072417,0.6429798498873356,1.91378,0.6997823275774491,1.4154227,1.0,0.97161865234375,0.47910137049512524,0.4019173605443108,0.4088541567325592,0.5724000489748098,0.170482688430499
single_shape,TinyCNN,2006,template_release,160,0.6771733437626826,0.6722092919142625,0.004964051848420081,13,0.7978484979789997,0.803719092601437,0.6303185037991794,2.1243038,0.6722092919142625,1.6375827,1.0,0.9737141927083334,0.47332924192165354,0.40208820121672395,0.3971354067325592,0.5546510210640345,0.15256281984731057
single_shape,TinyCNN,2006,template_release,200,0.6627879404871183,0.657052953815353,0.0057349866717653075,12,0.8156338177963569,0.8223946665090748,0.6230650017560281,2.2669344,0.657052953815353,1.785789,1.0,0.9746500651041666,0.4707266850634783,0.4006629060585894,0.4010416567325592,0.5424521727324001,0.1417892666738107
single_shape,TinyCNN,2007,random,0,0.14993869807327104,0.12824652754802673,0.021692170525244303,12,1.3025543534048665,1.3185258345810258,0.20061667240518397,0.5843698,1.0,0.0,,,,,,,
single_shape,TinyCNN,2007,random,1,0.15645799954935138,0.13425248541244766,0.02220551413690372,10,1.2972863277550089,1.3137493826635316,0.20247797607836623,0.5939295,0.9899993300156559,0.08799061,0.296875,0.8760782877604166,0.305011480237888,0.0766644772460201,0.3033854067325592,0.4082252365414534,0.33156075929543327
single_shape,TinyCNN,2007,random,5,0.2122301398798033,0.16948241997309305,0.04274771990671025,9,1.2530864455469863,1.2855335055684203,0.22358031393501215,0.7049173,0.8748968559562074,0.35304645,0.796875,0.9340209960937501,0.3274819642353233,0.1578805948866362,0.3450520932674408,0.547695153501266,0.38981455861462977
single_shape,TinyCNN,2007,random,10,0.24421224138222064,0.18892526527132547,0.05528697611089517,9,1.2271996826894682,1.2703964090106705,0.30015081665759563,0.93074125,0.7359013951741316,0.65533686,0.97265625,0.9481608072916666,0.3450231621568708,0.1391698519794034,0.2434895783662796,0.5163334972536825,0.3771636452742791
single_shape,TinyCNN,2007,random,20,0.26564146804293376,0.19722227236187415,0.06841919568105961,9,1.209060600686712,1.2637272175487708,0.36908817632454316,1.3983884,0.5805698712245837,1.1822553,1.0,0.9651896158854166,0.35448308273327367,0.13942199352156226,0.2044270783662796,0.4493135712906883,0.309891577769126
single_shape,TinyCNN,2007,random,40,0.27772813905618554,0.21088099697503593,0.06684714208114961,9,1.1983207712501236,1.2526278160146596,0.3717320293787519,1.8127022,0.49477526048089865,1.6207398,1.0,0.9669596354166666,0.3571480816933797,0.19121534389452025,0.2044270783662796,0.42335035257512954,0.2321350086806093
single_shape,TinyCNN,2007,random,80,0.2808930472688973,0.2173871149246926,0.06350593234420471,8,1.1957359842021655,1.246984486482678,0.3669273698492489,2.1142273,0.45224818476730105,1.9331458,1.0,0.966552734375,0.35558308014093115,0.1635235511603803,0.1354166716337204,0.3485491614372622,0.1850256102768819
single_shape,TinyCNN,2007,random,120,0.2814359897440568,0.2203699552079171,0.06106603453613971,8,1.1953498900213655,1.2436329549692395,0.3633540859605081,2.272758,0.43496986240201924,2.0959198,1.0,0.9667765299479167,0.3548587346283724,0.13428891016846803,0.1223958358168602,0.3001186769940444,0.16582976682557635
single_shape,TinyCNN,2007,random,160,0.2820560801543234,0.22271820485098098,0.05933787530334239,8,1.1948529269978443,1.2417752614928903,0.36008813717700117,2.3815799,0.42483375408900137,2.20709,1.0,0.966796875,0.35310957708785323,0.1387194230133447,0.125,0.29372743948490143,0.15500801647155674
single_shape,TinyCNN,2007,random,200,0.2822440463653936,0.22426237024443219,0.05798167612096139,8,1.1947138753096467,1.2406943696978388,0.3570287801094775,2.4649758,0.41787411123695606,2.292001,1.0,0.9666341145833333,0.35123592915790736,0.15432344439089202,0.1614583283662796,0.30221519595810176,0.14789175156720974
single_shape,TinyCNN,2007,random_unitnorm,0,0.1499386982306981,0.12824652636671505,0.021692171863983062,12,1.3025543532651451,1.3185258354064988,0.20061667148981077,1.0,1.0,0.0,,,,,,,
single_shape,TinyCNN,2007,random_unitnorm,1,0.1525346476510647,0.1283194843040524,0.024215163347012292,10,1.3004550829311476,1.3183948147694506,0.20152378821590416,1.0081255,0.9969429302028749,0.090665966,0.27734375,0.8548787434895834,0.26547972908810824,-0.07282911352975441,0.30859375,0.20663651351232692,0.27946562704208133
single_shape,TinyCNN,2007,random_unitnorm,5,0.18227569028346774,0.14812713686423187,0.034148553419235866,10,1.2771104672635047,1.3030164636274062,0.21360473163048288,1.0831265,0.9484541424680552,0.3619573,0.88671875,0.9169718424479166,0.2835943510479474,0.13409587526777578,0.2903645932674408,0.5146430373526014,0.38054716208482564
single_shape,TinyCNN,2007,random_unitnorm,10,0.2282877028871449,0.17863837159807605,0.04964933128906884,10,1.2405960199504578,1.2786432874001838,0.24481943765571526,1.2507019,0.8585488385970895,0.67529464,0.9609375,0.944091796875,0.32459541622163646,0.138486597827932,0.26953125,0.5122821392976599,0.3737955414697279
single_shape,TinyCNN,2007,random_unitnorm,20,0.25960083249192,0.1981616404087019,0.0614391920832181,10,1.215153779272956,1.26284593871573,0.3089918571270516,1.6426845,0.7225320295571502,1.1903524,1.0,0.96124267578125,0.3405112470415166,0.14822233474331814,0.2721354067325592,0.4652820699858491,0.31705973524253095
single_shape,TinyCNN,2007,random_unitnorm,40,0.27420770869899336,0.205396904083143,0.06881080461585035,8,1.2031650773929035,1.2569206274608138,0.32659516573939107,2.0334108,0.630811157129151,1.6400826,1.0,0.96942138671875,0.3503799721816443,0.21953529439511327,0.2669270932674408,0.465450754046997,0.24591545965188372
single_shape,TinyCNN,2007,random_unitnorm,80,0.28034456577293376,0.21107448117181846,0.0692700846011153,8,1.197996592283459,1.2536399597394126,0.33465432468223233,2.3369303,0.576432884296945,1.974365,1.0,0.9736124674479167,0.3546187380329272,0.17711845450040847,0.1809895783662796,0.3774424957925556,0.20032404129214715
single_shape,TinyCNN,2007,random_unitnorm,120,0.28207485417110506,0.21305426309776587,0.06902059107333919,8,1.1965023796710563,1.2520542469846798,0.3349070928662189,2.499291,0.5539041505168167,2.1482844,1.0,0.9742024739583333,0.3574585120565837,0.17199136219624908,0.1770833283662796,0.3535022479749129,0.18151088577866384
single_shape,TinyCNN,2007,random_unitnorm,160,0.2822953609669273,0.2134988098900487,0.0687965510768786,8,1.1962800547012011,1.2516850162283997,0.3337059570810019,2.6108007,0.5402998687972742,2.2662134,1.0,0.97442626953125,0.36265008401992793,0.16708905489970483,0.1796875,0.33785830666288086,0.17076925176317603
single_shape,TinyCNN,2007,random_unitnorm,200,0.2828358060199172,0.2141351360161659,0.0687006700037513,8,1.1958084564811733,1.2511578538158397,0.332317061616353,2.69627,0.5308408405776616,2.3559136,1.0,0.9748128255208333,0.36413797226002526,0.16365675870283894,0.1822916716337204,0.32718418154980455,0.16352742284696561
single_shape,TinyCNN,2007,template_init,0,1.0,1.0,0.0,16,1.3170890159654386e-09,1.3170890159654386e-09,0.8481368160118523,1.0,1.0,0.0,,,,,,,
single_shape,TinyCNN,2007,template_init,1,0.9972767465374055,0.9972767465374055,0.0,16,0.07296384052589527,0.07296384052589527,0.846219439924025,1.0013485,0.9972767465374055,0.09448865,0.25,0.8704020182291667,0.5619912289725484,0.3780150659128232,0.25,0.38749045237005186,0.009475386457228702
single_shape,TinyCNN,2007,template_init,5,0.9520620008719427,0.9520620008719427,0.0,16,0.30762212576159914,0.30762212576159914,0.786472095593594,1.0597444,0.9520620008719427,0.36033815,0.4921875,0.9275716145833334,0.4648272012100399,0.13092419368992575,0.421875,0.47518567809455436,0.3442614844046286
single_shape,TinyCNN,2007,template_init,10,0.87227676375024,0.8712866088557706,0.0009901548944694083,15,0.5026981863109218,0.5042973289101104,0.6915403692331721,1.2012053,0.8712866088557706,0.625085,0.9140625,0.9617513020833334,0.41865313232495155,0.16715423407906738,0.2786458432674408,0.5559621341731786,0.38880790009411126
single_shape,TinyCNN,2007,template_init,20,0.7474791029422388,0.7460871572905644,0.0013919456516744422,15,0.704440184928701,0.7061252227511783,0.6139144954098389,1.6368605,0.7446571428582205,1.1493815,0.9921875,0.9787801106770833,0.3397959193859443,0.16524396059239477,0.19921875,0.5038966596517114,0.3386526990593166
single_shape,TinyCNN,2007,template_init,40,0.6829593973573799,0.6819811742078927,0.0009782231494871452,15,0.7895476530931063,0.790610457550261,0.5941826935674217,2.187791,0.6800938275066721,1.7110457,0.99609375,0.9825236002604167,0.31907128672473123,0.23324133207119385,0.2434895783662796,0.4780754656638083,0.24483413359261447
single_shape,TinyCNN,2007,template_init,80,0.6551264920794533,0.6515300579024524,0.00359643417700084,13,0.8242386054323341,0.8282943194271079,0.5763292180033803,2.6058588,0.6506695186655855,2.1301723,0.99609375,0.9764200846354166,0.3208980643946512,0.2573471977607694,0.2630208432674408,0.44702357399715864,0.18967637623638922
single_shape,TinyCNN,2007,template_init,120,0.6426617452270943,0.63789696132126,0.004764783905834347,13,0.8389323810744106,0.8443009339496128,0.56568137528124,2.821762,0.6375721946189462,2.3477519,1.0,0.9769490559895833,0.32317257301535557,0.2646677452845536,0.2799479067325592,0.4328587970829958,0.16819105179844218
single_shape,TinyCNN,2007,template_init,160,0.6337541771058601,0.628409616790428,0.005344560315432179,13,0.8492236104769096,0.8552163917155695,0.5583071970788753,2.9692059,0.6283978885082581,2.4974837,1.0,0.9769490559895834,0.3252221656762221,0.2691399547349076,0.2864583432674408,0.4250028446693813,0.15586288993447373
single_shape,TinyCNN,2007,template_init,200,0.627744025505712,0.6222430162952465,0.0055010092104654795,13,0.8561184138816484,0.8621935395571256,0.5531960052268163,3.0825138,0.6222430162952465,2.612112,1.0,0.976806640625,0.32775322170506765,0.27209263250914606,0.2903645932674408,0.419904633573703,0.14781200106455694
single_shape,TinyCNN,2007,template_retention_1,0,1.0,1.0,0.0,16,1.3170890159654386e-09,1.3170890159654386e-09,0.8481368160118523,1.0,1.0,0.0,,,,,,,
single_shape,TinyCNN,2007,template_retention_1,1,0.9976848504702913,0.9976848504702913,0.0,16,0.06730059852862247,0.06730059852862247,0.8461911230056398,0.9994897,0.9976848504702913,0.08410102,0.25,0.87054443359375,0.5616175276870131,0.3768477310628417,0.25,0.38860677292032886,0.011759041857487176
single_shape,TinyCNN,2007,template_retention_1,5,0.9690614409292493,0.9690614409292493,0.0,16,0.24709188493807266,0.24709188493807266,0.8108507747034133,1.0119487,0.9690614409292493,0.26137298,0.55078125,0.9138590494791667,0.48271504145349564,0.17710010380731894,0.4361979067325592,0.5174828224384893,0.34038271863117037
single_shape,TinyCNN,2007,template_retention_1,10,0.942542045251801,0.942542045251801,0.0,16,0.33547668100456873,0.33547668100456873,0.7673593647873769,1.0531337,0.942542045251801,0.35356843,0.90625,0.9445190429687499,0.47299502982327457,0.15883676449893047,0.3463541567325592,0.5477009004842444,0.3888641359853139
single_shape,TinyCNN,2007,template_retention_1,20,0.9148050232787456,0.9145554779042346,0.00024954537451093994,15,0.4015913173778542,0.4020294185622501,0.7311636222263675,1.1278511,0.9145554779042346,0.45130783,0.99609375,0.9500935872395834,0.45905145554900106,0.17878234318710506,0.3229166567325592,0.5648493855227381,0.38606704233563305
single_shape,TinyCNN,2007,template_retention_1,40,0.9186669495740469,0.9186669495740469,0.0,16,0.3843482456333007,0.3843482456333007,0.7338797506609318,1.1346812,0.9186669495740469,0.43699238,1.0,0.9564615885416667,0.4613358612628988,0.23505874469003435,0.34375,0.5874856091410918,0.3524268644510575
single_shape,TinyCNN,2007,template_retention_1,80,0.9373091853181805,0.9373091853181805,0.0,16,0.33349035711287495,0.33349035711287495,0.7559792575064672,1.1017022,0.9373091853181805,0.36935246,1.0,0.95660400390625,0.4741010559531953,0.27520127911270287,0.4544270932674408,0.597984110480398,0.32278283136769514
single_shape,TinyCNN,2007,template_retention_1,120,0.9480886062492893,0.9480886062492893,0.0,16,0.30222390471839033,0.30222390471839033,0.7696458931289594,1.0839353,0.9480886062492893,0.32993987,1.0,0.9541015625,0.48339123458299765,0.27406244071561925,0.3684895932674408,0.5826521185660123,0.30858967785039304
single_shape,TinyCNN,2007,template_retention_1,160,0.9550073409921582,0.9550073409921582,0.0,16,0.28092124379762506,0.28092124379762506,0.779211313867584,1.0718019,0.9550073409921582,0.30325842,1.0,0.95147705078125,0.49087878458405926,0.3400897224069548,0.4192708432674408,0.6400253551140235,0.2999356327070687
single_shape,TinyCNN,2007,template_retention_1,200,0.9603972758377621,0.9603972758377621,0.0,16,0.2634996002165047,0.2634996002165047,0.7866865033695658,1.0623314,0.9603972758377621,0.28220993,1.0,0.9497273763020833,0.49497914625401856,0.36719550166073756,0.45703125,0.6589185696330084,0.2917230679722709
single_shape,TinyCNN,2007,template_release,0,1.0,1.0,0.0,16,1.3170890159654386e-09,1.3170890159654386e-09,0.8481368160118523,1.0,1.0,0.0,,,,,,,
single_shape,TinyCNN,2007,template_release,1,0.9976848504702913,0.9976848504702913,0.0,16,0.06730059852862247,0.06730059852862247,0.8461911230056398,0.9994897,0.9976848504702913,0.08410102,0.25,0.87054443359375,0.5616175276870131,0.3768477310628417,0.25,0.38860677292032886,0.011759041857487176
single_shape,TinyCNN,2007,template_release,5,0.9690614409292493,0.9690614409292493,0.0,16,0.24709188493807266,0.24709188493807266,0.8108507747034133,1.0119487,0.9690614409292493,0.26137298,0.55078125,0.9138590494791667,0.48271504145349564,0.17710010380731894,0.4361979067325592,0.5174828224384893,0.34038271863117037
single_shape,TinyCNN,2007,template_release,10,0.942542045251801,0.942542045251801,0.0,16,0.33547668100456873,0.33547668100456873,0.7673593647873769,1.0531337,0.942542045251801,0.35356843,0.90625,0.9445190429687499,0.47299502982327457,0.15883676449893047,0.3463541567325592,0.5477009004842444,0.3888641359853139
single_shape,TinyCNN,2007,template_release,20,0.9070248823184042,0.9065933654222416,0.00043151689616260924,15,0.42038554837829123,0.4211191735798182,0.7226404393602158,1.140238,0.9065933654222416,0.4769206,0.99609375,0.9517618815104166,0.4547384046162822,0.1784718880303386,0.3111979067325592,0.5629648705542751,0.38449298252393654
single_shape,TinyCNN,2007,template_release,40,0.8913959463933818,0.890764010070114,0.0006319363232678565,14,0.44732180466164817,0.448363131875668,0.7047449615394348,1.1942732,0.890764010070114,0.534809,1.0,0.9591471354166667,0.44630383076171865,0.189702403560979,0.3828125,0.5265841729782654,0.3368817694172864
single_shape,TinyCNN,2007,template_release,80,0.8243712531378745,0.8217219097143038,0.0026493434235707047,14,0.576216561157094,0.5803233138263739,0.6577399594522753,1.3959322,0.8208202344392546,0.8020823,1.0,0.9700520833333334,0.42678370878297317,0.25048716461829923,0.3802083432674408,0.49699950128244874,0.2465123366641495
single_shape,TinyCNN,2007,template_release,120,0.7362609343088184,0.7330199063013052,0.003241028007513247,14,0.7169028211224663,0.720849867000539,0.6073759406233484,1.843743,0.7299982617283897,1.3073255,1.0,0.97198486328125,0.41437482273025183,0.23334088267556596,0.3255208432674408,0.4219993299082191,0.18865844723265313
single_shape,TinyCNN,2007,template_release,160,0.7131490358244164,0.7100568314782252,0.003092204346191174,14,0.7494763142666744,0.7530259683531022,0.5967981434927079,2.0471973,0.7065331110738201,1.5188599,1.0,0.9727986653645834,0.40843646355343655,0.2424339081552106,0.3346354067325592,0.4152353666494486,0.172801458494238
single_shape,TinyCNN,2007,template_release,200,0.6998566148344507,0.6968430502780243,0.003013564556426429,14,0.7674522834772909,0.7708006952617062,0.5887578605428634,2.1868296,0.693098514088121,1.6627305,1.0,0.97332763671875,0.40443262004914615,0.24745798104218786,0.3372395932674408,0.4109899115801966,0.16353193053800874
single_shape,TinyCNN,2008,random,0,0.15200643395855465,0.13960683126535134,0.01239960269320331,9,1.3002630186626263,1.3094059519856298,0.2215118370274265,0.580246,1.0,0.0,,,,,,,
single_shape,TinyCNN,2008,random,1,0.15029528896352273,0.13640397862112538,0.01389131034239735,8,1.3015184705527694,1.3116395397559424,0.2159889710488574,0.5864286,0.9918038318401183,0.084794074,0.30859375,0.9334716796875,0.19932632696316932,0.05243738763885042,0.40625,0.30793721915451167,0.25549983151566125
single_shape,TinyCNN,2008,random,5,0.17508053852330213,0.1532077443714447,0.021872794151857444,9,1.2821380177226205,1.29914737845961,0.19140902299182502,0.6634195,0.897530354808654,0.3082162,0.75,0.9731038411458333,0.23604213483496542,0.2148503611218026,0.3736979067325592,0.5835553513961171,0.3687049902743145
single_shape,TinyCNN,2008,random,10,0.20485560865489846,0.17648945904816987,0.02836614960672859,9,1.2572901250988409,1.2787712606271013,0.22079022947634402,0.8522354,0.7660558038534057,0.5677222,0.984375,0.9742228190104166,0.31848182391646385,0.21819393940756499,0.3059895932674408,0.5992177111807411,0.3810237717731761
single_shape,TinyCNN,2008,random,20,0.24634751287773599,0.20482524989838338,0.0415222629793526,9,1.2221198968155365,1.2547108894155312,0.2860579091731106,1.3446199,0.5899217600599316,1.1196376,1.0,0.98101806640625,0.34322135428934314,0.14130560865733777,0.1927083283662796,0.46321079695454126,0.3219051882972035
single_shape,TinyCNN,2008,random,40,0.26610307344029993,0.22295258951806227,0.043150483922237665,9,1.205624670431383,1.2387272873009956,0.3105927906475564,1.7982357,0.5059608390174881,1.597323,1.0,0.9794718424479167,0.35811336037945657,0.1730608017562425,0.1953125,0.4031328345436582,0.23007203278741573
single_shape,TinyCNN,2008,random,80,0.2709862754219001,0.22890988311310922,0.0420763923087909,9,1.2015176838993034,1.2340695862069002,0.3141500262179081,2.0944257,0.46828561308567895,1.9043036,1.0,0.97857666015625,0.3753802234071667,0.1824542893423684,0.19140625,0.3618667122109147,0.1794124228685463
single_shape,TinyCNN,2008,random,120,0.2725636707554116,0.2312286355862938,0.041335035169117795,9,1.2001390353404733,1.2322440197382036,0.3142372995482507,2.2446518,0.45375026131191876,2.0582793,1.0,0.9778645833333334,0.38221469317462975,0.19016038791676151,0.1966145783662796,0.34969938805277845,0.15953900013601693
single_shape,TinyCNN,2008,random,160,0.2730832602620913,0.23241140553574485,0.040671854726346435,9,1.1996790375601614,1.2313323573888373,0.31428949837500464,2.34699,0.44494221196808525,2.162864,1.0,0.9779866536458333,0.3872021900384344,0.19401730232441727,0.1979166716337204,0.34211600890996385,0.14809870658554658
single_shape,TinyCNN,2008,random,200,0.2733970078883864,0.23303135220208243,0.04036565568630396,9,1.1993995149114554,1.2308624961292451,0.3140249363527436,2.424771,0.4387562083769294,2.2422073,1.0,0.978271484375,0.39091179812128896,0.19669312623362223,0.2005208283662796,0.33717358519310836,0.14048045895948613
single_shape,TinyCNN,2008,random_unitnorm,0,0.152006432747133,0.1396068302072696,0.012399602539863386,9,1.3002630195905347,1.3094059527986657,0.22151183950894826,1.0,1.0,0.0,,,,,,,
single_shape,TinyCNN,2008,random_unitnorm,1,0.14995932164350878,0.13532541749646854,0.014633904147040244,9,1.3017908375354135,1.3124280322514075,0.21991417731764135,1.0021207,0.9974087779975637,0.08972661,0.171875,0.9039103190104167,0.3035152150950824,-0.17743190248229956,0.3580729067325592,-0.013386698536030028,0.16404520394626954
single_shape,TinyCNN,2008,random_unitnorm,5,0.16195798767242603,0.14203393377122359,0.019924053901202443,9,1.292474920634331,1.3075834449565986,0.20609939261317894,1.0503561,0.9569521633483513,0.33676255,0.72265625,0.9644368489583333,0.27540244881092035,0.2498668427163524,0.4166666567325592,0.6037197980255986,0.3538529553092462
single_shape,TinyCNN,2008,random_unitnorm,10,0.18043951585675536,0.1633607789569993,0.01707873689975606,10,1.2774411766136102,1.2906757932976698,0.19963968429845785,1.170825,0.8856482663932469,0.57224095,0.97265625,0.96661376953125,0.34062957186244897,0.21498240471776392,0.4283854067325592,0.5891463403564454,0.3741639356386815
single_shape,TinyCNN,2008,random_unitnorm,20,0.21460569500867333,0.1886946035111361,0.02591109149753723,10,1.248537899567538,1.2679573829493265,0.23809657595272488,1.5557914,0.7352235977596076,1.0886602,1.0,0.9715372721354167,0.3754336274240643,0.2567149793900857,0.3958333432674408,0.5904845113866936,0.33376953199660786
single_shape,TinyCNN,2008,random_unitnorm,40,0.23355492511135637,0.20405041792181536,0.029504507189541007,9,1.2321161365061397,1.2554726281710098,0.2631545995393837,2.0130417,0.6275407831077935,1.6109085,1.0,0.97442626953125,0.38912123688452244,0.30546597400678277,0.3736979067325592,0.545678237865902,0.2402122638591192
single_shape,TinyCNN,2008,random_unitnorm,80,0.24491022166496657,0.21136463181442033,0.03354558985054623,9,1.2228572075492603,1.2483737240457478,0.269703940809268,2.3233733,0.5775140954118547,1.9471145,1.0,0.9715576171874999,0.3914234642638553,0.277029925324241,0.2825520932674408,0.4619311731297614,0.18490124780552042
single_shape,TinyCNN,2008,random_unitnorm,120,0.24921228709923646,0.2149492515151052,0.03426303558413127,9,1.2194213295405532,1.2456013055618815,0.2714104395606709,2.480414,0.5562154436288221,2.1148846,1.0,0.97027587890625,0.38709919338414583,0.28601297806719633,0.2864583432674408,0.4488025505204901,0.16278957245329378
single_shape,TinyCNN,2008,random_unitnorm,160,0.2514985171356981,0.2167698154980905,0.034728701637607606,9,1.2176385656987687,1.244248902734558,0.2725880354345116,2.5874794,0.5431969175137986,2.2283096,1.0,0.9695841471354166,0.38348225326092544,0.2907821237122804,0.28515625,0.44078400218866587,0.15000187847638546
single_shape,TinyCNN,2008,random_unitnorm,200,0.2529280074626718,0.21781676573095055,0.035111241731721254,9,1.2165288008241664,1.2434872103294778,0.27291679327121093,2.669505,0.5339721400847344,2.314774,1.0,0.9689127604166666,0.3806116380189757,0.29398273276969134,0.2916666567325592,0.4353580308342141,0.14137529806452273
single_shape,TinyCNN,2008,template_init,0,1.0,1.0,0.0,16,1.3170890159654386e-09,1.3170890159654386e-09,0.8481368160118523,1.0,1.0,0.0,,,,,,,
single_shape,TinyCNN,2008,template_init,1,0.9978991101488834,0.9978991101488834,0.0,16,0.06192978541232601,0.06192978541232601,0.8506618366764049,1.0045416,0.9978991101488834,0.08989807,0.25,0.8902994791666666,0.5522705269317624,-0.020252448544578194,0.30078125,0.08236103863996591,0.1026134871845441
single_shape,TinyCNN,2008,template_init,5,0.9603109226282955,0.9603109226282955,0.0,16,0.2724477375676272,0.2724477375676272,0.8073447378508924,1.0616877,0.9603109226282955,0.3352599,0.74609375,0.94482421875,0.523425623173974,0.13213066968808096,0.3971354067325592,0.4812789312135046,0.34914826152542366
single_shape,TinyCNN,2008,template_init,10,0.889081966416178,0.8886614465775742,0.0004205198386038056,15,0.46166788604008013,0.4626394640272572,0.7102364850632206,1.1898901,0.8886614465775742,0.5686991,0.9921875,0.9674886067708334,0.4774980868863907,0.21784806066904855,0.5091145634651184,0.5898263926860681,0.3719783320170195
single_shape,TinyCNN,2008,template_init,20,0.7700914400924779,0.7689681470355019,0.0011232930569760047,14,0.6712731823269008,0.673003208364432,0.5722644286354046,1.5847687,0.7689681470355019,1.0583441,1.0,0.9822794596354166,0.42724314887808645,0.2932453405654025,0.4986979067325592,0.6327413635523245,0.33949602298692194
single_shape,TinyCNN,2008,template_init,40,0.6902466904333895,0.6886108747732949,0.0016358156600946305,14,0.781058322328873,0.7832047526822135,0.520887287505656,2.132959,0.6886108747732949,1.6375357,1.0,0.9842325846354166,0.40735472448918686,0.3547706633481765,0.42578125,0.6042929094018583,0.24952224605368184
single_shape,TinyCNN,2008,template_init,80,0.6520784875914881,0.6497035202238919,0.002374967367596237,13,0.8293045037859672,0.8321127074865049,0.5237132182014611,2.5445914,0.6497035202238919,2.0630085,1.0,0.9856363932291666,0.4068677651342147,0.3807007941772912,0.41796875,0.5696678630139345,0.1889670688366433
single_shape,TinyCNN,2008,template_init,120,0.6362275786463542,0.6315678669780169,0.00465971166833723,13,0.8482622638427294,0.8536596433487817,0.5207789600009608,2.7504194,0.6315678669780169,2.277337,1.0,0.98614501953125,0.4068444902747584,0.38610545986313405,0.4192708432674408,0.5517682273310369,0.16566276746790287
single_shape,TinyCNN,2008,template_init,160,0.6273852818010861,0.6217747363222343,0.005610545478851758,13,0.8585585702109244,0.8650490722549171,0.5188929608666054,2.888889,0.6217747363222343,2.419386,1.0,0.9863484700520834,0.40625292954179903,0.3876901677038681,0.4166666567325592,0.540291929552483,0.15260176184861485
single_shape,TinyCNN,2008,template_init,200,0.6212012877008175,0.6151496460101857,0.0060516416906317705,13,0.8656673983922278,0.8726667251621459,0.5167345307693665,2.9935408,0.6151496460101857,2.5262241,1.0,0.9864501953125,0.4063726198593563,0.38860267600363385,0.4205729067325592,0.5325892328964028,0.14398655689276899
single_shape,TinyCNN,2008,template_retention_1,0,1.0,1.0,0.0,16,1.3170890159654386e-09,1.3170890159654386e-09,0.8481368160118523,1.0,1.0,0.0,,,,,,,
single_shape,TinyCNN,2008,template_retention_1,1,0.998184285336642,0.998184285336642,0.0,16,0.05769595646671217,0.05769595646671217,0.8507106235842405,1.0008805,0.998184285336642,0.08015816,0.25,0.8904012044270834,0.5517102132510775,-0.020027032794241895,0.2981770932674408,0.08469664855116721,0.1047236813454091
single_shape,TinyCNN,2008,template_retention_1,5,0.9720382858437437,0.9720382858437437,0.0,16,0.2291029763743529,0.2291029763743529,0.8171437491621862,1.0234201,0.9720382858437437,0.25547487,0.75,0.9298299153645833,0.5417947047242665,0.15030828222562603,0.4635416567325592,0.496072983598718,0.34576470137309195
single_shape,TinyCNN,2008,template_retention_1,10,0.9482941862344124,0.9482941862344124,0.0,16,0.3086935578541503,0.3086935578541503,0.7838794586891806,1.0714071,0.9482941862344124,0.33303973,0.98046875,0.9474080403645834,0.5443903705198369,0.195157920839235,0.58203125,0.5636902898226607,0.3685323689834257
single_shape,TinyCNN,2008,template_retention_1,20,0.9303477163223203,0.9303477163223203,0.0,16,0.35533328770422756,0.35533328770422756,0.7613195286909407,1.1416705,0.9303477163223203,0.41310972,1.0,0.9586995442708334,0.5463687657563748,0.2598649065660721,0.54296875,0.6283355042817605,0.36847059771568846
single_shape,TinyCNN,2008,template_retention_1,40,0.930708986014936,0.930708986014936,0.0,16,0.3522431737422501,0.3522431737422501,0.7597232345919209,1.149303,0.930708986014936,0.41537213,1.0,0.9634602864583334,0.5457570138661272,0.36039615780488443,0.53125,0.704782230207265,0.3443860724023806
single_shape,TinyCNN,2008,template_retention_1,80,0.943831081724563,0.943831081724563,0.0,16,0.31689502495916166,0.31689502495916166,0.773132612078283,1.1131859,0.943831081724563,0.36020264,1.0,0.9596354166666666,0.5413733577092985,0.39127625526854803,0.5846354365348816,0.7087411587548758,0.3174649034863277
single_shape,TinyCNN,2008,template_retention_1,120,0.9529535467407753,0.9529535467407753,0.0,16,0.28943418171234464,0.28943418171234464,0.7859604720289194,1.091552,0.9529535467407753,0.32202214,1.0,0.9557088216145834,0.5314208625827005,0.3983424382451316,0.5716145634651184,0.6994061030700126,0.301063664824881
single_shape,TinyCNN,2008,template_retention_1,160,0.9591812296201683,0.9591812296201683,0.0,16,0.2689745531353604,0.2689745531353604,0.7935025475704113,1.07847,0.9591812296201683,0.29545027,1.0,0.9534505208333334,0.5235300421724811,0.38594407505746436,0.53515625,0.6760198255093237,0.29007575045185935
single_shape,TinyCNN,2008,template_retention_1,200,0.9639066049485789,0.9639066049485789,0.0,16,0.2523505432811418,0.2523505432811418,0.8004459539851836,1.0686315,0.9639066049485789,0.27448255,1.0,0.9501139322916666,0.516824247097803,0.39767959677680703,0.5390625,0.6783219810418234,0.28064238426501636
single_shape,TinyCNN,2008,template_release,0,1.0,1.0,0.0,16,1.3170890159654386e-09,1.3170890159654386e-09,0.8481368160118523,1.0,1.0,0.0,,,,,,,
single_shape,TinyCNN,2008,template_release,1,0.998184285336642,0.998184285336642,0.0,16,0.05769595646671217,0.05769595646671217,0.8507106235842405,1.0008805,0.998184285336642,0.08015816,0.25,0.8904012044270834,0.5517102132510775,-0.020027032794241895,0.2981770932674408,0.08469664855116721,0.1047236813454091
single_shape,TinyCNN,2008,template_release,5,0.9720382858437437,0.9720382858437437,0.0,16,0.2291029763743529,0.2291029763743529,0.8171437491621862,1.0234201,0.9720382858437437,0.25547487,0.75,0.9298299153645833,0.5417947047242665,0.15030828222562603,0.4635416567325592,0.496072983598718,0.34576470137309195
single_shape,TinyCNN,2008,template_release,10,0.9482941862344124,0.9482941862344124,0.0,16,0.3086935578541503,0.3086935578541503,0.7838794586891806,1.0714071,0.9482941862344124,0.33303973,0.98046875,0.9474080403645834,0.5443903705198369,0.195157920839235,0.58203125,0.5636902898226607,0.3685323689834257
single_shape,TinyCNN,2008,template_release,20,0.9240659416748992,0.9240659416748992,0.0,16,0.3721066638138619,0.3721066638138619,0.7527318865702594,1.1542342,0.9240659416748992,0.43669724,1.0,0.961181640625,0.5427563620406329,0.2614837464228107,0.5364583134651184,0.6293431842679289,0.3678594378451182
single_shape,TinyCNN,2008,template_release,40,0.9067865443007359,0.9067865443007359,0.0,16,0.4121540471510686,0.4121540471510686,0.7275221784650687,1.2138362,0.9067865443007359,0.51391435,1.0,0.9684041341145834,0.5354928867228355,0.3480723841469965,0.5208333134651184,0.6808596682579098,0.3327872841109133
single_shape,TinyCNN,2008,template_release,80,0.83844110496033,0.837748046237395,0.0006930587229350138,15,0.5553574892411081,0.5567489025628493,0.6381468289220716,1.4212635,0.837748046237395,0.80121803,1.0,0.9750162760416666,0.49844600306108067,0.27106238556321693,0.3216145932674408,0.5165946707712874,0.2455322852080705
single_shape,TinyCNN,2008,template_release,120,0.7554740623725675,0.7527785211403963,0.0026955412321711947,15,0.6917704437824286,0.6959413346791208,0.5506207189583944,1.8504751,0.7527785211403963,1.2900803,1.0,0.9809977213541666,0.45085451175571456,0.2995907374823235,0.3059895932674408,0.48160909352050985,0.18201835603818634
single_shape,TinyCNN,2008,template_release,160,0.7309223658854056,0.7270717489019339,0.0038506169834716664,15,0.727535599070914,0.7328469380057119,0.5206770107496801,2.0364478,0.7270717489019339,1.4907626,1.0,0.9823201497395833,0.4403116266384963,0.30299791139727145,0.3020833432674408,0.46596824395369896,0.1629703325564275
single_shape,TinyCNN,2008,template_release,200,0.7175539486526024,0.7136630411489746,0.0038909075036277496,15,0.7461663952863238,0.7513751814968601,0.5042981733672491,2.1621063,0.7136630411489746,1.6221662,1.0,0.9828694661458333,0.4343675038157338,0.3035666223057226,0.296875,0.4555200887347276,0.15195346642900498
single_shape,TinyCNN,2009,random,0,0.1622195415009213,0.14770604671438742,0.014513494786533881,10,1.2936352065843235,1.3049358735363354,0.1671589835707754,0.570771,1.0,0.0,,,,,,,
single_shape,TinyCNN,2009,random,1,0.1645026673384627,0.1528616105787593,0.011641056759703394,10,1.2916324522349683,1.3005926896944002,0.17168609648397096,0.576501,0.9903397248665579,0.08721783,0.37890625,0.8939208984375,0.2531680561993526,0.21367866299086935,0.3385416567325592,0.5262957277602256,0.31261706476935625
single_shape,TinyCNN,2009,random,5,0.20007480786637083,0.18713198496093597,0.012942822905434859,9,1.262564935577812,1.272720510260161,0.19866817998082242,0.66022134,0.8862293798478483,0.31624958,0.64453125,0.9370727539062501,0.3378131387979769,0.17644323134367257,0.40234375,0.5643223342653496,0.38787910292167704
single_shape,TinyCNN,2009,random,10,0.24632945049723917,0.22127324504740123,0.025056205449837943,8,1.2240687843039075,1.243522002250642,0.2667052872165708,0.8483115,0.7471475059850458,0.57755196,0.98828125,0.9581298828125001,0.3653392590153509,0.22722546331789395,0.3072916567325592,0.6091075111416857,0.38188204782379176
single_shape,TinyCNN,2009,random,20,0.2837351954272145,0.2534428138338915,0.03029238159332298,9,1.1929575698210937,1.2177055980063158,0.3137196551824524,1.3025179,0.5763597625058654,1.0886542,1.0,0.9732259114583334,0.3948898691613842,0.3092342162898123,0.3958333432674408,0.6390977094830623,0.32986349319325003
single_shape,TinyCNN,2009,random,40,0.2967988020871152,0.2585693735985679,0.03822942848854727,8,1.181658908521491,1.2132513094428963,0.3456779796481889,1.750632,0.49190087788681913,1.5588598,1.0,0.9767862955729166,0.4044467705175542,0.35483728468407627,0.390625,0.6092267914674767,0.25438950678340044
single_shape,TinyCNN,2009,random,80,0.3006793928199618,0.2610719242733542,0.03960746854660763,10,1.1782258088967192,1.210466138324744,0.3561151873405491,2.0645502,0.45742648669443997,1.8802395,1.0,0.9769694010416666,0.410339264928801,0.36772723487308706,0.38671875,0.5755420802901383,0.20781484541705125
single_shape,TinyCNN,2009,random,120,0.30238828083416064,0.2629498078146072,0.039438473019553444,10,1.1767718028981105,1.2089788072640708,0.35738656261612234,2.2243855,0.4435411562183421,2.0430298,1.0,0.9761555989583333,0.41108342741421117,0.29146589221665864,0.27734375,0.47972537578333496,0.1882594835666763
single_shape,TinyCNN,2009,random,160,0.302739781140053,0.26331814911272566,0.03942163202732735,10,1.1764599933844933,1.208723950976289,0.35746213856228826,2.3328762,0.43481846764569576,2.153529,1.0,0.9754638671874999,0.4112298401569817,0.28554640690735783,0.2760416567325592,0.462657950156544,0.17711154324918615
single_shape,TinyCNN,2009,random,200,0.3028249836755248,0.26354942965248385,0.03927555402304095,10,1.1763542839954693,1.2090416193649385,0.3575911739120904,2.4153116,0.4284929142528843,2.2374659,1.0,0.9752400716145834,0.4114241979792742,0.28102992994683496,0.28125,0.4507192140400773,0.16968928409324235
single_shape,TinyCNN,2009,random_unitnorm,0,0.16221954170593494,0.14770604637692786,0.014513495329007087,10,1.2936352064150507,1.304935873795427,0.16715898357872638,1.0,1.0,0.0,,,,,,,
single_shape,TinyCNN,2009,random_unitnorm,1,0.1614179355484705,0.15001849568696235,0.011399439861508154,10,1.294233702364963,1.3029975947681702,0.17018357669512835,1.0019314,0.9968049920764561,0.08875148,0.38671875,0.9065958658854166,0.21153413639463947,0.21081604327705608,0.4231770932674408,0.39281045060049635,0.18199440732344027
single_shape,TinyCNN,2009,random_unitnorm,5,0.1704905157753978,0.16117816088853595,0.009312354886861857,10,1.2865713045424094,1.2935289516972892,0.1733936314898285,1.0520108,0.9513420117292518,0.34339362,0.71875,0.9379475911458334,0.29381909086820734,0.2353255776192461,0.3932291567325592,0.6044020774313299,0.3690764998120838
single_shape,TinyCNN,2009,random_unitnorm,10,0.19994518070803344,0.1858119099649871,0.01413327074304635,9,1.2623931028589834,1.27297912046002,0.21237163074805365,1.1883655,0.8709958464067267,0.61121804,0.984375,0.9435628255208333,0.32994930831015445,0.2628883669258689,0.3828125,0.6341676094925103,0.37127924256664135
single_shape,TinyCNN,2009,random_unitnorm,20,0.24256915834192633,0.22571427942989647,0.016854878912029858,10,1.2273728749444133,1.2406357799148495,0.2591072225447869,1.5671613,0.7321436700626952,1.1081222,1.0,0.965576171875,0.3674777222081774,0.32526175564315707,0.4348958432674408,0.6517314820872165,0.32646972644405947
single_shape,TinyCNN,2009,random_unitnorm,40,0.2651067832889889,0.24434588945861047,0.020760893830378435,9,1.2090802413463135,1.226274653208098,0.2796131315385707,1.9902835,0.6385949737502845,1.5828893,1.0,0.9745279947916667,0.3939849691630075,0.377695274794733,0.4700520932674408,0.6280708310857491,0.2503755562910161
single_shape,TinyCNN,2009,random_unitnorm,80,0.27287429664197926,0.2515365663080493,0.02133773033392994,10,1.2026913497340486,1.2203236535867195,0.28303709745460814,2.291417,0.5910214168820744,1.9078951,1.0,0.9753214518229167,0.4044919906957613,0.33532135518365924,0.3802083432674408,0.536752384554832,0.20143102937117272
single_shape,TinyCNN,2009,random_unitnorm,120,0.2757360015293405,0.25411554715032997,0.021620454379010556,9,1.2003893354203856,1.2182213886003674,0.2834348378310474,2.4473033,0.570940589899984,2.0730813,1.0,0.9751993815104166,0.40918454397740534,0.3379514828859833,0.37890625,0.5182985009963916,0.18034701811040832
single_shape,TinyCNN,2009,random_unitnorm,160,0.27664568910288057,0.25505198818079217,0.0215937009220884,9,1.199669290733449,1.2174498537302556,0.2829819354836808,2.5525627,0.5594012706364533,2.1833005,1.0,0.97833251953125,0.4113087540088123,0.3376413546154819,0.3828125,0.5059013239791794,0.16825996936369753
single_shape,TinyCNN,2009,random_unitnorm,200,0.277488196835352,0.25572917170295756,0.021759025132394416,9,1.1990110117199295,1.21689764680753,0.2826418458849027,2.633718,0.5512782994803154,2.2677546,1.0,0.9783325195312501,0.4118565746605087,0.3372029594125149,0.37890625,0.4972277144604659,0.160024755047951
single_shape,TinyCNN,2009,template_init,0,1.0,1.0,0.0,16,1.3170890159654386e-09,1.3170890159654386e-09,0.8481368160118523,1.0,1.0,0.0,,,,,,,
single_shape,TinyCNN,2009,template_init,1,0.9969574625864036,0.9969574625864036,0.0,16,0.07732012592129936,0.07732012592129936,0.8470101038047385,0.9947938,0.9969574625864036,0.088864714,0.43359375,0.85198974609375,0.6046819066027486,-0.002979485156019812,0.2083333283662796,0.22043556221510974,0.22341504737112955
single_shape,TinyCNN,2009,template_init,5,0.9422421065351229,0.9422421065351229,0.0,16,0.33750097355200737,0.33750097355200737,0.7952417556970359,1.037163,0.9422421065351229,0.36791837,0.88671875,0.9308268229166666,0.5669318123724709,0.1997829340928019,0.5377604365348816,0.5913989624029529,0.39161602831015097
single_shape,TinyCNN,2009,template_init,10,0.8380136510283659,0.8367461874337115,0.00126746359465435,15,0.5652556816597685,0.5672802153732863,0.7127055328829488,1.1868557,0.8367461874337115,0.67137253,1.0,0.9715576171874999,0.5007029362432716,0.1628816558369589,0.3359375,0.5534927654836065,0.3906111096466476
single_shape,TinyCNN,2009,template_init,20,0.7237858674814427,0.7200693389741655,0.003716528507277217,14,0.7399587818893122,0.7448016664024143,0.6470322013894357,1.6220065,0.7193446355384101,1.1594139,1.0,0.9817708333333334,0.43562069074538046,0.20773490451363585,0.31640625,0.5389920430128414,0.3312571384992056
single_shape,TinyCNN,2009,template_init,40,0.6625340788801479,0.660731544816193,0.0018025340639549192,14,0.8177053820232687,0.8198533194617033,0.6093884637975446,2.108348,0.6573193769163928,1.6562223,1.0,0.9807942708333334,0.4179616595094165,0.3379939462350407,0.4388020932674408,0.58531614861199,0.2473222023769493
single_shape,TinyCNN,2009,template_init,80,0.6294905794141964,0.6283734527635172,0.001117126650679201,14,0.8564997837931447,0.8576717262296009,0.5947270121196455,2.483764,0.6236378742169291,2.0380244,1.0,0.9809977213541667,0.40403026164478,0.36738703625065716,0.4401041567325592,0.5610959780278282,0.19370894177717105
single_shape,TinyCNN,2009,template_init,120,0.6150624695436364,0.6142101531338584,0.0008523164097780089,14,0.8727189580274293,0.8735709740958881,0.5890001089855912,2.6840258,0.6089323466065244,2.2414985,1.0,0.9820149739583334,0.4021704609031681,0.37506441344850877,0.4361979067325592,0.5463246555913017,0.17126024214279295
single_shape,TinyCNN,2009,template_init,160,0.607717105989046,0.6067550134308919,0.0009620925581541595,14,0.8809671507400423,0.8819291834875213,0.5850317499415026,2.8171449,0.601612161078088,2.3749776,1.0,0.98223876953125,0.4020096083964027,0.3776055915741813,0.4296875,0.5362341356054912,0.15862854403130988
single_shape,TinyCNN,2009,template_init,200,0.6023456726721257,0.60128534431212,0.0010603283600056912,14,0.8869778943225508,0.8880387303240338,0.5817319293184484,2.9193046,0.5962297397706656,2.4776773,1.0,0.9821980794270833,0.4024220754057422,0.37872049999975976,0.4244791567325592,0.5288525579577803,0.15013205795802056
single_shape,TinyCNN,2009,template_retention_1,0,1.0,1.0,0.0,16,1.3170890159654386e-09,1.3170890159654386e-09,0.8481368160118523,1.0,1.0,0.0,,,,,,,
single_shape,TinyCNN,2009,template_retention_1,1,0.997392485769877,0.997392485769877,0.0,16,0.07145284417031161,0.07145284417031161,0.8471096719125728,0.99831724,0.997392485769877,0.07900226,0.421875,0.85205078125,0.6063820745205395,-0.00260478714463247,0.2044270783662796,0.22066051703041123,0.2232653041750437
single_shape,TinyCNN,2009,template_retention_1,5,0.9640608092546834,0.9640608092546834,0.0,16,0.2646338096398722,0.2646338096398722,0.8169635890120063,1.0365286,0.9640608092546834,0.27736944,0.8515625,0.91546630859375,0.5740135153713121,0.16493167353162452,0.4934895932674408,0.555334173799399,0.39040250026777445
single_shape,TinyCNN,2009,template_retention_1,10,0.93355348131987,0.93355348131987,0.0,16,0.3582192262115704,0.3582192262115704,0.7985371238713159,1.0839837,0.93355348131987,0.3880571,0.9921875,0.9396769205729166,0.5197334825319323,0.12716041137838885,0.4296875,0.5195463282809039,0.392385916902515
single_shape,TinyCNN,2009,template_retention_1,20,0.9104560005553941,0.9104560005553941,0.0,16,0.41015719785608024,0.41015719785608024,0.7809704706506524,1.1358078,0.9104560005553941,0.4643349,1.0,0.9451090494791666,0.4816456490365477,0.1912279331043547,0.4075520932674408,0.5670073041572581,0.3757793710529034
single_shape,TinyCNN,2009,template_retention_1,40,0.9152189163285803,0.9152189163285803,0.0,16,0.3912467377903316,0.3912467377903316,0.7830952012497603,1.1242596,0.9152189163285803,0.4401331,1.0,0.9514363606770833,0.4746750818770631,0.2690605099938002,0.4088541567325592,0.613772777740127,0.34471226774632674
single_shape,TinyCNN,2009,template_retention_1,80,0.9340704285028162,0.9340704285028162,0.0,16,0.3401727056250797,0.3401727056250797,0.7958437923442605,1.0931139,0.9340704285028162,0.3740341,1.0,0.9455159505208333,0.49735572317292076,0.2679478272278171,0.40234375,0.5835474255571242,0.3155995983293071
single_shape,TinyCNN,2009,template_retention_1,120,0.9443469224866825,0.9443469224866825,0.0,16,0.31012491232289585,0.31012491232289585,0.8031025540400725,1.075768,0.9443469224866825,0.3359725,1.0,0.9383138020833334,0.510988234567751,0.3222949912871397,0.4453125,0.6209909025276963,0.2986959112405566
single_shape,TinyCNN,2009,template_retention_1,160,0.9513257270315671,0.9513257270315671,0.0,16,0.2882408956256066,0.2882408956256066,0.8081324682735972,1.0640197,0.9513257270315671,0.3091925,1.0,0.9328816731770834,0.5231075581945687,0.3111293025863311,0.43359375,0.6002464493646884,0.2891171467783573
single_shape,TinyCNN,2009,template_retention_1,200,0.9563517926527081,0.9563517926527081,0.0,16,0.2715872771926275,0.2715872771926275,0.8123429533648721,1.0549315,0.9563517926527081,0.28890112,1.0,0.9284261067708333,0.5331216862483963,0.29997633082249664,0.4375,0.5848342044300568,0.2848578736075602
single_shape,TinyCNN,2009,template_release,0,1.0,1.0,0.0,16,1.3170890159654386e-09,1.3170890159654386e-09,0.8481368160118523,1.0,1.0,0.0,,,,,,,
single_shape,TinyCNN,2009,template_release,1,0.997392485769877,0.997392485769877,0.0,16,0.07145284417031161,0.07145284417031161,0.8471096719125728,0.99831724,0.997392485769877,0.07900226,0.421875,0.85205078125,0.6063820745205395,-0.00260478714463247,0.2044270783662796,0.22066051703041123,0.2232653041750437
single_shape,TinyCNN,2009,template_release,5,0.9640608092546834,0.9640608092546834,0.0,16,0.2646338096398722,0.2646338096398722,0.8169635890120063,1.0365286,0.9640608092546834,0.27736944,0.8515625,0.91546630859375,0.5740135153713121,0.16493167353162452,0.4934895932674408,0.555334173799399,0.39040250026777445
single_shape,TinyCNN,2009,template_release,10,0.93355348131987,0.93355348131987,0.0,16,0.3582192262115704,0.3582192262115704,0.7985371238713159,1.0839837,0.93355348131987,0.3880571,0.9921875,0.9396769205729166,0.5197334825319323,0.12716041137838885,0.4296875,0.5195463282809039,0.392385916902515
single_shape,TinyCNN,2009,template_release,20,0.9026992129539001,0.9024708232566175,0.00022838969728256053,15,0.4283916605265367,0.4288242361078312,0.7739819152419478,1.1499351,0.9024708232566175,0.49057323,1.0,0.9491780598958333,0.47650083277884175,0.19345831650580303,0.40234375,0.5673484274389331,0.37389011093313007
single_shape,TinyCNN,2009,template_release,40,0.8880012479575636,0.8869705585578318,0.0010306893997318323,15,0.4524021427179613,0.45427586768557116,0.7553858649507417,1.1806988,0.8869705585578318,0.5346434,1.0,0.9610392252604166,0.44863011428213656,0.2847830735366161,0.4075520932674408,0.6151578198562736,0.3303747463196575
single_shape,TinyCNN,2009,template_release,80,0.8186231038468172,0.8152031139955619,0.003419989851255356,15,0.5830296424107752,0.5878174395761677,0.6869749146833237,1.363407,0.8152031139955619,0.79129237,1.0,0.9715576171874999,0.40574989040665177,0.3098867627557462,0.4192708432674408,0.557574260254914,0.2476874974991677
single_shape,TinyCNN,2009,template_release,120,0.7251971538739657,0.7212560913931184,0.003941062480847246,15,0.7312996993365872,0.7373755613149916,0.6168148793505057,1.7862985,0.7206060332826152,1.2760208,1.0,0.9745279947916666,0.37442406377105286,0.35903768191147595,0.4427083432674408,0.550449063077082,0.19141138116560602
single_shape,TinyCNN,2009,template_release,160,0.6993202270625825,0.6959629230746182,0.0033573039879642996,15,0.7667951271387401,0.7715756236141114,0.6019215040668702,1.9756167,0.6947270754269265,1.4761541,1.0,0.9748942057291666,0.3747645148360214,0.3687505572784818,0.4479166567325592,0.5436854780255278,0.17493492074704597
single_shape,TinyCNN,2009,template_release,200,0.6851251619448084,0.6821027421556594,0.003022419789149078,15,0.7855801916198122,0.789715681829618,0.5931118874597259,2.105384,0.6805551858852357,1.6105472,1.0,0.9753214518229167,0.3754692822423979,0.37399063929225884,0.4427083432674408,0.539553385356514,0.16556274606425514
single_shape,TwoLayerCNN,2000,random,0,0.1264557816590009,0.11984158823668774,0.006614193422313161,10,1.3205324036316708,1.3254821993355317,0.1983521345773978,0.5872335,1.0,0.0,,,,,,,
single_shape,TwoLayerCNN,2000,random,1,0.12728215261801729,0.11734958968058914,0.009932562937428141,11,1.3198719554181182,1.327273113785628,0.19601420402264452,0.5933333,0.991628959124084,0.080907024,0.25,0.8162841796875,0.2263835097143566,0.08909063911783188,0.25390625,0.4626191590266884,0.3735285199088565
single_shape,TwoLayerCNN,2000,random,5,0.1580281866610501,0.13524391221662777,0.022784274444422326,10,1.2964667566836492,1.3135853964488469,0.192516915501465,0.7151977,0.9132188149283208,0.32776612,0.7890625,0.8357340494791666,0.29954042551578325,0.034599524766832035,0.1497395783662796,0.3976398097744296,0.36304028500759755
single_shape,TwoLayerCNN,2000,random,10,0.2002201788033778,0.1767381150647501,0.023482063738627712,11,1.2630149132144073,1.2807664553864724,0.2090415716602117,1.027134,0.7956222757630484,0.6949947,0.9921875,0.82452392578125,0.32027241774045245,0.008929435972323763,0.0755208358168602,0.33539821519628754,0.3264687792239638
single_shape,TwoLayerCNN,2000,random,20,0.22817280705771922,0.1987337761637804,0.029439030893938817,10,1.2395993894220636,1.261982550616695,0.24163121707479324,1.3561132,0.7080151237230662,1.0591699,1.0,0.8090006510416667,0.32095498144218587,0.02861700054963534,0.0807291641831398,0.22497141075808658,0.19635441020845124
single_shape,TwoLayerCNN,2000,random,40,0.23383216837387544,0.2029742088177658,0.03085795955610965,10,1.2349150006214036,1.2584273123066607,0.2527269938771779,1.4530746,0.6868929586311826,1.1649232,1.0,0.803466796875,0.31616657444260066,0.02987101883308621,0.0690104141831398,0.18635947205168468,0.15648845321859847
single_shape,TwoLayerCNN,2000,random,80,0.2375078628660458,0.20583393046009846,0.03167393240594735,10,1.2318127030796182,1.2559748561899955,0.26212530805249923,1.5318258,0.6710006836511453,1.2500031,1.0,0.8012898763020833,0.3124364722661793,0.028682501102806846,0.0598958320915699,0.1568140615467124,0.12813156044390556
single_shape,TwoLayerCNN,2000,random,120,0.23926222115493517,0.20729859548850255,0.03196362566643263,10,1.2303045448956222,1.254696759741272,0.26760971397197375,1.576642,0.6625352020749244,1.2980896,1.0,0.7995198567708333,0.31151136460951123,0.04880539523359943,0.09375,0.16183645944554947,0.11303106421195004
single_shape,TwoLayerCNN,2000,random,160,0.2401347335509209,0.20799822431817352,0.032136509232747384,10,1.2295481170310247,1.2540758698246717,0.2716478045095706,1.6079841,0.6567874342367447,1.3316071,1.0,0.7985636393229166,0.31064730391683365,0.0499689517860334,0.0911458358168602,0.15439284973858225,0.10442389795254885
single_shape,TwoLayerCNN,2000,random,200,0.24070850057968388,0.20846054259993793,0.032247957979745945,10,1.229047326991913,1.2536642415559947,0.2748608351510634,1.6320956,0.6524961635815789,1.3573232,1.0,0.8084920247395834,0.30997578599249176,0.05083420815270126,0.0872395858168602,0.14870399183339278,0.09786978368069152
single_shape,TwoLayerCNN,2000,random_unitnorm,0,0.12645578157543808,0.11984158895636125,0.006614192619076822,10,1.320532403698388,1.3254821987777343,0.19835213487106884,1.0,1.0,0.0,,,,,,,
single_shape,TwoLayerCNN,2000,random_unitnorm,1,0.1246687796336132,0.11680311234811641,0.007865667285496786,10,1.3218415604432492,1.3277528974798911,0.19975025852726752,1.0033463,0.9971292035682133,0.08066053,0.25,0.8466593424479167,0.2159921862886316,0.00813193973424342,0.2604166567325592,0.39110682267464414,0.3829748829404007
single_shape,TwoLayerCNN,2000,random_unitnorm,5,0.14322515605716157,0.13386655204550918,0.009358604011652394,10,1.307292756696442,1.3144204319718598,0.19179088047649287,1.0978092,0.9684159327428347,0.32991806,0.94140625,0.8293660481770833,0.24685297178103754,-0.01953167001186895,0.1315104216337204,0.36370367065005116,0.3832353406619201
single_shape,TwoLayerCNN,2000,random_unitnorm,10,0.1665898820973109,0.1525763665857609,0.014013515511550001,8,1.2884839142845705,1.2990826283954129,0.19452220173718648,1.357285,0.9075707567517365,0.67972267,0.9921875,0.8357950846354166,0.2504522358141084,0.01670810749755558,0.02994791604578495,0.3297940655525501,0.3130859580549945
single_shape,TwoLayerCNN,2000,random_unitnorm,20,0.1779278560181654,0.16074108372446666,0.01718677229369875,8,1.27922738586785,1.2921622554017937,0.21789449024694846,1.617594,0.8539507051117692,0.9923053,1.0,0.8344930013020834,0.24451524446679268,0.006526683761302665,0.0481770820915699,0.19974374504195203,0.19321706128064936
single_shape,TwoLayerCNN,2000,random_unitnorm,40,0.1797600968814406,0.1609943007130885,0.018765796168352084,7,1.2776899506270198,1.2918035689314231,0.22633929089429386,1.7063109,0.838236100891314,1.0949281,1.0,0.8348185221354166,0.24242551568483436,0.003345594835477056,0.046875,0.16090565922295474,0.1575600643874777
single_shape,TwoLayerCNN,2000,random_unitnorm,80,0.18165942589068473,0.16110474259679014,0.020554683293894593,8,1.2762038307628765,1.2917665990354064,0.23166743104756335,1.7813263,0.8253590195528776,1.1809576,1.0,0.8343098958333334,0.2411599624705318,-0.00026914490746643427,0.0403645820915699,0.13028055458250332,0.13054969948996975
single_shape,TwoLayerCNN,2000,random_unitnorm,120,0.18237905242177,0.16161172987078387,0.020767322550986123,8,1.2756466781530487,1.2913224137897883,0.23442186802097958,1.8240601,0.8181141423595022,1.229595,1.0,0.8336181640625,0.2414795782518853,-0.002958509011101701,0.0403645820915699,0.1138994581636873,0.116857967174789
single_shape,TwoLayerCNN,2000,random_unitnorm,160,0.1830625698947832,0.16195804099462918,0.021104528900154018,8,1.275121844256351,1.2910184093696921,0.2361969052184042,1.8538791,0.8130959965124848,1.263433,1.0,0.833251953125,0.24110166720062515,-0.0039343039087784,0.03515625,0.10465972096241316,0.10859402487119156
single_shape,TwoLayerCNN,2000,random_unitnorm,200,0.18359333972717579,0.1621993852563256,0.021393954470850185,8,1.274721030025833,1.2908099618447604,0.23735429631262253,1.8767426,0.8092913317466768,1.2893317,1.0,0.8329264322916666,0.24042671118970427,-0.004384576732614942,0.03515625,0.09822502519941445,0.10260960193202939
single_shape,TwoLayerCNN,2000,template_init,0,1.0,1.0,0.0,16,1.3170890159654386e-09,1.3170890159654386e-09,0.8481368160118523,1.0,1.0,0.0,,,,,,,
single_shape,TwoLayerCNN,2000,template_init,1,0.9970592448763801,0.9970592448763801,0.0,16,0.07646456882120098,0.07646456882120098,0.8504442282241971,1.0026908,0.9970592448763801,0.07856095,0.5390625,0.8439941406250001,0.49974336565041433,0.2035185127919643,0.2994791567325592,0.5170217664889283,0.31350325369696397
single_shape,TwoLayerCNN,2000,template_init,5,0.9575961459232423,0.9575961459232423,0.0,16,0.2901311494093464,0.2901311494093464,0.8015989043513586,1.1060323,0.9575961459232423,0.33236644,0.99609375,0.8468017578125,0.4591887746127826,0.15988371002036672,0.0416666679084301,0.5189889942588433,0.35910528423847654
single_shape,TwoLayerCNN,2000,template_init,10,0.8927837492115596,0.8927837492115596,0.0,16,0.4606543570077547,0.4606543570077547,0.7301419849340587,1.3691574,0.8927837492115596,0.6757551,0.9921875,0.8302205403645833,0.44891667960663795,0.12092689661439676,0.09375,0.4146439214403812,0.29371702482598444
single_shape,TwoLayerCNN,2000,template_init,20,0.8392978556861624,0.8392978556861624,0.0,16,0.563530692343271,0.563530692343271,0.6880252271171485,1.6556451,0.8392978556861624,1.0007508,1.0,0.8298746744791667,0.43276758581056884,0.0749816070135429,0.0546875,0.25715361808983384,0.18217201107629094
single_shape,TwoLayerCNN,2000,template_init,40,0.8215516109720951,0.8215516109720951,0.0,16,0.59391264732342,0.59391264732342,0.6771752411325356,1.7722757,0.8215516109720951,1.1285739,1.0,0.8304850260416666,0.4279107629388608,0.03283440712062666,0.01953125,0.17542164790040216,0.1425872407797755
single_shape,TwoLayerCNN,2000,template_init,80,0.8083124956000285,0.8083124956000285,0.0,16,0.615601476114765,0.615601476114765,0.6688813243873146,1.8642853,0.8083124956000285,1.2290316,1.0,0.8300984700520834,0.4233099609961356,0.005305573659325893,0.02083333395421505,0.11951757488446757,0.11421200122514168
single_shape,TwoLayerCNN,2000,template_init,120,0.8013616388797582,0.8013616388797582,0.0,16,0.6267207726292139,0.6267207726292139,0.6638897188594619,1.914874,0.8013616388797582,1.284005,1.0,0.8300577799479166,0.42178108213477916,-0.0005764534536734645,0.01953125,0.0992200411448051,0.09979649459847856
single_shape,TwoLayerCNN,2000,template_init,160,0.7967047603090105,0.7967047603090105,0.0,16,0.634070216396925,0.634070216396925,0.6603253544044779,1.9498149,0.7967047603090105,1.321934,1.0,0.8298746744791667,0.4210324383228746,-0.0042705275001190535,0.01822916604578495,0.08743138888787116,0.09170191638799022
single_shape,TwoLayerCNN,2000,template_init,200,0.7932372894265634,0.7932372894265634,0.0,16,0.6394890488632298,0.6394890488632298,0.6576088417311704,1.9763746,0.7932372894265634,1.3507354,1.0,0.8297119140625,0.4199653959946989,-0.006065446669259025,0.01822916604578495,0.07951685141485498,0.08558229808411401
single_shape,TwoLayerCNN,2000,template_retention_1,0,1.0,1.0,0.0,16,1.3170890159654386e-09,1.3170890159654386e-09,0.8481368160118523,1.0,1.0,0.0,,,,,,,
single_shape,TwoLayerCNN,2000,template_retention_1,1,0.9975298565482886,0.9975298565482886,0.0,16,0.07002773939721074,0.07002773939721074,0.8510148242017963,1.0024203,0.9975298565482886,0.07200265,0.52734375,0.8450927734375,0.49999213473236137,0.20331424263250436,0.2981770932674408,0.5173050826845389,0.31399084005203454
single_shape,TwoLayerCNN,2000,template_retention_1,5,0.982042543859434,0.982042543859434,0.0,16,0.18718467966578514,0.18718467966578514,0.8325052431192417,1.0794134,0.982042543859434,0.22082299,0.99609375,0.8541870117187501,0.478487069608793,0.1352962213303564,0.05078125,0.4945994265105601,0.3593032051802037
single_shape,TwoLayerCNN,2000,template_retention_1,10,0.9745902196446129,0.9745902196446129,0.0,16,0.22037996184739986,0.22037996184739986,0.8338762951732808,1.1861117,0.9745902196446129,0.32743198,0.9921875,0.83447265625,0.47894966113652987,0.11003120247752907,0.0807291641831398,0.4274574023440477,0.31742619986651865
single_shape,TwoLayerCNN,2000,template_retention_1,20,0.9903808379771151,0.9903808379771151,0.0,16,0.13416704155263162,0.13416704155263162,0.8468040756045612,1.089383,0.9903808379771151,0.1856879,1.0,0.8395792643229166,0.4863628869356978,0.07595170766206533,0.0885416641831398,0.3345654126754972,0.2586137050134319
single_shape,TwoLayerCNN,2000,template_retention_1,40,0.9968869338976895,0.9968869338976895,0.0,16,0.07561601027506448,0.07561601027506448,0.8488090627685676,1.0396845,0.9968869338976895,0.09872943,1.0,0.8447062174479166,0.49083460053574646,0.058064237674350594,0.0716145858168602,0.2661874432555116,0.20812320558116099
single_shape,TwoLayerCNN,2000,template_retention_1,80,0.9993088945748063,0.9993088945748063,0.0,16,0.03539955487621204,0.03539955487621204,0.8484694075261071,1.0158569,0.9993088945748063,0.04575336,1.0,0.849853515625,0.49378407819600684,0.037650507797670985,0.0494791679084301,0.21495851402906108,0.1773080062313901
single_shape,TwoLayerCNN,2000,template_retention_1,120,0.9997550176214014,0.9997550176214014,0.0,16,0.02104390549138606,0.02104390549138606,0.8486631416277058,1.0089332,0.9997550176214014,0.02686656,1.0,0.8528849283854167,0.4939259251611432,0.026929411837628037,0.0442708320915699,0.1912867403758326,0.16435732853820456
single_shape,TwoLayerCNN,2000,template_retention_1,160,0.9998920388134647,0.9998920388134647,0.0,16,0.013974136983396916,0.013974136983396916,0.8485166735517904,1.005565,0.9998920388134647,0.017552176,1.0,0.8536783854166666,0.49514223797333234,0.01925425747220086,0.0390625,0.17676913039987474,0.15751487292767388
single_shape,TwoLayerCNN,2000,template_retention_1,200,0.9999440463251177,0.9999440463251177,0.0,16,0.010002965066850006,0.010002965066850006,0.8485365033332053,1.0038192,0.9999440463251177,0.012185251,1.0,0.8535970052083334,0.4944803457751953,0.011087729250186473,0.0338541679084301,0.16423182344118825,0.15314409419100178
single_shape,TwoLayerCNN,2000,template_release,0,1.0,1.0,0.0,16,1.3170890159654386e-09,1.3170890159654386e-09,0.8481368160118523,1.0,1.0,0.0,,,,,,,
single_shape,TwoLayerCNN,2000,template_release,1,0.9975298565482886,0.9975298565482886,0.0,16,0.07002773939721074,0.07002773939721074,0.8510148242017963,1.0024203,0.9975298565482886,0.07200265,0.52734375,0.8450927734375,0.49999213473236137,0.20331424263250436,0.2981770932674408,0.5173050826845389,0.31399084005203454
single_shape,TwoLayerCNN,2000,template_release,5,0.982042543859434,0.982042543859434,0.0,16,0.18718467966578514,0.18718467966578514,0.8325052431192417,1.0794134,0.982042543859434,0.22082299,0.99609375,0.8541870117187501,0.478487069608793,0.1352962213303564,0.05078125,0.4945994265105601,0.3593032051802037
single_shape,TwoLayerCNN,2000,template_release,10,0.9745902196446129,0.9745902196446129,0.0,16,0.22037996184739986,0.22037996184739986,0.8338762951732808,1.1861117,0.9745902196446129,0.32743198,0.9921875,0.83447265625,0.47894966113652987,0.11003120247752907,0.0807291641831398,0.4274574023440477,0.31742619986651865
single_shape,TwoLayerCNN,2000,template_release,20,0.9889139763088448,0.9889139763088448,0.0,16,0.14420831542597806,0.14420831542597806,0.8462165443357345,1.0986761,0.9889139763088448,0.20103818,1.0,0.8376668294270834,0.48249072578685664,0.07551346220849037,0.0885416641831398,0.33141589904987323,0.25590243684138286
single_shape,TwoLayerCNN,2000,template_release,40,0.9943392808291742,0.9943392808291742,0.0,16,0.10195010065985673,0.10195010065985673,0.8480176458764911,1.0580164,0.9943392808291742,0.13530463,1.0,0.8432413736979166,0.4888968271050826,0.0587922989289566,0.078125,0.26019646250134054,0.20140416357238394
single_shape,TwoLayerCNN,2000,template_release,80,0.988299433400035,0.988299433400035,0.0,16,0.1479261957784308,0.1479261957784308,0.8442992119789319,1.0908127,0.988299433400035,0.19848755,1.0,0.8386230468750001,0.48489243875780175,0.045128189901488924,0.0625,0.18328348623624668,0.13815529633475776
single_shape,TwoLayerCNN,2000,template_release,120,0.9644198637728246,0.9644198637728246,0.0,16,0.26181388448175696,0.26181388448175696,0.8317730897776532,1.2053416,0.9644198637728246,0.3745225,1.0,0.8227945963541666,0.46821485510487504,0.05965268101941644,0.0794270858168602,0.15600260499003749,0.09634992397062105
single_shape,TwoLayerCNN,2000,template_release,160,0.9543787054687751,0.9543787054687751,0.0,16,0.2973458694370442,0.2973458694370442,0.8266438822156285,1.2547712,0.9543787054687751,0.44064337,1.0,0.8158772786458333,0.46302694441735337,0.031180969169760042,0.03515625,0.11663888708364079,0.08545791791388074
single_shape,TwoLayerCNN,2000,template_release,200,0.9477108730453747,0.9477108730453747,0.0,16,0.31879959780124933,0.31879959780124933,0.823342688419739,1.2886658,0.9477108730453747,0.48426455,1.0,0.8162027994791667,0.45712997884367035,0.03079254719749791,0.0377604179084301,0.10978075258894826,0.07898820539145035
single_shape,TwoLayerCNN,2001,random,0,0.1252327734113028,0.11161605812658822,0.013616715284714573,9,1.3217834335056504,1.3318594725377801,0.17884465296850713,0.57537663,1.0,0.0,,,,,,,
single_shape,TwoLayerCNN,2001,random,1,0.1268910820435315,0.10945599936575173,0.017435082677779767,10,1.3206024852382319,1.3335585428604868,0.17120602450205197,0.5818532,0.9919906150188829,0.078632,0.26171875,0.8546142578125,0.24445329357841172,-0.026061079996835268,0.25,0.44448062282282397,0.47054170281965924
single_shape,TwoLayerCNN,2001,random,5,0.15597251018156852,0.13943944551684423,0.01653306466472429,10,1.2979537786253719,1.310573189306859,0.1698211009320909,0.69967973,0.9108750316392471,0.31823996,0.9375,0.8536580403645833,0.2936491679144621,-0.03116503864669118,0.1380208283662796,0.3875302666489836,0.4186953052956748
single_shape,TwoLayerCNN,2001,random,10,0.19132374466259394,0.17595425572381412,0.015369488938779818,9,1.2695848145719903,1.2819382589064272,0.24164706767587354,1.0051422,0.7762690664797526,0.6954843,1.0,0.8471883138020834,0.3276928145092956,-0.04431989610425968,0.0572916679084301,0.28402909423844325,0.32834899034270293
single_shape,TwoLayerCNN,2001,random,20,0.20928520402102122,0.19286802028185043,0.016417183739170782,9,1.2549213900759189,1.2683363975603408,0.2782612724556373,1.2729312,0.700914741072687,0.9918684,1.0,0.8533528645833334,0.32398298596904246,0.013308819180644749,0.0716145858168602,0.19154805095469263,0.17823923177404788
single_shape,TwoLayerCNN,2001,random,40,0.21280415563836574,0.19709960033785523,0.015704555300510514,10,1.2519875679679808,1.2649252977221708,0.2854684564012132,1.3461591,0.68412895149832,1.0712886,1.0,0.85235595703125,0.3267271218898037,0.01918877556164278,0.0677083358168602,0.15677036765813157,0.1375815920964888
single_shape,TwoLayerCNN,2001,random,80,0.2167416830319086,0.20084737441163422,0.015894308620274383,11,1.2487618085884464,1.2619171122592037,0.2944535757220993,1.4097471,0.6701225774674522,1.14032,1.0,0.8494873046875,0.3281908538323684,0.03732133845148243,0.06640625,0.1461163580946433,0.10879501964316086
single_shape,TwoLayerCNN,2001,random,120,0.21894534913568686,0.2026822484960251,0.01626310063966177,11,1.2469696925824407,1.2604471533890749,0.2989284647021052,1.4467961,0.6623165260097049,1.18034,1.0,0.8475341796875,0.32876573734557935,0.039334184648287834,0.0611979179084301,0.13445754971852808,0.09512336507024025
single_shape,TwoLayerCNN,2001,random,160,0.22025180225095653,0.2038206066960277,0.016431195554928835,11,1.2459099714518378,1.2595358342327834,0.3021594297686387,1.473029,0.6569549218912714,1.2085729,1.0,0.84710693359375,0.3291681917534571,0.040428534851468356,0.0598958320915699,0.127029586069912,0.08660105121844364
single_shape,TwoLayerCNN,2001,random,200,0.22117996579358537,0.20463118918453455,0.016548776609050825,11,1.245159288118647,1.258890191647049,0.3047194399452369,1.4933915,0.6528652689840597,1.2304538,1.0,0.8467407226562499,0.32883442176193184,0.041436586005900444,0.05859375,0.12204297312986567,0.08060638712396523
single_shape,TwoLayerCNN,2001,random_unitnorm,0,0.12523277278574946,0.11161605820121306,0.013616714584536393,9,1.321783433998459,1.3318594724903936,0.17884465419565979,1.0,1.0,0.0,,,,,,,
single_shape,TwoLayerCNN,2001,random_unitnorm,1,0.12910657266550518,0.11365108326820474,0.015455489397300445,10,1.3190040286587232,1.3303420341388614,0.1751503505114374,1.0052474,0.9971838189448027,0.08127612,0.44140625,0.8242594401041666,0.27103320268978864,0.06155615977925638,0.2565104067325592,0.46546533805531864,0.40390917827606226
single_shape,TwoLayerCNN,2001,random_unitnorm,5,0.14999142151443895,0.13213818047168224,0.017853241042756707,10,1.302651749385527,1.3160104320334591,0.16192626928689982,1.0990208,0.9642891727228831,0.3460651,0.98046875,0.8358154296875,0.33677101320848946,0.041352851306096394,0.1223958358168602,0.4403126223902055,0.3989597710841091
single_shape,TwoLayerCNN,2001,random_unitnorm,10,0.18179792963977864,0.15848972653972604,0.023308203100052605,10,1.2774287687570343,1.2949435845278732,0.20566709289688703,1.3510427,0.8938714046097325,0.7127048,1.0,0.8386637369791666,0.34370818082915966,0.04743676931778407,0.0703125,0.35172172007829217,0.3042849507605081
single_shape,TwoLayerCNN,2001,random_unitnorm,20,0.1916420832882164,0.16620748115188042,0.025434602136336,10,1.2696641042959,1.2888090304302173,0.23800882780961474,1.5683869,0.8422625499315937,0.97967154,1.0,0.8312784830729167,0.3397035534513594,0.05411819277958482,0.0520833320915699,0.2175322564073886,0.16341406362780378
single_shape,TwoLayerCNN,2001,random_unitnorm,40,0.1927628279674346,0.16744047533798706,0.025322352629447542,10,1.2687824327767165,1.2878478390813979,0.2445035496402958,1.641577,0.8270659859679543,1.0653625,1.0,0.8289388020833334,0.33730703612567164,0.05424207274871194,0.046875,0.17780297544282386,0.12356090269411192
single_shape,TwoLayerCNN,2001,random_unitnorm,80,0.19409979206316844,0.1687522086548723,0.025347583408296126,10,1.2677402554524382,1.2868394131688925,0.2503980483578901,1.7084135,0.813682148608286,1.1429756,1.0,0.8265380859374999,0.3353315650367748,0.04764562249150915,0.0390625,0.1423732753073358,0.09472765281582664
single_shape,TwoLayerCNN,2001,random_unitnorm,120,0.1949819635626508,0.16957119775465246,0.025410765807998337,10,1.267056996671147,1.286332611580724,0.2534735343491287,1.7471511,0.8061467339478761,1.1876588,1.0,0.8255615234375,0.33505051466943747,0.02650836072902904,0.02473958395421505,0.10731695938983488,0.08080859866080584
single_shape,TwoLayerCNN,2001,random_unitnorm,160,0.19556477345782292,0.17028490764071647,0.02527986581710645,10,1.2666099338500474,1.2857927425466742,0.25539394159656664,1.7744284,0.8009452874590817,1.2190007,1.0,0.8247884114583334,0.3340697031457275,0.024822823481560674,0.01822916604578495,0.09695237213207286,0.07212954865051219
single_shape,TwoLayerCNN,2001,random_unitnorm,200,0.19604057047999623,0.17083545563035646,0.025205114849639776,10,1.2662466930705119,1.285375867834812,0.2569052025897489,1.7954974,0.7969669802497437,1.2431188,1.0,0.82427978515625,0.3334475588005491,0.024688247648449485,0.01822916604578495,0.09053129363395462,0.06584304598550514
single_shape,TwoLayerCNN,2001,template_init,0,1.0,1.0,0.0,16,1.3170890159654386e-09,1.3170890159654386e-09,0.8481368160118523,1.0,1.0,0.0,,,,,,,
single_shape,TwoLayerCNN,2001,template_init,1,0.9968833060465865,0.9968833060465865,0.0,16,0.07871414455656492,0.07871414455656492,0.8486657660765533,1.0024921,0.9968833060465865,0.08269079,0.58984375,0.8563944498697917,0.5417564522994263,-0.005261290902375537,0.140625,0.31608554320374616,0.3213468341061217
single_shape,TwoLayerCNN,2001,template_init,5,0.9536824860549173,0.9536824860549173,0.0,16,0.30304780664910536,0.30304780664910536,0.7912537491802194,1.11845,0.9536824860549173,0.35558337,0.99609375,0.8128255208333333,0.5326410823376194,-0.036708317450809824,0.015625,0.3335449526918659,0.37025327014267573
single_shape,TwoLayerCNN,2001,template_init,10,0.8798900448948435,0.8796302038211355,0.00025984107370791154,15,0.48743472111893726,0.4879399125891236,0.7067878453806202,1.3922752,0.8796302038211355,0.71753407,0.99609375,0.8198038736979166,0.5106543933971693,-0.020112079253100545,0.0026041667442768812,0.2792842255910484,0.2993963048441489
single_shape,TwoLayerCNN,2001,template_init,20,0.8254852474036181,0.8246826401140487,0.0008026072895693792,15,0.5870668602472823,0.5883888060793669,0.6630437572476251,1.6650184,0.8246826401140487,1.0341517,0.99609375,0.8166910807291666,0.4818532757521722,0.0035773098955727556,0.0052083334885537624,0.16591056869389542,0.16233325879832267
single_shape,TwoLayerCNN,2001,template_init,40,0.8080579610925993,0.807189062118917,0.0008688989736823638,15,0.6153933246583727,0.6167635513385534,0.6507478281873809,1.7705758,0.807189062118917,1.1513203,1.0,0.80908203125,0.47437715674726855,0.010151382069423245,0.0065104165114462376,0.11933133259876416,0.10917995052934092
single_shape,TwoLayerCNN,2001,template_init,80,0.795101053647765,0.7941448104572573,0.0009562431905076885,15,0.6355320847414596,0.6369943310867615,0.6411175489190786,1.8561921,0.7941448104572573,1.2457588,1.0,0.8128662109375,0.46894465804858754,0.00935262173105994,0.0078125,0.08549787326408342,0.07614525153302348
single_shape,TwoLayerCNN,2001,template_init,120,0.7882422873923376,0.7872401088485642,0.00100217854377338,15,0.6459324657554539,0.6474411978908265,0.6369108918931838,1.9042518,0.7872401088485642,1.2985177,1.0,0.8142293294270833,0.4661002347479142,0.014685597960733057,0.0078125,0.07606419110720497,0.06137859314647191
single_shape,TwoLayerCNN,2001,template_init,160,0.783727079907339,0.7826706267805731,0.0010564531267659438,15,0.6526743386286148,0.6542483184922268,0.6346685515786297,1.9378693,0.7826706267805731,1.3350635,1.0,0.8150736490885417,0.4636488439916624,0.015501373774442231,0.0078125,0.06827415443604179,0.05277278066159956
single_shape,TwoLayerCNN,2001,template_init,200,0.7803302555973686,0.7792306661569148,0.001099589440453741,15,0.6577032374298986,0.6593288396026722,0.6330454758910278,1.9638091,0.7792306661569148,1.3631766,1.0,0.81573486328125,0.4619975380001259,0.016255029008159533,0.0078125,0.06319460013803113,0.0469395711298716
single_shape,TwoLayerCNN,2001,template_retention_1,0,1.0,1.0,0.0,16,1.3170890159654386e-09,1.3170890159654386e-09,0.8481368160118523,1.0,1.0,0.0,,,,,,,
single_shape,TwoLayerCNN,2001,template_retention_1,1,0.9972998534783346,0.9972998534783346,0.0,16,0.07323508852265224,0.07323508852265224,0.8491800443288455,1.0026186,0.9972998534783346,0.076972544,0.59765625,0.8564453125,0.5406478331503823,-0.006943447646261647,0.1432291716337204,0.3149305974222062,0.32187404506846784
single_shape,TwoLayerCNN,2001,template_retention_1,5,0.9780929927580618,0.9780929927580618,0.0,16,0.20793730525265572,0.20793730525265572,0.8239862229815101,1.089568,0.9780929927580618,0.2481776,0.99609375,0.8424886067708333,0.5260447256234845,-0.03717082737878824,0.0078125,0.334086723344448,0.37125755072323624
single_shape,TwoLayerCNN,2001,template_retention_1,10,0.9703313947557874,0.9703313947557874,0.0,16,0.24097597029341017,0.24097597029341017,0.818161496843481,1.1954958,0.9703313947557874,0.35017663,0.99609375,0.83905029296875,0.522413723061672,0.01056605683253209,0.0364583320915699,0.34758093669164103,0.33701487985910894
single_shape,TwoLayerCNN,2001,template_retention_1,20,0.9867580141149906,0.9867580141149906,0.0,16,0.16013480237526612,0.16013480237526612,0.8361588479492544,1.0937783,0.9867580141149906,0.21019343,0.99609375,0.8662516276041666,0.5178397635444202,-0.024985234387622457,0.01171875,0.24949062298193125,0.2744758573695537
single_shape,TwoLayerCNN,2001,template_retention_1,40,0.995495991927511,0.995495991927511,0.0,16,0.09296895271852933,0.09296895271852933,0.8432783799847451,1.0444949,0.995495991927511,0.11631493,0.99609375,0.8741455078125,0.5189403478212489,-0.021095010842520856,0.009114583022892475,0.2006612898209854,0.22175630066350627
single_shape,TwoLayerCNN,2001,template_retention_1,80,0.9989454847219925,0.9989454847219925,0.0,16,0.04467783313027917,0.04467783313027917,0.8464169379346551,1.0183983,0.9989454847219925,0.054699544,0.99609375,0.8734944661458333,0.5249837051922773,-0.0074059992920536555,0.01692708395421505,0.17780925117164958,0.18521525046370324
single_shape,TwoLayerCNN,2001,template_retention_1,120,0.9996266237266165,0.9996266237266165,0.0,16,0.026529439981035453,0.026529439981035453,0.8474768166553497,1.0106063,0.9996266237266165,0.031982016,0.99609375,0.8722941080729166,0.529479868463866,-0.005752636576594861,0.01953125,0.15913256881060833,0.1648852053872032
single_shape,TwoLayerCNN,2001,template_retention_1,160,0.9998342202783774,0.9998342202783774,0.0,16,0.017611308099610402,0.017611308099610402,0.847710913695602,1.0067525,0.9998342202783774,0.02110732,0.99609375,0.8761189778645834,0.5302038563932581,-0.001291449973537362,0.02473958395421505,0.15061601135796987,0.15190746133150723
single_shape,TwoLayerCNN,2001,template_retention_1,200,0.9999163260578058,0.9999163260578058,0.0,16,0.0124777898821925,0.0124777898821925,0.8478502373070104,1.0047662,0.9999163260578058,0.01495878,0.99609375,0.8751424153645834,0.5307450781514533,0.020816811233948712,0.0442708320915699,0.16546419914876265,0.14464738791481394
single_shape,TwoLayerCNN,2001,template_release,0,1.0,1.0,0.0,16,1.3170890159654386e-09,1.3170890159654386e-09,0.8481368160118523,1.0,1.0,0.0,,,,,,,
single_shape,TwoLayerCNN,2001,template_release,1,0.9972998534783346,0.9972998534783346,0.0,16,0.07323508852265224,0.07323508852265224,0.8491800443288455,1.0026186,0.9972998534783346,0.076972544,0.59765625,0.8564453125,0.5406478331503823,-0.006943447646261647,0.1432291716337204,0.3149305974222062,0.32187404506846784
single_shape,TwoLayerCNN,2001,template_release,5,0.9780929927580618,0.9780929927580618,0.0,16,0.20793730525265572,0.20793730525265572,0.8239862229815101,1.089568,0.9780929927580618,0.2481776,0.99609375,0.8424886067708333,0.5260447256234845,-0.03717082737878824,0.0078125,0.334086723344448,0.37125755072323624
single_shape,TwoLayerCNN,2001,template_release,10,0.9703313947557874,0.9703313947557874,0.0,16,0.24097597029341017,0.24097597029341017,0.818161496843481,1.1954958,0.9703313947557874,0.35017663,0.99609375,0.83905029296875,0.522413723061672,0.01056605683253209,0.0364583320915699,0.34758093669164103,0.33701487985910894
single_shape,TwoLayerCNN,2001,template_release,20,0.9849227681200945,0.9849227681200945,0.0,16,0.17097720879134498,0.17097720879134498,0.8341512024860347,1.1037121,0.9849227681200945,0.22638899,0.99609375,0.8648274739583334,0.5175199500184035,-0.025580760371196165,0.010416666977107525,0.24523774953018151,0.2708185099013777
single_shape,TwoLayerCNN,2001,template_release,40,0.9920709473838374,0.9920709473838374,0.0,16,0.12362889527668466,0.12362889527668466,0.8395267841613396,1.0640566,0.9920709473838374,0.15693611,0.99609375,0.8696085611979166,0.5127571409002432,-0.0211312846177861,0.009114583022892475,0.1878361941009079,0.208967478718694
single_shape,TwoLayerCNN,2001,template_release,80,0.9842710185669674,0.9842710185669674,0.0,16,0.17404044240842972,0.17404044240842972,0.8330987899530037,1.1005771,0.9842710185669674,0.22576272,0.99609375,0.8643391927083334,0.49549699865276375,-0.015261079357854423,0.0026041667442768812,0.11039635166981154,0.12565743102766597
single_shape,TwoLayerCNN,2001,template_release,120,0.9534618373091652,0.9534618373091652,0.0,16,0.2998390040301978,0.2998390040301978,0.8068725905167198,1.222609,0.9534618373091652,0.42144784,0.99609375,0.84820556640625,0.46674619815060403,-0.013657582493143888,0.00390625,0.06208937323600194,0.07574695572914583
single_shape,TwoLayerCNN,2001,template_release,160,0.9420309991920478,0.9420309991920478,0.0,16,0.3347308973796558,0.3347308973796558,0.7961986958188129,1.2733802,0.9420309991920478,0.4890951,0.99609375,0.8428548177083334,0.4581801462791208,-0.008417140974177686,0.00390625,0.05585956503504885,0.06427670600922654
single_shape,TwoLayerCNN,2001,template_release,200,0.9344573711442619,0.9344573711442619,0.0,16,0.3560327940115402,0.3560327940115402,0.7889297350457635,1.3082885,0.9344573711442619,0.53415513,0.99609375,0.8398030598958334,0.4533754187941687,-0.007159693872173203,0.00390625,0.05070859994934118,0.057868293821514385
single_shape,TwoLayerCNN,2002,random,0,0.14011260341481868,0.12493093874231598,0.015181664672502704,10,1.3108654500574826,1.3222532936027949,0.20530720240471265,0.57682514,1.0,0.0,,,,,,,
single_shape,TwoLayerCNN,2002,random,1,0.1484310817942282,0.13577318424521156,0.012657897549016639,8,1.304594265554158,1.3142176336507558,0.20799064452290317,0.58282614,0.9929851796249667,0.077954985,0.625,0.8856201171875,0.23257804623795586,-0.0007096345968273798,0.21875,0.41698114001748954,0.4176907746143169
single_shape,TwoLayerCNN,2002,random,5,0.192001279653907,0.16900117034298107,0.023000109310925942,9,1.2704416067887996,1.2879720021566183,0.22394425253099004,0.70571876,0.9211548044187896,0.32037815,0.921875,0.86358642578125,0.23556450515799476,-0.051290794377623794,0.2291666716337204,0.3377444663136634,0.3890352606912872
single_shape,TwoLayerCNN,2002,random,10,0.23252011879891682,0.19787250172287385,0.03464761707604297,8,1.2374665191836267,1.2641071690494519,0.2914030354844387,1.015319,0.80360182838469,0.6891196,1.0,0.8708902994791666,0.23832831095182047,-0.030366886111525826,0.0078125,0.2417436988699806,0.2721105849815064
single_shape,TwoLayerCNN,2002,random,20,0.2536543940059896,0.2155143979062141,0.0381399960997755,8,1.2198334031981866,1.2497031640032927,0.3343033384657158,1.2807,0.7406866441524464,0.9746241,1.0,0.85882568359375,0.24585611852782402,-0.02237902588911056,0.0052083334885537624,0.10786949411073676,0.13024851999984732
single_shape,TwoLayerCNN,2002,random,40,0.2579556485826545,0.21906398404746608,0.03889166453518844,9,1.2161764638533974,1.2467637388320132,0.3431623258723642,1.3624961,0.7244561001952341,1.0620191,1.0,0.8557535807291666,0.2446509868938101,-0.01749826636682729,0.0065104165114462376,0.08167042908202304,0.09916869544885033
single_shape,TwoLayerCNN,2002,random,80,0.26021563825148286,0.22095342375665908,0.03926221449482378,9,1.2142533001450362,1.2451988696639826,0.3524952064164719,1.4352005,0.7107061173508838,1.1395776,1.0,0.8592529296875,0.24260101439814385,0.015122064467606916,0.0338541679084301,0.0935937624093015,0.07847169794169459
single_shape,TwoLayerCNN,2002,random,120,0.2616076964941446,0.22314664153458783,0.03846105495955679,9,1.2130724211433783,1.2433841389040676,0.3576548028638008,1.4769417,0.7029899200859342,1.1841792,1.0,0.8580729166666666,0.2469415673558562,0.017361928959798392,0.0338541679084301,0.08547585137351599,0.0681139224137176
single_shape,TwoLayerCNN,2002,random,160,0.2625215234995434,0.22434358314815298,0.03817794035139041,8,1.2122997832940077,1.2423889819332796,0.3611076033694381,1.506079,0.6978706050601609,1.2151413,1.0,0.8573404947916666,0.24669470943378943,0.019045317905735368,0.03515625,0.08070562161667483,0.06166030371093946
single_shape,TwoLayerCNN,2002,random,200,0.2632114721203559,0.22519894478343105,0.03801252733692484,8,1.2117160921284493,1.2416791793719004,0.3636605551896229,1.5285509,0.6940635498376353,1.2389683,1.0,0.8568115234375,0.24693451089014784,0.02018016102332469,0.03515625,0.07757979271590087,0.057399631692576183
single_shape,TwoLayerCNN,2002,random_unitnorm,0,0.14011260375270423,0.12493093951775658,0.015181664234947656,10,1.3108654498170966,1.3222532930573603,0.20530720155059456,1.0,1.0,0.0,,,,,,,
single_shape,TwoLayerCNN,2002,random_unitnorm,1,0.14490833876946482,0.1300692589429982,0.014839079826466622,9,1.3071966899917702,1.3183010088996912,0.20035616598479689,1.0028052,0.997498319137696,0.07992255,0.6875,0.8966064453124999,0.21019568100365885,-0.05667530289948142,0.1809895783662796,0.3573029093307505,0.4139782122302319
single_shape,TwoLayerCNN,2002,random_unitnorm,5,0.18375492663758816,0.15554295076093214,0.028211975876656026,9,1.2766571218959144,1.2977037085908012,0.2022610340613163,1.0975655,0.968687455126888,0.32855266,0.95703125,0.908447265625,0.20574787146570722,-0.04019044596812704,0.1197916641831398,0.35829279201774633,0.3984832379858734
single_shape,TwoLayerCNN,2002,random_unitnorm,10,0.22256047508409055,0.1820774549288361,0.04048302015525446,9,1.2449561973190468,1.2756342937427259,0.21604962708992081,1.3567417,0.9065699019068199,0.68510014,1.0,0.86474609375,0.21711194429711814,-0.022615227239117575,0.0052083334885537624,0.2751704397826078,0.2977856670217254
single_shape,TwoLayerCNN,2002,random_unitnorm,20,0.23570520389243937,0.19404820451254096,0.04165699937989842,9,1.2336254054408808,1.265074157819741,0.24071628467989134,1.5919468,0.8575931425011951,0.96456814,1.0,0.8587646484375,0.22183389592410985,-0.009953986724519415,0.0026041667442768812,0.13803934020179442,0.14799332692631384
single_shape,TwoLayerCNN,2002,random_unitnorm,40,0.23752533254990707,0.19644010610097087,0.041085226448936196,9,1.2319480357748174,1.264109491270621,0.24789072884993912,1.6703147,0.8431367133570453,1.0539929,1.0,0.8559773763020833,0.22239457373383853,-0.011441298105485206,0.0052083334885537624,0.10108600991586114,0.11252730802134635
single_shape,TwoLayerCNN,2002,random_unitnorm,80,0.23876663239430596,0.19914464283218036,0.03962198956212559,9,1.230788443962881,1.26182708170123,0.2533385270477926,1.74246,0.8301907048904402,1.1362588,1.0,0.8549397786458333,0.22358919009005895,-0.005064590135179861,0.0052083334885537624,0.08270566989966155,0.08777026003484141
single_shape,TwoLayerCNN,2002,random_unitnorm,120,0.2396273868541616,0.20058232259144199,0.039045064262719614,9,1.2300173971427484,1.2606153973642695,0.25707243436231303,1.7845349,0.8227000230772443,1.1841347,1.0,0.8541259765624999,0.2247921873443213,-0.005436916024402688,0.0052083334885537624,0.07007428482522193,0.07551120084962462
single_shape,TwoLayerCNN,2002,random_unitnorm,160,0.24018025695766512,0.20147142693321612,0.038708830024449,8,1.2295178437501482,1.2598603599373694,0.25958788808617983,1.814228,0.8175096179416261,1.2177593,1.0,0.8533121744791667,0.22546863388314398,-0.004874146696570533,0.0052083334885537624,0.06317811481614233,0.06805226151271286
single_shape,TwoLayerCNN,2002,random_unitnorm,200,0.2405288748916462,0.20205346333869156,0.03847541155295464,8,1.229201163924984,1.259362570930787,0.26141831702720986,1.8372803,0.8135434401915633,1.2437718,1.0,0.8525797526041666,0.22627814860020623,-0.004491709326945578,0.0052083334885537624,0.05839205220548971,0.06288376153243529
single_shape,TwoLayerCNN,2002,template_init,0,1.0,1.0,0.0,16,1.3170890159654386e-09,1.3170890159654386e-09,0.8481368160118523,1.0,1.0,0.0,,,,,,,
single_shape,TwoLayerCNN,2002,template_init,1,0.9974807827585794,0.9974807827585794,0.0,16,0.07075632434015139,0.07075632434015139,0.8467760909744866,1.0040277,0.9974807827585794,0.074360535,0.33203125,0.8842569986979166,0.5546201949561107,0.0002625369262111432,0.2486979216337204,0.34853179706489734,0.3482692601386862
single_shape,TwoLayerCNN,2002,template_init,5,0.9611100364199394,0.9611100364199394,0.0,16,0.27821659178230596,0.27821659178230596,0.7938112065400891,1.114146,0.9611100364199394,0.32739347,0.99609375,0.8553873697916667,0.5352901344153678,0.04667712651545819,0.02734375,0.44939029663653074,0.40271317012107255
single_shape,TwoLayerCNN,2002,template_init,10,0.895439151361676,0.895439151361676,0.0,16,0.455977325319947,0.455977325319947,0.7216774514511466,1.3849394,0.895439151361676,0.6877477,1.0,0.8358154296875,0.4917370264120785,0.06814249915596021,0.1119791641831398,0.34426066610097417,0.27611816694501395
single_shape,TwoLayerCNN,2002,template_init,20,0.8547490302387077,0.8547490302387077,0.0,16,0.536669114432222,0.536669114432222,0.6968298729650222,1.6088355,0.8547490302387077,0.949141,1.0,0.8409423828125,0.46172272528053165,0.06795646685198087,0.0950520858168602,0.21364729065770283,0.14569082380572196
single_shape,TwoLayerCNN,2002,template_init,40,0.843062954984356,0.843062954984356,0.0,16,0.5575559160696101,0.5575559160696101,0.6945646930596195,1.6895049,0.843062954984356,1.0388296,1.0,0.84161376953125,0.4524326050907619,0.07107678588456873,0.0911458358168602,0.18360889318621443,0.1125321073016457
single_shape,TwoLayerCNN,2002,template_init,80,0.8327478457223414,0.8327478457223414,0.0,16,0.5753911238878351,0.5753911238878351,0.6928309543315234,1.7629962,0.8327478457223414,1.1199102,1.0,0.84197998046875,0.44372636858609843,0.08469968007763277,0.0794270858168602,0.1748000545037558,0.09010037442612302
single_shape,TwoLayerCNN,2002,template_init,120,0.82692517775859,0.82692517775859,0.0,16,0.585218878166991,0.585218878166991,0.6921142374637661,1.8050642,0.82692517775859,1.1661828,1.0,0.8418375651041666,0.4440993477254286,0.08100202722443496,0.0716145858168602,0.15955318064990343,0.07855115342546846
single_shape,TwoLayerCNN,2002,template_init,160,0.8228751839192716,0.8228751839192716,0.0,16,0.5919485370548399,0.5919485370548399,0.6917028648138834,1.8342385,0.8228751839192716,1.1983764,1.0,0.84136962890625,0.44270904574169423,0.07692911076346205,0.0638020858168602,0.14821858592435144,0.07128947516088939
single_shape,TwoLayerCNN,2002,template_init,200,0.8198176095327825,0.8198176095327825,0.0,16,0.5969692643908728,0.5969692643908728,0.6914118004773584,1.8565133,0.8198176095327825,1.2229465,1.0,0.8411051432291666,0.44192849960708164,0.07307730512625811,0.0572916679084301,0.13899976258778046,0.06592245746152235
single_shape,TwoLayerCNN,2002,template_retention_1,0,1.0,1.0,0.0,16,1.3170890159654386e-09,1.3170890159654386e-09,0.8481368160118523,1.0,1.0,0.0,,,,,,,
single_shape,TwoLayerCNN,2002,template_retention_1,1,0.9977910017741216,0.9977910017741216,0.0,16,0.06624462881299345,0.06624462881299345,0.8469164660854662,1.0039787,0.9977910017741216,0.06964037,0.34375,0.88427734375,0.5559644264000037,-0.0001244872379216333,0.2486979216337204,0.3489961481402041,0.3491206353781257
single_shape,TwoLayerCNN,2002,template_retention_1,5,0.9810456031615334,0.9810456031615334,0.0,16,0.19350028311404477,0.19350028311404477,0.8242554919405092,1.0883788,0.9810456031615334,0.233332,0.99609375,0.8629557291666666,0.545445945701803,0.04076135045532281,0.078125,0.4483433870191649,0.40758203656384207
single_shape,TwoLayerCNN,2002,template_retention_1,10,0.9707912328565415,0.9707912328565415,0.0,16,0.23814002589379307,0.23814002589379307,0.8272256239411498,1.1943717,0.9707912328565415,0.35309353,1.0,0.8490804036458334,0.5349395532618506,0.049432112641497994,0.1119791641831398,0.3815233023145813,0.3320911896730833
single_shape,TwoLayerCNN,2002,template_retention_1,20,0.9905266385163602,0.9905266385163602,0.0,16,0.13342850629002645,0.13342850629002645,0.8447029271171784,1.073902,0.9905266385163602,0.18136652,1.0,0.8563435872395834,0.5580014625176327,0.05426783054275486,0.1510416716337204,0.31972230419738035,0.2654544736546255
single_shape,TwoLayerCNN,2002,template_retention_1,40,0.9968132630400184,0.9968132630400184,0.0,16,0.07676352539266702,0.07676352539266702,0.8466115102139938,1.0354643,0.9968132630400184,0.101225704,1.0,0.8752034505208334,0.5606988702368374,0.054665857904449056,0.1510416716337204,0.2662085770591567,0.21154271915470763
single_shape,TwoLayerCNN,2002,template_retention_1,80,0.9992515597702102,0.9992515597702102,0.0,16,0.03686733522285558,0.03686733522285558,0.8479949375613131,1.0154793,0.9992515597702102,0.04839554,1.0,0.8788655598958334,0.565818444122428,0.07076613802437479,0.1549479216337204,0.2398840700996384,0.16911793207526363
single_shape,TwoLayerCNN,2002,template_retention_1,120,0.9997405429061376,0.9997405429061376,0.0,16,0.021606529485676554,0.021606529485676554,0.8480340739349403,1.0088989,0.9997405429061376,0.028372854,1.0,0.8794962565104166,0.5686549241362944,0.08123908267430702,0.1614583283662796,0.2290373890211641,0.1477983063468571
single_shape,TwoLayerCNN,2002,template_retention_1,160,0.9998867889348112,0.9998867889348112,0.0,16,0.014268568003522586,0.014268568003522586,0.8480108084912605,1.0058216,0.9998867889348112,0.018418722,1.0,0.87969970703125,0.5699353495299241,0.0885058612612662,0.1614583283662796,0.222547896745529,0.1340420354842628
single_shape,TwoLayerCNN,2002,template_retention_1,200,0.9999424062103575,0.9999424062103575,0.0,16,0.010190170163686178,0.010190170163686178,0.848077444409717,1.0039763,0.9999424062103575,0.013001433,1.0,0.87945556640625,0.5707988023695475,0.10903632852032712,0.1770833283662796,0.23129495127753363,0.12225862275720652
single_shape,TwoLayerCNN,2002,template_release,0,1.0,1.0,0.0,16,1.3170890159654386e-09,1.3170890159654386e-09,0.8481368160118523,1.0,1.0,0.0,,,,,,,
single_shape,TwoLayerCNN,2002,template_release,1,0.9977910017741216,0.9977910017741216,0.0,16,0.06624462881299345,0.06624462881299345,0.8469164660854662,1.0039787,0.9977910017741216,0.06964037,0.34375,0.88427734375,0.5559644264000037,-0.0001244872379216333,0.2486979216337204,0.3489961481402041,0.3491206353781257
single_shape,TwoLayerCNN,2002,template_release,5,0.9810456031615334,0.9810456031615334,0.0,16,0.19350028311404477,0.19350028311404477,0.8242554919405092,1.0883788,0.9810456031615334,0.233332,0.99609375,0.8629557291666666,0.545445945701803,0.04076135045532281,0.078125,0.4483433870191649,0.40758203656384207
single_shape,TwoLayerCNN,2002,template_release,10,0.9707912328565415,0.9707912328565415,0.0,16,0.23814002589379307,0.23814002589379307,0.8272256239411498,1.1943717,0.9707912328565415,0.35309353,1.0,0.8490804036458334,0.5349395532618506,0.049432112641497994,0.1119791641831398,0.3815233023145813,0.3320911896730833
single_shape,TwoLayerCNN,2002,template_release,20,0.9892023986369844,0.9892023986369844,0.0,16,0.14269459270252807,0.14269459270252807,0.8439326644019225,1.0816549,0.9892023986369844,0.19502011,1.0,0.8545939127604166,0.5565571300855481,0.05489964824249516,0.1380208283662796,0.3157439236827261,0.2608442754402309
single_shape,TwoLayerCNN,2002,template_release,40,0.9943307932982994,0.9943307932982994,0.0,16,0.10281000451812705,0.10281000451812705,0.8457887669667568,1.0508437,0.9943307932982994,0.13670073,1.0,0.8694254557291666,0.5564053986390709,0.06467499840725549,0.1484375,0.2644160799504657,0.19974108154321019
single_shape,TwoLayerCNN,2002,template_release,80,0.9885500870671361,0.9885500870671361,0.0,16,0.14781877732377888,0.14781877732377888,0.8410333005242947,1.0811579,0.9885500870671361,0.1986645,1.0,0.8628540039062501,0.5363869353176816,0.1000530471965932,0.1510416716337204,0.22453091239254175,0.12447786519594854
single_shape,TwoLayerCNN,2002,template_release,120,0.9660545966244389,0.9660545966244389,0.0,16,0.25656932091061746,0.25656932091061746,0.8259169747276045,1.180974,0.9660545966244389,0.36328155,1.0,0.8456217447916666,0.5018175349787355,0.1022442296171367,0.1354166716337204,0.1872349214752228,0.08499069185808611
single_shape,TwoLayerCNN,2002,template_release,160,0.957239424349089,0.957239424349089,0.0,16,0.2881373121801273,0.2881373121801273,0.8195393561613395,1.2244987,0.957239424349089,0.42180622,1.0,0.8458455403645834,0.49341052530114826,0.12074399558661923,0.14453125,0.19488622110960996,0.07414222552299073
single_shape,TwoLayerCNN,2002,template_release,200,0.9514128560727595,0.9514128560727595,0.0,16,0.3071542274488533,0.3071542274488533,0.8151447518332402,1.2546924,0.9514128560727595,0.46061856,1.0,0.8438720703125,0.49291346850396917,0.12492950773428135,0.1458333283662796,0.19220242777391694,0.06727292003963559
single_shape,TwoLayerCNN,2003,random,0,0.15677529575119303,0.13536517036543533,0.021410125385757706,9,1.2967533220193554,1.312346380873692,0.16334697596418757,0.57698935,1.0,0.0,,,,,,,
single_shape,TwoLayerCNN,2003,random,1,0.16128564204461618,0.1481848877238688,0.013100754320747365,9,1.2928797569573018,1.3024586022176692,0.15778873049630837,0.5825489,0.9907242872056441,0.081390664,0.25,0.8920694986979166,0.3097490129040747,0.09281857708327301,0.25,0.47525401552715196,0.38243543844387895
single_shape,TwoLayerCNN,2003,random,5,0.18788791998054055,0.1770914343972163,0.010796485583324245,10,1.2704191950528423,1.2785839102334042,0.20010880703699668,0.69870937,0.9072534740328768,0.3190232,0.7421875,0.8970540364583334,0.29457948135118367,0.026726263209592593,0.1966145783662796,0.4171654890977755,0.3904392258881829
single_shape,TwoLayerCNN,2003,random,10,0.21805478496235922,0.2011720932269238,0.016882691735435412,7,1.2467125517446525,1.2597443755491975,0.2539935365361091,0.98318285,0.7880402695552651,0.66212344,1.0,0.8964640299479167,0.3026357607772484,0.026593926619319974,0.0716145858168602,0.3612334209138933,0.33463949429457335
single_shape,TwoLayerCNN,2003,random,20,0.22854048776522634,0.20668569898481054,0.0218547887804158,11,1.2385072638609285,1.2553476435148834,0.28796441671361206,1.2880199,0.7085124281173858,0.997484,1.0,0.8870646158854166,0.28359516214307356,0.009681103179470574,0.02213541604578495,0.1828805539227255,0.17319945074325493
single_shape,TwoLayerCNN,2003,random,40,0.22772034866537683,0.20440362233305198,0.023316726332324844,11,1.2391644220388407,1.2571408506524415,0.295611734403033,1.3651775,0.6926827617213589,1.0806302,1.0,0.884765625,0.2766589292699934,0.006079331376439623,0.014322916977107525,0.1413242022320399,0.13524487085560027
single_shape,TwoLayerCNN,2003,random,80,0.22759717237630547,0.20334225832809558,0.024254914048209897,10,1.2392700784774868,1.2579385939816479,0.3030510041412863,1.4274589,0.6803469245717995,1.147628,1.0,0.8832600911458334,0.27456350471921875,0.0020935996381055005,0.013020833022892475,0.1113580799281576,0.1092644802900521
single_shape,TwoLayerCNN,2003,random,120,0.22782446165953457,0.2034958069453054,0.02432865471422918,10,1.2391156032064812,1.2577936322093466,0.30739159797132043,1.4633623,0.6736590566493277,1.1861508,1.0,0.8826090494791667,0.2727867474370632,7.325172937862334e-05,0.01171875,0.09614326355968239,0.09607001183030377
single_shape,TwoLayerCNN,2003,random,160,0.2278852934112835,0.20351267614672028,0.024372617264563218,10,1.2390841560975592,1.2577609713623068,0.31027058106173705,1.488656,0.6690525370403019,1.2132432,1.0,0.8818766276041666,0.2720485815858342,-0.0018308159485385805,0.010416666977107525,0.0871503810779316,0.08898119702647019
single_shape,TwoLayerCNN,2003,random,200,0.22788714658447648,0.20345595055480295,0.02443119602967353,10,1.2390963706343043,1.2577903420518695,0.31246099135951133,1.5082641,0.6655170275804478,1.2342403,1.0,0.88165283203125,0.2707247010989692,-0.0032439758829825027,0.010416666977107525,0.08019837009895092,0.08344234598193342
single_shape,TwoLayerCNN,2003,random_unitnorm,0,0.15677529744207858,0.13536517193638348,0.0214101255056951,9,1.2967533207431094,1.3123463796623303,0.16334698054062902,1.0,1.0,0.0,,,,,,,
single_shape,TwoLayerCNN,2003,random_unitnorm,1,0.15632409814562873,0.13928083165936028,0.017043266486268444,9,1.2969183852365478,1.3093463844804072,0.1620133369269085,1.0025731,0.9972633192880617,0.082807355,0.28125,0.88616943359375,0.289624002987957,0.04840404938044762,0.2434895783662796,0.4322484937036343,0.38384444432318665
single_shape,TwoLayerCNN,2003,random_unitnorm,5,0.17552546326714077,0.16206453702594484,0.013460926241195936,10,1.2811973722495849,1.2910072208073662,0.19641575674059275,1.0863068,0.964011640932896,0.31993085,0.8984375,0.8724568684895833,0.3104392180154809,0.0018712133621913152,0.1158854141831398,0.38919865819952937,0.38732744483733805
single_shape,TwoLayerCNN,2003,random_unitnorm,10,0.20777219484131876,0.1916821043217088,0.016090090519609968,9,1.2557847401345907,1.2679440409913656,0.24971473162042102,1.3157053,0.8967278158532376,0.66283166,1.0,0.8459269205729166,0.3437815000285735,-0.016644447145532815,0.02213541604578495,0.2837879080868744,0.3004323552324072
single_shape,TwoLayerCNN,2003,random_unitnorm,20,0.2242786985881478,0.2075877198565389,0.016690978731608908,10,1.2425599193291244,1.2552608694001066,0.26958515209366835,1.5403025,0.8416185367939294,0.941549,1.0,0.8629760742187501,0.3364588428307618,0.02907221935605711,0.0859375,0.2056965385692343,0.1766243192131772
single_shape,TwoLayerCNN,2003,random_unitnorm,40,0.2297647365783474,0.2114846569645858,0.0182800796137616,10,1.2382177317013383,1.2520002957056677,0.27498928734295147,1.618597,0.825528398061643,1.0333335,1.0,0.864013671875,0.33293161523051046,-0.029997292179487156,0.02213541604578495,0.114739814256264,0.14473710643575116
single_shape,TwoLayerCNN,2003,random_unitnorm,80,0.23327110639905885,0.21514546571906584,0.018125640679993005,10,1.23539434005846,1.2490832555149627,0.27837348640815224,1.6861674,0.8121775314897086,1.1120498,1.0,0.8640950520833334,0.328405271556686,-0.028502578308876245,0.01953125,0.09198748416663516,0.1204900624755114
single_shape,TwoLayerCNN,2003,random_unitnorm,120,0.2348431975143287,0.21701769542664484,0.017825502087683853,10,1.234123314322798,1.2476011183254454,0.2796612844267017,1.7245035,0.804802467661569,1.1564376,1.0,0.8640543619791666,0.32794012860027405,-0.02786684602708657,0.015625,0.08004068213435978,0.10790752816144634
single_shape,TwoLayerCNN,2003,random_unitnorm,160,0.23578485016738124,0.21816760609684016,0.017617244070541077,11,1.2333632002950101,1.2466979207508606,0.2805954992435281,1.7510649,0.7997409857484359,1.1871635,1.0,0.8640747070312499,0.3261101188127848,-0.02842121926527974,0.014322916977107525,0.0722883628563874,0.10070958212166714
single_shape,TwoLayerCNN,2003,random_unitnorm,200,0.23650202522678154,0.21903258265599948,0.017469442570782062,11,1.2327811827593775,1.2460145937370033,0.2812968619845947,1.7714864,0.7959406661030627,1.2106273,1.0,0.8643595377604166,0.3250039221544554,-0.02888642983552779,0.013020833022892475,0.06641790575832107,0.09530433559384886
single_shape,TwoLayerCNN,2003,template_init,0,1.0,1.0,0.0,16,1.3170890159654386e-09,1.3170890159654386e-09,0.8481368160118523,1.0,1.0,0.0,,,,,,,
single_shape,TwoLayerCNN,2003,template_init,1,0.9974053231675641,0.9974053231675641,0.0,16,0.07152066945962271,0.07152066945962271,0.8504290703974073,0.998717,0.9974053231675641,0.07851152,0.35546875,0.87908935546875,0.5556165739587207,0.21469151577351508,0.2486979216337204,0.49067657909607176,0.2759850633225567
single_shape,TwoLayerCNN,2003,template_init,5,0.9588334893523383,0.9588334893523383,0.0,16,0.28522280933513133,0.28522280933513133,0.805241528828517,1.0783831,0.9588334893523383,0.3172043,0.9921875,0.8490397135416666,0.5182748833505217,0.03649897105008326,0.02734375,0.4310585269409901,0.39455955589090685
single_shape,TwoLayerCNN,2003,template_init,10,0.8867315579824986,0.8867315579824986,0.0,16,0.4734879487944695,0.4734879487944695,0.7319536263721794,1.3281062,0.8867315579824986,0.6592669,1.0,0.8509724934895834,0.5169346721930625,0.04288834942395392,0.0416666679084301,0.3800492325510667,0.3371608831271128
single_shape,TwoLayerCNN,2003,template_init,20,0.8382534253401968,0.8382534253401968,0.0,16,0.5663574160531444,0.5663574160531444,0.7012599870919003,1.5767252,0.8382534253401968,0.942727,1.0,0.8597615559895834,0.4988542179219636,-0.00445515813449443,0.01822916604578495,0.2016596180680984,0.20611477620259283
single_shape,TwoLayerCNN,2003,template_init,40,0.8245518470115242,0.8245049559584062,4.6891053117947834e-05,15,0.5901445336703497,0.5902315290607218,0.6950025147892445,1.671613,0.8245049559584062,1.045315,1.0,0.8601277669270834,0.49104793783631207,-0.012421202288599997,0.015625,0.14742790086382362,0.15984910315242362
single_shape,TwoLayerCNN,2003,template_init,80,0.8132121764254896,0.8131037211816052,0.00010845524388436445,15,0.6091014580943583,0.6092940197767988,0.6905109553188291,1.7546835,0.8131037211816052,1.1346813,1.0,0.86151123046875,0.48546620720387085,0.04672075160321912,0.0481770820915699,0.1703225315984246,0.12360177999520547
single_shape,TwoLayerCNN,2003,template_init,120,0.8069713644536856,0.8068511240139286,0.00012024043975700227,15,0.6192533492360105,0.6194622949698446,0.6883685491015011,1.8025453,0.8068511240139286,1.1858091,1.0,0.8623860677083334,0.48125480406167553,0.04992957538840123,0.0377604179084301,0.15440150834178035,0.10447193295337912
single_shape,TwoLayerCNN,2003,template_init,160,0.8027572191871009,0.8026349418412316,0.00012227734586922612,15,0.625997352032786,0.6262069809273327,0.6867444571433035,1.836128,0.8026349418412316,1.2215381,1.0,0.8635660807291666,0.4797616261405422,0.047052713841375965,0.0364583320915699,0.14099445471113892,0.09394174086976295
single_shape,TwoLayerCNN,2003,template_init,200,0.7995473443335044,0.7994163535354293,0.0001309907980751035,15,0.6310780346555588,0.6313003102434991,0.685371670622838,1.8619533,0.7994163535354293,1.2490481,1.0,0.8643391927083334,0.47703032590270694,0.04665416408710617,0.03125,0.1317813530000621,0.08512718891295594
single_shape,TwoLayerCNN,2003,template_retention_1,0,1.0,1.0,0.0,16,1.3170890159654386e-09,1.3170890159654386e-09,0.8481368160118523,1.0,1.0,0.0,,,,,,,
single_shape,TwoLayerCNN,2003,template_retention_1,1,0.9976645823277316,0.9976645823277316,0.0,16,0.06777418329189222,0.06777418329189222,0.8506773566738547,0.9983529,0.9976645823277316,0.074135296,0.3671875,0.879150390625,0.5554216163317538,0.21404302184112772,0.2486979216337204,0.49060240804298383,0.2765593862018561
single_shape,TwoLayerCNN,2003,template_retention_1,5,0.9771049372017618,0.9771049372017618,0.0,16,0.2121706596040546,0.2121706596040546,0.8306466780542439,1.0615643,0.9771049372017618,0.24047735,0.9921875,0.84564208984375,0.5304842824727241,0.04179924422875847,0.0403645820915699,0.4378982576580055,0.396099013429247
single_shape,TwoLayerCNN,2003,template_retention_1,10,0.9638407385442074,0.9638407385442074,0.0,16,0.2666306483580253,0.2666306483580253,0.8242526631352407,1.1825262,0.9638407385442074,0.37005493,1.0,0.8120524088541666,0.5197086797523645,0.006146676405677565,0.015625,0.3759498834931698,0.36980320708749226
single_shape,TwoLayerCNN,2003,template_retention_1,20,0.9879718612675326,0.9879718612675326,0.0,16,0.1529397318467452,0.1529397318467452,0.843002622225838,1.0867122,0.9879718612675326,0.2064003,1.0,0.8631184895833334,0.53842648576614,-0.039567761696744974,0.01953125,0.26909522914082207,0.30866299083756704
single_shape,TwoLayerCNN,2003,template_retention_1,40,0.9958880231618994,0.9958880231618994,0.0,16,0.08901441623844644,0.08901441623844644,0.8462404573876516,1.0411179,0.9958880231618994,0.116102844,1.0,0.87408447265625,0.5488976245725008,-0.010009779110733641,0.0325520820915699,0.2404101187315565,0.25041989784229013
single_shape,TwoLayerCNN,2003,template_retention_1,80,0.9989278944442535,0.9989278944442535,0.0,16,0.045289492984848106,0.045289492984848106,0.8481539509596823,1.018223,0.9989278944442535,0.057180427,1.0,0.876220703125,0.5573861930616736,0.010089550217583121,0.0481770820915699,0.21157277371644378,0.20148322349886066
single_shape,TwoLayerCNN,2003,template_retention_1,120,0.9996054045270273,0.9996054045270273,0.0,16,0.027473276618053797,0.027473276618053797,0.8481400653103364,1.0102532,0.9996054045270273,0.03454738,1.0,0.87945556640625,0.5626176292122314,0.03124583471973319,0.0559895820915699,0.20367689456810156,0.17243105984836837
single_shape,TwoLayerCNN,2003,template_retention_1,160,0.9998215154176305,0.9998215154176305,0.0,16,0.018440654861498453,0.018440654861498453,0.8480754237385124,1.0067874,0.9998215154176305,0.023110725,1.0,0.8806355794270834,0.5655897277651758,0.03758769973785259,0.0572916679084301,0.1946282941159645,0.1570405943781119
single_shape,TwoLayerCNN,2003,template_retention_1,200,0.9999108049813089,0.9999108049813089,0.0,16,0.01301810653303689,0.01301810653303689,0.8481942153793443,1.0047781,0.9999108049813089,0.016191088,1.0,0.8813069661458334,0.5667514046811665,0.04106232293252102,0.0572916679084301,0.18522384992598773,0.1441615269934667
single_shape,TwoLayerCNN,2003,template_release,0,1.0,1.0,0.0,16,1.3170890159654386e-09,1.3170890159654386e-09,0.8481368160118523,1.0,1.0,0.0,,,,,,,
single_shape,TwoLayerCNN,2003,template_release,1,0.9976645823277316,0.9976645823277316,0.0,16,0.06777418329189222,0.06777418329189222,0.8506773566738547,0.9983529,0.9976645823277316,0.074135296,0.3671875,0.879150390625,0.5554216163317538,0.21404302184112772,0.2486979216337204,0.49060240804298383,0.2765593862018561
single_shape,TwoLayerCNN,2003,template_release,5,0.9771049372017618,0.9771049372017618,0.0,16,0.2121706596040546,0.2121706596040546,0.8306466780542439,1.0615643,0.9771049372017618,0.24047735,0.9921875,0.84564208984375,0.5304842824727241,0.04179924422875847,0.0403645820915699,0.4378982576580055,0.396099013429247
single_shape,TwoLayerCNN,2003,template_release,10,0.9638407385442074,0.9638407385442074,0.0,16,0.2666306483580253,0.2666306483580253,0.8242526631352407,1.1825262,0.9638407385442074,0.37005493,1.0,0.8120524088541666,0.5197086797523645,0.006146676405677565,0.015625,0.3759498834931698,0.36980320708749226
single_shape,TwoLayerCNN,2003,template_release,20,0.9863823223425814,0.9863823223425814,0.0,16,0.16282073944993047,0.16282073944993047,0.8421750971966888,1.0954347,0.9863823223425814,0.22130693,1.0,0.8611857096354166,0.5362410925766313,-0.03972593281548786,0.02083333395421505,0.2651197162113035,0.30484564902679134
single_shape,TwoLayerCNN,2003,template_release,40,0.9928824234738443,0.9928824234738443,0.0,16,0.11723138051421378,0.11723138051421378,0.8443558442674588,1.0585332,0.9928824234738443,0.1545445,1.0,0.8704427083333333,0.5434936013262344,-0.035315398518712515,0.02604166604578495,0.20451164554377466,0.23982704406248717
single_shape,TwoLayerCNN,2003,template_release,80,0.9855199969500291,0.9855199969500291,0.0,16,0.16791619112010497,0.16791619112010497,0.8394217572109375,1.092561,0.9855199969500291,0.22141513,1.0,0.86297607421875,0.5399121414393422,0.0008568503829997631,0.02213541604578495,0.1527302068477342,0.15187335646473443
single_shape,TwoLayerCNN,2003,template_release,120,0.9576055577224838,0.9576055577224838,0.0,16,0.2884120862065846,0.2884120862065846,0.8218093074683703,1.2005236,0.9576055577224838,0.40181208,1.0,0.8448893229166666,0.5171854554681743,0.07154242418830727,0.05078125,0.17123354837516358,0.09969112418685631
single_shape,TwoLayerCNN,2003,template_release,160,0.9462919166383861,0.9462919166383861,0.0,16,0.3248660594837773,0.3248660594837773,0.8154027204792513,1.2463639,0.9462919166383861,0.46662644,1.0,0.8511555989583334,0.5128286713757787,0.0688644630239152,0.0520833320915699,0.15685193028151956,0.08798746725760435
single_shape,TwoLayerCNN,2003,template_release,200,0.938808383425353,0.938808383425353,0.0,16,0.34692750343869294,0.34692750343869294,0.8112254592048911,1.2779144,0.938808383425353,0.50929695,1.0,0.8505045572916666,0.5093649888090956,0.06809396327623163,0.0533854179084301,0.148273521655494,0.08017955837926238
single_shape,TwoLayerCNN,2004,random,0,0.15147826456057178,0.11343890525756524,0.038039359303006545,6,1.301846659845459,1.3304084501282452,0.18733762898661,0.5689577,1.0,0.0,,,,,,,
single_shape,TwoLayerCNN,2004,random,1,0.1601822790340893,0.12501877158410196,0.035163507449987336,5,1.2949127120735944,1.321114973785508,0.19970502038004054,0.57613784,0.9918804282642795,0.077800654,0.453125,0.8757731119791666,0.2554638672334937,0.018715902766080372,0.2369791716337204,0.4437126317912331,0.42499672902515273
single_shape,TwoLayerCNN,2004,random,5,0.18929641690132556,0.15262489822729947,0.0366715186740261,8,1.271963754109056,1.2999415277190305,0.23813955838217565,0.69184613,0.9058294117803365,0.31517616,0.734375,0.8798624674479166,0.28304203118806914,0.03596641811549817,0.1770833283662796,0.4246191924619427,0.3886527743464445
single_shape,TwoLayerCNN,2004,random,10,0.22635198176722165,0.18992487152830684,0.03642711023891482,8,1.2414019534278786,1.268780345431852,0.2918599682214964,0.98148715,0.7836164997144681,0.6657846,1.0,0.8435465494791666,0.35394884426904827,0.06311264614400003,0.0716145858168602,0.357859515473508,0.294746869329508
single_shape,TwoLayerCNN,2004,random,20,0.24153886899472013,0.20964702937509644,0.03189183961962369,9,1.2283376932663508,1.252592429832277,0.29507634709275365,1.2907482,0.7014233917681063,1.0060489,1.0,0.8222452799479166,0.3656792570124966,0.06890987442593502,0.06640625,0.21333686143585917,0.14442698700992415
single_shape,TwoLayerCNN,2004,random,40,0.24525759710270806,0.21584497928825386,0.0294126178144542,9,1.2249819625905904,1.2474430547444406,0.2913581880251832,1.3842571,0.6807294470129513,1.1073853,1.0,0.8204345703125,0.36674231962757103,0.061074696302011566,0.0572916679084301,0.17083131806334473,0.10975662176133316
single_shape,TwoLayerCNN,2004,random,80,0.24792336120850422,0.219931868709426,0.02799149249907823,9,1.2226176184921558,1.2440823664994918,0.2901022147983984,1.4607806,0.6651976222190077,1.1897091,1.0,0.8189697265625,0.3656522037561616,0.05855822649376975,0.0442708320915699,0.1451120989246154,0.08655387243084565
single_shape,TwoLayerCNN,2004,random,120,0.24906585193590836,0.2219568386074127,0.027109013328495662,9,1.2215783251732102,1.2423893751696369,0.289797969853723,1.5043437,0.6567754735913094,1.236424,1.0,0.81744384765625,0.3640561937968915,0.0534246787576811,0.0364583320915699,0.12916342948897963,0.07573875073129853
single_shape,TwoLayerCNN,2004,random,160,0.24980261605768952,0.22313264050935885,0.02666997554833067,10,1.2209042589276726,1.2413956468196694,0.2898830207652744,1.5344622,0.6511164319539303,1.2686532,1.0,0.8162841796875001,0.36350364310992167,0.05010179164103369,0.0325520820915699,0.1191219656345408,0.06902017399350711
single_shape,TwoLayerCNN,2004,random,200,0.25032822977846353,0.2239738424132594,0.026354387365204124,10,1.2204236779375932,1.2406822323857503,0.29012799432302594,1.5575097,0.6469558927018035,1.2932339,1.0,0.8155110677083334,0.3635577127704901,0.04304675087515866,0.02864583395421505,0.10759381504954146,0.0645470641743828
single_shape,TwoLayerCNN,2004,random_unitnorm,0,0.1514782640967589,0.11343890528644135,0.03803935881031756,6,1.3018466602342844,1.3304084500978721,0.1873376281111292,1.0,1.0,0.0,,,,,,,
single_shape,TwoLayerCNN,2004,random_unitnorm,1,0.15551535217215798,0.1144838290793643,0.041031523092793676,4,1.2987968137264454,1.3296712691504795,0.194309660703469,1.0073426,0.9973305851384258,0.07925131,0.44921875,0.8639729817708333,0.2631154540287469,0.05121126002722293,0.2721354067325592,0.48391080694529853,0.4326995469180756
single_shape,TwoLayerCNN,2004,random_unitnorm,5,0.1797048333064232,0.1312157343738354,0.04848909893258779,5,1.2798557277444114,1.3164170387087348,0.20454340969413543,1.1034212,0.9660457833351449,0.33161134,0.87890625,0.8625284830729166,0.3282959211179923,0.028643640300467788,0.14453125,0.4097666894730817,0.3811230491726139
single_shape,TwoLayerCNN,2004,random_unitnorm,10,0.20952088141136463,0.15989469062837863,0.049626190782985996,5,1.2560657507589483,1.2941151293268436,0.2298163498549994,1.3426095,0.904703410885846,0.6729034,0.99609375,0.855712890625,0.38189031116659256,0.06027585010780856,0.0559895820915699,0.34603231191645023,0.28575646180864167
single_shape,TwoLayerCNN,2004,random_unitnorm,20,0.22067757599558402,0.17262213569479065,0.04805544030079337,6,1.2469025290964484,1.2841682207516036,0.24853105157208594,1.5968786,0.8490529279784904,0.9811244,1.0,0.8348999023437501,0.3900759749517918,0.0327281407851473,0.0455729179084301,0.18830531801306727,0.15557717722791997
single_shape,TwoLayerCNN,2004,random_unitnorm,40,0.22547063309060594,0.17778172568982062,0.047688907400785324,7,1.2429162889533194,1.2801415639186469,0.2517246212895791,1.6903263,0.8300919786201655,1.0903087,1.0,0.8333333333333334,0.38953360440290347,0.026699358391205172,0.0377604179084301,0.14457563488199265,0.11787627649078748
single_shape,TwoLayerCNN,2004,random_unitnorm,80,0.22863618657954948,0.18168407151050925,0.046952115069040234,6,1.240255716812313,1.2767616148344718,0.25374793247825606,1.76926,0.8151262769596279,1.1815412,1.0,0.8317057291666666,0.3888978587941294,0.010108513436191888,0.0338541679084301,0.10395017715910315,0.09384166372291126
single_shape,TwoLayerCNN,2004,random_unitnorm,120,0.23033809133839,0.1838706337443517,0.04646745759403831,6,1.2388259063121052,1.275013724985666,0.2546975796162587,1.8145196,0.8070088639625121,1.2331244,1.0,0.8322143554687499,0.38861420373768607,0.00944340883585705,0.0325520820915699,0.09156252911903151,0.08211912028317446
single_shape,TwoLayerCNN,2004,random_unitnorm,160,0.23143466318846062,0.18534967070114644,0.04608499248731418,6,1.237908296957292,1.2738358940397476,0.25535287799969597,1.8464051,0.8014907425753154,1.2691437,1.0,0.8304036458333334,0.38915703159113973,0.009627228562504697,0.0325520820915699,0.083847962917878,0.0742207343553733
single_shape,TwoLayerCNN,2004,random_unitnorm,200,0.23218612350975762,0.18645760392368277,0.04572851958607485,6,1.2372738138531532,1.2729509311455405,0.256021789075603,1.8710587,0.7973142774500396,1.2969368,1.0,0.82501220703125,0.3895885100417431,0.009636899061360671,0.0338541679084301,0.07889790106230277,0.0692610020009421
single_shape,TwoLayerCNN,2004,template_init,0,1.0,1.0,0.0,16,1.3170890159654386e-09,1.3170890159654386e-09,0.8481368160118523,1.0,1.0,0.0,,,,,,,
single_shape,TwoLayerCNN,2004,template_init,1,0.997240948694314,0.997240948694314,0.0,16,0.07417525139029023,0.07417525139029023,0.8495415012045013,1.0035368,0.997240948694314,0.07870065,0.59765625,0.8642781575520834,0.5922497890672201,0.15179031654102965,0.2252604216337204,0.5304561581847541,0.37866584164372447
single_shape,TwoLayerCNN,2004,template_init,5,0.9607468190793366,0.9607468190793366,0.0,16,0.2782818352586588,0.2782818352586588,0.810134312490344,1.1116157,0.9607468190793366,0.33856708,0.87109375,0.8305460611979167,0.5656621719802252,0.12328645963042584,0.1432291716337204,0.5337597204787834,0.41047326084835756
single_shape,TwoLayerCNN,2004,template_init,10,0.9088364011074165,0.9088364011074165,0.0,16,0.42319151984218406,0.42319151984218406,0.7705734529733871,1.3598783,0.9088364011074165,0.6514164,1.0,0.8314819335937501,0.5469445968551709,0.05457002810049982,0.0403645820915699,0.341470166192824,0.2869001380923242
single_shape,TwoLayerCNN,2004,template_init,20,0.863017887297485,0.863017887297485,0.0,16,0.5192712770092771,0.5192712770092771,0.7395612239542086,1.6352923,0.863017887297485,0.9602826,1.0,0.8333943684895833,0.5079118644153046,0.05414706694610935,0.0234375,0.20671834731991412,0.15257128037380477
single_shape,TwoLayerCNN,2004,template_init,40,0.8453678928348101,0.8453678928348101,0.0,16,0.5518644399329022,0.5518644399329022,0.7257983461460837,1.7498482,0.8453678928348101,1.0865532,1.0,0.8340657552083334,0.4958153035455692,0.017402141338798416,0.009114583022892475,0.12077881463609486,0.10337667329729644
single_shape,TwoLayerCNN,2004,template_init,80,0.8315659794862234,0.8315659794862234,0.0,16,0.5761088794653961,0.5761088794653961,0.7140568087392294,1.8376837,0.8315659794862234,1.1852851,1.0,0.8336588541666666,0.4885387029546753,0.01643763685099088,0.0065104165114462376,0.09508898394074405,0.07865134708975317
single_shape,TwoLayerCNN,2004,template_init,120,0.8241732552449688,0.8241732552449688,0.0,16,0.5887229409030854,0.5887229409030854,0.7077203713440611,1.8859622,0.8241732552449688,1.239505,1.0,0.8327636718750001,0.4873712497341423,0.014736379760257629,0.0065104165114462376,0.08347994160081895,0.06874356184056132
single_shape,TwoLayerCNN,2004,template_init,160,0.8192277648787756,0.8192277648787756,0.0,16,0.5970115542581458,0.5970115542581458,0.7033095057719603,1.9191327,0.8192277648787756,1.2765646,1.0,0.8337809244791667,0.4860502311870637,0.013605192076950129,0.0065104165114462376,0.07698511814740816,0.06337992607045803
single_shape,TwoLayerCNN,2004,template_init,200,0.8155797810298127,0.8155797810298127,0.0,16,0.6030509102071813,0.6030509102071813,0.7001154883984533,1.9443855,0.8155797810298127,1.304607,1.0,0.83392333984375,0.4846077475679724,0.02478752341366086,0.0065104165114462376,0.08478250426917566,0.0599949808555148
single_shape,TwoLayerCNN,2004,template_retention_1,0,1.0,1.0,0.0,16,1.3170890159654386e-09,1.3170890159654386e-09,0.8481368160118523,1.0,1.0,0.0,,,,,,,
single_shape,TwoLayerCNN,2004,template_retention_1,1,0.9975944259197047,0.9975944259197047,0.0,16,0.0692193810912361,0.0692193810912361,0.849573144543564,1.0034225,0.9975944259197047,0.07342992,0.60546875,0.86474609375,0.5915422646166499,0.1528792262514171,0.2239583283662796,0.531331765693583,0.3784525394421659
single_shape,TwoLayerCNN,2004,template_retention_1,5,0.9799688194238345,0.9799688194238345,0.0,16,0.19775204470709185,0.19775204470709185,0.8347062317074636,1.0900095,0.9799688194238345,0.2467655,0.859375,0.8451741536458334,0.5776638775287632,0.10111836015820941,0.1263020783662796,0.5181149613025937,0.4169966011443843
single_shape,TwoLayerCNN,2004,template_retention_1,10,0.9764546604126509,0.9764546604126509,0.0,16,0.2135419155922075,0.2135419155922075,0.8346743310380904,1.1749337,0.9764546604126509,0.32426634,1.0,0.8384806315104167,0.5877494330223155,0.09904796371425578,0.06640625,0.43031314002102883,0.33126517630677305
single_shape,TwoLayerCNN,2004,template_retention_1,20,0.9895955313234577,0.9895955313234577,0.0,16,0.14101585605069267,0.14101585605069267,0.8435845978572764,1.0821102,0.9895955313234577,0.1971073,1.0,0.8575846354166667,0.5888563299187761,0.034143382893746466,0.0078125,0.2960969183926304,0.26195353549888395
single_shape,TwoLayerCNN,2004,template_retention_1,40,0.9965885476082015,0.9965885476082015,0.0,16,0.07991549466558281,0.07991549466558281,0.8469191363947302,1.0378954,0.9965885476082015,0.11010319,1.0,0.8687947591145833,0.5934300629668814,-0.01197376164443753,0.0078125,0.1926738688140347,0.20464763045847223
single_shape,TwoLayerCNN,2004,template_retention_1,80,0.9990680640971705,0.9990680640971705,0.0,16,0.041293117407756624,0.041293117407756624,0.8483329942287434,1.016675,0.9990680640971705,0.05512921,1.0,0.87237548828125,0.5964307817325583,0.0033427953195975246,0.01692708395421505,0.16766897199190922,0.1643261766723117
single_shape,TwoLayerCNN,2004,template_retention_1,120,0.9996753812114645,0.9996753812114645,0.0,16,0.02414516750307518,0.02414516750307518,0.8484046977030415,1.0094239,0.9996753812114645,0.03159439,1.0,0.8728230794270833,0.5970020241729117,0.014677801158977183,0.01953125,0.15906505250640635,0.14438725134742916
single_shape,TwoLayerCNN,2004,template_retention_1,160,0.9998558262286656,0.9998558262286656,0.0,16,0.016173032640853513,0.016173032640853513,0.8482124536065291,1.0061909,0.9998558262286656,0.021498863,1.0,0.8722127278645833,0.5979403616921974,0.02073621208439269,0.02083333395421505,0.15058874266773092,0.12985253058333823
single_shape,TwoLayerCNN,2004,template_retention_1,200,0.9999307177425439,0.9999307177425439,0.0,16,0.01115070554809609,0.01115070554809609,0.8483058569302936,1.0041966,0.9999307177425439,0.014827583,1.0,0.8711954752604167,0.5978242586605994,0.02401365455027739,0.02083333395421505,0.1438249370264001,0.1198112824761227
single_shape,TwoLayerCNN,2004,template_release,0,1.0,1.0,0.0,16,1.3170890159654386e-09,1.3170890159654386e-09,0.8481368160118523,1.0,1.0,0.0,,,,,,,
single_shape,TwoLayerCNN,2004,template_release,1,0.9975944259197047,0.9975944259197047,0.0,16,0.0692193810912361,0.0692193810912361,0.849573144543564,1.0034225,0.9975944259197047,0.07342992,0.60546875,0.86474609375,0.5915422646166499,0.1528792262514171,0.2239583283662796,0.531331765693583,0.3784525394421659
single_shape,TwoLayerCNN,2004,template_release,5,0.9799688194238345,0.9799688194238345,0.0,16,0.19775204470709185,0.19775204470709185,0.8347062317074636,1.0900095,0.9799688194238345,0.2467655,0.859375,0.8451741536458334,0.5776638775287632,0.10111836015820941,0.1263020783662796,0.5181149613025937,0.4169966011443843
single_shape,TwoLayerCNN,2004,template_release,10,0.9764546604126509,0.9764546604126509,0.0,16,0.2135419155922075,0.2135419155922075,0.8346743310380904,1.1749337,0.9764546604126509,0.32426634,1.0,0.8384806315104167,0.5877494330223155,0.09904796371425578,0.06640625,0.43031314002102883,0.33126517630677305
single_shape,TwoLayerCNN,2004,template_release,20,0.9880323396567122,0.9880323396567122,0.0,16,0.15130034716795177,0.15130034716795177,0.8424007281022499,1.0912625,0.9880323396567122,0.21231769,1.0,0.8563842773437501,0.5871837575613877,0.03965336627052135,0.0065104165114462376,0.29748043576758376,0.2578270694970624
single_shape,TwoLayerCNN,2004,template_release,40,0.993963872000914,0.993963872000914,0.0,16,0.10665930170227488,0.10665930170227488,0.8459670700468669,1.0551637,0.993963872000914,0.14710006,1.0,0.8651326497395833,0.589623692147817,0.004053710072766781,0.0052083334885537624,0.19916074881636037,0.19510703874359359
single_shape,TwoLayerCNN,2004,template_release,80,0.9877338121661787,0.9877338121661787,0.0,16,0.1521607125786478,0.1521607125786478,0.8408987240532455,1.090455,0.9877338121661787,0.21280876,1.0,0.8575642903645833,0.5751704259356759,0.0022913462227036607,0.0065104165114462376,0.12650530896311774,0.12421396274041407
single_shape,TwoLayerCNN,2004,template_release,120,0.9634821468813264,0.9634821468813264,0.0,16,0.2655114112336776,0.2655114112336776,0.8240896959583328,1.2086618,0.9634821468813264,0.39074358,1.0,0.84588623046875,0.5393589900344831,0.08114306585921449,0.0377604179084301,0.1669215836740987,0.08577851781488421
single_shape,TwoLayerCNN,2004,template_release,160,0.9537361092195821,0.9537361092195821,0.0,16,0.2994245899964149,0.2994245899964149,0.817910932591307,1.2597101,0.9537361092195821,0.456133,1.0,0.841796875,0.5321505417605825,0.06902264052966171,0.0390625,0.14390625027352477,0.07488360974386306
single_shape,TwoLayerCNN,2004,template_release,200,0.9472067837762836,0.9472067837762836,0.0,16,0.32011093465412516,0.32011093465412516,0.8138083203957311,1.2948313,0.9472067837762836,0.49996275,1.0,0.83905029296875,0.5271232629428646,0.06749780381873052,0.0390625,0.13636185749368712,0.0688640536749566
single_shape,TwoLayerCNN,2005,random,0,0.1360020359735701,0.12119234226552572,0.014809693708044386,9,1.3138898528538854,1.3249656620093375,0.1729446048364734,0.5780508,1.0,0.0,,,,,,,
single_shape,TwoLayerCNN,2005,random,1,0.13519352068035556,0.124436288188438,0.010757232491917568,9,1.3140345187599916,1.3219352813035334,0.18119607938163687,0.5822673,0.9930466950111275,0.07850774,0.43359375,0.8407185872395834,0.19156268645366695,0.11899909770573569,0.2604166567325592,0.4983753656771124,0.3793762679713767
single_shape,TwoLayerCNN,2005,random,5,0.16872270085936586,0.14891183396774485,0.01981086689162101,11,1.2863345617617636,1.3011903109228904,0.21199749781110067,0.6901369,0.9184647316485437,0.30101904,0.75390625,0.85382080078125,0.1886750262049783,0.03638839544451078,0.2057291716337204,0.40685941623002053,0.37047102078550975
single_shape,TwoLayerCNN,2005,random,10,0.2188000391617892,0.18875436951283603,0.030045669648953166,8,1.2466044246900392,1.2707368230311338,0.24977305732571276,0.9865694,0.7873954967647911,0.6772063,0.99609375,0.8339640299479167,0.22111211174693826,0.05788533042285815,0.1145833358168602,0.3553456073539497,0.29746027693109156
single_shape,TwoLayerCNN,2005,random,20,0.25200686845460574,0.2166703538935562,0.035336514561049526,7,1.2196947232525106,1.2488068358790547,0.28661046056530687,1.2983341,0.6913644070915945,1.0306299,1.0,0.8334350585937499,0.22563170250495404,0.026353238052643446,0.03125,0.172236438109303,0.14588320005665956
single_shape,TwoLayerCNN,2005,random,40,0.2574338608286714,0.21994473608323872,0.0374891247454327,6,1.215054503742754,1.2458749438481793,0.2990869566752362,1.3882453,0.6714674197921068,1.1282301,1.0,0.82635498046875,0.2182637637411743,0.0210882562305047,0.02734375,0.13219653780543517,0.11110828157493047
single_shape,TwoLayerCNN,2005,random,80,0.2595348101225944,0.22139078854634248,0.03814402157625191,7,1.2132461079461225,1.2445759236171032,0.30667859392587143,1.46381,0.6556703748760082,1.21021,1.0,0.8229166666666666,0.2206823293449217,-0.0021558268797004093,0.014322916977107525,0.08366623855438626,0.08582206543408667
single_shape,TwoLayerCNN,2005,random,120,0.26053761587097524,0.2219188689370999,0.03861874693387535,7,1.2123843529752212,1.2440941978032678,0.3105129988881348,1.5074769,0.6468811200560389,1.2573729,1.0,0.8208414713541667,0.22242295639150567,-0.005338488334662772,0.01171875,0.06972098309840247,0.07505947143306524
single_shape,TwoLayerCNN,2005,random,160,0.2612271222911758,0.2222447022686287,0.03898242002254709,7,1.2117875717636224,1.2437938128654564,0.31314499810686114,1.5381658,0.6409190533250873,1.2904047,1.0,0.81982421875,0.22333982747062783,-0.007257826540767134,0.009114583022892475,0.060664496836649096,0.06792232337741623
single_shape,TwoLayerCNN,2005,random,200,0.2617186806953906,0.2223946247581951,0.03932405593719551,7,1.2113622368601362,1.243644701811272,0.3150435376972735,1.561862,0.6364231961056245,1.3158638,1.0,0.819580078125,0.22437240181107124,-0.00855717161067715,0.0078125,0.054452761811994876,0.06300993342267203
single_shape,TwoLayerCNN,2005,random_unitnorm,0,0.1360020357066717,0.1211923428015454,0.014809692905126293,9,1.3138898530614709,1.3249656616188854,0.17294460353511376,1.0,1.0,0.0,,,,,,,
single_shape,TwoLayerCNN,2005,random_unitnorm,1,0.14036123984299226,0.13119849043337478,0.009162749409617477,11,1.3102774785620532,1.3171640169293248,0.17214293279403947,1.0033774,0.9977924542090486,0.07713163,0.48046875,0.83660888671875,0.21268499521070738,0.10514870454523195,0.1640625,0.49705501832668453,0.3919063137814526
single_shape,TwoLayerCNN,2005,random_unitnorm,5,0.1685179397083728,0.16086962547332703,0.007648314235045778,14,1.287026545199366,1.2929724566057448,0.1844724432053124,1.0891731,0.9656529432699823,0.32491952,0.90234375,0.86309814453125,0.23810256629784773,0.04377138021265903,0.1536458283662796,0.42578680146861836,0.38201542125595933
single_shape,TwoLayerCNN,2005,random_unitnorm,10,0.1977502592097994,0.17618607578698972,0.02156418342280969,11,1.2634127325085382,1.2800881956556571,0.22594614752065872,1.3342767,0.8983008075792638,0.68532014,0.9921875,0.8351033528645834,0.26471756811024116,0.021033168523531653,0.02473958395421505,0.3144719972068456,0.29343882868331395
single_shape,TwoLayerCNN,2005,random_unitnorm,20,0.21753037086135987,0.18749643198787766,0.030033938873482213,10,1.2474961882543008,1.2710810346801638,0.24942777950173467,1.592482,0.841757480271569,0.9972795,1.0,0.8228352864583333,0.28064084794844213,0.004110441531048892,0.0325520820915699,0.1800883291721591,0.17597788764111022
single_shape,TwoLayerCNN,2005,random_unitnorm,40,0.2243140657949531,0.1906327675384261,0.03368129825652702,10,1.2419447278880467,1.2682991682217655,0.2563855155694095,1.6873853,0.823594382044752,1.1071298,1.0,0.8196818033854166,0.28083575386515686,-0.00668041081323742,0.01822916604578495,0.11852081213925791,0.12520122295249533
single_shape,TwoLayerCNN,2005,random_unitnorm,80,0.2294413986747512,0.19323760021243208,0.03620379846231911,10,1.2377207714243328,1.2659886808311147,0.26160655744696354,1.7672621,0.808833804945065,1.1989048,1.0,0.8162231445312501,0.2794821136782109,0.0059765718288462555,0.02473958395421505,0.09594927144394116,0.08997269961509491
single_shape,TwoLayerCNN,2005,random_unitnorm,120,0.23203890766611546,0.19458006305033942,0.03745884461577603,10,1.235553365761994,1.2647994757959342,0.26505477568348956,1.8126676,0.8007314799891426,1.250582,1.0,0.8189493815104166,0.2793856914308987,0.005566538474168131,0.0234375,0.08085898857043206,0.07529245009626392
single_shape,TwoLayerCNN,2005,random_unitnorm,160,0.233811043777097,0.19539259492055622,0.03841844885654078,9,1.2340789282065636,1.2640629808707111,0.2671121848164513,1.8444424,0.7952123065516303,1.2865331,1.0,0.8184407552083333,0.27625558599958794,0.005773811424413106,0.0234375,0.07111582781835046,0.06534201639393736
single_shape,TwoLayerCNN,2005,random_unitnorm,200,0.23532258856660593,0.19597998956783902,0.03934259899876691,9,1.232835503414269,1.263520376446942,0.2685311279046739,1.8689654,0.7910370168305668,1.3141313,1.0,0.8177286783854167,0.27636788484588526,0.005864536355901492,0.0234375,0.06464389092135281,0.05877935456545132
single_shape,TwoLayerCNN,2005,template_init,0,1.0,1.0,0.0,16,1.3170890159654386e-09,1.3170890159654386e-09,0.8481368160118523,1.0,1.0,0.0,,,,,,,
single_shape,TwoLayerCNN,2005,template_init,1,0.9976541876316941,0.9976541876316941,0.0,16,0.06771147526790527,0.06771147526790527,0.8470017780270569,1.0008779,0.9976541876316941,0.07904202,0.35546875,0.8531697591145834,0.6050410646799264,0.26676064904312746,0.2526041567325592,0.42414628366679996,0.1573856346236725
single_shape,TwoLayerCNN,2005,template_init,5,0.9669359707100093,0.9669359707100093,0.0,16,0.25660696969490054,0.25660696969490054,0.8081121692605798,1.0880718,0.9669359707100093,0.29667583,1.0,0.8271280924479166,0.5969417257719947,0.16311915899419083,0.1731770783662796,0.581534368034087,0.41841520903989615
single_shape,TwoLayerCNN,2005,template_init,10,0.9042084636777886,0.9042084636777886,0.0,16,0.43583676712331076,0.43583676712331076,0.7668239755996233,1.3611717,0.9042084636777886,0.65279233,1.0,0.816650390625,0.5499449188501124,0.09973691063592693,0.13671875,0.44901120491665125,0.3492742942807243
single_shape,TwoLayerCNN,2005,template_init,20,0.8406898182959603,0.8406898182959603,0.0,16,0.5616203582210104,0.5616203582210104,0.733064526143484,1.7164963,0.8406898182959603,1.0619556,1.0,0.8197428385416666,0.5122740669113586,0.06348937820431294,0.0572916679084301,0.2596319223062922,0.19614254410197923
single_shape,TwoLayerCNN,2005,template_init,40,0.8223417718465131,0.8223417718465131,0.0,16,0.5931059407055483,0.5931059407055483,0.7229020025999102,1.8397454,0.8223417718465131,1.1998806,1.0,0.8235270182291667,0.5010171573549002,0.058292421180021925,0.0481770820915699,0.20599501303658596,0.14770259185656404
single_shape,TwoLayerCNN,2005,template_init,80,0.8084743822259278,0.8084743822259278,0.0,16,0.6158505899032042,0.6158505899032042,0.7136684597091721,1.9340303,0.8084743822259278,1.3062446,1.0,0.824951171875,0.4924789549972013,0.05665540480529917,0.0442708320915699,0.1699155354396371,0.11326013063433794
single_shape,TwoLayerCNN,2005,template_init,120,0.8011594924341348,0.8011594924341348,0.0,16,0.6274639499967793,0.6274639499967793,0.7084012973340881,1.9866395,0.8011594924341348,1.3649415,1.0,0.8252360026041666,0.4882185510189594,0.07170006804674556,0.0494791679084301,0.16971006786956544,0.09800999982281988
single_shape,TwoLayerCNN,2005,template_init,160,0.796283213690206,0.796248381247239,3.483244296709209e-05,15,0.6350606075549272,0.6351252602647252,0.7051293975078834,2.022852,0.796248381247239,1.4051526,1.0,0.825439453125,0.48588211263309217,0.07234063335151981,0.0494791679084301,0.16131114456457862,0.08897051121305881
single_shape,TwoLayerCNN,2005,template_init,200,0.7925846948894545,0.7924840887256804,0.00010060616377405296,15,0.6407340830233665,0.6409200678880667,0.7024441398954283,2.050665,0.7924840887256804,1.4360437,1.0,0.82696533203125,0.48300976529635264,0.0723745777208021,0.0520833320915699,0.15544168376655443,0.08306710604575233
single_shape,TwoLayerCNN,2005,template_retention_1,0,1.0,1.0,0.0,16,1.3170890159654386e-09,1.3170890159654386e-09,0.8481368160118523,1.0,1.0,0.0,,,,,,,
single_shape,TwoLayerCNN,2005,template_retention_1,1,0.9980324583006115,0.9980324583006115,0.0,16,0.06212833376782491,0.06212833376782491,0.84691572922784,0.9996838,0.9980324583006115,0.07256651,0.359375,0.8537801106770834,0.6079372383701324,0.26694750828760205,0.25,0.4226368400780862,0.15568933179048414
single_shape,TwoLayerCNN,2005,template_retention_1,5,0.9878954176045907,0.9878954176045907,0.0,16,0.15513389919173662,0.15513389919173662,0.8353598828324859,1.0549101,0.9878954176045907,0.1784043,1.0,0.8351847330729166,0.6151966240627412,0.1649771087305259,0.2265625,0.5848929288570979,0.41991582012657197
single_shape,TwoLayerCNN,2005,template_retention_1,10,0.9740017454483929,0.9740017454483929,0.0,16,0.2268374972107508,0.2268374972107508,0.8327109006583084,1.1799023,0.9740017454483929,0.33250397,1.0,0.833251953125,0.5871878931015038,0.08166121802725773,0.1158854141831398,0.4568182750363097,0.37515705700905194
single_shape,TwoLayerCNN,2005,template_retention_1,20,0.9865016707767692,0.9865016707767692,0.0,16,0.1604661612027904,0.1604661612027904,0.8496701203690744,1.0946554,0.9865016707767692,0.21875888,1.0,0.8546549479166666,0.5659892316582231,-0.05722019101148068,0.02604166604578495,0.24559578500762624,0.3028159760191069
single_shape,TwoLayerCNN,2005,template_retention_1,40,0.9958703167060099,0.9958703167060099,0.0,16,0.0873639618111485,0.0873639618111485,0.8500872486839595,1.0439914,0.9958703167060099,0.116726115,1.0,0.85455322265625,0.588809280442084,-0.0655123404945318,0.013020833022892475,0.17350896771883284,0.23902130821336465
single_shape,TwoLayerCNN,2005,template_retention_1,80,0.998979804950646,0.998979804950646,0.0,16,0.04340531296356298,0.04340531296356298,0.8490635810813624,1.0199193,0.998979804950646,0.055998903,1.0,0.8524373372395834,0.6011438516058724,-0.02739692317357889,0.0377604179084301,0.16037714514933865,0.18777406832291754
single_shape,TwoLayerCNN,2005,template_retention_1,120,0.9996503040899347,0.9996503040899347,0.0,16,0.02534743185173374,0.02534743185173374,0.8492145881408908,1.0113509,0.9996503040899347,0.032946795,1.0,0.8518066406250001,0.6048965713103076,-0.01893384962778749,0.0416666679084301,0.14528413397947304,0.16421798360726053
single_shape,TwoLayerCNN,2005,template_retention_1,160,0.9998667683301927,0.9998667683301927,0.0,16,0.015611160753502868,0.015611160753502868,0.8489656751813125,1.0070482,0.9998667683301927,0.020582682,1.0,0.8512369791666666,0.6057144201186603,-0.009194696156873794,0.0546875,0.14143705161500342,0.1506317477718772
single_shape,TwoLayerCNN,2005,template_retention_1,200,0.9999294708360892,0.9999294708360892,0.0,16,0.011420005480497382,0.011420005480497382,0.8488008217011658,1.0047529,0.9999294708360892,0.014929302,1.0,0.8536580403645834,0.6072469440219936,-0.005800638541891723,0.0559895820915699,0.13553744183291982,0.14133808037481155
single_shape,TwoLayerCNN,2005,template_release,0,1.0,1.0,0.0,16,1.3170890159654386e-09,1.3170890159654386e-09,0.8481368160118523,1.0,1.0,0.0,,,,,,,
single_shape,TwoLayerCNN,2005,template_release,1,0.9980324583006115,0.9980324583006115,0.0,16,0.06212833376782491,0.06212833376782491,0.84691572922784,0.9996838,0.9980324583006115,0.07256651,0.359375,0.8537801106770834,0.6079372383701324,0.26694750828760205,0.25,0.4226368400780862,0.15568933179048414
single_shape,TwoLayerCNN,2005,template_release,5,0.9878954176045907,0.9878954176045907,0.0,16,0.15513389919173662,0.15513389919173662,0.8353598828324859,1.0549101,0.9878954176045907,0.1784043,1.0,0.8351847330729166,0.6151966240627412,0.1649771087305259,0.2265625,0.5848929288570979,0.41991582012657197
single_shape,TwoLayerCNN,2005,template_release,10,0.9740017454483929,0.9740017454483929,0.0,16,0.2268374972107508,0.2268374972107508,0.8327109006583084,1.1799023,0.9740017454483929,0.33250397,1.0,0.833251953125,0.5871878931015038,0.08166121802725773,0.1158854141831398,0.4568182750363097,0.37515705700905194
single_shape,TwoLayerCNN,2005,template_release,20,0.9845991285319431,0.9845991285319431,0.0,16,0.17155404900800397,0.17155404900800397,0.8493005185201894,1.1054761,0.9845991285319431,0.2363652,1.0,0.8541056315104166,0.561787822750009,-0.05734252634335557,0.02604166604578495,0.24129526250500832,0.2986377888483639
single_shape,TwoLayerCNN,2005,template_release,40,0.992663201863829,0.992663201863829,0.0,16,0.11698872294695144,0.11698872294695144,0.8487195753059767,1.0630381,0.992663201863829,0.15848058,1.0,0.85394287109375,0.5771943547711951,-0.06187895438271196,0.013020833022892475,0.1666536225388222,0.22853257692153417
single_shape,TwoLayerCNN,2005,template_release,80,0.9848513738744746,0.9848513738744746,0.0,16,0.1686239610668059,0.1686239610668059,0.8440036174205326,1.1048515,0.9848513738744746,0.2310563,1.0,0.8497721354166666,0.5511667526967478,-0.0593613915436792,0.009114583022892475,0.08606910404981527,0.14543049559349447
single_shape,TwoLayerCNN,2005,template_release,120,0.9557262328672489,0.9557262328672489,0.0,16,0.29028011154571054,0.29028011154571054,0.8286003813712128,1.2350833,0.9557262328672489,0.4302499,1.0,0.8477376302083333,0.5446708551121713,-0.014895534167908175,0.014322916977107525,0.08792655298041219,0.10282208714832036
single_shape,TwoLayerCNN,2005,template_release,160,0.9449258660945143,0.9449258660945143,0.0,16,0.3244187666655897,0.3244187666655897,0.8238875514704148,1.2901394,0.9449258660945143,0.500298,1.0,0.85260009765625,0.5396639597813062,0.0033011397872039355,0.01953125,0.09566067474681872,0.09235953495961478
single_shape,TwoLayerCNN,2005,template_release,200,0.9376132967430396,0.9376132967430396,0.0,16,0.3455149277109385,0.3455149277109385,0.8206912212931441,1.3284318,0.9376132967430396,0.547473,1.0,0.8540649414062501,0.5223412722789695,0.00286291905390941,0.01822916604578495,0.08887122685003745,0.08600830779612804
single_shape,TwoLayerCNN,2006,random,0,0.11594837543326575,0.09522796473669667,0.020720410696569075,8,1.3285738509314928,1.3439929100493302,0.14904217070360953,0.567041,1.0,0.0,,,,,,,
single_shape,TwoLayerCNN,2006,random,1,0.12235328217099471,0.09211657767251555,0.030236704498479164,6,1.32407695912425,1.3468535902868684,0.1489182656938188,0.57324064,0.991074251599658,0.08219674,0.34765625,0.872314453125,0.19631241517146977,-0.0883926676171446,0.22265625,0.28831996132230153,0.3767126289394461
single_shape,TwoLayerCNN,2006,random,5,0.13388756086798456,0.08693045092561302,0.04695710994237154,5,1.3149740928106528,1.3498528640611487,0.19465727486144996,0.6868184,0.9073802285673742,0.32075828,0.87109375,0.8711140950520833,0.27486900347280835,0.009995842862303539,0.1953125,0.38473971640410365,0.3747438735418001
single_shape,TwoLayerCNN,2006,random,10,0.17165732747050771,0.13155817923249202,0.04009914823801569,6,1.2850863962634003,1.3151055394007847,0.25769486963938537,0.98045146,0.780214032190024,0.6811751,1.0,0.8486328125,0.3095631271647787,0.030252274785549038,0.0611979179084301,0.29900500472895564,0.2687527299434066
single_shape,TwoLayerCNN,2006,random,20,0.20085443002147102,0.1611227308668569,0.03973169915461411,8,1.2615643184252785,1.291705042012162,0.2820610592663685,1.2629979,0.6976013414213916,0.99378353,1.0,0.8199869791666666,0.30183087068320247,0.018000744198732488,0.0611979179084301,0.16089159987918367,0.14289085568045118
single_shape,TwoLayerCNN,2006,random,40,0.20920583325810044,0.16771703670448074,0.0414887965536197,8,1.2547401687187167,1.2864131747543452,0.28619384135428744,1.3499098,0.6765065926251873,1.0882537,1.0,0.8136189778645834,0.3057342663102474,0.002621843840775434,0.03515625,0.10620840133189391,0.10358655749111847
single_shape,TwoLayerCNN,2006,random,80,0.21642304802541684,0.1720737061193116,0.04434934190610523,8,1.2488634946459745,1.2828623321587143,0.2898516365616062,1.4276128,0.6593057814396398,1.1720877,1.0,0.8084309895833334,0.30879267621491413,0.004073985649010486,0.0325520820915699,0.08162007781086944,0.07754609216185895
single_shape,TwoLayerCNN,2006,random,120,0.21989912270264078,0.17338620589829587,0.04651291680434491,8,1.2460347027978451,1.2817705092304486,0.29206628508487364,1.4735281,0.6499731578999912,1.2211161,1.0,0.8069051106770833,0.30942013562396803,-0.004168020658547683,0.02734375,0.06061820325250866,0.06478622391105635
single_shape,TwoLayerCNN,2006,random,160,0.22238580431487015,0.174110618390818,0.04827518592405214,8,1.2439980970456785,1.2811592580138917,0.2939983752644909,1.5060711,0.6436282409904103,1.2557563,1.0,0.8065388997395834,0.31051875283837355,-0.002181022382313866,0.02734375,0.05467131098863787,0.05685233337095173
single_shape,TwoLayerCNN,2006,random,200,0.22402729458741094,0.17453895218310445,0.049488342404306496,8,1.2426480541246325,1.280794811975591,0.29556141794359103,1.5311887,0.6389596744521275,1.2824049,1.0,0.8065388997395834,0.31128386563710503,-0.0007766703775256012,0.0234375,0.05061573463040858,0.05139240500793418
single_shape,TwoLayerCNN,2006,random_unitnorm,0,0.11594837570592721,0.09522796459242414,0.020720411113503076,8,1.3285738507076885,1.3439929101398222,0.14904216955283628,1.0,1.0,0.0,,,,,,,
single_shape,TwoLayerCNN,2006,random_unitnorm,1,0.11617519375656389,0.09158318623164251,0.024592007524921383,7,1.328435086534855,1.3469185329262894,0.14878891730234162,1.0051382,0.9971761868646266,0.08542651,0.44921875,0.8262736002604166,0.18445621846166185,-0.042977865908519985,0.22265625,0.3174461217009745,0.3604239876094945
single_shape,TwoLayerCNN,2006,random_unitnorm,5,0.12848027195873357,0.08481630595034341,0.04366396600839016,6,1.3188192491657278,1.3508823481078713,0.1736242441047566,1.099283,0.9652669025384886,0.3393775,0.92578125,0.8468017578125,0.17792358223934834,0.037446178415056375,0.1171875,0.394388073892572,0.35694189547751565
single_shape,TwoLayerCNN,2006,random_unitnorm,10,0.15232916760202433,0.09279897690931191,0.059530190692712426,6,1.3000181645246895,1.3438513646471097,0.22112008727480603,1.354669,0.9025369708050206,0.6945608,1.0,0.8443806966145833,0.21124964904303367,0.05018590190309913,0.0572916679084301,0.3097146389773444,0.2595287370742453
single_shape,TwoLayerCNN,2006,random_unitnorm,20,0.16585731146268645,0.10379423799211074,0.062063073470575714,5,1.2890945683848363,1.3356120288651623,0.2675597551746529,1.6050315,0.8511472397768143,0.98863304,1.0,0.8348185221354166,0.22156004281056116,0.030733933722375345,0.02734375,0.16623575121026657,0.13550181748789122
single_shape,TwoLayerCNN,2006,random_unitnorm,40,0.1687907821501694,0.10858981857764802,0.06020096357252139,5,1.2866429790130227,1.3318630649229442,0.2803228218993488,1.6908205,0.8363424670320627,1.0852778,1.0,0.8287556966145834,0.22535783777199125,0.014303175463477383,0.02734375,0.11212408552577147,0.09782091006229408
single_shape,TwoLayerCNN,2006,random_unitnorm,80,0.17222438069988077,0.11209333961430104,0.060131041085579734,5,1.2839091524917075,1.3290932961674469,0.2892541794438418,1.7673527,0.8238067923235609,1.1707538,1.0,0.8242594401041666,0.2289027220121655,0.013356777487492588,0.02213541604578495,0.08760705485562359,0.074250277368131
single_shape,TwoLayerCNN,2006,random_unitnorm,120,0.17420573511922993,0.11405671883302237,0.06014901628620756,5,1.2823149942965038,1.327511993264113,0.29362939316092274,1.8122165,0.8166956906743101,1.2204145,1.0,0.8223063151041666,0.23228336760295565,0.012759067434825105,0.02213541604578495,0.07613362581604233,0.06337455838121722
single_shape,TwoLayerCNN,2006,random_unitnorm,160,0.175651508571664,0.11547171782013624,0.06017979075152777,5,1.2811505099515932,1.3263762519796378,0.29657235934593734,1.8440553,0.8117696880897441,1.2554319,1.0,0.8210042317708334,0.233957771649363,0.012536146598417827,0.02083333395421505,0.06944036364058648,0.05690421704216865
single_shape,TwoLayerCNN,2006,random_unitnorm,200,0.17668796081765298,0.11652218644085924,0.06016577437679374,5,1.2803141627826153,1.3255308266959336,0.2987659056103936,1.8687576,0.8079989755210268,1.2825325,1.0,0.820068359375,0.23475933105859015,0.012371643470899488,0.02083333395421505,0.06468825547400325,0.052316612003103766
single_shape,TwoLayerCNN,2006,template_init,0,1.0,1.0,0.0,16,1.3170890159654386e-09,1.3170890159654386e-09,0.8481368160118523,1.0,1.0,0.0,,,,,,,
single_shape,TwoLayerCNN,2006,template_init,1,0.9972750983837086,0.9972750983837086,0.0,16,0.07360595154260659,0.07360595154260659,0.8463437263476858,1.0024309,0.9972750983837086,0.082456954,0.43359375,0.8748372395833334,0.5564531011709897,0.16624779125214828,0.1822916716337204,0.44664367148355244,0.28039588023140416
single_shape,TwoLayerCNN,2006,template_init,5,0.962075843302767,0.962075843302767,0.0,16,0.2748046604954957,0.2748046604954957,0.8015356841036941,1.0919813,0.962075843302767,0.31957126,0.98828125,0.8455607096354166,0.5598141485813501,0.08093673243657651,0.1888020783662796,0.4666469445805963,0.3857102121440198
single_shape,TwoLayerCNN,2006,template_init,10,0.8988630664033577,0.8988630664033577,0.0,16,0.4477280810455203,0.4477280810455203,0.7455037152614825,1.3442369,0.8988630664033577,0.6489363,1.0,0.8628133138020834,0.5239776397658572,0.09575083002853901,0.1927083283662796,0.40020747642154453,0.3044566463930055
single_shape,TwoLayerCNN,2006,template_init,20,0.8449330946695185,0.8449330946695185,0.0,16,0.5536849786124376,0.5536849786124376,0.700130759118488,1.6265028,0.8449330946695185,0.97134376,1.0,0.87774658203125,0.4951732953302147,0.06338490093556798,0.12109375,0.25566902803590996,0.19228412710034198
single_shape,TwoLayerCNN,2006,template_init,40,0.8281314492946618,0.8281314492946618,0.0,16,0.5824830989759797,0.5824830989759797,0.6885582687776559,1.7354558,0.8281314492946618,1.0920459,1.0,0.8742472330729167,0.48791435962775775,0.08795998966463539,0.1119791641831398,0.23837526015785082,0.15041527049321543
single_shape,TwoLayerCNN,2006,template_init,80,0.8179955922678444,0.8179955922678444,0.0,16,0.5990578772418687,0.5990578772418687,0.6821907014779056,1.8205042,0.8179955922678444,1.1822848,1.0,0.86956787109375,0.48321257699000986,0.07879235933758527,0.0924479141831398,0.19933769368388643,0.12054533434630116
single_shape,TwoLayerCNN,2006,template_init,120,0.8131111434012604,0.8131111434012604,0.0,16,0.6068220772664066,0.6068220772664066,0.6788251511058128,1.8666381,0.8131111434012604,1.2305946,1.0,0.8671468098958334,0.4809758834620157,0.07397570770410675,0.0833333358168602,0.18202437416957684,0.1080486664654701
single_shape,TwoLayerCNN,2006,template_init,160,0.8098603408587401,0.8098603408587401,0.0,16,0.6119173386366435,0.6119173386366435,0.6764691800330018,1.8985776,0.8098603408587401,1.2639011,1.0,0.8657023111979166,0.4789961612674968,0.0699452487958719,0.0794270858168602,0.17152442723395533,0.10157917843808344
single_shape,TwoLayerCNN,2006,template_init,200,0.8074676008437129,0.8074676008437129,0.0,16,0.6156537844301371,0.6156537844301371,0.6747237013186413,1.9230274,0.8074676008437129,1.2893298,1.0,0.86383056640625,0.4776364497429456,0.0672302419995721,0.078125,0.16459011330926487,0.09735987130969277
single_shape,TwoLayerCNN,2006,template_retention_1,0,1.0,1.0,0.0,16,1.3170890159654386e-09,1.3170890159654386e-09,0.8481368160118523,1.0,1.0,0.0,,,,,,,
single_shape,TwoLayerCNN,2006,template_retention_1,1,0.9976485825215834,0.9976485825215834,0.0,16,0.0684110601401943,0.0684110601401943,0.8467861338782574,1.0024326,0.9976485825215834,0.0765585,0.43359375,0.8746541341145833,0.5543660277670879,0.16651178177209164,0.1822916716337204,0.44651209073728393,0.2800003089651923
single_shape,TwoLayerCNN,2006,template_retention_1,5,0.9824957084849052,0.9824957084849052,0.0,16,0.18593703736449618,0.18593703736449618,0.8284269980627801,1.0709908,0.9824957084849052,0.22023812,0.98828125,0.8695678710937501,0.5405438907422148,0.1053574933663255,0.22265625,0.4925351631883622,0.3871776698220367
single_shape,TwoLayerCNN,2006,template_retention_1,10,0.9714761635877361,0.9714761635877361,0.0,16,0.23688705276633493,0.23688705276633493,0.8226160095039995,1.18169,0.9714761635877361,0.34353364,1.0,0.8506876627604167,0.5274795797229794,0.10030765099197042,0.2096354216337204,0.4385623386759817,0.3382546876840113
single_shape,TwoLayerCNN,2006,template_retention_1,20,0.9873411387436519,0.9873411387436519,0.0,16,0.15714091030813332,0.15714091030813332,0.8358540748263282,1.0930293,0.9873411387436519,0.2170355,1.0,0.8789469401041666,0.5251937779015702,0.04333725766601271,0.2096354216337204,0.3382352016937602,0.2948979440277475
single_shape,TwoLayerCNN,2006,template_retention_1,40,0.9964148596523938,0.9964148596523938,0.0,16,0.08334129871686102,0.08334129871686102,0.8437433128274503,1.0418853,0.9964148596523938,0.113945246,1.0,0.88031005859375,0.5271929847430724,0.07634045206829893,0.2096354216337204,0.3190751228005787,0.24273467073227978
single_shape,TwoLayerCNN,2006,template_retention_1,80,0.999252623000332,0.999252623000332,0.0,16,0.03742125369556625,0.03742125369556625,0.8477900100156965,1.0169039,0.999252623000332,0.050773807,1.0,0.8788655598958334,0.5389100763185045,0.10766405486609076,0.1796875,0.30331150500739756,0.1956474501413068
single_shape,TwoLayerCNN,2006,template_retention_1,120,0.9997459007170887,0.9997459007170887,0.0,16,0.02162331404540365,0.02162331404540365,0.8480349625549042,1.0095814,0.9997459007170887,0.029147731,1.0,0.88116455078125,0.5410213955896196,0.1245247802759398,0.2018229216337204,0.3047340300891437,0.18020924981320388
single_shape,TwoLayerCNN,2006,template_retention_1,160,0.9998906392772663,0.9998906392772663,0.0,16,0.014047743237458436,0.014047743237458436,0.8483265988372362,1.0060298,0.9998906392772663,0.018884605,1.0,0.8815104166666666,0.5413592587888524,0.1353234099280946,0.2122395783662796,0.3052134307948775,0.1698900208667829
single_shape,TwoLayerCNN,2006,template_retention_1,200,0.9999411687213645,0.9999411687213645,0.0,16,0.010312204158120787,0.010312204158120787,0.8483871581578297,1.004283,0.9999411687213645,0.013663666,1.0,0.88134765625,0.5417709199787337,0.13946908262603064,0.2174479216337204,0.30176877844008454,0.1622996958140539
single_shape,TwoLayerCNN,2006,template_release,0,1.0,1.0,0.0,16,1.3170890159654386e-09,1.3170890159654386e-09,0.8481368160118523,1.0,1.0,0.0,,,,,,,
single_shape,TwoLayerCNN,2006,template_release,1,0.9976485825215834,0.9976485825215834,0.0,16,0.0684110601401943,0.0684110601401943,0.8467861338782574,1.0024326,0.9976485825215834,0.0765585,0.43359375,0.8746541341145833,0.5543660277670879,0.16651178177209164,0.1822916716337204,0.44651209073728393,0.2800003089651923
single_shape,TwoLayerCNN,2006,template_release,5,0.9824957084849052,0.9824957084849052,0.0,16,0.18593703736449618,0.18593703736449618,0.8284269980627801,1.0709908,0.9824957084849052,0.22023812,0.98828125,0.8695678710937501,0.5405438907422148,0.1053574933663255,0.22265625,0.4925351631883622,0.3871776698220367
single_shape,TwoLayerCNN,2006,template_release,10,0.9714761635877361,0.9714761635877361,0.0,16,0.23688705276633493,0.23688705276633493,0.8226160095039995,1.18169,0.9714761635877361,0.34353364,1.0,0.8506876627604167,0.5274795797229794,0.10030765099197042,0.2096354216337204,0.4385623386759817,0.3382546876840113
single_shape,TwoLayerCNN,2006,template_release,20,0.9855752862336238,0.9855752862336238,0.0,16,0.1678944469418432,0.1678944469418432,0.834755818718624,1.1028318,0.9855752862336238,0.23335099,1.0,0.8785603841145834,0.5246232860279083,0.04294853846933905,0.2083333283662796,0.33448026871075875,0.2915317302414197
single_shape,TwoLayerCNN,2006,template_release,40,0.993543673299547,0.993543673299547,0.0,16,0.11183275311727602,0.11183275311727602,0.8416411171665673,1.0599315,0.993543673299547,0.1539737,1.0,0.8800455729166667,0.5222318252952596,0.0846383290270715,0.19921875,0.31958398829492773,0.23494565926785624
single_shape,TwoLayerCNN,2006,template_release,80,0.9877735568568058,0.9877735568568058,0.0,16,0.15283358092200075,0.15283358092200075,0.8402635578349688,1.0873368,0.9877735568568058,0.2118141,1.0,0.8760172526041666,0.5158354316763797,0.08363853616647066,0.140625,0.2524940626705301,0.16885552650405944
single_shape,TwoLayerCNN,2006,template_release,120,0.9633033583322659,0.9633033583322659,0.0,16,0.2649254693582622,0.2649254693582622,0.8241686045046399,1.1908451,0.9633033583322659,0.38452768,1.0,0.8664754231770834,0.4930490344610081,0.032253931728544016,0.1002604141831398,0.16897177400101226,0.13671784227246825
single_shape,TwoLayerCNN,2006,template_release,160,0.9536494411259601,0.9536494411259601,0.0,16,0.29789516848224684,0.29789516848224684,0.8167871863293763,1.2379416,0.9536494411259601,0.44774663,1.0,0.8667195638020834,0.48796544349703647,0.025472560463991323,0.0911458358168602,0.15421878810041478,0.12874622763642346
single_shape,TwoLayerCNN,2006,template_release,200,0.9470038515527165,0.9470038515527165,0.0,16,0.31869100086793295,0.31869100086793295,0.8113814917393196,1.2710658,0.9470038515527165,0.49076277,1.0,0.8664143880208334,0.4773208620699569,0.021239125062595163,0.0872395858168602,0.14547469502309562,0.12423556996050046
single_shape,TwoLayerCNN,2007,random,0,0.1438527141101103,0.1329852978947691,0.010867416215341208,12,1.3072957543273525,1.315020060341075,0.18240453432761378,0.564716,1.0,0.0,,,,,,,
single_shape,TwoLayerCNN,2007,random,1,0.1471977715679496,0.13787777100101709,0.009320000566932524,12,1.3044566086438758,1.3111782108191368,0.1854878647626421,0.5725675,0.9924095110173998,0.077427745,0.26171875,0.8326619466145834,0.3253802276143252,-0.06559673641293878,0.2994791567325592,0.33856560069012565,0.40416233710306443
single_shape,TwoLayerCNN,2007,random,5,0.20002512941666528,0.17998916823053654,0.020035961186128742,10,1.262432681813796,1.2774728966579965,0.23257063334348105,0.6912876,0.9099446936601538,0.31557238,0.8515625,0.876708984375,0.3810664612205059,-0.03783485908937523,0.12109375,0.3534313657043786,0.39126622479375384
single_shape,TwoLayerCNN,2007,random,10,0.26407675637582884,0.23973422811453798,0.024342528261290852,9,1.2090654894899169,1.2277493476926593,0.29024191573015923,1.003969,0.765249522064618,0.70184827,0.98828125,0.8450927734375,0.3918722050775386,-0.016121098626326602,0.0546875,0.31605978284638925,0.33218088147271585
single_shape,TwoLayerCNN,2007,random,20,0.28266667440352966,0.26067660633493417,0.021990068068595492,8,1.191700751002197,1.2086904054221819,0.3223487740055957,1.3090045,0.6751233717936617,1.0404148,1.0,0.8330281575520834,0.3876143951048536,-0.027425210968759883,0.0325520820915699,0.17143732992987382,0.1988625408986337
single_shape,TwoLayerCNN,2007,random,40,0.2857764330021566,0.2629699085573681,0.02280652444478848,8,1.1889554644610119,1.2065651638278831,0.3290016863907301,1.3982093,0.65343018000938,1.1378083,1.0,0.8284912109375,0.3875121569359849,-0.021191305011970363,0.02734375,0.12933687654186754,0.1505281815538379
single_shape,TwoLayerCNN,2007,random,80,0.28753692732962616,0.26529852320593617,0.022238404123689992,8,1.1874897549200978,1.204701444475414,0.33432485439054394,1.4796535,0.6350200712364338,1.2261585,1.0,0.8238321940104166,0.38583259784852986,-0.018299201221824282,0.014322916977107525,0.09858053048304916,0.11687973170487344
single_shape,TwoLayerCNN,2007,random,120,0.2879924438607795,0.26583812873251744,0.022154315128262048,8,1.1872108447019423,1.2043816223702783,0.3372937932367214,1.5274374,0.6245639391090794,1.2778964,1.0,0.8226114908854167,0.38560020023355823,-0.016920577479173332,0.01171875,0.08263408699340413,0.09955466447257746
single_shape,TwoLayerCNN,2007,random,160,0.2882227307793599,0.2660464910171283,0.022176239762231598,8,1.187071680551154,1.2042734715159789,0.3390784240947584,1.5614341,0.6175057957662815,1.3144941,1.0,0.8215738932291666,0.38476300551448284,-0.017343454787598397,0.009114583022892475,0.072831776921778,0.0901752317093764
single_shape,TwoLayerCNN,2007,random,200,0.28830418102318245,0.26610189282931307,0.02220228819386938,8,1.1870611685024937,1.2042409830678023,0.3403006994435277,1.5877906,0.6121750045349839,1.3428131,1.0,0.8210449218749999,0.3847050748957183,-0.01766864083805046,0.0065104165114462376,0.06562075944022339,0.08328940027827385
single_shape,TwoLayerCNN,2007,random_unitnorm,0,0.14385271435857178,0.13298529731961242,0.010867417038959354,12,1.3072957541851689,1.3150200607734535,0.18240453432598341,1.0,1.0,0.0,,,,,,,
single_shape,TwoLayerCNN,2007,random_unitnorm,1,0.1394085857907863,0.1280744816834319,0.011334104107354387,12,1.3108138871570454,1.3189421433461868,0.18922191332971372,1.0016314,0.9974850475994812,0.07856253,0.2578125,0.8086140950520834,0.30480294738716746,-0.02115425146568728,0.2291666716337204,0.3929711408797951,0.4141253923454824
single_shape,TwoLayerCNN,2007,random_unitnorm,5,0.140519882835557,0.12776924553647523,0.012750637299081768,12,1.3094227443635558,1.318633357386946,0.20594919416888774,1.0802662,0.9674813760377309,0.3224082,0.92578125,0.8551025390625,0.35490691163376475,0.04010338318306195,0.1184895858168602,0.4340851430451649,0.39398175986210293
single_shape,TwoLayerCNN,2007,random_unitnorm,10,0.18607422785960395,0.16867871356716463,0.017395514292439324,10,1.2737536836385868,1.286539840426543,0.21421716758322445,1.3249425,0.8981868347410593,0.6819526,0.99609375,0.87542724609375,0.402338485534684,-0.0446517893642151,0.014322916977107525,0.28113211441384944,0.32578390377806454
single_shape,TwoLayerCNN,2007,random_unitnorm,20,0.22348059881086668,0.19813871938365846,0.025341879427208225,10,1.2442754313667501,1.2631094593234686,0.2256293755133213,1.6099536,0.8280080293678298,1.0332327,1.0,0.8725382486979166,0.39605116779928856,-0.018332846316799933,0.015625,0.17077641276269118,0.1891092590794911
single_shape,TwoLayerCNN,2007,random_unitnorm,40,0.23114595549146089,0.2047604130001968,0.026385542491264097,10,1.2380296890578437,1.257701658212171,0.22913356614481695,1.7061992,0.8066920429716606,1.146292,1.0,0.8720906575520833,0.39056079378900765,0.004236082941295211,0.01692708395421505,0.14404580449565618,0.13980972155436097
single_shape,TwoLayerCNN,2007,random_unitnorm,80,0.23670721465852343,0.20924465043049456,0.02746256422802887,10,1.2334869933574009,1.254007305109171,0.23402213723267745,1.7908188,0.7887055170512673,1.2445302,1.0,0.8728841145833334,0.3865401691475523,0.007007403443580931,0.015625,0.11142611560433457,0.10441871216075364
single_shape,TwoLayerCNN,2007,random_unitnorm,120,0.2391985527150615,0.21114173138335884,0.028056821331702647,10,1.2314509570929166,1.2524349076479313,0.2369915999169134,1.8400886,0.7786407084098784,1.3011416,1.0,0.87298583984375,0.38355140749914507,0.008416772875604842,0.01692708395421505,0.09482603270698875,0.08640925983138391
single_shape,TwoLayerCNN,2007,random_unitnorm,160,0.24082075329220373,0.21228448894653407,0.028536264345669665,11,1.230124233714943,1.2514768647805625,0.23867090626650506,1.8749185,0.7718276314328752,1.3408545,1.0,0.87286376953125,0.38108031029325035,0.008880765413010791,0.01822916604578495,0.08543513196140562,0.07655436654839483
single_shape,TwoLayerCNN,2007,random_unitnorm,200,0.24188190961615075,0.21293486894425567,0.028947040671895075,10,1.2292476956144842,1.2509149572366733,0.23976431005820614,1.9018495,0.7666088841636018,1.3715324,1.0,0.8720906575520834,0.37957777049756025,0.0016408273133990126,0.009114583022892475,0.07085711493851898,0.06921628762511997
single_shape,TwoLayerCNN,2007,template_init,0,1.0,1.0,0.0,16,1.3170890159654386e-09,1.3170890159654386e-09,0.8481368160118523,1.0,1.0,0.0,,,,,,,
single_shape,TwoLayerCNN,2007,template_init,1,0.9976894497308735,0.9976894497308735,0.0,16,0.06748479165649729,0.06748479165649729,0.8467044840926383,1.0015072,0.9976894497308735,0.07534198,0.33984375,0.8757527669270833,0.6019596345362475,0.3211862622503181,0.2994791567325592,0.6538918837403492,0.33270562149003113
single_shape,TwoLayerCNN,2007,template_init,5,0.9637631745877949,0.9637631745877949,0.0,16,0.2678611389219253,0.2678611389219253,0.8040027267681874,1.088115,0.9637631745877949,0.30393517,0.98828125,0.8416341145833333,0.596383256827913,0.12939182286446116,0.1067708358168602,0.5397339391539031,0.41034211628944195
single_shape,TwoLayerCNN,2007,template_init,10,0.8987095306017718,0.8987095306017718,0.0,16,0.44841592435291777,0.44841592435291777,0.7335000951226535,1.3552328,0.8987095306017718,0.6530762,0.99609375,0.849853515625,0.5501088269628015,0.10404527977372213,0.01692708395421505,0.4419490206285951,0.33790374085487296
single_shape,TwoLayerCNN,2007,template_init,20,0.8480425474485038,0.8480425474485038,0.0,16,0.548729234275852,0.548729234275852,0.6881424497853437,1.6602819,0.8480425474485038,0.9932366,0.99609375,0.8541056315104166,0.5238420313493308,0.13550219919307183,0.1471354216337204,0.31303650583071574,0.1775343066376439
single_shape,TwoLayerCNN,2007,template_init,40,0.8344899626513054,0.8344899626513054,0.0,16,0.5723658453615674,0.5723658453615674,0.6765553188325812,1.7609909,0.8344899626513054,1.1028986,1.0,0.85150146484375,0.5137103313215456,0.1427545238916605,0.1510416716337204,0.2763216782472423,0.1335671543555818
single_shape,TwoLayerCNN,2007,template_init,80,0.8230483110730837,0.8230483110730837,0.0,16,0.5914751253204527,0.5914751253204527,0.6674536661626761,1.8464895,0.8230483110730837,1.1972017,1.0,0.8511962890624999,0.5073088548422511,0.14366876179883514,0.15625,0.24945131336768922,0.10578255156885409
single_shape,TwoLayerCNN,2007,template_init,120,0.8167006505204163,0.8167006505204163,0.0,16,0.6017475761934286,0.6017475761934286,0.6623443763104844,1.89539,0.8167006505204163,1.25137,1.0,0.8487752278645834,0.5042419955095935,0.1526951821830953,0.1614583283662796,0.24478193750364752,0.09208675532055223
single_shape,TwoLayerCNN,2007,template_init,160,0.8123467745281663,0.8123467745281663,0.0,16,0.608676182217623,0.608676182217623,0.6588489696651716,1.9299204,0.8123467745281663,1.2893977,1.0,0.8473103841145834,0.5009053345490483,0.15516486631329068,0.171875,0.24069908370159865,0.08553421738830798
single_shape,TwoLayerCNN,2007,template_init,200,0.8090886679461529,0.8090886679461529,0.0,16,0.6138069860340548,0.6138069860340548,0.6563273790325754,1.9566708,0.8090886679461529,1.3185582,1.0,0.8466389973958334,0.4975264126264727,0.15754133913089277,0.17578125,0.2388792910145543,0.08133795188366152
single_shape,TwoLayerCNN,2007,template_retention_1,0,1.0,1.0,0.0,16,1.3170890159654386e-09,1.3170890159654386e-09,0.8481368160118523,1.0,1.0,0.0,,,,,,,
single_shape,TwoLayerCNN,2007,template_retention_1,1,0.9980306201444132,0.9980306201444132,0.0,16,0.06229951793129527,0.06229951793129527,0.8470372465343682,1.0008419,0.9980306201444132,0.06907624,0.33984375,0.8754069010416666,0.5877638322379529,0.319422214561056,0.2981770932674408,0.6540750103679871,0.3346527958069311
single_shape,TwoLayerCNN,2007,template_retention_1,5,0.9840887207175217,0.9840887207175217,0.0,16,0.17676723047793874,0.17676723047793874,0.82955956415317,1.0526209,0.9840887207175217,0.19976935,0.9921875,0.8458251953125,0.607003630068145,0.1272150795753213,0.1002604141831398,0.5392556981716831,0.41204061859636176
single_shape,TwoLayerCNN,2007,template_retention_1,10,0.9706181384280569,0.9706181384280569,0.0,16,0.23990879941364984,0.23990879941364984,0.8222462336607244,1.1805081,0.9706181384280569,0.34113002,1.0,0.8442586263020833,0.5658460736428338,0.10136017802326414,0.03125,0.4727639928121542,0.37140381478889006
single_shape,TwoLayerCNN,2007,template_retention_1,20,0.988518096790065,0.988518096790065,0.0,16,0.14816882550828092,0.14816882550828092,0.8373868254611726,1.0782812,0.988518096790065,0.1900655,1.0,0.8631795247395834,0.5715953240349558,0.12369366235236579,0.12890625,0.41285501305106886,0.2891613506987031
single_shape,TwoLayerCNN,2007,template_retention_1,40,0.9961544856889819,0.9961544856889819,0.0,16,0.08437992213841901,0.08437992213841901,0.8430416677558774,1.0369673,0.9961544856889819,0.1035963,1.0,0.8711751302083333,0.5969112223365025,0.07295937518076373,0.1106770858168602,0.2967892217967145,0.2238298466159508
single_shape,TwoLayerCNN,2007,template_retention_1,80,0.9991053371511425,0.9991053371511425,0.0,16,0.04006441389660186,0.04006441389660186,0.8463795567277916,1.0158039,0.9991053371511425,0.047796756,0.99609375,0.87249755859375,0.596846360050165,0.08021704559994358,0.1145833358168602,0.2500102817258154,0.16979323612587183
single_shape,TwoLayerCNN,2007,template_retention_1,120,0.9996770723621937,0.9996770723621937,0.0,16,0.02390058632002658,0.02390058632002658,0.8473467530175383,1.0090826,0.9996770723621937,0.028214734,0.99609375,0.87445068359375,0.5961286878032149,0.11997659744651534,0.125,0.26264052113988523,0.1426639236933699
single_shape,TwoLayerCNN,2007,template_retention_1,160,0.9998598034825331,0.9998598034825331,0.0,16,0.01577421139307337,0.01577421139307337,0.8475542096454322,1.0058193,0.9998598034825331,0.018527461,0.99609375,0.87518310546875,0.5956962091063738,0.09635388061835404,0.0716145858168602,0.22288838951359047,0.12653450889523643
single_shape,TwoLayerCNN,2007,template_retention_1,200,0.9999344635222956,0.9999344635222956,0.0,16,0.010727612883263848,0.010727612883263848,0.8477671383434258,1.0040627,0.9999344635222956,0.0127505455,0.99609375,0.8761800130208333,0.5949226684986745,0.10092164445254981,0.0716145858168602,0.21727048740815091,0.1163488429556011
single_shape,TwoLayerCNN,2007,template_release,0,1.0,1.0,0.0,16,1.3170890159654386e-09,1.3170890159654386e-09,0.8481368160118523,1.0,1.0,0.0,,,,,,,
single_shape,TwoLayerCNN,2007,template_release,1,0.9980306201444132,0.9980306201444132,0.0,16,0.06229951793129527,0.06229951793129527,0.8470372465343682,1.0008419,0.9980306201444132,0.06907624,0.33984375,0.8754069010416666,0.5877638322379529,0.319422214561056,0.2981770932674408,0.6540750103679871,0.3346527958069311
single_shape,TwoLayerCNN,2007,template_release,5,0.9840887207175217,0.9840887207175217,0.0,16,0.17676723047793874,0.17676723047793874,0.82955956415317,1.0526209,0.9840887207175217,0.19976935,0.9921875,0.8458251953125,0.607003630068145,0.1272150795753213,0.1002604141831398,0.5392556981716831,0.41204061859636176
single_shape,TwoLayerCNN,2007,template_release,10,0.9706181384280569,0.9706181384280569,0.0,16,0.23990879941364984,0.23990879941364984,0.8222462336607244,1.1805081,0.9706181384280569,0.34113002,1.0,0.8442586263020833,0.5658460736428338,0.10136017802326414,0.03125,0.4727639928121542,0.37140381478889006
single_shape,TwoLayerCNN,2007,template_release,20,0.9869647312308544,0.9869647312308544,0.0,16,0.1579474083287687,0.1579474083287687,0.8358657589592685,1.0869498,0.9869647312308544,0.20446853,1.0,0.8620198567708334,0.5718039503533435,0.12264099098851078,0.1263020783662796,0.4082368480999983,0.2855958571114875
single_shape,TwoLayerCNN,2007,template_release,40,0.9933504599511176,0.9933504599511176,0.0,16,0.11117203381219576,0.11117203381219576,0.8402983816575591,1.0535065,0.9933504599511176,0.13875827,1.0,0.86785888671875,0.5960053862445697,0.07379180348008901,0.1041666641831398,0.28859664754528314,0.21480484406519412
single_shape,TwoLayerCNN,2007,template_release,80,0.9858828392328324,0.9858828392328324,0.0,16,0.16188185945767186,0.16188185945767186,0.83079256454852,1.0871125,0.9858828392328324,0.20535234,1.0,0.8577880859375,0.5867882620716762,0.061663686343793156,0.08984375,0.19907495409506737,0.1374112677512742
single_shape,TwoLayerCNN,2007,template_release,120,0.958568313399254,0.958568313399254,0.0,16,0.2809870525923212,0.2809870525923212,0.8013489552755916,1.1992229,0.958568313399254,0.3885727,1.0,0.84051513671875,0.5442697094036736,0.1956515392613852,0.2239583283662796,0.2917215468158757,0.0960700075544905
single_shape,TwoLayerCNN,2007,template_release,160,0.9482296503188696,0.9482296503188696,0.0,16,0.3150155205007416,0.3150155205007416,0.7905536692231272,1.2480688,0.9482296503188696,0.45404673,1.0,0.8387044270833334,0.540846544930503,0.1953162119006775,0.2200520783662796,0.2806879178821007,0.08537170598142317
single_shape,TwoLayerCNN,2007,template_release,200,0.9412911585449827,0.9412911585449827,0.0,16,0.3359762921681302,0.3359762921681302,0.7834947788928208,1.2820218,0.9412911585449827,0.49779382,1.0,0.8435262044270833,0.5395796952513395,0.19485977046354327,0.2161458283662796,0.27473608872435307,0.07987631826080979
single_shape,TwoLayerCNN,2008,random,0,0.1656030083919694,0.1493730165440869,0.016229991847882486,9,1.291348604383576,1.3035164087714228,0.18017038621370843,0.56867754,1.0,0.0,,,,,,,
single_shape,TwoLayerCNN,2008,random,1,0.16290977579212698,0.14700755365317364,0.015902222138953342,9,1.2934195615269535,1.3054254417460487,0.17459274830607202,0.5754451,0.9916275161640884,0.07770853,0.34765625,0.8449503580729166,0.24780901137543715,0.12244145232322634,0.2630208432674408,0.5460933552085563,0.42365190288532995
single_shape,TwoLayerCNN,2008,random,5,0.22842607491463507,0.2039525907050601,0.02447348420957496,11,1.2409875666827812,1.259835355576369,0.24288589450132794,0.7025273,0.8999154627353514,0.34064138,0.953125,0.8434041341145834,0.30778264858636084,0.025811500294237177,0.1223958358168602,0.4173211014838166,0.39150960118957945
single_shape,TwoLayerCNN,2008,random,10,0.279807279243656,0.25575092566114244,0.024056353582513568,9,1.1979048535660857,1.2170422153685214,0.3554314895486767,1.016554,0.7600992433559699,0.7224963,1.0,0.8567911783854166,0.32369329819333886,0.03650522220803698,0.0846354141831398,0.32989769893996923,0.29339247673193225
single_shape,TwoLayerCNN,2008,random,20,0.30816565137410273,0.28691733023998534,0.0212483211341174,9,1.1735141609387858,1.1910071062340428,0.3993863226804451,1.2964103,0.681807257554933,1.0295366,1.0,0.8491414388020834,0.3250566858593521,0.02923615637328203,0.0611979179084301,0.17030100744157606,0.14106485106829403
single_shape,TwoLayerCNN,2008,random,40,0.3161504476677064,0.2951304453276696,0.021020002340036814,9,1.1664955275064086,1.1839118467780503,0.41072866977761396,1.3867464,0.6613345250988176,1.1269728,1.0,0.84490966796875,0.328485716175664,0.028394011128661162,0.05859375,0.1372389214499331,0.10884491032127194
single_shape,TwoLayerCNN,2008,random,80,0.3217463595560866,0.300112589280783,0.02163377027530361,10,1.161645508398614,1.179612721750365,0.41844492403199895,1.4626074,0.6463190997006147,1.2077748,1.0,0.8430379231770834,0.33040524992569986,0.03230501885300702,0.0546875,0.11639420102064069,0.08408918216763367
single_shape,TwoLayerCNN,2008,random,120,0.32449126264282424,0.3025731176761862,0.02191814496663802,10,1.1592572464722628,1.1774824668226755,0.42197225053776233,1.5049852,0.6386525923232116,1.2525115,1.0,0.8359375,0.33049989683738895,0.03731097068578941,0.0520833320915699,0.10938061268960864,0.07206964200381923
single_shape,TwoLayerCNN,2008,random,160,0.3262653551862652,0.30419260023088834,0.02207275495537686,10,1.1577114288834256,1.1760825954149454,0.42400546027892316,1.534267,0.6335203625707748,1.2834082,1.0,0.8359578450520833,0.3309265591138487,0.010667871985337196,0.014322916977107525,0.07557673539468579,0.0649088634093486
single_shape,TwoLayerCNN,2008,random,200,0.32762453732211316,0.3055025130599065,0.022122024262206663,10,1.156525536464704,1.174951461113951,0.4252934085189053,1.5566807,0.6296451199938382,1.3070515,1.0,0.8355305989583334,0.3314106764936595,0.0112462563953908,0.014322916977107525,0.07120111636739568,0.05995485997200488
single_shape,TwoLayerCNN,2008,random_unitnorm,0,0.16560300768638997,0.1493730160028209,0.01622999168356906,9,1.2913486049172138,1.3035164091607847,0.18017038762384402,1.0,1.0,0.0,,,,,,,
single_shape,TwoLayerCNN,2008,random_unitnorm,1,0.16417021372260143,0.1484481877690405,0.015722025953560925,9,1.2925561879584742,1.3043811194368757,0.1770603875828799,1.0045314,0.997062576337103,0.08053587,0.58984375,0.8859049479166667,0.22526930175367355,0.014409463941190859,0.25390625,0.4246380120472798,0.41022854810608894
single_shape,TwoLayerCNN,2008,random_unitnorm,5,0.20135481198605445,0.17770275802589303,0.02365205396016143,10,1.263331064996239,1.2812831649884413,0.1914600040629511,1.0978954,0.9611076990273315,0.3514819,0.984375,0.8507283528645834,0.29394336591406933,0.02347044619737948,0.1197916641831398,0.4044623462368877,0.3809919000395082
single_shape,TwoLayerCNN,2008,random_unitnorm,10,0.2383682504074764,0.2146947261177015,0.0236735242897749,9,1.233216976019273,1.2516908986727204,0.27363226963108145,1.3496969,0.8872921793163377,0.71564907,1.0,0.8406168619791667,0.32010159834266494,0.04231210214034847,0.08984375,0.31475436667641987,0.2724422645360714
single_shape,TwoLayerCNN,2008,random_unitnorm,20,0.25746698584100486,0.23277466447871006,0.024692321362294795,8,1.2172171349387777,1.2367647138257747,0.3197039998376364,1.5774146,0.836379919262568,0.9842278,1.0,0.8452758789062501,0.3256612774085429,0.06647521310659918,0.0716145858168602,0.200050233694112,0.13357502058751283
single_shape,TwoLayerCNN,2008,random_unitnorm,40,0.26534023734338713,0.23966746342386036,0.02567277391952677,7,1.2105913675007092,1.2310043276507285,0.3285770647954862,1.6617603,0.8214722960795326,1.076946,1.0,0.84326171875,0.32367410605973546,0.06957597188161038,0.0729166641831398,0.17121886926369634,0.10164289738208596
single_shape,TwoLayerCNN,2008,random_unitnorm,80,0.272068818213375,0.24541893971581571,0.02664987849755926,7,1.2049083447209283,1.2261559721830708,0.3341775600883767,1.7381084,0.8087004141311949,1.1603453,1.0,0.8416748046875,0.3251653112411633,0.07102667619239703,0.0703125,0.14923264196022046,0.07820596576782343
single_shape,TwoLayerCNN,2008,random_unitnorm,120,0.27549678978291553,0.24835119272882267,0.027145597054092863,7,1.201991590454563,1.2236615122667698,0.3374463718334382,1.7816967,0.8017748827668304,1.2078786,1.0,0.8396809895833334,0.3273224884824284,0.07240252759329162,0.0716145858168602,0.13964435313042511,0.0672418255371335
single_shape,TwoLayerCNN,2008,random_unitnorm,160,0.2774959202822473,0.2500675212987703,0.027428398983476987,7,1.20027946273983,1.222189506901712,0.3396527794937565,1.8120307,0.7970127801967886,1.2410017,1.0,0.83917236328125,0.3278126046075378,0.07278820326797193,0.0690104141831398,0.13331003205835246,0.060521828790380525
single_shape,TwoLayerCNN,2008,random_unitnorm,200,0.27894958033589456,0.25131397597528826,0.027635604360606303,7,1.1990293127651648,1.2211128078243418,0.3411977979073738,1.8353672,0.7934021251159745,1.2664651,1.0,0.8386840820312499,0.32828349045044114,0.0729337147082916,0.0690104141831398,0.12887342974385785,0.055939715035566245
single_shape,TwoLayerCNN,2008,template_init,0,1.0,1.0,0.0,16,1.3170890159654386e-09,1.3170890159654386e-09,0.8481368160118523,1.0,1.0,0.0,,,,,,,
single_shape,TwoLayerCNN,2008,template_init,1,0.9967595405872508,0.9967595405872508,0.0,16,0.0803628020150271,0.0803628020150271,0.8504321220609343,1.0020375,0.9967595405872508,0.08363437,0.44921875,0.87152099609375,0.5267029056763725,0.05227915839832292,0.15625,0.34979729607869947,0.29751813768037655
single_shape,TwoLayerCNN,2008,template_init,5,0.9567122486527331,0.9567122486527331,0.0,16,0.29343508776241484,0.29343508776241484,0.8054921739077135,1.1152782,0.9567122486527331,0.3424104,0.99609375,0.8271687825520833,0.5106516672330594,0.061263044112698006,0.0234375,0.4541848546973266,0.3929218105846286
single_shape,TwoLayerCNN,2008,template_init,10,0.896725662095204,0.896725662095204,0.0,16,0.4520793407302313,0.4520793407302313,0.7514751820899699,1.3796582,0.896725662095204,0.66969997,1.0,0.8281249999999999,0.5306171197117444,0.024512600671451557,0.0013020833721384406,0.3177320947230807,0.29321949405162917
single_shape,TwoLayerCNN,2008,template_init,20,0.845727351580062,0.845727351580062,0.0,16,0.5514303417434714,0.5514303417434714,0.7133011602112314,1.6530468,0.845727351580062,0.9823419,1.0,0.8249715169270833,0.4997078312499307,-0.01971309347335809,0.0026041667442768812,0.14445606138704314,0.16416915486040123
single_shape,TwoLayerCNN,2008,template_init,40,0.8272278041571482,0.8272278041571482,0.0,16,0.5825727486270593,0.5825727486270593,0.7006717292334295,1.7729712,0.8272278041571482,1.1150544,1.0,0.8289591471354166,0.48630936416157056,-0.025916811285880248,0.0013020833721384406,0.09366716632611649,0.11958397761199674
single_shape,TwoLayerCNN,2008,template_init,80,0.8127900801366683,0.8127900801366683,0.0,16,0.6056065970855016,0.6056065970855016,0.6929665943762802,1.8726678,0.8127900801366683,1.2247374,1.0,0.8233846028645833,0.47873585778522887,-0.03508881234676468,0.0013020833721384406,0.05345509447864727,0.08854390682541195
single_shape,TwoLayerCNN,2008,template_init,120,0.8055122328217266,0.8055122328217266,0.0,16,0.6168742149202054,0.6168742149202054,0.6893561316680277,1.9279189,0.8055122328217266,1.2846162,1.0,0.8245442708333333,0.4714801630357037,-0.03254186472799574,0.0013020833721384406,0.042702699688439316,0.07524456441643505
single_shape,TwoLayerCNN,2008,template_init,160,0.8007396639102996,0.8007396639102996,0.0,16,0.6241684521758788,0.6241684521758788,0.6872565514982907,1.9658946,0.8007396639102996,1.3256028,1.0,0.8254801432291666,0.47152316357282353,-0.0341337539965513,0.0013020833721384406,0.03318692744156482,0.06732068143811612
single_shape,TwoLayerCNN,2008,template_init,200,0.7971560481094495,0.7971560481094495,0.0,16,0.629614610227702,0.629614610227702,0.6855077336135864,1.9946834,0.7971560481094495,1.3567059,1.0,0.8257649739583334,0.4659739455520822,-0.0329482312196806,0.0013020833721384406,0.028928835610209425,0.061877066829890026
single_shape,TwoLayerCNN,2008,template_retention_1,0,1.0,1.0,0.0,16,1.3170890159654386e-09,1.3170890159654386e-09,0.8481368160118523,1.0,1.0,0.0,,,,,,,
single_shape,TwoLayerCNN,2008,template_retention_1,1,0.9971593964762815,0.9971593964762815,0.0,16,0.07519422025408795,0.07519422025408795,0.8507950706190347,1.0025473,0.9971593964762815,0.07820077,0.453125,0.8716430664062499,0.5260804991457623,0.05134886882135303,0.1549479216337204,0.34858201938147904,0.297233150560126
single_shape,TwoLayerCNN,2008,template_retention_1,5,0.9809613988658886,0.9809613988658886,0.0,16,0.19405499183623065,0.19405499183623065,0.8355215664881754,1.0879269,0.9809613988658886,0.23314962,1.0,0.8520304361979167,0.5075083666954112,-0.006385049255076547,0.02734375,0.39518992261343167,0.4015749718685082
single_shape,TwoLayerCNN,2008,template_retention_1,10,0.9740239805152507,0.9740239805152507,0.0,16,0.2249819795279367,0.2249819795279367,0.8349642156219448,1.1854188,0.9740239805152507,0.3263029,1.0,0.8431803385416666,0.5092377703583567,0.003577601516793427,0.013020833022892475,0.3409914673109299,0.33741386579413646
single_shape,TwoLayerCNN,2008,template_retention_1,20,0.989309353489745,0.989309353489745,0.0,16,0.14381406567864988,0.14381406567864988,0.8476289475399609,1.0933976,0.989309353489745,0.19321486,1.0,0.8509114583333334,0.5015429310470612,-0.024670872015501222,0.0026041667442768812,0.24546463853645062,0.27013551055195184
single_shape,TwoLayerCNN,2008,template_retention_1,40,0.9964853773009297,0.9964853773009297,0.0,16,0.08254089223233779,0.08254089223233779,0.8495738892683402,1.045932,0.9964853773009297,0.10769996,1.0,0.8650512695312499,0.5087053579923635,0.013833299977837554,0.0052083334885537624,0.2190801001283843,0.20524680015054675
single_shape,TwoLayerCNN,2008,template_retention_1,80,0.999082596434852,0.999082596434852,0.0,16,0.042241980411893504,0.042241980411893504,0.8490408084803918,1.0208323,0.999082596434852,0.053670075,1.0,0.8738199869791667,0.5149259947271292,0.02739468482222221,0.0065104165114462376,0.1780846452330611,0.1506899604108389
single_shape,TwoLayerCNN,2008,template_retention_1,120,0.999679984352531,0.999679984352531,0.0,16,0.024933679077036846,0.024933679077036846,0.8488438249496217,1.0119144,0.999679984352531,0.03161486,1.0,0.87841796875,0.5192540009822153,0.0330234900313775,0.0065104165114462376,0.15935678555133315,0.12633329551995565
single_shape,TwoLayerCNN,2008,template_retention_1,160,0.9998507744187524,0.9998507744187524,0.0,16,0.017021806932337416,0.017021806932337416,0.8485211656058258,1.0078568,0.9998507744187524,0.021265749,1.0,0.8793131510416666,0.5233319445861798,0.034576075612966425,0.0065104165114462376,0.14598555282561598,0.11140947721264956
single_shape,TwoLayerCNN,2008,template_retention_1,200,0.9999322710305135,0.9999322710305135,0.0,16,0.011452395746633072,0.011452395746633072,0.8484115858805393,1.0054102,0.9999322710305135,0.014391612,1.0,0.8790079752604167,0.5253432508424722,0.03722694123691267,0.0078125,0.13933096144736878,0.10210402021045611
single_shape,TwoLayerCNN,2008,template_release,0,1.0,1.0,0.0,16,1.3170890159654386e-09,1.3170890159654386e-09,0.8481368160118523,1.0,1.0,0.0,,,,,,,
single_shape,TwoLayerCNN,2008,template_release,1,0.9971593964762815,0.9971593964762815,0.0,16,0.07519422025408795,0.07519422025408795,0.8507950706190347,1.0025473,0.9971593964762815,0.07820077,0.453125,0.8716430664062499,0.5260804991457623,0.05134886882135303,0.1549479216337204,0.34858201938147904,0.297233150560126
single_shape,TwoLayerCNN,2008,template_release,5,0.9809613988658886,0.9809613988658886,0.0,16,0.19405499183623065,0.19405499183623065,0.8355215664881754,1.0879269,0.9809613988658886,0.23314962,1.0,0.8520304361979167,0.5075083666954112,-0.006385049255076547,0.02734375,0.39518992261343167,0.4015749718685082
single_shape,TwoLayerCNN,2008,template_release,10,0.9740239805152507,0.9740239805152507,0.0,16,0.2249819795279367,0.2249819795279367,0.8349642156219448,1.1854188,0.9740239805152507,0.3263029,1.0,0.8431803385416666,0.5092377703583567,0.003577601516793427,0.013020833022892475,0.3409914673109299,0.33741386579413646
single_shape,TwoLayerCNN,2008,template_release,20,0.9877464977920887,0.9877464977920887,0.0,16,0.1540269892892531,0.1540269892892531,0.8466848590596995,1.1032326,0.9877464977920887,0.20866762,1.0,0.8501383463541666,0.5008078836387831,-0.02471303062961694,0.0026041667442768812,0.24171488116736584,0.2664279117969828
single_shape,TwoLayerCNN,2008,template_release,40,0.9934940462196801,0.9934940462196801,0.0,16,0.11234205498215877,0.11234205498215877,0.8483471301334344,1.0668797,0.9934940462196801,0.14850704,1.0,0.8555094401041666,0.502698694853087,0.007140642121727908,0.0052083334885537624,0.20260459293962818,0.19546395081790027
single_shape,TwoLayerCNN,2008,template_release,80,0.9848982481476203,0.9848982481476203,0.0,16,0.17154484853434876,0.17154484853434876,0.8427303100445513,1.1135112,0.9848982481476203,0.23176932,1.0,0.8490804036458333,0.49443172141917413,-0.017426207536454408,0.0,0.09644926589046754,0.11387547342692195
single_shape,TwoLayerCNN,2008,template_release,120,0.9537894703598135,0.9537894703598135,0.0,16,0.30025485673152064,0.30025485673152064,0.8267515943713186,1.255569,0.9537894703598135,0.44302648,1.0,0.8324381510416667,0.49496989395697866,0.023536378038466685,0.009114583022892475,0.09702426196579439,0.0734878839273277
single_shape,TwoLayerCNN,2008,template_release,160,0.9415680596647712,0.9415680596647712,0.0,16,0.3377410171187627,0.3377410171187627,0.8205486621013132,1.3151293,0.9415680596647712,0.52011645,1.0,0.83160400390625,0.490571060948624,-0.017168827854113222,0.0026041667442768812,0.04625169425522058,0.0634205221093338
single_shape,TwoLayerCNN,2008,template_release,200,0.933658704110973,0.933658704110973,0.0,16,0.35997171213117674,0.35997171213117674,0.8163604014951722,1.35561,0.933658704110973,0.57068926,1.0,0.8307088216145834,0.48686237645058006,0.0005399921299400895,0.0078125,0.054447554900990736,0.053907562771050646
single_shape,TwoLayerCNN,2009,random,0,0.1728766466647249,0.15422844689763915,0.01864819976708576,11,1.2851879671252435,1.2992478729554886,0.1858179106818935,0.5794486,1.0,0.0,,,,,,,
single_shape,TwoLayerCNN,2009,random,1,0.18297924483090386,0.15984773720821746,0.023131507622686398,10,1.277264053315981,1.2947159704867857,0.18122510015329435,0.5838549,0.9925584544282291,0.074922755,0.25,0.8567301432291666,0.22037974118708317,0.12431058418685392,0.25,0.44778516744024066,0.32347458325338674
single_shape,TwoLayerCNN,2009,random,5,0.24079860758346372,0.2005435233333178,0.04025508425014593,9,1.2301145774688726,1.2613363137641715,0.21446492502283243,0.6849811,0.9165740664725036,0.30027607,0.8828125,0.8511962890625001,0.21578547791361316,0.030249166666124205,0.16796875,0.4113553430686172,0.381106176402493
single_shape,TwoLayerCNN,2009,random,10,0.2950565529915081,0.24585810176994438,0.049198451221563744,9,1.1834624638491258,1.2215139514063509,0.27119866425506045,0.9852722,0.8012475392535041,0.657941,1.0,0.8330281575520834,0.27819370755493067,0.04372960921274882,0.0403645820915699,0.3832540781169602,0.3395244689042114
single_shape,TwoLayerCNN,2009,random,20,0.3101634261414882,0.2679915247440634,0.04217190139742477,9,1.1693343179737339,1.2017541281431212,0.2950673476697457,1.3507353,0.7175178850982608,1.0507605,1.0,0.8173421223958334,0.29898719592251455,0.0421652790119291,0.046875,0.22579454406894517,0.18362926505701607
single_shape,TwoLayerCNN,2009,random,40,0.3099033331057923,0.2689855903240965,0.0409177427816958,9,1.169300007120179,1.2006888970338925,0.30079248794465097,1.4510007,0.6992471195127079,1.1570129,1.0,0.8173624674479166,0.29958969589266654,0.012314757963395873,0.015625,0.1502728097418774,0.13795805177848153
single_shape,TwoLayerCNN,2009,random,80,0.30991651802496056,0.2697732948578602,0.04014322316710034,9,1.1690771974269798,1.1998478157653678,0.3053864735863635,1.5328972,0.6853305864078065,1.243675,1.0,0.8040364583333333,0.29856311269257096,0.009501269990975253,0.01171875,0.11995725392340062,0.11045598393242537
single_shape,TwoLayerCNN,2009,random,120,0.3093993784023936,0.2697338666219451,0.039665511780448526,9,1.1694319532908675,1.199806279167141,0.30774342846302105,1.5796654,0.6777217954525159,1.2930686,1.0,0.8074951171875,0.2978555508174243,0.006740795018058757,0.01171875,0.10469019727748152,0.09794940225942277
single_shape,TwoLayerCNN,2009,random,160,0.30906673485913283,0.26961843617588477,0.03944829868324806,9,1.1696637486772428,1.199847655960325,0.3097319805506426,1.612359,0.6724840207791484,1.3275818,1.0,0.8095092773437501,0.29773068564515487,0.005026083995582589,0.009114583022892475,0.09540638066964935,0.09038029667406676
single_shape,TwoLayerCNN,2009,random,200,0.30876677543170006,0.2695102170441586,0.03925655838754144,10,1.1698872600672712,1.1999017388456508,0.3111344850642888,1.637522,0.6685643535840813,1.3540883,1.0,0.8110555013020834,0.2977986304268798,0.003785275642684424,0.0078125,0.08905093881040815,0.08526566316772373
single_shape,TwoLayerCNN,2009,random_unitnorm,0,0.17287664674411668,0.15422844758415205,0.01864819915996463,11,1.2851879670760944,1.299247872455907,0.18581791014675023,1.0,1.0,0.0,,,,,,,
single_shape,TwoLayerCNN,2009,random_unitnorm,1,0.1695919689814092,0.1523411297077003,0.017250839273708907,11,1.2878870936795799,1.3008448754263826,0.18578140099908108,1.0027591,0.9972891601755046,0.07896167,0.25,0.8656412760416666,0.20608255133312767,0.01955865475962376,0.25,0.34665395306937075,0.327095298309747
single_shape,TwoLayerCNN,2009,random_unitnorm,5,0.19495833180358746,0.16983424905523714,0.025124082748350318,8,1.2677425014538457,1.28720864379771,0.18818073810932945,1.0741754,0.968502373493964,0.30015635,0.9296875,0.8551025390625,0.22948636131354305,-0.0036278284926036797,0.0950520858168602,0.3948428358606537,0.3984706643532574
single_shape,TwoLayerCNN,2009,random_unitnorm,10,0.23303086633333614,0.20864419635771858,0.02438666997561756,9,1.2358650295589841,1.254530330390547,0.22618977256174044,1.3033462,0.9053507697132779,0.64239764,1.0,0.84619140625,0.3095518657920561,-0.013142909577619766,0.0338541679084301,0.3047202193315586,0.31786312890917834
single_shape,TwoLayerCNN,2009,random_unitnorm,20,0.25468370818094144,0.23023804947798143,0.024445658702960005,10,1.2167511311475354,1.2356764053430476,0.2558758036601303,1.5602019,0.8448012226204398,0.9626276,1.0,0.8491617838541666,0.3392633212414933,-0.043296978210881576,0.010416666977107525,0.13347650986587511,0.1767734880767567
single_shape,TwoLayerCNN,2009,random_unitnorm,40,0.25764943818291564,0.23194501180656749,0.02570442637634815,10,1.2139280244078159,1.2344866975312676,0.2632157239318944,1.6398826,0.8275153658111029,1.0573367,1.0,0.8430582682291667,0.34129424204211706,-0.02722750847873362,0.009114583022892475,0.10853075857234884,0.13575826705108246
single_shape,TwoLayerCNN,2009,random_unitnorm,80,0.25882910257766645,0.2333972279344997,0.025431874643166735,10,1.2126695961443403,1.2330907477386484,0.27037413423848417,1.7104894,0.8125537199729781,1.1402588,1.0,0.8413289388020834,0.3435146508836352,-0.05295066651667389,0.0,0.05672243999481674,0.10967310651149063
single_shape,TwoLayerCNN,2009,random_unitnorm,120,0.25933453585131944,0.2338555420448017,0.025478993806517747,9,1.2121313424197628,1.2326271134206686,0.27443234916049103,1.7519169,0.8041945879443835,1.1883218,1.0,0.8396402994791666,0.3447866947893896,-0.05066519491881398,0.0,0.045342979736429756,0.09600817465524374
single_shape,TwoLayerCNN,2009,random_unitnorm,160,0.25989843926202105,0.2341732352999972,0.02572520396202385,9,1.2115973380338145,1.2323144487064805,0.27714009677731943,1.7814772,0.7984664982226359,1.222309,1.0,0.83837890625,0.34517235312990313,-0.04920835454879402,0.0,0.038916127017062374,0.0881244815658564
single_shape,TwoLayerCNN,2009,random_unitnorm,200,0.2602481724718946,0.23428269679592487,0.025965475675969713,9,1.2112515134222583,1.2321817804779585,0.2791264451445322,1.8044407,0.7940996445553041,1.2485764,1.0,0.8369344075520834,0.3449531100374124,-0.04779776010623209,0.0,0.0346743794119847,0.08247213951821679
single_shape,TwoLayerCNN,2009,template_init,0,1.0,1.0,0.0,16,1.3170890159654386e-09,1.3170890159654386e-09,0.8481368160118523,1.0,1.0,0.0,,,,,,,
single_shape,TwoLayerCNN,2009,template_init,1,0.9976612908167775,0.9976612908167775,0.0,16,0.06744101928023394,0.06744101928023394,0.8497810124498208,0.9987664,0.9976612908167775,0.07781151,0.2734375,0.8908691406250001,0.6191340080429578,0.1880663054117261,0.23046875,0.27611301638535857,0.0880467109736325
single_shape,TwoLayerCNN,2009,template_init,5,0.9654679260238639,0.9654679260238639,0.0,16,0.2617468163492459,0.2617468163492459,0.8033014380419813,1.0570395,0.9654679260238639,0.28423464,0.99609375,0.8689778645833334,0.5759434470545889,0.13662557728514269,0.125,0.5652740098466023,0.42864843256145957
single_shape,TwoLayerCNN,2009,template_init,10,0.8946542880993423,0.8946542880993423,0.0,16,0.4567183743615889,0.4567183743615889,0.7523997967336894,1.2945331,0.8946542880993423,0.62181854,1.0,0.84521484375,0.5405161405242789,0.13324655504687077,0.1901041716337204,0.4789682757871312,0.3457217207402604
single_shape,TwoLayerCNN,2009,template_init,20,0.8258577756920559,0.8258577756920559,0.0,16,0.5877545291672943,0.5877545291672943,0.7191898328425359,1.6023846,0.8258577756920559,0.9876127,1.0,0.8495890299479166,0.510657341704159,0.13576800923376361,0.1783854216337204,0.304638021182684,0.1688700119489204
single_shape,TwoLayerCNN,2009,template_init,40,0.8063017048069956,0.8063017048069956,0.0,16,0.6200945801781335,0.6200945801781335,0.707896703123769,1.700954,0.8063017048069956,1.1020753,1.0,0.8484293619791667,0.5032815671429995,0.1425270482060405,0.1705729216337204,0.2665372312205099,0.12401018301446938
single_shape,TwoLayerCNN,2009,template_init,80,0.7916446372946102,0.7916446372946102,0.0,16,0.6432535039817432,0.6432535039817432,0.6991841457281197,1.7825258,0.7916446372946102,1.1948801,1.0,0.8467610677083333,0.49906435981453856,0.14600667601006073,0.1640625,0.24511998004247193,0.0991133040324112
single_shape,TwoLayerCNN,2009,template_init,120,0.7836684123007814,0.7836684123007814,0.0,16,0.6555137527465071,0.6555137527465071,0.6942139149165634,1.8290032,0.7836684123007814,1.2473601,1.0,0.8501993815104167,0.4963177880299529,0.1465698523655705,0.16796875,0.23553013602346662,0.08896028365789613
single_shape,TwoLayerCNN,2009,template_init,160,0.7783064774168437,0.7783064774168437,0.0,16,0.6636194252192033,0.6636194252192033,0.6907431902931749,1.8613828,0.7783064774168437,1.2836889,1.0,0.8499959309895834,0.4949536672992695,0.14501867230649243,0.1653645783662796,0.22884922087637483,0.0838305485698824
single_shape,TwoLayerCNN,2009,template_init,200,0.7742996852892106,0.7742996852892106,0.0,16,0.6696168088236533,0.6696168088236533,0.6881411711612448,1.8862648,0.7742996852892106,1.3114012,1.0,0.8498738606770834,0.4936783186826939,0.14354678920014968,0.1640625,0.2239547135899962,0.08040792438984651
single_shape,TwoLayerCNN,2009,template_retention_1,0,1.0,1.0,0.0,16,1.3170890159654386e-09,1.3170890159654386e-09,0.8481368160118523,1.0,1.0,0.0,,,,,,,
single_shape,TwoLayerCNN,2009,template_retention_1,1,0.997990018737711,0.997990018737711,0.0,16,0.06257378749124001,0.06257378749124001,0.8497359921393793,0.99847865,0.997990018737711,0.07217425,0.2734375,0.8908894856770834,0.6218564661941981,0.19314531171848393,0.23046875,0.28033140752491126,0.08718609580642732
single_shape,TwoLayerCNN,2009,template_retention_1,5,0.9847243778114065,0.9847243778114065,0.0,16,0.17306470048975575,0.17306470048975575,0.8308796873295746,1.0364467,0.9847243778114065,0.18789326,0.99609375,0.8709920247395833,0.601322624797982,0.13326822888393824,0.0872395858168602,0.5691817105352679,0.43591348165132965
single_shape,TwoLayerCNN,2009,template_retention_1,10,0.9694172442995477,0.9694172442995477,0.0,16,0.2450658873090205,0.2450658873090205,0.8234177009060283,1.1625016,0.9694172442995477,0.34406757,1.0,0.8635050455729166,0.58130795058035,0.1585621186498139,0.2005208283662796,0.5432136617768728,0.3846515431270589
single_shape,TwoLayerCNN,2009,template_retention_1,20,0.9879396386423145,0.9879396386423145,0.0,16,0.15447315770108083,0.15447315770108083,0.8368501180495966,1.0864116,0.9879396386423145,0.21425459,1.0,0.8785603841145833,0.6101697403345436,0.04873724780573352,0.171875,0.35148214282111734,0.3027448950153838
single_shape,TwoLayerCNN,2009,template_retention_1,40,0.9967385535714024,0.9967385535714024,0.0,16,0.0801760398714072,0.0801760398714072,0.8440359626245264,1.0395844,0.9967385535714024,0.11108849,1.0,0.8855590820312501,0.6210573676564,0.09311354797963978,0.203125,0.3408198373472824,0.2477062893676426
single_shape,TwoLayerCNN,2009,template_retention_1,80,0.9993980222413781,0.9993980222413781,0.0,16,0.034318089904273784,0.034318089904273784,0.8474646182122472,1.0166781,0.9993980222413781,0.047964558,1.0,0.8875732421875,0.6283440128844408,0.1334859488699391,0.2434895783662796,0.347996006215587,0.21451005734564793
single_shape,TwoLayerCNN,2009,template_retention_1,120,0.9997964305846384,0.9997964305846384,0.0,16,0.01990668808276471,0.01990668808276471,0.8477540255124674,1.0093533,0.9997964305846384,0.027215011,1.0,0.8870035807291667,0.6301051600575509,0.16524710098146106,0.2747395932674408,0.36054614043441235,0.1952990394529513
single_shape,TwoLayerCNN,2009,template_retention_1,160,0.9999186142057349,0.9999186142057349,0.0,16,0.012529598917264802,0.012529598917264802,0.8480228278056878,1.0058537,0.9999186142057349,0.016847596,1.0,0.8868001302083334,0.630197620047545,0.1805756758925195,0.296875,0.36388269086423886,0.18330701497171936
single_shape,TwoLayerCNN,2009,template_retention_1,200,0.9999613646386879,0.9999613646386879,0.0,16,0.008614571389440896,0.008614571389440896,0.848101490831866,1.0038139,0.9999613646386879,0.011458221,1.0,0.8862101236979166,0.630999284601538,0.19206112658777913,0.3098958432674408,0.3705861064146603,0.17852497982688115
single_shape,TwoLayerCNN,2009,template_release,0,1.0,1.0,0.0,16,1.3170890159654386e-09,1.3170890159654386e-09,0.8481368160118523,1.0,1.0,0.0,,,,,,,
single_shape,TwoLayerCNN,2009,template_release,1,0.997990018737711,0.997990018737711,0.0,16,0.06257378749124001,0.06257378749124001,0.8497359921393793,0.99847865,0.997990018737711,0.07217425,0.2734375,0.8908894856770834,0.6218564661941981,0.19314531171848393,0.23046875,0.28033140752491126,0.08718609580642732
single_shape,TwoLayerCNN,2009,template_release,5,0.9847243778114065,0.9847243778114065,0.0,16,0.17306470048975575,0.17306470048975575,0.8308796873295746,1.0364467,0.9847243778114065,0.18789326,0.99609375,0.8709920247395833,0.601322624797982,0.13326822888393824,0.0872395858168602,0.5691817105352679,0.43591348165132965
single_shape,TwoLayerCNN,2009,template_release,10,0.9694172442995477,0.9694172442995477,0.0,16,0.2450658873090205,0.2450658873090205,0.8234177009060283,1.1625016,0.9694172442995477,0.34406757,1.0,0.8635050455729166,0.58130795058035,0.1585621186498139,0.2005208283662796,0.5432136617768728,0.3846515431270589
single_shape,TwoLayerCNN,2009,template_release,20,0.9862725993946555,0.9862725993946555,0.0,16,0.16477942545561247,0.16477942545561247,0.8354728691601305,1.095731,0.9862725993946555,0.23007749,1.0,0.878662109375,0.6089186763735874,0.04889204466994057,0.1744791716337204,0.34751210806627697,0.2986200633963364
single_shape,TwoLayerCNN,2009,template_release,40,0.9940672080207755,0.9940672080207755,0.0,16,0.10818154046770981,0.10818154046770981,0.8412947749277495,1.0566683,0.9940672080207755,0.151644,1.0,0.8828328450520833,0.6158979893449552,0.10919686731968192,0.21484375,0.3460360633140943,0.2368391959944124
single_shape,TwoLayerCNN,2009,template_release,80,0.9881752083398109,0.9881752083398109,0.0,16,0.15195636213050143,0.15195636213050143,0.8359125984974483,1.0849984,0.9881752083398109,0.21266812,1.0,0.8830159505208334,0.61085143727666,0.11592950419841058,0.1927083283662796,0.2839004715992177,0.16797096740080714
single_shape,TwoLayerCNN,2009,template_release,120,0.9627018492976136,0.9627018492976136,0.0,16,0.26986705619105905,0.26986705619105905,0.8148759718405276,1.1804652,0.9627018492976136,0.38668633,1.0,0.8785400390625,0.5917062672022135,0.10083306849635397,0.1588541716337204,0.22420163489776979,0.12336856640141582
single_shape,TwoLayerCNN,2009,template_release,160,0.9524812024072055,0.9524812024072055,0.0,16,0.3046766529244071,0.3046766529244071,0.8064326926631952,1.2216032,0.9524812024072055,0.44725537,1.0,0.8746134440104166,0.5835436604642571,0.10310351785925351,0.1497395783662796,0.21723165464055205,0.11412813678129854
single_shape,TwoLayerCNN,2009,template_release,200,0.9458196983635315,0.9458196983635315,0.0,16,0.3253866392948319,0.3253866392948319,0.8010066113925185,1.2501998,0.9458196983635315,0.48638642,1.0,0.8721516927083333,0.5788315450256879,0.10000710293179917,0.1458333283662796,0.20896837280957148,0.10896126987777231
two_concepts,TinyCNN,2000,random,0,0.1429484701178655,0.11912839980039114,0.02382007031747435,8,1.308576386852438,1.3266036432941715,0.20121770605897019,0.573582,1.0,0.0,,,,,,,
two_concepts,TinyCNN,2000,random,1,0.13677292749652403,0.11456385294793292,0.022209074548591112,8,1.313231096709731,1.3301149357858275,0.1956495044369643,0.57697827,0.994446181315958,0.08546478,0.25,0.8713836669921875,0.202257153141151,0.28267187167644103,0.25,0.6519303837855905,0.3692585121091495
two_concepts,TinyCNN,2000,random,5,0.16652804014279843,0.14725121543306208,0.01927682470973635,9,1.2898233630254525,1.304790446961329,0.20075857437987196,0.6355684,0.9214685548159869,0.2657807,0.6484375,0.959136962890625,0.19004336142116435,0.3565658705702715,0.40625,0.8354771033735093,0.47891123280323783
two_concepts,TinyCNN,2000,random,10,0.19613285331216107,0.17949526069104915,0.01663759262111192,10,1.2656180493121856,1.2790514924446736,0.2364833218386414,0.7826599,0.8021207702744882,0.48453483,0.8828125,0.977386474609375,0.19029909739089873,0.3793541916697348,0.701171875,0.8645449600986894,0.48519076842895464
two_concepts,TinyCNN,2000,random,20,0.2268725186326111,0.20806235875229862,0.018810159880312483,10,1.2404241633628235,1.2546931702335775,0.27848594589592685,1.2478385,0.6024107280958708,1.0240908,0.93359375,0.9937286376953125,0.2006075145136608,0.44009337873542803,0.8203125,0.8858152048634549,0.44572182612802685
two_concepts,TinyCNN,2000,random,40,0.24472592856301179,0.21885385648931976,0.02587207207369202,10,1.2250620423821637,1.2455960421770513,0.3127767611648959,1.9486196,0.47100350613625297,1.7590902,0.984375,0.9954833984375,0.1953660150591097,0.5565428749833571,0.896484375,0.9256584345135346,0.3691155595301775
two_concepts,TinyCNN,2000,random,80,0.24731128081873285,0.22295128584152615,0.0243599949772067,10,1.2225499950672964,1.2415705125715295,0.3148337240791269,2.5174143,0.4137588072112672,2.342401,0.984375,0.995849609375,0.1928640111209281,0.6271872284114126,0.912109375,0.9401584151385399,0.3129711867271273
two_concepts,TinyCNN,2000,random,120,0.2472562468791677,0.22265222308782587,0.024604023791341828,9,1.2226384614383805,1.241838086291665,0.31761756878482617,2.797069,0.39430524516990084,2.6265872,0.984375,0.99560546875,0.1922761558947842,0.6530375352295145,0.9140625,0.9445026379415313,0.29146510271201687
two_concepts,TinyCNN,2000,random,160,0.2469576791890975,0.22233376931168913,0.024623909877408368,9,1.2229278624302653,1.2421262803898114,0.318277761445127,2.980004,0.38350301157832434,2.8120098,0.99609375,0.99554443359375,0.19198001294969103,0.6668917049711254,0.919921875,0.9464110757708181,0.2795193707996927
two_concepts,TinyCNN,2000,random,200,0.24631641820079672,0.22201553653122894,0.024300881669567787,9,1.223462079282816,1.2424078074355744,0.3178779380944119,3.1150527,0.3759940350434957,2.9488742,0.99609375,0.995849609375,0.19235710812178436,0.6753192154508975,0.919921875,0.9471688332174075,0.27184961776651007
two_concepts,TinyCNN,2000,random_unitnorm,0,0.14294847053568116,0.1191283986968233,0.023820071838857856,8,1.3085763865476032,1.3266036441402718,0.20121770735911515,1.0,1.0,0.0,,,,,,,
two_concepts,TinyCNN,2000,random_unitnorm,1,0.13961367951816195,0.11655645580741611,0.02305722371074584,8,1.3110972668153154,1.3285372393751653,0.20069571247505663,1.0014288,0.9990163806480481,0.09106158,0.25,0.750946044921875,0.193278221873862,0.08000349193895945,0.25,0.3755984391304299,0.29559494719147045
two_concepts,TinyCNN,2000,random_unitnorm,5,0.13720577202209108,0.12019964819279212,0.01700612382929896,9,1.3126733560096933,1.3256044609363287,0.1945212672018395,1.0321654,0.9749105321446253,0.2790081,0.60546875,0.9279327392578125,0.18880649262124888,0.3609583472880623,0.486328125,0.7716039141150091,0.41064556682694675
two_concepts,TinyCNN,2000,random_unitnorm,10,0.15993796110600933,0.13972291053121508,0.020215050574794252,10,1.295192857095087,1.3108141802912643,0.20764017722466172,1.1121231,0.92403890518205,0.44843185,0.8046875,0.961029052734375,0.16647527309292015,0.3953562443788803,0.623046875,0.8561223190841686,0.4607660747052883
two_concepts,TinyCNN,2000,random_unitnorm,20,0.18870397982875037,0.17159378203401954,0.01711019779473083,10,1.2720630369745023,1.2857247822389644,0.26115297169720786,1.436679,0.7829950578853231,0.9311471,0.92578125,0.9821319580078125,0.18475945226145746,0.44229368635249744,0.83203125,0.9020206638696358,0.4597269775171383
two_concepts,TinyCNN,2000,random_unitnorm,40,0.21454738719006528,0.19477300571155454,0.01977438147851074,9,1.2509130214314599,1.2659337559295722,0.343453870831602,2.0947812,0.6246534777926533,1.6953225,0.9765625,0.99029541015625,0.19445990053763368,0.5346062982737291,0.90625,0.9317841699945091,0.39717787172078
two_concepts,TinyCNN,2000,random_unitnorm,80,0.21980787423191966,0.1984936070050869,0.021314267226832773,10,1.2464020400837754,1.262941999643238,0.36717341294320305,2.694273,0.5451091397042631,2.3344102,0.984375,0.99176025390625,0.1907427163942681,0.6144605162545493,0.9453125,0.9504413202928934,0.335980804038344
two_concepts,TinyCNN,2000,random_unitnorm,120,0.22039739077942178,0.19876094747065884,0.021636443308762937,9,1.2459231360521819,1.2627764418161846,0.37106882139514974,2.9948642,0.5175659331910172,2.6465516,0.98828125,0.99176025390625,0.19080215674142947,0.6563821502735874,0.9453125,0.9651762362800853,0.30879408600649794
two_concepts,TinyCNN,2000,random_unitnorm,160,0.21979194445193556,0.19753200931703077,0.02225993513490479,9,1.246385756955724,1.2637466883273096,0.3721267230845716,3.1932337,0.5020542083425725,2.851244,0.98828125,0.99114990234375,0.19182346307502393,0.6739220155847379,0.951171875,0.9669144812659337,0.29299246568119586
two_concepts,TinyCNN,2000,random_unitnorm,200,0.2191597790157842,0.1964723505734563,0.022687428442327906,9,1.2468995463450807,1.2646019457341406,0.3735134657350364,3.34061,0.4913332055367219,3.00317,0.9921875,0.99078369140625,0.1920623153303708,0.6852140854774897,0.953125,0.9677171360843524,0.2825030506068626
two_concepts,TinyCNN,2000,template_init,0,1.0,1.0,0.0,16,1.3170890159654386e-09,1.3170890159654386e-09,0.8481368160118523,1.0,1.0,0.0,,,,,,,
two_concepts,TinyCNN,2000,template_init,1,0.9993626204902444,0.9993626204902444,0.0,16,0.02709643388333897,0.02709643388333897,0.8488348193982723,1.0047727,0.9993626204902444,0.099246986,0.25,0.7742767333984375,0.37671053103744645,0.46113294706906116,0.25,0.6241738182653724,0.16304087119631128
two_concepts,TinyCNN,2000,template_init,5,0.9809164847614587,0.9809164847614587,0.0,16,0.18299813168707685,0.18299813168707685,0.8408280581775727,1.0669539,0.9809164847614587,0.37560827,0.51171875,0.8400726318359375,0.3640199252386447,0.3435717287655853,0.451171875,0.8226294520331219,0.4790577232675366
two_concepts,TinyCNN,2000,template_init,10,0.9288240351231356,0.9288240351231356,0.0,16,0.3662036910988053,0.3662036910988053,0.78917250869009,1.1247222,0.9288240351231356,0.5017301,0.75,0.8811187744140625,0.3386789835127208,0.36800064167564883,0.49609375,0.8631160946617474,0.4951154529860986
two_concepts,TinyCNN,2000,template_init,20,0.807342908814128,0.8047781276690318,0.0025647811450961733,14,0.6142652318687061,0.6179732626855133,0.6580257287275099,1.4148784,0.8047781276690318,0.92216396,0.91796875,0.971466064453125,0.29542349777024257,0.39870190717076703,0.640625,0.8712991772046041,0.4725972700338371
two_concepts,TinyCNN,2000,template_init,40,0.6575854824725077,0.6518759815667026,0.005709500905805132,12,0.823000580076658,0.8294422226777071,0.5190467878594904,2.0641646,0.6512445575291224,1.6601222,0.96875,0.9841766357421875,0.2423782783543077,0.46552837956617654,0.78515625,0.8784079292990142,0.4128795497328377
two_concepts,TinyCNN,2000,template_init,80,0.5742856417661067,0.5689309707938687,0.005354670972238074,11,0.9167446609103427,0.9222969349674103,0.45256208413315535,2.791019,0.5657833301005581,2.4162211,0.98828125,0.9884033203125,0.21845495642974067,0.5471673961055105,0.8359375,0.9019012172268925,0.3547338211213821
two_concepts,TinyCNN,2000,template_init,120,0.5456105507248612,0.5415710115327058,0.004039539192155384,13,0.9471716039163905,0.9512814138575498,0.4299723592804961,3.176453,0.536355195336823,2.810631,0.9921875,0.990753173828125,0.209783715091221,0.5793331399672206,0.85546875,0.9083257185315717,0.32899257856435116
two_concepts,TinyCNN,2000,template_init,160,0.5282221443197113,0.524183244579411,0.00403889974030025,12,0.9652103652165861,0.9692068838340269,0.4187537768411316,3.4364197,0.518103133970027,3.0776181,0.9921875,0.99029541015625,0.20472156069221725,0.5986052640831491,0.8671875,0.9120038418938727,0.31339857781072367
two_concepts,TinyCNN,2000,template_init,200,0.5162455459008264,0.5121416757749286,0.004103870125897746,12,0.9775103361135588,0.9815077548966038,0.41197232885144,3.6300344,0.5056125529263278,3.276307,0.9921875,0.9902801513671875,0.20199510529902845,0.6100822908067642,0.865234375,0.912532286940627,0.30244999613386286
two_concepts,TinyCNN,2000,template_retention_1,0,1.0,1.0,0.0,16,1.3170890159654386e-09,1.3170890159654386e-09,0.8481368160118523,1.0,1.0,0.0,,,,,,,
two_concepts,TinyCNN,2000,template_retention_1,1,0.9994342071981959,0.9994342071981959,0.0,16,0.02854750934160798,0.02854750934160798,0.849355927981983,0.99803203,0.9994342071981959,0.087929,0.25,0.7752227783203125,0.37722591017174256,0.4536920774619528,0.25,0.6231086851372714,0.16941660767531858
two_concepts,TinyCNN,2000,template_retention_1,5,0.9835474758287595,0.9835474758287595,0.0,16,0.1780132932884146,0.1780132932884146,0.845197625100224,0.97086245,0.9835474758287595,0.24116918,0.44921875,0.8480377197265625,0.36945054461310944,0.36512808475382086,0.345703125,0.8472749197289149,0.48214683497509403
two_concepts,TinyCNN,2000,template_retention_1,10,0.9677271917066346,0.9677271917066346,0.0,16,0.2469434262473462,0.2469434262473462,0.8274913287768234,1.0016277,0.9677271917066346,0.27682865,0.69140625,0.8917388916015625,0.3661979343346341,0.3614065048617416,0.466796875,0.8529837736002919,0.4915772687385503
two_concepts,TinyCNN,2000,template_retention_1,20,0.9608969278580515,0.9608969278580515,0.0,16,0.2664201057626017,0.2664201057626017,0.8159190686065396,1.060556,0.9608969278580515,0.30422902,0.8359375,0.8865814208984375,0.35502253647877424,0.3929553829100514,0.6171875,0.8831449818501824,0.49018959894013103
two_concepts,TinyCNN,2000,template_retention_1,40,0.945424501494864,0.945424501494864,0.0,16,0.3087573804986715,0.3087573804986715,0.7911765189101652,1.1124752,0.945424501494864,0.36226225,0.90625,0.9021759033203125,0.3406378237789369,0.4443366932990451,0.775390625,0.9113051280121406,0.46696843471309546
two_concepts,TinyCNN,2000,template_retention_1,80,0.9373831791020839,0.9373831791020839,0.0,16,0.3262430077165606,0.3262430077165606,0.7763848197064416,1.1232755,0.9373831791020839,0.38227403,0.95703125,0.917205810546875,0.3326322091231494,0.5119499333132639,0.884765625,0.9459127394222735,0.4339628061090096
two_concepts,TinyCNN,2000,template_retention_1,120,0.9392793438162763,0.9392793438162763,0.0,16,0.3193458578965459,0.3193458578965459,0.7796537559522534,1.1123586,0.9392793438162763,0.36897123,0.96484375,0.921417236328125,0.33477577806502934,0.5379341129629831,0.900390625,0.95398044245524,0.4160463294922569
two_concepts,TinyCNN,2000,template_retention_1,160,0.9421599701397452,0.9421599701397452,0.0,16,0.3106025610690645,0.3106025610690645,0.7820226715741556,1.1022896,0.9421599701397452,0.35475016,0.96484375,0.9220123291015625,0.33438313541647,0.5517331200063527,0.916015625,0.9574347850815462,0.4057016650751935
two_concepts,TinyCNN,2000,template_retention_1,200,0.9445566284576637,0.9445566284576637,0.0,16,0.30315891989355603,0.30315891989355603,0.7843275750125103,1.0928901,0.9445566284576637,0.3421902,0.97265625,0.95751953125,0.33351204403372203,0.5625590524617194,0.919921875,0.9602629627666149,0.39770391030489555
two_concepts,TinyCNN,2000,template_release,0,1.0,1.0,0.0,16,1.3170890159654386e-09,1.3170890159654386e-09,0.8481368160118523,1.0,1.0,0.0,,,,,,,
two_concepts,TinyCNN,2000,template_release,1,0.9994342071981959,0.9994342071981959,0.0,16,0.02854750934160798,0.02854750934160798,0.849355927981983,0.99803203,0.9994342071981959,0.087929,0.25,0.7752227783203125,0.37722591017174256,0.4536920774619528,0.25,0.6231086851372714,0.16941660767531858
two_concepts,TinyCNN,2000,template_release,5,0.9835474758287595,0.9835474758287595,0.0,16,0.1780132932884146,0.1780132932884146,0.845197625100224,0.97086245,0.9835474758287595,0.24116918,0.44921875,0.8480377197265625,0.36945054461310944,0.36512808475382086,0.345703125,0.8472749197289149,0.48214683497509403
two_concepts,TinyCNN,2000,template_release,10,0.9677271917066346,0.9677271917066346,0.0,16,0.2469434262473462,0.2469434262473462,0.8274913287768234,1.0016277,0.9677271917066346,0.27682865,0.69140625,0.8917388916015625,0.3661979343346341,0.3614065048617416,0.466796875,0.8529837736002919,0.4915772687385503
two_concepts,TinyCNN,2000,template_release,20,0.9567591249535576,0.9567591249535576,0.0,16,0.28090472718413106,0.28090472718413106,0.8113801809173866,1.0676148,0.9567591249535576,0.322249,0.84375,0.8882293701171875,0.35359058158462564,0.39348682302297944,0.6171875,0.8821367878764774,0.488649964853498
two_concepts,TinyCNN,2000,template_release,40,0.9187146165309891,0.9187146165309891,0.0,16,0.3814116834281244,0.3814116834281244,0.7601510330072578,1.1726915,0.9187146165309891,0.472503,0.92578125,0.927490234375,0.3315188007862535,0.44729246355270136,0.7890625,0.908995155846099,0.46170269229339767
two_concepts,TinyCNN,2000,template_release,80,0.7935938269130189,0.7929718431889883,0.0006219837240306614,15,0.6233642606633133,0.6241914566815702,0.6053521183155404,1.5356418,0.7929718431889883,0.97391534,0.9765625,0.95697021484375,0.2957918680034013,0.525228953503842,0.861328125,0.9286706059539305,0.40344165245008845
two_concepts,TinyCNN,2000,template_release,120,0.6424028755452813,0.6394643086014838,0.0029385669437974604,14,0.83506560649384,0.8384664415633309,0.44565676063304704,2.2654233,0.6394643086014838,1.8206521,0.9921875,0.98431396484375,0.2570671273314351,0.5791823878070488,0.8828125,0.9304129377066108,0.35123054989956204
two_concepts,TinyCNN,2000,template_release,160,0.5955276468811349,0.590714503178709,0.004813143702425915,14,0.8904879388982732,0.895687362450513,0.40275751781005337,2.6396842,0.5903848160437895,2.2252412,0.99609375,0.9868621826171875,0.24991002236438342,0.5794989561420377,0.85546875,0.9081650493093107,0.328666093167273
two_concepts,TinyCNN,2000,template_release,200,0.5727160085283334,0.5670527498174112,0.005663258710922214,14,0.916217616985922,0.9221540676696878,0.38313890713727217,2.895607,0.5656695541463147,2.4937434,0.99609375,0.9875946044921875,0.2452189240121067,0.5475158086036038,0.798828125,0.8620082422552777,0.31449243365167384
two_concepts,TinyCNN,2001,random,0,0.17021537812777857,0.1537912172108335,0.01642416091694507,12,1.286183697340594,1.298127296444489,0.17127070433478642,0.5533465,1.0,0.0,,,,,,,
two_concepts,TinyCNN,2001,random,1,0.1738874418624931,0.15429531666328775,0.019592125199205362,11,1.283593258009676,1.297997481501739,0.1734706454504042,0.55665314,0.9934761029260746,0.08777307,0.3125,0.802398681640625,0.1660896475511638,0.33175588516505095,0.263671875,0.6534944703309804,0.32173858516592946
two_concepts,TinyCNN,2001,random,5,0.21723770590446695,0.18681057503043996,0.030427130874026986,10,1.2497759361110077,1.2735520056393006,0.17192420654013774,0.61741954,0.9219009724517482,0.28008977,0.52734375,0.9326629638671875,0.1706567009665828,0.40053447305823214,0.33203125,0.7703363366903309,0.3698018636320987
two_concepts,TinyCNN,2001,random,10,0.26620690066551894,0.2324073352155173,0.03379956545000165,9,1.209675305820256,1.2361191406018301,0.21910895683907675,0.74322486,0.7967909338686612,0.4658454,0.890625,0.96343994140625,0.182597465196616,0.4318005462337621,0.658203125,0.8270697273351942,0.39526918110143217
two_concepts,TinyCNN,2001,random,20,0.3007102584934625,0.2597565948331031,0.04095366366035941,11,1.1785214363235867,1.2099821531189354,0.3225987697740459,1.1922202,0.5867220261649011,0.98608565,0.984375,0.98687744140625,0.18569773604447998,0.47014318785557657,0.6875,0.8476260301281127,0.3774828422725361
two_concepts,TinyCNN,2001,random,40,0.31619799891511663,0.27286187603395307,0.043336122881163563,11,1.1642848216349557,1.198241794542373,0.3463777514277272,1.9090843,0.4398772739466189,1.7438412,1.0,0.98883056640625,0.18163000433249624,0.5544557195927986,0.732421875,0.8442749638908302,0.28981924429803163
two_concepts,TinyCNN,2001,random,80,0.3143523799578153,0.2735603455931541,0.04079203436466117,10,1.165477795907198,1.1977360198638591,0.35187350550867497,2.4784875,0.37977939518367115,2.3286684,1.0,0.9893798828125,0.17664191810390745,0.6123700189230847,0.740234375,0.834570246514593,0.22220022759150826
two_concepts,TinyCNN,2001,random,120,0.31220945131519084,0.2736052077430461,0.03860424357214476,9,1.1673042792429527,1.1977600134971376,0.3525609949163887,2.757122,0.36116825874936387,2.6114702,1.0,0.98883056640625,0.1752320317154757,0.6321783598272861,0.7265625,0.8235593699412367,0.19138101011395064
two_concepts,TinyCNN,2001,random,160,0.31072338759218554,0.2732173334254692,0.03750605416671632,9,1.1685431016685608,1.1980280483679433,0.351511606695453,2.943051,0.3509927365212118,2.799612,1.0,0.98870849609375,0.17558105021624415,0.6410589954767076,0.71875,0.8145458678381561,0.1734868723614485
two_concepts,TinyCNN,2001,random,200,0.3105980414314352,0.27348133006322667,0.037116711368208544,9,1.168632714643863,1.1978002256044165,0.35086483286265446,3.081639,0.34423601000738596,2.9396825,1.0,0.98834228515625,0.17621960253863475,0.6459699470676418,0.7109375,0.8073092815272714,0.16133933445962967
two_concepts,TinyCNN,2001,random_unitnorm,0,0.17021537878947135,0.15379121683963232,0.016424161949839033,12,1.2861836968285147,1.298127296711582,0.17127070434121577,1.0,1.0,0.0,,,,,,,
two_concepts,TinyCNN,2001,random_unitnorm,1,0.17498517713993744,0.15613073121795942,0.01885444592197802,11,1.282484976176448,1.2967937522731319,0.17438504785615933,1.0011,0.9985637797774554,0.09146931,0.25,0.7647705078125,0.1817211382424446,0.22502632955497642,0.25,0.4955644171163325,0.27053808756135606
two_concepts,TinyCNN,2001,random_unitnorm,5,0.19454188143150086,0.16919435293084484,0.025347528500656025,10,1.2673858535103293,1.2861725988226504,0.16592970021464903,1.0411265,0.9738273417278311,0.3115186,0.50390625,0.8478851318359375,0.17181500858418158,0.40306447578690663,0.390625,0.7823413897641109,0.3792769139772043
two_concepts,TinyCNN,2001,random_unitnorm,10,0.22091195617864634,0.19650043537786316,0.024411520800783182,10,1.2464274554920716,1.2654799912690873,0.17526383166570872,1.1153615,0.914630390915667,0.4801512,0.84765625,0.9166412353515625,0.18104707412627016,0.5113024700235923,0.734375,0.9112455724553294,0.39994310243173714
two_concepts,TinyCNN,2001,random_unitnorm,20,0.2593322268662891,0.2357986976691578,0.02353352919713131,10,1.214967350488934,1.2338982527963696,0.22364770293782804,1.3880696,0.7760301674521066,0.8884633,0.9453125,0.94525146484375,0.19900100967506287,0.41220668066903454,0.66015625,0.791343810432901,0.3791371297638665
two_concepts,TinyCNN,2001,random_unitnorm,40,0.28378103579117897,0.2605055063357812,0.023275529455397792,10,1.1932616760500825,1.2121288353123856,0.27379458435906623,1.9978447,0.6087717084535048,1.6157447,0.99609375,0.9798583984375,0.20057448494453248,0.5160279986741716,0.703125,0.8264139979106414,0.31038599923646976
two_concepts,TinyCNN,2001,random_unitnorm,80,0.2861005800709452,0.2563541280477286,0.029746452023216574,10,1.1909219032956018,1.2146062118772676,0.29984893291540127,2.6052842,0.5141481457084685,2.2738562,1.0,0.98095703125,0.18771874134217492,0.5907684771878977,0.72265625,0.8300515170953664,0.23928303990746866
two_concepts,TinyCNN,2001,random_unitnorm,120,0.2861269248774748,0.2548411396316015,0.03128578524587333,10,1.190839591425052,1.2159878390066128,0.30367993779740066,2.9184618,0.48067381517909447,2.6030087,1.0,0.97979736328125,0.18653628116609866,0.6206840681829702,0.728515625,0.8265706058632118,0.20588653768024168
two_concepts,TinyCNN,2001,random_unitnorm,160,0.28670736704761296,0.2550841589221938,0.03162320812541913,11,1.1903847628967217,1.2157749583760216,0.30409711656827537,3.1215389,0.46302851947851176,2.8139186,1.0,0.97943115234375,0.18598699316382947,0.636896521539391,0.728515625,0.8231003054822108,0.18620378394281978
two_concepts,TinyCNN,2001,random_unitnorm,200,0.286623035037002,0.25488237559149546,0.031740659445506525,11,1.1904443508234634,1.2159059445222669,0.30400157559274,3.2709444,0.45186939204756116,2.9679403,1.0,0.9794921875,0.18539218513445316,0.6477785673206103,0.73046875,0.8202321086674673,0.17245354134685698
two_concepts,TinyCNN,2001,template_init,0,1.0,1.0,0.0,16,1.3170890159654386e-09,1.3170890159654386e-09,0.8481368160118523,1.0,1.0,0.0,,,,,,,
two_concepts,TinyCNN,2001,template_init,1,0.9992175729113701,0.9992175729113701,0.0,16,0.0275182103098884,0.0275182103098884,0.846878182367872,1.0053637,0.9992175729113701,0.099040255,0.25,0.80804443359375,0.3929393330905077,0.45462645823502434,0.25,0.5885821464180908,0.13395568818306647
two_concepts,TinyCNN,2001,template_init,5,0.9840022529214582,0.9840022529214582,0.0,16,0.15833776882000988,0.15833776882000988,0.8262094095082684,1.0682037,0.9840022529214582,0.346102,0.51953125,0.8509063720703125,0.3796899024949947,0.6002541143555986,0.486328125,0.8970488600126756,0.2967947456570769
two_concepts,TinyCNN,2001,template_init,10,0.9399381385130938,0.9399381385130938,0.0,16,0.3276078586256488,0.3276078586256488,0.770918655394781,1.135916,0.9399381385130938,0.47412378,0.88671875,0.9176483154296875,0.3146627532552203,0.5668964507166481,0.767578125,0.919506497697102,0.3526100469804539
two_concepts,TinyCNN,2001,template_init,20,0.838328939272033,0.838328939272033,0.0,16,0.553430107442342,0.553430107442342,0.6610324705941499,1.38218,0.838328939272033,0.8209474,0.953125,0.963470458984375,0.2502102107096045,0.5512641365996619,0.80859375,0.9145045936838105,0.36324045708414865
two_concepts,TinyCNN,2001,template_init,40,0.6887648374209514,0.6865509211162533,0.002213916304698138,13,0.7838665891435808,0.7865489213194512,0.5499325168492495,2.0147347,0.6847787402694053,1.5670273,0.9921875,0.981689453125,0.23079401423835477,0.5779199117472977,0.880859375,0.9268012996447644,0.34888138789746675
two_concepts,TinyCNN,2001,template_init,80,0.5928224059809328,0.5839367458204223,0.008885660160510511,11,0.8994115449278258,0.9087869423846039,0.478044284177335,2.819859,0.5796783092238464,2.4200277,0.99609375,0.9853057861328125,0.19345927919147227,0.629890228980298,0.896484375,0.931559688840406,0.30166945986010796
two_concepts,TinyCNN,2001,template_init,120,0.5606809322608818,0.5537578244890091,0.006923107771872661,11,0.9341395008251168,0.9409646286323776,0.4537236959377626,3.258498,0.5470895951246388,2.8683727,0.99609375,0.9865875244140625,0.18444627787812817,0.6621140019694323,0.88671875,0.9306606775280362,0.2685466755586039
two_concepts,TinyCNN,2001,template_init,160,0.5460007147258634,0.5389228396515051,0.0070778750743583085,11,0.9496752593200637,0.9565744100468999,0.4428853726452443,3.553249,0.5314385702587703,3.1656563,0.99609375,0.9872589111328125,0.18496192182780608,0.6821144981338362,0.88671875,0.9291347946410483,0.24702029650721213
two_concepts,TinyCNN,2001,template_init,200,0.5368735134240282,0.5296700012119149,0.00720351221211335,11,0.9592920729176884,0.9662855146048035,0.4374342948329357,3.7731187,0.5215806735091513,3.3872733,0.99609375,0.9882965087890625,0.18458960770449606,0.6954702828320137,0.88671875,0.9275237905833411,0.23205350775132738
two_concepts,TinyCNN,2001,template_retention_1,0,1.0,1.0,0.0,16,1.3170890159654386e-09,1.3170890159654386e-09,0.8481368160118523,1.0,1.0,0.0,,,,,,,
two_concepts,TinyCNN,2001,template_retention_1,1,0.9992983428820248,0.9992983428820248,0.0,16,0.02886872214896916,0.02886872214896916,0.8472899891714687,1.0010626,0.9992983428820248,0.087903455,0.25,0.807037353515625,0.39170043056816695,0.454353543895476,0.25,0.5877673188898711,0.13341377499439508
two_concepts,TinyCNN,2001,template_retention_1,5,0.9868419187541584,0.9868419187541584,0.0,16,0.15662268223446874,0.15662268223446874,0.831567689460569,0.9837643,0.9868419187541584,0.22635935,0.52734375,0.8456878662109375,0.3952040622375541,0.5992492526939924,0.5078125,0.8859593342121577,0.28671008151816524
two_concepts,TinyCNN,2001,template_retention_1,10,0.9745227587524786,0.9745227587524786,0.0,16,0.21662421436082707,0.21662421436082707,0.8117938413883584,1.011127,0.9745227587524786,0.24557617,0.828125,0.89208984375,0.37348618706213776,0.5627089409097965,0.755859375,0.8961393060935283,0.3334303651837318
two_concepts,TinyCNN,2001,template_retention_1,20,0.9623725005061751,0.9623725005061751,0.0,16,0.2581914450695175,0.2581914450695175,0.7997644829800192,1.0668185,0.9623725005061751,0.28925315,0.92578125,0.9168701171875,0.3548143360356372,0.5688965126894838,0.78515625,0.9114336791545344,0.34253716646505067
two_concepts,TinyCNN,2001,template_retention_1,40,0.9479996264949526,0.9479996264949526,0.0,16,0.30063266106764563,0.30063266106764563,0.7855896060185422,1.1159906,0.9479996264949526,0.35011387,0.9765625,0.9406280517578125,0.34933542114016364,0.5733447433459133,0.853515625,0.9259717835456669,0.3526270401997535
two_concepts,TinyCNN,2001,template_retention_1,80,0.9406793021110773,0.9406793021110773,0.0,16,0.3220169989228854,0.3220169989228854,0.7790201989282778,1.1332726,0.9406793021110773,0.37948227,0.98828125,0.9437713623046875,0.3484550168735129,0.5919807410830926,0.947265625,0.9574673103845975,0.3654865693015049
two_concepts,TinyCNN,2001,template_retention_1,120,0.9416702504109418,0.9416702504109418,0.0,16,0.3192300072097203,0.3192300072097203,0.7809956453364119,1.126215,0.9416702504109418,0.372104,0.9921875,0.9408721923828125,0.3492012865163745,0.6007475487760265,0.966796875,0.965371921195962,0.3646243724199355
two_concepts,TinyCNN,2001,template_retention_1,160,0.9432561846574476,0.9432561846574476,0.0,16,0.3145259065753323,0.3145259065753323,0.7813457355304168,1.1153222,0.9432561846574476,0.36152908,0.98828125,0.95135498046875,0.35228043187954927,0.6138982446849099,0.96484375,0.9714101496723936,0.35751190498748364
two_concepts,TinyCNN,2001,template_retention_1,200,0.9453131429631666,0.9453131429631666,0.0,16,0.3081451792544693,0.3081451792544693,0.7828898822492494,1.104819,0.9453131429631666,0.34953615,0.98828125,0.95098876953125,0.3529753251040149,0.625620185047842,0.970703125,0.9749488568682853,0.3493286718204433
two_concepts,TinyCNN,2001,template_release,0,1.0,1.0,0.0,16,1.3170890159654386e-09,1.3170890159654386e-09,0.8481368160118523,1.0,1.0,0.0,,,,,,,
two_concepts,TinyCNN,2001,template_release,1,0.9992983428820248,0.9992983428820248,0.0,16,0.02886872214896916,0.02886872214896916,0.8472899891714687,1.0010626,0.9992983428820248,0.087903455,0.25,0.807037353515625,0.39170043056816695,0.454353543895476,0.25,0.5877673188898711,0.13341377499439508
two_concepts,TinyCNN,2001,template_release,5,0.9868419187541584,0.9868419187541584,0.0,16,0.15662268223446874,0.15662268223446874,0.831567689460569,0.9837643,0.9868419187541584,0.22635935,0.52734375,0.8456878662109375,0.3952040622375541,0.5992492526939924,0.5078125,0.8859593342121577,0.28671008151816524
two_concepts,TinyCNN,2001,template_release,10,0.9745227587524786,0.9745227587524786,0.0,16,0.21662421436082707,0.21662421436082707,0.8117938413883584,1.011127,0.9745227587524786,0.24557617,0.828125,0.89208984375,0.37348618706213776,0.5627089409097965,0.755859375,0.8961393060935283,0.3334303651837318
two_concepts,TinyCNN,2001,template_release,20,0.958483290755232,0.958483290755232,0.0,16,0.2714065822674293,0.2714065822674293,0.7942446151275706,1.073655,0.958483290755232,0.30593938,0.93359375,0.9213714599609375,0.35340246926466423,0.5689392932587976,0.7890625,0.9123409939110182,0.3434017006522206
two_concepts,TinyCNN,2001,template_release,40,0.9223307362486723,0.9223307362486723,0.0,16,0.3717733662157485,0.3717733662157485,0.7504325989105194,1.1779201,0.9223307362486723,0.4569137,0.98046875,0.9520263671875,0.339485942397865,0.5817537802430995,0.884765625,0.9375252738817449,0.35577149363864535
two_concepts,TinyCNN,2001,template_release,80,0.8015408690313154,0.8007181402508197,0.0008227287804957184,14,0.6119927417152071,0.6130989101036846,0.6233043738607498,1.5796022,0.8007181402508197,0.9925645,0.98828125,0.968505859375,0.29067610683413597,0.6222153464143909,0.96484375,0.9693714099136791,0.3471560634992881
two_concepts,TinyCNN,2001,template_release,120,0.6622692792697988,0.6562904639833835,0.005978815286415307,12,0.8132836433668746,0.8196384416316645,0.5145393208803846,2.3406477,0.6553987365726139,1.8736211,0.9921875,0.97686767578125,0.2299193359344256,0.6871785047541741,0.970703125,0.9800011351840698,0.2928226304298958
two_concepts,TinyCNN,2001,template_release,160,0.6183396393860964,0.6119091245131703,0.0064305148729261186,12,0.8677793060614021,0.8743716307651763,0.48230517047455024,2.717438,0.6097067571496619,2.2808068,0.9921875,0.97900390625,0.20506770965785714,0.7157777400604681,0.978515625,0.9827322688708052,0.26695452881033704
two_concepts,TinyCNN,2001,template_release,200,0.594320820095967,0.5876360166633816,0.006684803432585373,12,0.8960275803228304,0.9027985830243074,0.46080116707780433,2.9685369,0.5848702506230165,2.5466733,0.9921875,0.98028564453125,0.18955558856262464,0.7333145181181501,0.982421875,0.984198247462731,0.2508837293445809
two_concepts,TinyCNN,2002,random,0,0.12970471012563026,0.12672805508632,0.0029766550393102442,11,1.317991359227334,1.3202167203742508,0.18338414580892856,0.5791395,1.0,0.0,,,,,,,
two_concepts,TinyCNN,2002,random,1,0.14224950146928755,0.13726661049571565,0.004982890973571907,12,1.3082634495941474,1.3119963667979078,0.18424891968387025,0.58114177,0.992773606370448,0.07739897,0.46875,0.850738525390625,0.30443337764821676,0.39395486437886224,0.404296875,0.7299385038164119,0.33598363943754966
two_concepts,TinyCNN,2002,random,5,0.1844555675855907,0.1650755375898808,0.019380029995709896,10,1.274648948537774,1.28982476372583,0.20605288010731193,0.6411414,0.9124216356789815,0.26959315,0.6796875,0.9295196533203125,0.2980239199840367,0.41488443078407855,0.462890625,0.8012031341584662,0.3863187033743877
two_concepts,TinyCNN,2002,random,10,0.21438084928884527,0.1922648029710774,0.022116046317767868,10,1.2506538504748685,1.268035253466468,0.245053832555986,0.80200195,0.7833661675995396,0.51415837,0.828125,0.948944091796875,0.2837116026098446,0.4145453273614874,0.626953125,0.8094515399145435,0.39490621255305614
two_concepts,TinyCNN,2002,random,20,0.2571532189684853,0.23145070668664047,0.025702512281844836,10,1.2140307038197793,1.2343230603062285,0.3022335447888528,1.2659441,0.587933123436688,1.0518941,0.90234375,0.9640960693359375,0.2635639597685808,0.4526922873758927,0.63671875,0.8289136389252599,0.37622135154936726
two_concepts,TinyCNN,2002,random,40,0.2616565621546548,0.23684331609353462,0.024813246061120203,8,1.2096034960882567,1.2295103606356022,0.30482783789774714,1.9127545,0.4627972162313113,1.7331283,0.97265625,0.9683837890625,0.25870942836280175,0.44946633144261083,0.6796875,0.7706347903694053,0.32116845892679446
two_concepts,TinyCNN,2002,random,80,0.26160778965951087,0.23743680388886135,0.024170985770649522,9,1.2095430580317674,1.2290271251487428,0.3054258686378814,2.4586504,0.40541901140053715,2.2936983,0.96484375,0.9683837890625,0.24336192985043528,0.4943974265832356,0.69140625,0.7575162813702514,0.2631188547870158
two_concepts,TinyCNN,2002,random,120,0.2590690605788807,0.23569403183267668,0.023375028746204007,9,1.211669785898537,1.2303935726943096,0.3050513447367177,2.7288184,0.38478150412234,2.5690026,0.97265625,0.96746826171875,0.23976960348505022,0.5596660849499142,0.681640625,0.7956494922803286,0.2359834073304144
two_concepts,TinyCNN,2002,random,160,0.256170344678576,0.23317076237101997,0.022999582307556055,9,1.2140042433159497,1.232397763993283,0.3035147033034209,2.9047256,0.3735818155024864,2.7475517,0.97265625,0.96722412109375,0.23795135087133545,0.5592384842551735,0.68359375,0.779143399641836,0.21990491538666243
two_concepts,TinyCNN,2002,random,200,0.2541272045597393,0.23127262240389873,0.022854582155840575,9,1.2156361230899047,1.233910624042169,0.3028466229023231,3.0342867,0.3660303097502313,2.8789024,0.97265625,0.96624755859375,0.2363152961574135,0.5655664573256173,0.685546875,0.7748074626038626,0.20924100527824532
two_concepts,TinyCNN,2002,random_unitnorm,0,0.12970470992271838,0.12672805534046938,0.0029766545822489943,11,1.3179913593746284,1.320216720191516,0.1833841463837692,1.0,1.0,0.0,,,,,,,
two_concepts,TinyCNN,2002,random_unitnorm,1,0.1322369704879034,0.1291493662826314,0.0030876042052719876,11,1.3160027673600923,1.3183035130184895,0.1814670535132522,0.99983114,0.9979702445297266,0.08280137,0.42578125,0.818878173828125,0.2938553959046431,0.4296437587361862,0.419921875,0.7215662651100856,0.2919225063738994
two_concepts,TinyCNN,2002,random_unitnorm,5,0.15477807605163432,0.14577111698294803,0.009006959068686288,11,1.2981616312404052,1.3048916531642811,0.1789928243715262,1.0326526,0.9656497719253209,0.28087682,0.703125,0.9036407470703125,0.29149520820080715,0.3888039747407128,0.470703125,0.7793543649187876,0.3905503901780748
two_concepts,TinyCNN,2002,random_unitnorm,10,0.17292556983577895,0.15926824115578697,0.013657328679991976,11,1.2837868694246364,1.294074782385942,0.19461320498964668,1.1346165,0.9007453808190931,0.51434165,0.83203125,0.9297027587890625,0.2969219833232698,0.42531146958729726,0.595703125,0.8143937305211228,0.3890822609338256
two_concepts,TinyCNN,2002,random_unitnorm,20,0.2201980973544887,0.1989548085137427,0.021243288840746,8,1.245718043504648,1.2621566255400805,0.21959256045672393,1.4803169,0.7590879893630876,1.0000558,0.91796875,0.9488372802734375,0.2921428487929408,0.4783593374425077,0.658203125,0.8399140748504661,0.3615547374079584
two_concepts,TinyCNN,2002,random_unitnorm,40,0.2477399754285953,0.23231571995923891,0.015424255469356385,11,1.2214749809638525,1.2336647452764518,0.26453068919573414,2.0877347,0.6057797194715336,1.7048742,0.98046875,0.95880126953125,0.27741297292768347,0.482177683410289,0.685546875,0.791692498228284,0.30951481481799503
two_concepts,TinyCNN,2002,random_unitnorm,80,0.25297276094243165,0.236910687161195,0.01606207378123664,10,1.2165930375538543,1.2292655959984418,0.2614976695584017,2.6326418,0.5243658656763126,2.2921968,0.984375,0.963623046875,0.26494906258488937,0.5297290305137838,0.6953125,0.7843011677264868,0.25457213721270294
two_concepts,TinyCNN,2002,random_unitnorm,120,0.2534493204863749,0.23752261056579363,0.01592670992058129,11,1.2159444727999205,1.228532175643862,0.25997522958043,2.9028544,0.49536512313483105,2.576206,0.984375,0.96502685546875,0.2625364773361234,0.5494674236438153,0.693359375,0.7791029042724339,0.22963548062861855
two_concepts,TinyCNN,2002,random_unitnorm,160,0.2534479892126789,0.23749231737790305,0.015955671834775864,10,1.2158219745584993,1.2284297603060605,0.2586190750111795,3.0822375,0.47905254219360427,2.7630963,0.984375,0.96466064453125,0.262608613542653,0.5603525421512734,0.6953125,0.7758840641911321,0.2155315220398587
two_concepts,TinyCNN,2002,random_unitnorm,200,0.2530910359216836,0.2372193455293571,0.01587169039232647,10,1.2160247371924773,1.2285631847710023,0.2582398168529681,3.2159405,0.4680946493292484,2.9018068,0.984375,0.96478271484375,0.2620385514557274,0.567776613819445,0.6953125,0.7735861614788218,0.20580954765937676
two_concepts,TinyCNN,2002,template_init,0,1.0,1.0,0.0,16,1.3170890159654386e-09,1.3170890159654386e-09,0.8481368160118523,1.0,1.0,0.0,,,,,,,
two_concepts,TinyCNN,2002,template_init,1,0.9984187928658818,0.9984187928658818,0.0,16,0.053406281574584186,0.053406281574584186,0.8481982441111544,1.0005822,0.9984187928658818,0.086044736,0.35546875,0.7744903564453125,0.3891902827536253,0.39419111728685174,0.3828125,0.5438122429856823,0.14962112569883057
two_concepts,TinyCNN,2002,template_init,5,0.9673130751214118,0.9673130751214118,0.0,16,0.2510301543860466,0.2510301543860466,0.804165622800076,1.0371412,0.9673130751214118,0.28541508,0.69921875,0.856109619140625,0.3700090833775924,0.5752732304085405,0.52734375,0.8907290408644184,0.3154558104558779
two_concepts,TinyCNN,2002,template_init,10,0.9032468102683836,0.9028484904182651,0.00039831985011851145,15,0.4350767973064513,0.4359129032989907,0.7051932506536921,1.1358283,0.9028484904182651,0.5204201,0.84765625,0.9243011474609375,0.3329741647351461,0.506532199288992,0.62890625,0.8671852676165648,0.3606530683275728
two_concepts,TinyCNN,2002,template_init,20,0.7722435547029445,0.7640319350423569,0.008211619660587588,12,0.6689733980720988,0.6805876611370254,0.5925857201405584,1.4512845,0.7640319350423569,0.9888584,0.95703125,0.9673614501953125,0.32389432074429736,0.5241230085991009,0.779296875,0.8922462825769661,0.36812327397786526
two_concepts,TinyCNN,2002,template_init,40,0.6407746853958878,0.6214493940760788,0.01932529131980898,12,0.8435538308913617,0.86383811954035,0.4956269871834534,2.1148362,0.6159013141987422,1.727601,0.98046875,0.9765777587890625,0.27396318229663075,0.5751844363098779,0.84375,0.9174508291733178,0.3422663928634398
two_concepts,TinyCNN,2002,template_init,80,0.5614700411849585,0.5417169752706101,0.019753065914348333,11,0.931799114602837,0.9512040023538741,0.4319067826001449,2.8246121,0.5307960480083259,2.4689393,0.984375,0.9808807373046875,0.24245657111282137,0.6276807890705671,0.869140625,0.9179346481557203,0.2902538590851532
two_concepts,TinyCNN,2002,template_init,120,0.5330033194748381,0.5124010183107934,0.020602301164044712,11,0.9614827956535772,0.9809597644538448,0.4100436454884819,3.206483,0.5010935993109045,2.8608701,0.984375,0.9821319580078125,0.22708154491984017,0.6410490891492249,0.84765625,0.9045475065920773,0.2634984174428524
two_concepts,TinyCNN,2002,template_init,160,0.517279694070716,0.4962609891277523,0.02101870494296365,11,0.9774619064499839,0.9969767406728018,0.3972132528026744,3.4619136,0.4850994679385713,3.1217508,0.98828125,0.9829254150390625,0.22138804846775612,0.6443954268245311,0.837890625,0.8918913984470332,0.2474959716225022
two_concepts,TinyCNN,2002,template_init,200,0.5076850029241043,0.4859312656762763,0.02175373724782803,12,0.9871105643566823,1.007065348702473,0.38898159028221124,3.6537087,0.4750645240496696,3.3167129,0.98828125,0.9831085205078125,0.21664988393185425,0.6446674677929956,0.82421875,0.8810221065314923,0.23635463873849677
two_concepts,TinyCNN,2002,template_retention_1,0,1.0,1.0,0.0,16,1.3170890159654386e-09,1.3170890159654386e-09,0.8481368160118523,1.0,1.0,0.0,,,,,,,
two_concepts,TinyCNN,2002,template_retention_1,1,0.9987412030432623,0.9987412030432623,0.0,16,0.048222699705774,0.048222699705774,0.8488443178245397,0.9992552,0.9987412030432623,0.07155585,0.32421875,0.7752838134765625,0.38929258354905494,0.3988359090599203,0.369140625,0.5483357934262478,0.14949988436632755
two_concepts,TinyCNN,2002,template_retention_1,5,0.9809883055299888,0.9809883055299888,0.0,16,0.19070652997767182,0.19070652997767182,0.8333246389098785,1.0129479,0.9809883055299888,0.19940078,0.671875,0.849273681640625,0.36139156570487263,0.5798620947471033,0.59765625,0.8871538918524559,0.3072917971053526
two_concepts,TinyCNN,2002,template_retention_1,10,0.9636083249554586,0.9636083249554586,0.0,16,0.2599087554665664,0.2599087554665664,0.8101331642154316,1.0490277,0.9636083249554586,0.279437,0.83984375,0.9066925048828125,0.3535513615282039,0.565814140575869,0.6796875,0.9116381103415088,0.3458239697656397
two_concepts,TinyCNN,2002,template_retention_1,20,0.9485101815148843,0.9476447090042969,0.0008654725105874395,15,0.3044206967749262,0.3062028274989346,0.7824828895925424,1.0913618,0.9476447090042969,0.3421308,0.91015625,0.93365478515625,0.3467646746186037,0.5534241827528161,0.693359375,0.9104653056786357,0.35704112292581963
two_concepts,TinyCNN,2002,template_retention_1,40,0.9350316104420249,0.9338600576763801,0.0011715527656447344,15,0.3392431301864257,0.34147894411699103,0.7617825926895506,1.1244628,0.9338600576763801,0.3937562,0.93359375,0.936676025390625,0.3282691925730592,0.5371234935432556,0.759765625,0.8985266866023038,0.36140319305904817
two_concepts,TinyCNN,2002,template_retention_1,80,0.9320997004254032,0.9313676081841524,0.0007320922412508146,15,0.3427167326657644,0.34411481094136875,0.76477344389979,1.1232388,0.9313676081841524,0.39666998,0.9453125,0.93548583984375,0.3251866867810216,0.5831578875590488,0.87890625,0.9412715458126241,0.3581136582535752
two_concepts,TinyCNN,2002,template_retention_1,120,0.934671649507843,0.9342693900740622,0.000402259433780805,15,0.3336042326190143,0.33438087112697834,0.7701325982673564,1.1104796,0.9342693900740622,0.38045982,0.95703125,0.933990478515625,0.32921907131929395,0.598236846275203,0.900390625,0.9488266856587155,0.35058983938351257
two_concepts,TinyCNN,2002,template_retention_1,160,0.9368975360648779,0.9368147127371413,8.282332773656975e-05,15,0.3261377994336745,0.32629934929898674,0.774776044079663,1.0997705,0.9368147127371413,0.36702502,0.96875,0.9335784912109375,0.33124128975285294,0.6077174769341009,0.9140625,0.952414693980717,0.34469721704661604
two_concepts,TinyCNN,2002,template_retention_1,200,0.9400854733145625,0.9400854733145625,0.0,16,0.31635839336575444,0.31635839336575444,0.7820095714637362,1.0916374,0.9400854733145625,0.35280734,0.96484375,0.9333648681640625,0.33480731763194915,0.6129518216472758,0.91796875,0.9521963130688087,0.3392444914215329
two_concepts,TinyCNN,2002,template_release,0,1.0,1.0,0.0,16,1.3170890159654386e-09,1.3170890159654386e-09,0.8481368160118523,1.0,1.0,0.0,,,,,,,
two_concepts,TinyCNN,2002,template_release,1,0.9987412030432623,0.9987412030432623,0.0,16,0.048222699705774,0.048222699705774,0.8488443178245397,0.9992552,0.9987412030432623,0.07155585,0.32421875,0.7752838134765625,0.38929258354905494,0.3988359090599203,0.369140625,0.5483357934262478,0.14949988436632755
two_concepts,TinyCNN,2002,template_release,5,0.9809883055299888,0.9809883055299888,0.0,16,0.19070652997767182,0.19070652997767182,0.8333246389098785,1.0129479,0.9809883055299888,0.19940078,0.671875,0.849273681640625,0.36139156570487263,0.5798620947471033,0.59765625,0.8871538918524559,0.3072917971053526
two_concepts,TinyCNN,2002,template_release,10,0.9636083249554586,0.9636083249554586,0.0,16,0.2599087554665664,0.2599087554665664,0.8101331642154316,1.0490277,0.9636083249554586,0.279437,0.83984375,0.9066925048828125,0.3535513615282039,0.565814140575869,0.6796875,0.9116381103415088,0.3458239697656397
two_concepts,TinyCNN,2002,template_release,20,0.9440365341063672,0.942698460795391,0.00133807331097624,15,0.3182070989101995,0.320881357900067,0.7750767573490919,1.1010993,0.942698460795391,0.36179495,0.9140625,0.9379730224609375,0.343559344302761,0.5507199804162854,0.69921875,0.9088482127647411,0.35812823234845576
two_concepts,TinyCNN,2002,template_release,40,0.9078720368724995,0.9049469190161232,0.0029251178563762803,15,0.4073143560270273,0.41222861848828585,0.7190994559686521,1.1925998,0.9049469190161232,0.5048116,0.9453125,0.9445648193359375,0.3225112492965927,0.5644495967245287,0.859375,0.9308601211192326,0.3664105243947039
two_concepts,TinyCNN,2002,template_release,80,0.7980482890944517,0.7974092882483709,0.0006390008460808172,15,0.6168506138552765,0.6175675349848959,0.5996653671548079,1.5217531,0.792484936836861,0.9589194,0.98828125,0.957794189453125,0.28036039469057966,0.609532947019674,0.9140625,0.9505877224076317,0.34105477538795775
two_concepts,TinyCNN,2002,template_release,120,0.649692299641393,0.649692299641393,0.0,16,0.8273997483826592,0.8273997483826592,0.48864425139060086,2.1747828,0.6422394434221581,1.735486,0.984375,0.971649169921875,0.2196543448950639,0.6521692332769078,0.912109375,0.9442018139970852,0.29203258072017746
two_concepts,TinyCNN,2002,template_release,160,0.6020230535519868,0.6020230535519868,0.0,16,0.8836158064684366,0.8836158064684366,0.4538281442754062,2.4983873,0.5945999411212594,2.0885558,0.9921875,0.97406005859375,0.20355850065132775,0.671205899455703,0.896484375,0.9399555715456102,0.2687496720899072
two_concepts,TinyCNN,2002,template_release,200,0.5748467630303897,0.5746390246707078,0.00020773835968190824,15,0.9137161464667826,0.9139326902269439,0.43104315960753603,2.7146769,0.5669845547091469,2.3214636,0.98828125,0.9756011962890625,0.19162672017611088,0.6821439429221231,0.888671875,0.9370351925619939,0.25489124963987075
two_concepts,TinyCNN,2003,random,0,0.14504698562871635,0.12733153272664363,0.017715452902072715,9,1.306011480332245,1.319365177954193,0.2072232897138618,0.56834865,1.0,0.0,,,,,,,
two_concepts,TinyCNN,2003,random,1,0.14878429767542664,0.1286032189001602,0.020181078775266453,11,1.3034382070851311,1.3185439038987306,0.21234826307772986,0.57242537,0.9929743068766084,0.076830395,0.3671875,0.8410186767578125,0.2106613582860657,0.4562547848375142,0.326171875,0.7714008347296547,0.3151460498921405
two_concepts,TinyCNN,2003,random,5,0.17709535838673432,0.15339719324912893,0.023698165137605393,11,1.2815202333599198,1.2996846042968637,0.2456720693760659,0.64741063,0.9108348122825108,0.27764025,0.58203125,0.96240234375,0.2309262146137665,0.2831189712822398,0.34375,0.6539404334197312,0.3708214621374914
two_concepts,TinyCNN,2003,random,10,0.20334636325286318,0.1711370902117631,0.03220927304110008,10,1.260269280270703,1.2843931583189616,0.27413602622172595,0.8167505,0.7969823278396644,0.5171261,0.875,0.98492431640625,0.22723788708691567,0.23466491157042146,0.43359375,0.616718217372739,0.38205330580231756
two_concepts,TinyCNN,2003,random,20,0.21618876158470154,0.183018124630317,0.03317063695438455,9,1.2492075051157558,1.2746567690371289,0.30941261474401804,1.2921481,0.6228763732947233,1.0559005,0.9609375,0.9918212890625,0.19170541271288782,0.38619235451861844,0.580078125,0.7530304509778931,0.3668380964592747
two_concepts,TinyCNN,2003,random,40,0.21721494029453198,0.17215579864459557,0.04505914164993641,8,1.2481424095823108,1.2816750279055915,0.32849380018369356,1.9427497,0.5035634750082046,1.7419689,0.99609375,0.99517822265625,0.18072497870640375,0.4765549606422079,0.611328125,0.7730125099685022,0.2964575493262943
two_concepts,TinyCNN,2003,random,80,0.2086217841283768,0.16633964596369621,0.0422821381646806,9,1.2548354933669223,1.2870909454311794,0.3260412350512129,2.500434,0.444856999195164,2.3171728,1.0,0.995361328125,0.17571977026381208,0.5501141867470389,0.65234375,0.7873480849690673,0.23723389822202834
two_concepts,TinyCNN,2003,random,120,0.20151968633803688,0.1613046305440153,0.04021505579402157,7,1.2602949892839204,1.2911664828602238,0.3264652061439012,2.8013036,0.4211617555322284,2.6248817,1.0,0.99542236328125,0.17404535678629895,0.581206037409297,0.68359375,0.7916537269956303,0.2104476895863333
two_concepts,TinyCNN,2003,random,160,0.19881954930138987,0.16021382229182335,0.03860572700956652,8,1.2623133257186363,1.2916747186075432,0.32539514423288307,3.002956,0.40718943873820473,2.8307667,1.0,0.995361328125,0.1721038883871219,0.6009352827780061,0.6953125,0.7957356788072324,0.1948003960292263
two_concepts,TinyCNN,2003,random,200,0.1971411811737514,0.15968057239964487,0.037460608774106535,8,1.2635598634376615,1.2920227221879372,0.3239651869192415,3.1536677,0.3985709342134055,2.9838502,1.0,0.99554443359375,0.16941479680133675,0.6139444716406812,0.70703125,0.7981386448160743,0.1841941731753931
two_concepts,TinyCNN,2003,random_unitnorm,0,0.14504698603386157,0.12733153288933202,0.017715453144529547,9,1.3060114800138583,1.319365177822816,0.2072232874314269,1.0,1.0,0.0,,,,,,,
two_concepts,TinyCNN,2003,random_unitnorm,1,0.14177109293496248,0.12376506684547306,0.018006026089489424,10,1.3086407637834696,1.3221761046884626,0.21336338859140302,1.0044286,0.9975741246149122,0.07928247,0.359375,0.810516357421875,0.2028924078646167,0.529773681284211,0.330078125,0.8282122246946417,0.29843854341043075
two_concepts,TinyCNN,2003,random_unitnorm,5,0.1549540106010983,0.12700311618466356,0.02795089441643475,9,1.298649790733807,1.3197747838860037,0.22277694911677556,1.0519865,0.9633467557336015,0.29182726,0.55078125,0.9484405517578125,0.21540178059068843,0.47896263989717225,0.421875,0.8486174170479495,0.3696547771507772
two_concepts,TinyCNN,2003,random_unitnorm,10,0.1663025795730262,0.13658517876462536,0.029717400808400823,10,1.289655782562479,1.3121949679733522,0.24008418548530935,1.1672838,0.9003679281070733,0.5300189,0.86328125,0.951171875,0.23528150313688972,0.5115772170137618,0.662109375,0.8725624708175653,0.36098525380380353
two_concepts,TinyCNN,2003,random_unitnorm,20,0.18393976323593247,0.14442844996749385,0.039511313268438625,10,1.2755036632323393,1.3044896589457473,0.2770907927061169,1.532742,0.768709747792527,1.0248593,0.94140625,0.96246337890625,0.21809785280373273,0.4539492244868558,0.623046875,0.801692493020315,0.34774326853345916
two_concepts,TinyCNN,2003,random_unitnorm,40,0.18433248687442744,0.14106648387481394,0.0432660029996135,9,1.2750164008156695,1.307523806596281,0.30262986060433583,2.1500251,0.6290549744861045,1.7311561,1.0,0.99359130859375,0.19433027035308748,0.5480317042557868,0.732421875,0.8367800495328711,0.28874834527708426
two_concepts,TinyCNN,2003,random_unitnorm,80,0.1871362994217129,0.1420482328149232,0.045088066606789684,10,1.2725506354523535,1.3067065859680305,0.3056438655714051,2.6974607,0.5527570646196419,2.3193057,1.0,0.9951171875,0.1847906730416523,0.5773273543677664,0.72265625,0.8095462712142585,0.23221891684649212
two_concepts,TinyCNN,2003,random_unitnorm,120,0.18696236088185736,0.1428197316508416,0.04414262923101575,10,1.272512938382323,1.306000563616716,0.303725794951887,2.9873934,0.5231211174823738,2.6244316,1.0,0.99542236328125,0.17862806674854828,0.5878211132691119,0.716796875,0.7951175715975627,0.20729645832845076
two_concepts,TinyCNN,2003,random_unitnorm,160,0.18630800608913684,0.14348697063492644,0.0428210354542104,10,1.272943705500277,1.3054917015145384,0.30099782280745047,3.18248,0.506061969428304,2.8281145,1.0,0.99615478515625,0.17477639936051534,0.5936210014257246,0.71484375,0.7868235222736022,0.1932025208478776
two_concepts,TinyCNN,2003,random_unitnorm,200,0.18524876270641077,0.14289229835551925,0.04235646435089152,9,1.2737167762381003,1.3059100921652576,0.2979935890569775,3.3291416,0.49425702601098725,2.9808254,1.0,0.996337890625,0.17190061036262808,0.5969580305065209,0.708984375,0.7804741787180479,0.18351614821152706
two_concepts,TinyCNN,2003,template_init,0,1.0,1.0,0.0,16,1.3170890159654386e-09,1.3170890159654386e-09,0.8481368160118523,1.0,1.0,0.0,,,,,,,
two_concepts,TinyCNN,2003,template_init,1,0.9987438901209855,0.9987438901209855,0.0,16,0.047092917782746775,0.047092917782746775,0.849128406541419,0.9996595,0.9987438901209855,0.084787935,0.19140625,0.775390625,0.39020385050962625,0.6662869760066681,0.205078125,0.840154129270535,0.17386715326386698
two_concepts,TinyCNN,2003,template_init,5,0.9728241165766949,0.9728241165766949,0.0,16,0.22766125281289404,0.22766125281289404,0.8255946186985017,1.0273707,0.9728241165766949,0.26382577,0.59765625,0.83453369140625,0.35196550879168326,0.5810222326735681,0.498046875,0.908201326939598,0.32717909426602987
two_concepts,TinyCNN,2003,template_init,10,0.9139370101221638,0.9135195769200976,0.0004174332020662197,15,0.4054297680308088,0.4061805481029056,0.7523055779966952,1.1165133,0.9135195769200976,0.48277697,0.78125,0.8468170166015625,0.33445399816214105,0.540114598155931,0.548828125,0.9154249273277507,0.3753103291718197
two_concepts,TinyCNN,2003,template_init,20,0.7803118443509152,0.7770750203687377,0.0032368239821775058,15,0.6468060090163191,0.6508154703112043,0.6120737610417011,1.4485608,0.776603545260426,0.96046185,0.95703125,0.9642791748046875,0.31784013137836387,0.5145063976026663,0.625,0.8865141276102438,0.37200773000757753
two_concepts,TinyCNN,2003,template_init,40,0.6138837278321998,0.6106761071606654,0.0032076206715343503,14,0.8686238913730473,0.871746062992792,0.47198334571208644,2.2339122,0.6054959856304115,1.849063,1.0,0.9868316650390625,0.22949992462972757,0.6000815977333666,0.876953125,0.9182906708835216,0.318209073150155
two_concepts,TinyCNN,2003,template_init,80,0.5456011218488248,0.5239766070189711,0.021624514829853725,12,0.947224711853954,0.9673140622929424,0.4529809003170847,3.0217953,0.5183630526571805,2.6745586,1.0,0.9871063232421875,0.20309003693260325,0.6389995935499891,0.86328125,0.9052814037419874,0.26628181019199826
two_concepts,TinyCNN,2003,template_init,120,0.5217275290118806,0.4971447460311347,0.0245827829807459,11,0.9724713823172577,0.9948466103845123,0.4393820371498214,3.4162273,0.49133440881232693,3.0778208,1.0,0.9876861572265625,0.19463239198637475,0.6522563668631873,0.859375,0.8973015844784693,0.24504521761528195
two_concepts,TinyCNN,2003,template_init,160,0.5095775105593341,0.4843271990432419,0.025250311516092194,11,0.9848470056311104,1.007593524235971,0.4321664836359528,3.6769738,0.4776090276852655,3.3419015,1.0,0.9879913330078125,0.18862011881679627,0.658927087480084,0.8515625,0.8920050927453279,0.23307800526524394
two_concepts,TinyCNN,2003,template_init,200,0.501134724665748,0.47611874984735114,0.025015974818396902,11,0.993318000249036,1.0156791531099438,0.42670013765816445,3.8696218,0.46820398816090425,3.5372448,1.0,0.9880523681640625,0.18468995913142106,0.6628341443777348,0.83203125,0.8879781560863977,0.2251440117086629
two_concepts,TinyCNN,2003,template_retention_1,0,1.0,1.0,0.0,16,1.3170890159654386e-09,1.3170890159654386e-09,0.8481368160118523,1.0,1.0,0.0,,,,,,,
two_concepts,TinyCNN,2003,template_retention_1,1,0.9989926330579735,0.9989926330579735,0.0,16,0.04289641450300148,0.04289641450300148,0.8490510471502827,0.9964911,0.9989926330579735,0.0677898,0.203125,0.776214599609375,0.3898837310120683,0.6691365277314035,0.2109375,0.8402538536955343,0.17111732596413076
two_concepts,TinyCNN,2003,template_retention_1,5,0.9880070558690812,0.9880070558690812,0.0,16,0.14907379081697122,0.14907379081697122,0.8382256091050062,1.0036559,0.9880070558690812,0.15513146,0.61328125,0.8216705322265625,0.3777144044313289,0.5741872347653858,0.484375,0.8880735243641383,0.3138862895987526
two_concepts,TinyCNN,2003,template_retention_1,10,0.9793617980087994,0.9793617980087994,0.0,16,0.1912228484708358,0.1912228484708358,0.822569245327009,1.0370767,0.9793617980087994,0.20654681,0.734375,0.8403167724609375,0.3824664397190327,0.5809529608542198,0.51171875,0.9222129597118051,0.3412599988575853
two_concepts,TinyCNN,2003,template_retention_1,20,0.9673601953861386,0.9673601953861386,0.0,16,0.23949939808636528,0.23949939808636528,0.8096007334239137,1.078151,0.9673601953861386,0.27203533,0.765625,0.878265380859375,0.3704294563563162,0.6028923069091352,0.6953125,0.9534311667700194,0.35053885986088423
two_concepts,TinyCNN,2003,template_retention_1,40,0.9512542832856672,0.9512542832856672,0.0,16,0.2953917728203874,0.2953917728203874,0.7896927605716675,1.1111379,0.9512542832856672,0.3420676,0.91796875,0.9199676513671875,0.34561628846197834,0.6085557188718075,0.8046875,0.939377149660113,0.3308214307883055
two_concepts,TinyCNN,2003,template_retention_1,80,0.9403793580382134,0.9403793580382134,0.0,16,0.32412144154513717,0.32412144154513717,0.7781549479758221,1.124604,0.9403793580382134,0.37816626,0.9921875,0.9401092529296875,0.3490161353160638,0.668027849331676,0.921875,0.9358641252069791,0.2678362758753032
two_concepts,TinyCNN,2003,template_retention_1,120,0.9427353541160599,0.9427353541160599,0.0,16,0.3156323705927678,0.3156323705927678,0.78186848521115,1.1155062,0.9427353541160599,0.3656218,0.9921875,0.9393157958984375,0.35708819678430814,0.7112782528273893,0.943359375,0.9460635690518593,0.23478531622447002
two_concepts,TinyCNN,2003,template_retention_1,160,0.9456178542973057,0.9456178542973057,0.0,16,0.3075332747197239,0.3075332747197239,0.7854018698657533,1.1047848,0.9456178542973057,0.35184023,0.9921875,0.9352264404296875,0.36341230876683084,0.7402856159316229,0.95703125,0.956708076974452,0.21642246104282908
two_concepts,TinyCNN,2003,template_retention_1,200,0.9483835883548857,0.9483835883548857,0.0,16,0.29908533887276656,0.29908533887276656,0.7892686797767228,1.0958254,0.9483835883548857,0.3388393,0.99609375,0.9340972900390625,0.368026778003865,0.7550395140098527,0.953125,0.9593759063782363,0.20433639236838366
two_concepts,TinyCNN,2003,template_release,0,1.0,1.0,0.0,16,1.3170890159654386e-09,1.3170890159654386e-09,0.8481368160118523,1.0,1.0,0.0,,,,,,,
two_concepts,TinyCNN,2003,template_release,1,0.9989926330579735,0.9989926330579735,0.0,16,0.04289641450300148,0.04289641450300148,0.8490510471502827,0.9964911,0.9989926330579735,0.0677898,0.203125,0.776214599609375,0.3898837310120683,0.6691365277314035,0.2109375,0.8402538536955343,0.17111732596413076
two_concepts,TinyCNN,2003,template_release,5,0.9880070558690812,0.9880070558690812,0.0,16,0.14907379081697122,0.14907379081697122,0.8382256091050062,1.0036559,0.9880070558690812,0.15513146,0.61328125,0.8216705322265625,0.3777144044313289,0.5741872347653858,0.484375,0.8880735243641383,0.3138862895987526
two_concepts,TinyCNN,2003,template_release,10,0.9793617980087994,0.9793617980087994,0.0,16,0.1912228484708358,0.1912228484708358,0.822569245327009,1.0370767,0.9793617980087994,0.20654681,0.734375,0.8403167724609375,0.3824664397190327,0.5809529608542198,0.51171875,0.9222129597118051,0.3412599988575853
two_concepts,TinyCNN,2003,template_release,20,0.963489148744316,0.963489148744316,0.0,16,0.2538696369239767,0.2538696369239767,0.8043939173548507,1.0863935,0.963489148744316,0.29052433,0.78125,0.8844146728515625,0.36536101533946064,0.6022673745921598,0.6953125,0.9539819807829453,0.3517146061907855
two_concepts,TinyCNN,2003,template_release,40,0.9216554299090037,0.9216554299090037,0.0,16,0.3767409722548275,0.3767409722548275,0.7521462479917128,1.1776607,0.9216554299090037,0.4611338,0.96484375,0.9466705322265625,0.32179336105137757,0.6018783665460954,0.87109375,0.9289414391741116,0.32706307262801626
two_concepts,TinyCNN,2003,template_release,80,0.7868886832719229,0.7844917008277567,0.0023969824441661958,15,0.6389791369002769,0.6418747230799711,0.5757878844025803,1.5753795,0.7844917008277567,1.0141166,0.99609375,0.9807281494140625,0.28550721197342604,0.7434672194913894,0.98046875,0.9651731583059063,0.22170593881451695
two_concepts,TinyCNN,2003,template_release,120,0.6396178385585726,0.6348870264042262,0.004730812154346342,13,0.8429691235818524,0.8488673044944366,0.46464261159886283,2.3472362,0.633457565740034,1.8992937,1.0,0.987701416015625,0.22115412938867213,0.7808200622901387,0.95703125,0.9518925286737158,0.1710724663835771
two_concepts,TinyCNN,2003,template_release,160,0.6016674474856697,0.595512265053345,0.006155182432324713,13,0.8877837798007672,0.8948675109229398,0.44094607375724365,2.7099764,0.5934716092310974,2.2841132,1.0,0.9886322021484375,0.20457825563361343,0.7920008005891364,0.955078125,0.9489180346127608,0.1569172340236245
two_concepts,TinyCNN,2003,template_release,200,0.5826268798088214,0.5754062671877498,0.007220612621071654,13,0.909425318316492,0.9174137312245034,0.4293827533833424,2.9480238,0.572988241143398,2.5323415,1.0,0.9896087646484375,0.19581160943207543,0.7969107411603591,0.9453125,0.9462584714797493,0.14934773031939025
two_concepts,TinyCNN,2004,random,0,0.1529154513598819,0.1278531748268793,0.02506227653300261,7,1.3007270496833485,1.319486957813353,0.18165006663495772,0.5628777,1.0,0.0,,,,,,,
two_concepts,TinyCNN,2004,random,1,0.1466676069144844,0.12962101639523613,0.017046590519248284,8,1.3052256288785897,1.3179401405089493,0.18258158403450891,0.5713806,0.9911352082237512,0.08330787,0.3671875,0.8741912841796875,0.19366838973024847,0.3683889445822668,0.34375,0.7053126854975922,0.3369237409153254
two_concepts,TinyCNN,2004,random,5,0.17084416179725914,0.1438721643700106,0.02697199742724854,10,1.2849504358894592,1.3046448831548134,0.225823107982788,0.6543939,0.8931011382625291,0.30339947,0.62890625,0.9290771484375,0.18231468343004095,0.4303181819712012,0.435546875,0.7836811468533962,0.353362964882195
two_concepts,TinyCNN,2004,random,10,0.20819468183716988,0.17412364999960248,0.034071031837567406,10,1.2548576465887935,1.2799065401175806,0.27213478133484126,0.8549333,0.7460083256083421,0.5877023,0.87890625,0.9727783203125,0.18824703020859185,0.40266098138876233,0.529296875,0.7491001528398267,0.34643917145106434
two_concepts,TinyCNN,2004,random,20,0.22882829856007314,0.18946325775395234,0.0393650408061208,10,1.238242272001606,1.2676191158736387,0.31898464376364866,1.3701566,0.5649209857881541,1.1678581,0.9453125,0.98834228515625,0.18333329126007647,0.4667863387668728,0.591796875,0.7782681522698155,0.3114818135029427
two_concepts,TinyCNN,2004,random,40,0.23781882575574748,0.18782257336144542,0.049996252394302054,9,1.2310970946768385,1.2686318248904858,0.34648564760611245,2.0084295,0.46265098021578627,1.8341668,0.96875,0.9904632568359375,0.18540625403831917,0.5440988620012867,0.63671875,0.7845822004364075,0.24048333843512082
two_concepts,TinyCNN,2004,random,80,0.243073528827,0.18675437555422958,0.05631915327277043,7,1.2271841997031117,1.2691111602714125,0.3472712401285769,2.5666907,0.4151407384723932,2.4038794,0.9765625,0.99163818359375,0.19244428154001436,0.599219500782848,0.658203125,0.7879305406559886,0.18871103987314058
two_concepts,TinyCNN,2004,random,120,0.24304027026628133,0.1849022135524111,0.058138056713870234,7,1.2272581758440078,1.2705825835120093,0.3453520393148445,2.8682804,0.3980457433252885,2.709389,0.98828125,0.99371337890625,0.19616806877624515,0.6083282979033438,0.654296875,0.7756323515029154,0.16730405359957173
two_concepts,TinyCNN,2004,random,160,0.24262153365968409,0.18370273428537862,0.05891879937430547,8,1.2276056132716933,1.271750830974185,0.34457037914159605,3.0697055,0.38791899130231655,2.9131684,0.98828125,0.99365234375,0.19870294700876276,0.6128631496619958,0.66015625,0.7683078492144871,0.1554446995524913
two_concepts,TinyCNN,2004,random,200,0.2424782379354049,0.18299818355626116,0.05948005437914375,8,1.2277204443170104,1.2722821367017776,0.34308739619007445,3.2198958,0.38118779522572954,3.0648544,0.98828125,0.9935302734375,0.2003666223498256,0.6163174733665504,0.654296875,0.763114574538747,0.14679710117219658
two_concepts,TinyCNN,2004,random_unitnorm,0,0.1529154522422584,0.12785317424968765,0.025062277992570742,7,1.300727049024433,1.3194869582675057,0.18165006735686576,1.0,1.0,0.0,,,,,,,
two_concepts,TinyCNN,2004,random_unitnorm,1,0.14593221074471624,0.12710704787364754,0.018825162871068696,8,1.3058964749932265,1.3199440319695128,0.17854970828047084,1.0017705,0.9975524319479762,0.08787688,0.3046875,0.7978057861328125,0.1663360945185793,0.3610586684495162,0.30859375,0.64437739683906,0.28331872838954386
two_concepts,TinyCNN,2004,random_unitnorm,5,0.14244719782842497,0.12681996235947224,0.015627235468952727,9,1.3080248177558111,1.3197092398570578,0.17420348961217785,1.0490503,0.9617465171290156,0.3070309,0.7265625,0.934814453125,0.15810610189254357,0.5333346033336201,0.607421875,0.8572211644856949,0.32388656115207465
two_concepts,TinyCNN,2004,random_unitnorm,10,0.15309713492072485,0.1327369940316944,0.02036014088903046,12,1.2990714765924425,1.314138174725766,0.20280967059899963,1.172446,0.8911736760252995,0.5542315,0.8046875,0.96087646484375,0.15537866802167338,0.5046344688314331,0.63671875,0.8299528890539067,0.3253184202224736
two_concepts,TinyCNN,2004,random_unitnorm,20,0.1675741393671657,0.15063489856189602,0.01693924080526968,10,1.287098016993933,1.3001158550895289,0.292585608212099,1.5592068,0.7357742899103004,1.0965047,0.94140625,0.98529052734375,0.16111344692731322,0.5255301248300972,0.69921875,0.8312211889734191,0.3056910641433219
two_concepts,TinyCNN,2004,random_unitnorm,40,0.19018548784153286,0.16488756868538057,0.025297919156152288,9,1.269681150416341,1.2885069659037445,0.3260190597471527,2.181622,0.5949322454835784,1.8098812,0.9765625,0.989501953125,0.17042925066940728,0.56304906097089,0.685546875,0.8098855099040363,0.2468364489331462
two_concepts,TinyCNN,2004,random_unitnorm,80,0.20441112652981908,0.1711422158476974,0.03326891068212168,8,1.258969857207943,1.2839500508049406,0.33838672362864575,2.7300162,0.5271856854736556,2.3900127,0.9765625,0.99420166015625,0.17517555833979093,0.5757016848686893,0.6484375,0.7738212930671939,0.19811960819850455
two_concepts,TinyCNN,2004,random_unitnorm,120,0.20903508794160724,0.1722160868688346,0.03681900107277264,8,1.2554733592481302,1.2832821912146402,0.34291739283421063,3.024179,0.5022671362992781,2.69457,0.9765625,0.99383544921875,0.18010378853106931,0.5759323632062986,0.62890625,0.7530747730758847,0.17714240986958604
two_concepts,TinyCNN,2004,random_unitnorm,160,0.2114666854945279,0.17289883113642562,0.03856785435810228,7,1.253593858876834,1.282787551421813,0.3452977117893723,3.222991,0.4879798840950681,2.89914,0.9765625,0.994140625,0.1837781388684387,0.6001620007153194,0.662109375,0.765605912183031,0.16544391146771156
two_concepts,TinyCNN,2004,random_unitnorm,200,0.21266807739960847,0.17335775125824351,0.039310326141364954,7,1.252657836935059,1.2819259343773162,0.3471596043104231,3.3717723,0.47822579468452,3.051777,0.98046875,0.9942626953125,0.18482178108631092,0.600636040798348,0.662109375,0.7577679370123744,0.1571318962140264
two_concepts,TinyCNN,2004,template_init,0,1.0,1.0,0.0,16,1.3170890159654386e-09,1.3170890159654386e-09,0.8481368160118523,1.0,1.0,0.0,,,,,,,
two_concepts,TinyCNN,2004,template_init,1,0.9985665593229969,0.9985665593229969,0.0,16,0.04699466037938656,0.04699466037938656,0.8463115661962866,1.006434,0.9985665593229969,0.09534358,0.39453125,0.80377197265625,0.43003376743367505,0.6268090830601963,0.4296875,0.6131956143088529,-0.013613468751343352
two_concepts,TinyCNN,2004,template_init,5,0.9770987761844088,0.9770987761844088,0.0,16,0.2016513239648604,0.2016513239648604,0.8213401869487953,1.050803,0.9770987761844088,0.30545115,0.46875,0.7991485595703125,0.3866793719197592,0.6468413117762892,0.462890625,0.9385194640870984,0.29167815231080924
two_concepts,TinyCNN,2004,template_init,10,0.933345041510429,0.933345041510429,0.0,16,0.35554102019703876,0.35554102019703876,0.7640224689814661,1.120367,0.933345041510429,0.46273282,0.625,0.858978271484375,0.34171300295417156,0.6089395192211067,0.58984375,0.9151522188417578,0.30621269962065106
two_concepts,TinyCNN,2004,template_init,20,0.8271819151987347,0.8271819151987347,0.0,16,0.5822205943923542,0.5822205943923542,0.5953901637417975,1.3730872,0.8271819151987347,0.84341466,0.9453125,0.9394683837890625,0.2966322061470487,0.571777410453665,0.6015625,0.8824173725026148,0.3106399620489498
two_concepts,TinyCNN,2004,template_init,40,0.642929705654871,0.6427063319824808,0.00022337367239011474,15,0.839689669940547,0.8399215488201588,0.3568874869973112,2.1040027,0.6427063319824808,1.6999434,0.9609375,0.9550018310546875,0.2662385928829192,0.49786379142069925,0.62109375,0.8055439944249965,0.3076802030042972
two_concepts,TinyCNN,2004,template_init,80,0.5362762144959901,0.5352678995123981,0.0010083149835919958,15,0.956559050807097,0.9575037789863232,0.284556384727884,2.9538887,0.5352678995123981,2.599313,0.984375,0.9836883544921875,0.22470368800182738,0.5021573402396016,0.599609375,0.7542762196491402,0.25211887940953864
two_concepts,TinyCNN,2004,template_init,120,0.49909593949636255,0.49668888005155776,0.0024070594448047933,14,0.9940108349812977,0.9962312531821199,0.26696249127735416,3.411829,0.49668888005155776,3.0736644,0.9921875,0.98480224609375,0.2158825499199179,0.512442967300976,0.59765625,0.7368470322698462,0.22440406496887005
two_concepts,TinyCNN,2004,template_init,160,0.47906567599522243,0.47572061543509925,0.003345060560123181,14,1.0135906582318344,1.0166131609963274,0.25800618868879477,3.7211826,0.4756503826570908,3.3922186,0.9921875,0.985595703125,0.20346224282980985,0.5179331615348295,0.599609375,0.7258117611493953,0.20787859961456573
two_concepts,TinyCNN,2004,template_init,200,0.46616718280911873,0.46257666069084935,0.003590522118269379,14,1.025959238400131,1.02919913475681,0.2519795555435964,3.9514136,0.46223328144966686,3.6283154,0.9921875,0.986328125,0.19633447186200437,0.5196284723926696,0.591796875,0.7170778497613413,0.19744937736867163
two_concepts,TinyCNN,2004,template_retention_1,0,1.0,1.0,0.0,16,1.3170890159654386e-09,1.3170890159654386e-09,0.8481368160118523,1.0,1.0,0.0,,,,,,,
two_concepts,TinyCNN,2004,template_retention_1,1,0.9987740143404575,0.9987740143404575,0.0,16,0.04474206487161825,0.04474206487161825,0.8464758610721905,1.0002074,0.9987740143404575,0.08181651,0.39453125,0.8036956787109375,0.42755907603661447,0.6242932315776465,0.427734375,0.6101602607012105,-0.01413297087643596
two_concepts,TinyCNN,2004,template_retention_1,5,0.9853560278685394,0.9853560278685394,0.0,16,0.1626414453239285,0.1626414453239285,0.830744570914334,0.99111,0.9853560278685394,0.19801675,0.44921875,0.8075103759765625,0.3760561019829832,0.6578704981415933,0.470703125,0.9379282661156285,0.28005776797403525
two_concepts,TinyCNN,2004,template_retention_1,10,0.9756820347050756,0.9756820347050756,0.0,16,0.20076504534095668,0.20076504534095668,0.822663258391579,1.030673,0.9756820347050756,0.22206911,0.61328125,0.86444091796875,0.34338728447407985,0.6551596653260384,0.470703125,0.9330086311493492,0.27784896582331076
two_concepts,TinyCNN,2004,template_retention_1,20,0.967457043330092,0.967457043330092,0.0,16,0.2274655822953992,0.2274655822953992,0.8101512028456974,1.0730034,0.967457043330092,0.26302055,0.8828125,0.8997955322265625,0.3440220697035985,0.6913734948447702,0.806640625,0.9640387084160644,0.27266521357129425
two_concepts,TinyCNN,2004,template_retention_1,40,0.9516184666646317,0.9516184666646317,0.0,16,0.2663668202436496,0.2663668202436496,0.7850453147434133,1.1125705,0.9516184666646317,0.32010823,0.9296875,0.9304046630859375,0.33149213719160364,0.666750002007651,0.88671875,0.9566371302269028,0.2898871282192518
two_concepts,TinyCNN,2004,template_retention_1,80,0.9446018688472426,0.9446018688472426,0.0,16,0.28253578367950233,0.28253578367950233,0.7776977935829285,1.1266842,0.9446018688472426,0.3425747,0.94140625,0.9405975341796875,0.323918845530795,0.643326328404427,0.916015625,0.9701341098585486,0.3268077814541216
two_concepts,TinyCNN,2004,template_retention_1,120,0.9458724653786819,0.9458724653786819,0.0,16,0.2822963787997195,0.2822963787997195,0.7779352857159278,1.1179459,0.9458724653786819,0.33575544,0.95703125,0.9422454833984375,0.3276232021703477,0.6391886633234989,0.939453125,0.9761006223453714,0.33691195902187254
two_concepts,TinyCNN,2004,template_retention_1,160,0.9476355105151436,0.9476355105151436,0.0,16,0.2781395100669889,0.2781395100669889,0.7803865578295122,1.1066216,0.9476355105151436,0.32439727,0.96875,0.9423675537109375,0.3316619465513485,0.6389039981642329,0.943359375,0.9784233688839138,0.33951937071968086
two_concepts,TinyCNN,2004,template_retention_1,200,0.9495832046357056,0.9495832046357056,0.0,16,0.27324065714774104,0.27324065714774104,0.7833517141838463,1.0982425,0.9495832046357056,0.31429237,0.9765625,0.944091796875,0.3345844035626302,0.6400290084008399,0.955078125,0.9791872583849925,0.33915824998415267
two_concepts,TinyCNN,2004,template_release,0,1.0,1.0,0.0,16,1.3170890159654386e-09,1.3170890159654386e-09,0.8481368160118523,1.0,1.0,0.0,,,,,,,
two_concepts,TinyCNN,2004,template_release,1,0.9987740143404575,0.9987740143404575,0.0,16,0.04474206487161825,0.04474206487161825,0.8464758610721905,1.0002074,0.9987740143404575,0.08181651,0.39453125,0.8036956787109375,0.42755907603661447,0.6242932315776465,0.427734375,0.6101602607012105,-0.01413297087643596
two_concepts,TinyCNN,2004,template_release,5,0.9853560278685394,0.9853560278685394,0.0,16,0.1626414453239285,0.1626414453239285,0.830744570914334,0.99111,0.9853560278685394,0.19801675,0.44921875,0.8075103759765625,0.3760561019829832,0.6578704981415933,0.470703125,0.9379282661156285,0.28005776797403525
two_concepts,TinyCNN,2004,template_release,10,0.9756820347050756,0.9756820347050756,0.0,16,0.20076504534095668,0.20076504534095668,0.822663258391579,1.030673,0.9756820347050756,0.22206911,0.61328125,0.86444091796875,0.34338728447407985,0.6551596653260384,0.470703125,0.9330086311493492,0.27784896582331076
two_concepts,TinyCNN,2004,template_release,20,0.9644117128811639,0.9644117128811639,0.0,16,0.23952934667815565,0.23952934667815565,0.805588277471237,1.0793397,0.9644117128811639,0.27860603,0.88671875,0.9053192138671875,0.3413830893959646,0.6904200996388368,0.80859375,0.9644112675470858,0.273991167908249
two_concepts,TinyCNN,2004,template_release,40,0.9300327847269537,0.9300327847269537,0.0,16,0.32802680827747144,0.32802680827747144,0.7503273199415981,1.1701357,0.9300327847269537,0.4193548,0.9375,0.9448699951171875,0.31675211676573223,0.666418078551283,0.8984375,0.9603443674636549,0.293926288912372
two_concepts,TinyCNN,2004,template_release,80,0.8205640936248277,0.8205640936248277,0.0,16,0.5610774854303409,0.5610774854303409,0.6173664240825381,1.523209,0.8205640936248277,0.90992737,0.98828125,0.9672393798828125,0.31684490897848017,0.664442603900784,0.943359375,0.9737692478330634,0.3093266439322793
two_concepts,TinyCNN,2004,template_release,120,0.6547892867137574,0.6542142594401172,0.0005750272736401163,15,0.8150013359719999,0.8155485338245474,0.44235499036377113,2.306241,0.6542142594401172,1.8355649,0.98828125,0.9801788330078125,0.31091382856760574,0.6725989345562348,0.91796875,0.9557282973655178,0.283129362809283
two_concepts,TinyCNN,2004,template_release,160,0.5924248874944111,0.5904104650233742,0.002014422471036892,14,0.8925151536281726,0.8943330635935334,0.37866715593302425,2.7797036,0.5904104650233742,2.3509808,0.98828125,0.979949951171875,0.30099186241118764,0.6836562402204589,0.916015625,0.9506279506142173,0.26697171039375844
two_concepts,TinyCNN,2004,template_release,200,0.5617891965442563,0.5586922022678578,0.0030969942763985348,13,0.9277177483109689,0.9305968620523578,0.3459357812859457,3.1065993,0.5586922022678578,2.695973,0.98828125,0.979827880859375,0.29318284741728984,0.6914829962436942,0.90625,0.9465676826830225,0.25508468643932825
two_concepts,TinyCNN,2005,random,0,0.17782185439940934,0.16272372759368958,0.015098126805719758,11,1.2810684618235193,1.292409801921465,0.20151839515166106,0.57417715,1.0,0.0,,,,,,,
two_concepts,TinyCNN,2005,random,1,0.16934078144910325,0.15436291245214967,0.01497786899695358,11,1.2876386590428248,1.2988155575722047,0.18940302047921437,0.5772991,0.992717459298961,0.083545916,0.43359375,0.800018310546875,0.23651833017941715,0.5219949096165649,0.392578125,0.715744495437524,0.19374958582095916
two_concepts,TinyCNN,2005,random,5,0.1915706528110448,0.16558591067725606,0.025984742133788735,8,1.2689332477028759,1.2883053207351904,0.20292608744270074,0.64911985,0.908179120676001,0.28422213,0.671875,0.9409027099609375,0.21144904388784394,0.4736443419965518,0.44140625,0.7127816120842485,0.2391372700876967
two_concepts,TinyCNN,2005,random,10,0.2096152213863224,0.16800957478694567,0.04160564659937674,8,1.2522803955236692,1.28402550532221,0.27064158128139143,0.82364327,0.7676348577646381,0.53996176,0.8203125,0.9793701171875,0.17592779525739288,0.5491444065531426,0.59765625,0.8108521658337662,0.26170775928062356
two_concepts,TinyCNN,2005,random,20,0.22112911939696056,0.17696047448375407,0.04416864491320649,8,1.2419120350564565,1.2753244576152678,0.3096688106552469,1.325754,0.5654592444265177,1.1122193,0.9453125,0.991455078125,0.16857468978114187,0.5785200919825644,0.705078125,0.8418679645446928,0.26334787256212844
two_concepts,TinyCNN,2005,random,40,0.22421318466103057,0.17866031725527648,0.045552867405754094,8,1.2398969653518437,1.2748979021711129,0.3145091483347545,2.037876,0.4462328551112683,1.8568722,0.99609375,0.99285888671875,0.16110134968014156,0.6132185302056617,0.73046875,0.8392615389518833,0.22604300874622152
two_concepts,TinyCNN,2005,random,80,0.2279232095426651,0.17495838988095339,0.05296481966171171,9,1.2373619787036796,1.278420672191291,0.3141820376448424,2.6159935,0.3918256025165716,2.4505143,0.99609375,0.99249267578125,0.15312292125560362,0.6089987278825701,0.69140625,0.8021651714627984,0.19316644358022833
two_concepts,TinyCNN,2005,random,120,0.22886425418910095,0.17465864925199534,0.054205604937105606,9,1.2366837711303411,1.2787781777451,0.3132203737755231,2.896799,0.372171634726679,2.7371218,1.0,0.99224853515625,0.15623966407040174,0.6393613004353498,0.724609375,0.8188068200296517,0.17944551959430186
two_concepts,TinyCNN,2005,random,160,0.2293284755507085,0.1748847324024171,0.054443743148291424,9,1.2363745344397885,1.2787118199260372,0.31296645368552667,3.078662,0.3614126963316071,2.9221344,1.0,0.9920654296875,0.1547729387661241,0.6402558568909961,0.732421875,0.8128495192255311,0.17259366233453496
two_concepts,TinyCNN,2005,random,200,0.22958359926805996,0.1750614812058957,0.054522118062164254,9,1.236202061493787,1.278632344013953,0.3125039284495477,3.2135236,0.3543720075675436,3.059014,1.0,0.99212646484375,0.15382322350192695,0.6151233285191082,0.693359375,0.7833291551529947,0.16820582663388645
two_concepts,TinyCNN,2005,random_unitnorm,0,0.1778218546786271,0.16272372851032102,0.01509812616830608,11,1.2810684616926462,1.2924098013148537,0.20151839292735976,1.0,1.0,0.0,,,,,,,
two_concepts,TinyCNN,2005,random_unitnorm,1,0.173124655796494,0.15933049658090476,0.013794159215589241,10,1.2846234746580931,1.2949867967401345,0.19448559400378262,1.0027297,0.997723626644838,0.08901821,0.34375,0.767333984375,0.1919191347553444,0.45707265606463676,0.28125,0.6259860258488323,0.16891336978419558
two_concepts,TinyCNN,2005,random_unitnorm,5,0.16676545673325882,0.15186541952691446,0.014900037206344363,10,1.2888597599773237,1.2999695355573013,0.1725351372607013,1.0488312,0.9636517226425495,0.29950088,0.54296875,0.881622314453125,0.2100662565347382,0.6490522257630702,0.470703125,0.9150819257154519,0.2660296999523817
two_concepts,TinyCNN,2005,random_unitnorm,10,0.17757938974284534,0.1588606158090588,0.018718773933786542,8,1.278785920142976,1.2926036062931106,0.193136603510557,1.1647856,0.8944215705755931,0.5331527,0.78125,0.939483642578125,0.20085644619518286,0.5965106416340138,0.62890625,0.8749818557562041,0.27847121412219034
two_concepts,TinyCNN,2005,random_unitnorm,20,0.2006747395857849,0.16858003016940537,0.03209470941637954,9,1.258925104116079,1.2825337761988005,0.2361820057847427,1.5357311,0.743451148605622,1.0485399,0.93359375,0.982208251953125,0.1755799004543962,0.6117791525247795,0.75390625,0.8723014972787059,0.26052234475392627
two_concepts,TinyCNN,2005,random_unitnorm,40,0.20696821493041453,0.15700122402353398,0.04996699090688056,8,1.2541697830171366,1.2920843553314403,0.28709064724556266,2.1910133,0.5961407847534259,1.8032639,0.98828125,0.9862060546875,0.16035661861127998,0.6447404055584124,0.7734375,0.8590332162593601,0.21429281070094774
two_concepts,TinyCNN,2005,random_unitnorm,80,0.2065598795841522,0.15344495130666558,0.05311492827748662,7,1.2549856770986942,1.29691930853946,0.3070298805413954,2.786198,0.5194143399687446,2.4393077,1.0,0.98895263671875,0.16510933872186384,0.6506069912142145,0.712890625,0.8144007066226173,0.16379371540840287
two_concepts,TinyCNN,2005,random_unitnorm,120,0.2060406985348183,0.15146298401530423,0.05457771451951407,7,1.2555196970024194,1.2984723516905026,0.30954129526615004,3.0815465,0.4912115868914697,2.74854,1.0,0.98944091796875,0.1625289394611103,0.6557294118288244,0.70703125,0.7986676782930405,0.1429382664642161
two_concepts,TinyCNN,2005,random_unitnorm,160,0.20525568665686342,0.1501192420028748,0.05513644465398862,7,1.2561925850929592,1.2995439931716741,0.31170920975212696,3.271874,0.4757123447199937,2.9462514,1.0,0.9892578125,0.15252744430042608,0.6557169262850253,0.697265625,0.7872913224484406,0.1315743961634153
two_concepts,TinyCNN,2005,random_unitnorm,200,0.20454220220478825,0.14905437194309862,0.05548783026168963,7,1.2568026079374741,1.3004172994296086,0.3128779946562352,3.41209,0.4651529178613522,3.0915074,1.0,0.9891357421875,0.15261685046840345,0.6549452520646117,0.689453125,0.7789177397844157,0.1239724877198039
two_concepts,TinyCNN,2005,template_init,0,1.0,1.0,0.0,16,1.3170890159654386e-09,1.3170890159654386e-09,0.8481368160118523,1.0,1.0,0.0,,,,,,,
two_concepts,TinyCNN,2005,template_init,1,0.9986028737817915,0.9986028737817915,0.0,16,0.0422555302663221,0.0422555302663221,0.8467726953973662,1.0045403,0.9986028737817915,0.09283601,0.2734375,0.7881317138671875,0.38928830393855685,0.776773073647326,0.26953125,0.8516342636370238,0.07486118998969787
two_concepts,TinyCNN,2005,template_init,5,0.975120845275989,0.975120845275989,0.0,16,0.2068242398446259,0.2068242398446259,0.8141476185462092,1.0528944,0.975120845275989,0.30611348,0.5546875,0.8894500732421875,0.3277209437508103,0.7947597793637832,0.529296875,0.9402040941574784,0.14544431479369524
two_concepts,TinyCNN,2005,template_init,10,0.9246085447591232,0.9246085447591232,0.0,16,0.375738034779007,0.375738034779007,0.7331842716199084,1.132016,0.9246085447591232,0.47317952,0.859375,0.919189453125,0.29758579813511665,0.8021145620944624,0.751953125,0.9596848953390851,0.15757033324462266
two_concepts,TinyCNN,2005,template_init,20,0.7976411445205349,0.7976411445205349,0.0,16,0.6263374013195633,0.6263374013195633,0.5648561435920557,1.4144974,0.7976411445205349,0.89954185,0.98046875,0.963134765625,0.2878114673518487,0.7193234531588362,0.87109375,0.9466469668105604,0.22732351365172426
two_concepts,TinyCNN,2005,template_init,40,0.6184661053508151,0.6147548335088071,0.003711271842008035,14,0.8653530260189108,0.8692322374527901,0.4087529235084346,2.189919,0.6147548335088071,1.7909689,0.984375,0.98162841796875,0.26408321082051034,0.6552492821035455,0.90625,0.9364409662908323,0.2811916841872868
two_concepts,TinyCNN,2005,template_init,80,0.5406689090444352,0.5350909909011625,0.0055779181432726865,14,0.9518674164164471,0.9572982460822497,0.3450976517082387,3.0725815,0.5350909909011625,2.6993456,0.99609375,0.98876953125,0.22460555875000593,0.7015859366071042,0.904296875,0.932471468915313,0.23088553230820869
two_concepts,TinyCNN,2005,template_init,120,0.5150412828381217,0.507871171358215,0.007170111479906649,12,0.9788253899532358,0.9856833844384574,0.3200390279487966,3.520905,0.507871171358215,3.157356,0.9921875,0.9898681640625,0.20089714778861711,0.7274766982508861,0.884765625,0.9278923371509296,0.20041563890004344
two_concepts,TinyCNN,2005,template_init,160,0.5014136724236219,0.49272658554538246,0.008687086878239436,12,0.992737177666385,1.0009580790147994,0.30615359576345524,3.8159034,0.49272658554538246,3.457924,0.9921875,0.99029541015625,0.19160699153487687,0.7041778541998063,0.830078125,0.8860767467907136,0.18189889259090733
two_concepts,TinyCNN,2005,template_init,200,0.4932125748882778,0.4836863754990556,0.009526199389222223,12,1.000949205230076,1.0099144979048602,0.2977243446522415,4.035401,0.4836863754990556,3.6801045,0.99609375,0.99053955078125,0.18434540902731758,0.7123631970101801,0.828125,0.8817926484528614,0.16942945144268126
two_concepts,TinyCNN,2005,template_retention_1,0,1.0,1.0,0.0,16,1.3170890159654386e-09,1.3170890159654386e-09,0.8481368160118523,1.0,1.0,0.0,,,,,,,
two_concepts,TinyCNN,2005,template_retention_1,1,0.9988207161616132,0.9988207161616132,0.0,16,0.0415768704050022,0.0415768704050022,0.8457867332724391,1.0034894,0.9988207161616132,0.07674649,0.2734375,0.7881927490234375,0.3842625637778353,0.7761203914702851,0.26953125,0.8518492816259231,0.07572889015563798
two_concepts,TinyCNN,2005,template_retention_1,5,0.9850351189767619,0.9850351189767619,0.0,16,0.160995066274607,0.160995066274607,0.8255225794740565,1.0046399,0.9850351189767619,0.1942172,0.55859375,0.8860931396484375,0.3623857069172812,0.7979949718141154,0.525390625,0.9345949118244465,0.13659994001033116
two_concepts,TinyCNN,2005,template_retention_1,10,0.9756125883057232,0.9756125883057232,0.0,16,0.2053481989090079,0.2053481989090079,0.8091121382784221,1.0207405,0.9756125883057232,0.22454706,0.7734375,0.892364501953125,0.36161202047942836,0.8247917786317884,0.63671875,0.956366373396817,0.13157459476502853
two_concepts,TinyCNN,2005,template_retention_1,20,0.9649640371887315,0.9649640371887315,0.0,16,0.24405551423047644,0.24405551423047644,0.7897432322201416,1.0654433,0.9649640371887315,0.27673188,0.859375,0.9111328125,0.3478579195972986,0.8216731227189152,0.7734375,0.9631291486658209,0.14145602594690565
two_concepts,TinyCNN,2005,template_retention_1,40,0.9479626207017304,0.9479626207017304,0.0,16,0.2933021144177471,0.2933021144177471,0.7607607727477881,1.108109,0.9479626207017304,0.34675047,0.96875,0.93060302734375,0.3322248692738964,0.770445059037917,0.9296875,0.9687219755624475,0.19827691652453044
two_concepts,TinyCNN,2005,template_retention_1,80,0.9406247015462181,0.9406247015462181,0.0,16,0.31062915822612314,0.31062915822612314,0.7498487694294054,1.1226386,0.9406247015462181,0.37226155,0.98046875,0.9371337890625,0.3304427266908124,0.7051945652643339,0.96484375,0.9745862702763463,0.2693917050120123
two_concepts,TinyCNN,2005,template_retention_1,120,0.9415432908912029,0.9415432908912029,0.0,16,0.3067833675351423,0.3067833675351423,0.7523314679475694,1.1149316,0.9415432908912029,0.363576,0.984375,0.93927001953125,0.33236566041850546,0.6910235631299966,0.966796875,0.9774618826038294,0.2864383194738328
two_concepts,TinyCNN,2005,template_retention_1,160,0.9432835965497601,0.9432835965497601,0.0,16,0.30178371806500326,0.30178371806500326,0.7550414491047069,1.1059124,0.9432835965497601,0.35284775,0.984375,0.94122314453125,0.3319207417236316,0.6873493176066806,0.96875,0.9788468581725157,0.2914975405658351
two_concepts,TinyCNN,2005,template_retention_1,200,0.9452337145033302,0.9452337145033302,0.0,16,0.2960363833068716,0.2960363833068716,0.7573992491227639,1.0975963,0.9452337145033302,0.3414347,0.984375,0.9439697265625,0.33327172000275807,0.6879053426003552,0.9765625,0.9804915178410836,0.29258617524072833
two_concepts,TinyCNN,2005,template_release,0,1.0,1.0,0.0,16,1.3170890159654386e-09,1.3170890159654386e-09,0.8481368160118523,1.0,1.0,0.0,,,,,,,
two_concepts,TinyCNN,2005,template_release,1,0.9988207161616132,0.9988207161616132,0.0,16,0.0415768704050022,0.0415768704050022,0.8457867332724391,1.0034894,0.9988207161616132,0.07674649,0.2734375,0.7881927490234375,0.3842625637778353,0.7761203914702851,0.26953125,0.8518492816259231,0.07572889015563798
two_concepts,TinyCNN,2005,template_release,5,0.9850351189767619,0.9850351189767619,0.0,16,0.160995066274607,0.160995066274607,0.8255225794740565,1.0046399,0.9850351189767619,0.1942172,0.55859375,0.8860931396484375,0.3623857069172812,0.7979949718141154,0.525390625,0.9345949118244465,0.13659994001033116
two_concepts,TinyCNN,2005,template_release,10,0.9756125883057232,0.9756125883057232,0.0,16,0.2053481989090079,0.2053481989090079,0.8091121382784221,1.0207405,0.9756125883057232,0.22454706,0.7734375,0.892364501953125,0.36161202047942836,0.8247917786317884,0.63671875,0.956366373396817,0.13157459476502853
two_concepts,TinyCNN,2005,template_release,20,0.9608797961846556,0.9608797961846556,0.0,16,0.25876853656859955,0.25876853656859955,0.7828486216059902,1.0725491,0.9608797961846556,0.2950702,0.87109375,0.91357421875,0.3441708357057405,0.817032991413414,0.78125,0.9635958879700215,0.14656289655660754
two_concepts,TinyCNN,2005,template_release,40,0.9220440900118088,0.9220440900118088,0.0,16,0.3656581909495087,0.3656581909495087,0.7209531489598793,1.1703815,0.9220440900118088,0.45636952,0.9765625,0.93426513671875,0.31889356689663195,0.7420073613269369,0.939453125,0.9681561447082282,0.22614878338129135
two_concepts,TinyCNN,2005,template_release,80,0.7914286243172837,0.7914286243172837,0.0,16,0.6250563636049431,0.6250563636049431,0.5691058527805887,1.5531055,0.7914286243172837,0.9955035,0.984375,0.97998046875,0.3009307515939907,0.6718236558041458,0.935546875,0.9481442704868364,0.27632061468269054
two_concepts,TinyCNN,2005,template_release,120,0.639992737972554,0.6375360114040398,0.002456726568514145,13,0.8393528258576614,0.8420394877971475,0.430686313735651,2.361094,0.6375360114040398,1.9180367,0.99609375,0.98846435546875,0.28308277498765216,0.7386327478440033,0.958984375,0.9701572387987979,0.2315244909547946
two_concepts,TinyCNN,2005,template_release,160,0.6000223935671147,0.595524751864773,0.0044976417023416815,13,0.8866651648365329,0.8912495382809077,0.38946294720832136,2.7425697,0.595524751864773,2.3217006,0.99609375,0.9901123046875,0.2748240975151006,0.7622010923939835,0.958984375,0.9717064734056762,0.20950538101169264
two_concepts,TinyCNN,2005,template_release,200,0.5788021605852983,0.573435980733406,0.005366179851892361,13,0.9106062239980977,0.9159241018728519,0.36707648924881553,2.9944606,0.573435980733406,2.5843096,0.99609375,0.9774169921875,0.26928931797885736,0.7770364767458204,0.955078125,0.9724114685376406,0.1953749917918201
two_concepts,TinyCNN,2006,random,0,0.1671209759845724,0.147268467872953,0.0198525081116194,11,1.2896906938953787,1.3046664830158081,0.1942820280803369,0.58717334,1.0,0.0,,,,,,,
two_concepts,TinyCNN,2006,random,1,0.16167095512580223,0.13426689419895207,0.02740406092685016,9,1.2936138383610047,1.314192999751477,0.19910607222131443,0.5892443,0.9929392414347102,0.08389406,0.46875,0.80145263671875,0.2513597967850346,0.14418067438144622,0.37109375,0.43448077486247183,0.2903001004810256
two_concepts,TinyCNN,2006,random,5,0.18142293667150844,0.14629694020506603,0.035125996466442405,10,1.2778397224156572,1.3041998212211945,0.20417914852883162,0.6409597,0.9175781155898117,0.26213086,0.58984375,0.9386444091796875,0.202709265290546,0.5434733686031998,0.509765625,0.8839191188444776,0.34044575024127777
two_concepts,TinyCNN,2006,random,10,0.20177679084921896,0.16582414682376517,0.035952644025453784,9,1.2612510601492466,1.2881294921379314,0.2451876727015313,0.7984558,0.7861856120203581,0.5075533,0.83984375,0.967315673828125,0.1976708231090814,0.5048856782709249,0.6875,0.8561547953400162,0.35126911706909125
two_concepts,TinyCNN,2006,random,20,0.22569498104808397,0.18743693123773797,0.038258049810346,9,1.2404692472525876,1.2694729413147305,0.303621288496295,1.2745007,0.5915879540714422,1.0601,0.91796875,0.9859619140625,0.21713258260667212,0.5261407139956245,0.75390625,0.8722084249513922,0.3460677109557677
two_concepts,TinyCNN,2006,random,40,0.22634592739159837,0.19884036693305077,0.0275055604585476,11,1.238762357312692,1.2603847111355853,0.3444617887163975,1.9348165,0.4638551696906659,1.7569969,0.96875,0.98406982421875,0.20793142555985805,0.6092774041963096,0.802734375,0.8876447819864948,0.2783673777901852
two_concepts,TinyCNN,2006,random,80,0.22783796335233325,0.20428628442699706,0.02355167892533619,13,1.2379599655685474,1.2566863348133426,0.3498634904143348,2.478427,0.40419480624574994,2.3154175,0.984375,0.985626220703125,0.21123339929915283,0.6172788087678608,0.74609375,0.8364154343966562,0.21913662562879543
two_concepts,TinyCNN,2006,random,120,0.22802951843377164,0.20532335340518565,0.022706165028585995,13,1.238012531159252,1.2561241214784589,0.3510329017375124,2.755714,0.3842144865726296,2.5968132,0.984375,0.9847412109375,0.2117184058480276,0.6413949293657272,0.75,0.836477018201759,0.19508208883603181
two_concepts,TinyCNN,2006,random,160,0.22674079546029807,0.20478953650699205,0.02195125895330602,13,1.2391665508526706,1.2567060708191515,0.3508499952558246,2.9397235,0.37371516350586564,2.7826552,0.984375,0.98504638671875,0.21178899145537317,0.6546002095140937,0.76171875,0.8366106049340601,0.1820103954199665
two_concepts,TinyCNN,2006,random,200,0.2260445387722284,0.20460512928073704,0.021439409491491368,13,1.2398213081188671,1.256972445473758,0.350282891351377,3.0754256,0.36680157279382053,2.9195967,0.984375,0.984375,0.2122503807933771,0.6626144124414052,0.76953125,0.8365527568099509,0.17393834436854572
two_concepts,TinyCNN,2006,random_unitnorm,0,0.1671209778926182,0.14726846895108747,0.019852508941530733,11,1.2896906923791858,1.3046664821309841,0.19428202943031495,1.0,1.0,0.0,,,,,,,
two_concepts,TinyCNN,2006,random_unitnorm,1,0.16470322797601045,0.1395117902564963,0.025191437719514154,10,1.2914651688774696,1.31038699219188,0.1964064265353103,1.000699,0.9978292376498799,0.08767499,0.38671875,0.7930145263671875,0.2359651567961206,0.1932146651925365,0.392578125,0.4466937904119682,0.2534791252194317
two_concepts,TinyCNN,2006,random_unitnorm,5,0.16857050571259732,0.1391334851519621,0.029437020560635213,10,1.2880931813964531,1.310317064364024,0.1929658492381544,1.0338105,0.96613948032136,0.27419987,0.6484375,0.912750244140625,0.2312790295011973,0.5401546274147105,0.537109375,0.8440068055985043,0.30385217818379373
two_concepts,TinyCNN,2006,random_unitnorm,10,0.17657786733647263,0.14710224139090697,0.02947562594556566,10,1.2818897937362823,1.3039375302009835,0.1963335507091723,1.1335386,0.9034917554228927,0.49970877,0.82421875,0.9547271728515625,0.20226287629127948,0.5036477331700902,0.609375,0.826754225599887,0.3231064924297969
two_concepts,TinyCNN,2006,random_unitnorm,20,0.20300578553002935,0.16792932795825422,0.03507645757177513,9,1.2606574238180297,1.2878470138342648,0.22776084052691647,1.4765419,0.7608098286245201,0.9885867,0.91015625,0.9767608642578125,0.1979229037452515,0.5232202556936264,0.74609375,0.8455453675392008,0.32232511184557444
two_concepts,TinyCNN,2006,random_unitnorm,40,0.21195818994338456,0.1805367163306874,0.03142147361269715,9,1.2521717379851998,1.2766411567875737,0.2728100644334296,2.1065316,0.6052175675853445,1.7220685,0.96484375,0.97406005859375,0.18077887866932987,0.5697861622496174,0.763671875,0.8552339623150349,0.2854478000654174
two_concepts,TinyCNN,2006,random_unitnorm,80,0.21626611470158313,0.18638270085521041,0.02988341384637272,8,1.248570009124436,1.2720120354780335,0.2807911488233948,2.696165,0.5176093331774714,2.359179,0.98046875,0.980377197265625,0.17609860293623367,0.6114036082127197,0.759765625,0.8440775831192374,0.23267397490651776
two_concepts,TinyCNN,2006,random_unitnorm,120,0.21666917799900612,0.18777838890560544,0.028890789093400676,8,1.2482919465777311,1.2713930330335081,0.2762664770373246,2.9984148,0.4854455904474697,2.6778011,0.984375,0.98138427734375,0.17795315022659342,0.6261638566952379,0.765625,0.8355711684978608,0.20940731180262295
two_concepts,TinyCNN,2006,random_unitnorm,160,0.21651718622854382,0.18840942346487177,0.02810776276367205,10,1.2484735125557547,1.2709626827603229,0.27316984558309987,3.198029,0.46773325361202134,2.8860626,0.984375,0.981658935546875,0.17985560450685098,0.6332913246626297,0.76171875,0.8297213545650889,0.1964300299024591
two_concepts,TinyCNN,2006,random_unitnorm,200,0.21648364142192078,0.1889140705403009,0.027569570881619876,11,1.24850913341549,1.2705985516846017,0.27124532087898523,3.3459651,0.45561547243659795,3.040008,0.98828125,0.981689453125,0.17988045601734104,0.6375694556892536,0.7578125,0.8254639330807674,0.18789447739151374
two_concepts,TinyCNN,2006,template_init,0,1.0,1.0,0.0,16,1.3170890159654386e-09,1.3170890159654386e-09,0.8481368160118523,1.0,1.0,0.0,,,,,,,
two_concepts,TinyCNN,2006,template_init,1,0.9987259484520468,0.9987259484520468,0.0,16,0.04542580462869117,0.04542580462869117,0.8500242542227745,1.0047983,0.9987259484520468,0.09379365,0.22265625,0.781341552734375,0.37114459644175524,0.523766759548774,0.25,0.6065989656754397,0.08283220612666564
two_concepts,TinyCNN,2006,template_init,5,0.9689793328611457,0.9689793328611457,0.0,16,0.23996485808620702,0.23996485808620702,0.8140787560340055,1.0359251,0.9689793328611457,0.284734,0.5703125,0.7924652099609375,0.35506785563955434,0.4893139520561401,0.5234375,0.8399850643879909,0.35067111233185083
two_concepts,TinyCNN,2006,template_init,10,0.9114401088251083,0.9114401088251083,0.0,16,0.4073238182017309,0.4073238182017309,0.7192654199313637,1.1280665,0.9114401088251083,0.49366045,0.8359375,0.89654541015625,0.33388633284642744,0.4602332382618909,0.611328125,0.8446739963613825,0.38444075809949163
two_concepts,TinyCNN,2006,template_init,20,0.7844035263680518,0.7838821999862221,0.0005213263818296676,15,0.6438808145588336,0.6445739628956784,0.5666244286953619,1.4502683,0.7838821999862221,0.9539695,0.94140625,0.9635009765625,0.30854102356409574,0.501682931453221,0.763671875,0.8885627840870722,0.3868798526338513
two_concepts,TinyCNN,2006,template_init,40,0.6290896832937486,0.6254605737670912,0.0036291095266574036,14,0.8532238966154382,0.8576981584317792,0.4491109312211834,2.1359556,0.6254605737670912,1.745688,0.96484375,0.9859619140625,0.25664321102143534,0.5527321321760558,0.818359375,0.8989287142063691,0.34619658203031334
two_concepts,TinyCNN,2006,template_init,80,0.5430215647104581,0.5365492530434617,0.006472311666996466,12,0.9470341760108572,0.954636106601372,0.4171799488615515,2.8625298,0.5365492530434617,2.50239,0.98828125,0.9908447265625,0.2235318068826838,0.5530527971758166,0.75390625,0.8455899574748944,0.2925371602990779
two_concepts,TinyCNN,2006,template_init,120,0.5178806873799254,0.5097346274382831,0.008146059941642303,11,0.9732111254064686,0.9823258455580592,0.4059100254112329,3.2459645,0.5097346274382831,2.8911123,0.9921875,0.99188232421875,0.21232249662459446,0.5784123665950582,0.7578125,0.843809428376477,0.26539706178141875
two_concepts,TinyCNN,2006,template_init,160,0.5036720780471091,0.4945694261093685,0.009102651937740625,11,0.9878911583340151,0.9969014141591711,0.39927531094051755,3.498743,0.49450749825542295,3.148058,0.9921875,0.9921875,0.20430981597026315,0.5921347111492513,0.755859375,0.8402184399824473,0.24808372883319596
two_concepts,TinyCNN,2006,template_init,200,0.494659107063104,0.4851082394655958,0.009550867597508228,11,0.9971480507932122,1.0065246373645076,0.39508330055447405,3.6863112,0.4849787172114933,3.3379207,0.9921875,0.9923095703125,0.1994012602765639,0.6009384736629368,0.75390625,0.8365276945900549,0.23558922092711804
two_concepts,TinyCNN,2006,template_retention_1,0,1.0,1.0,0.0,16,1.3170890159654386e-09,1.3170890159654386e-09,0.8481368160118523,1.0,1.0,0.0,,,,,,,
two_concepts,TinyCNN,2006,template_retention_1,1,0.9988877185430246,0.9988877185430246,0.0,16,0.04408423654515889,0.04408423654515889,0.8503696566056089,1.0017018,0.9988877185430246,0.07739571,0.22265625,0.780548095703125,0.3716375615926297,0.5275309557106718,0.255859375,0.6049367351344248,0.07740577942375301
two_concepts,TinyCNN,2006,template_retention_1,5,0.9823229563265297,0.9823229563265297,0.0,16,0.18058335328765418,0.18058335328765418,0.8322401104429344,1.0060675,0.9823229563265297,0.18821058,0.5234375,0.798553466796875,0.3787002919659188,0.3967472253208877,0.482421875,0.7230491162452026,0.32630189092431494
two_concepts,TinyCNN,2006,template_retention_1,10,0.9687884083996884,0.9687884083996884,0.0,16,0.23447500380722455,0.23447500380722455,0.8104076476969122,1.031902,0.9687884083996884,0.2497632,0.765625,0.845947265625,0.37710803604345106,0.4475929683265004,0.623046875,0.8206101995215118,0.3730172311950114
two_concepts,TinyCNN,2006,template_retention_1,20,0.9526510554412881,0.9526510554412881,0.0,16,0.2840780856150964,0.2840780856150964,0.7895033505671729,1.076744,0.9526510554412881,0.315254,0.86328125,0.90277099609375,0.3691992459742778,0.39203257692633536,0.59765625,0.7850494154884691,0.3930168385621337
two_concepts,TinyCNN,2006,template_retention_1,40,0.9357145216272866,0.9357145216272866,0.0,16,0.3388849091157251,0.3388849091157251,0.7700350204859285,1.1243683,0.9357145216272866,0.39378917,0.9375,0.93084716796875,0.3390016000966096,0.49372608350974645,0.7734375,0.8798223333072089,0.3860962497974625
two_concepts,TinyCNN,2006,template_retention_1,80,0.9348724948492374,0.9348724948492374,0.0,16,0.33701977367627356,0.33701977367627356,0.774065402095288,1.123386,0.9348724948492374,0.39137405,0.96875,0.9366302490234375,0.33837589428265,0.5704314449024642,0.876953125,0.9236448802891792,0.353213435386715
two_concepts,TinyCNN,2006,template_retention_1,120,0.9387274547313406,0.9387274547313406,0.0,16,0.323061440094353,0.323061440094353,0.7805859243703193,1.1107702,0.9387274547313406,0.37072486,0.96875,0.9330596923828125,0.34098745096826355,0.6041475498236711,0.90234375,0.9383725384670605,0.33422498864338934
two_concepts,TinyCNN,2006,template_retention_1,160,0.9427208352250962,0.9427208352250962,0.0,16,0.3102981973075357,0.3102981973075357,0.7855811946783087,1.1001657,0.9427208352250962,0.3528611,0.9765625,0.94891357421875,0.34261059865482,0.6165693737437196,0.919921875,0.9394408431257462,0.3228714693820266
two_concepts,TinyCNN,2006,template_retention_1,200,0.9461971192138527,0.9461971192138527,0.0,16,0.29819875979972477,0.29819875979972477,0.7915346445955448,1.0915165,0.9461971192138527,0.3359797,0.9765625,0.95428466796875,0.3462339044694963,0.6347186371337473,0.927734375,0.9472027607113201,0.3124841235775728
two_concepts,TinyCNN,2006,template_release,0,1.0,1.0,0.0,16,1.3170890159654386e-09,1.3170890159654386e-09,0.8481368160118523,1.0,1.0,0.0,,,,,,,
two_concepts,TinyCNN,2006,template_release,1,0.9988877185430246,0.9988877185430246,0.0,16,0.04408423654515889,0.04408423654515889,0.8503696566056089,1.0017018,0.9988877185430246,0.07739571,0.22265625,0.780548095703125,0.3716375615926297,0.5275309557106718,0.255859375,0.6049367351344248,0.07740577942375301
two_concepts,TinyCNN,2006,template_release,5,0.9823229563265297,0.9823229563265297,0.0,16,0.18058335328765418,0.18058335328765418,0.8322401104429344,1.0060675,0.9823229563265297,0.18821058,0.5234375,0.798553466796875,0.3787002919659188,0.3967472253208877,0.482421875,0.7230491162452026,0.32630189092431494
two_concepts,TinyCNN,2006,template_release,10,0.9687884083996884,0.9687884083996884,0.0,16,0.23447500380722455,0.23447500380722455,0.8104076476969122,1.031902,0.9687884083996884,0.2497632,0.765625,0.845947265625,0.37710803604345106,0.4475929683265004,0.623046875,0.8206101995215118,0.3730172311950114
two_concepts,TinyCNN,2006,template_release,20,0.9478412473146569,0.9478412473146569,0.0,16,0.29853692550470756,0.29853692550470756,0.7825100696760392,1.0858065,0.9478412473146569,0.33424905,0.875,0.90887451171875,0.3666849000581157,0.39963368689114165,0.60546875,0.7918731265652326,0.3922394396740909
two_concepts,TinyCNN,2006,template_release,40,0.906228036096647,0.906228036096647,0.0,16,0.4091798685470427,0.4091798685470427,0.7313070139288003,1.194706,0.906228036096647,0.50575715,0.94140625,0.95269775390625,0.32062866407973634,0.5084997804440481,0.798828125,0.8858107512295215,0.3773109707854734
two_concepts,TinyCNN,2006,template_release,80,0.7941958926843931,0.7941663144541099,2.9578230283155982e-05,15,0.6152865228982979,0.615326815319468,0.607005410626617,1.5463257,0.7941663144541099,0.97907174,0.97265625,0.9834136962890625,0.26335453383239443,0.6526093011482679,0.935546875,0.9533481225898397,0.30073882144157177
two_concepts,TinyCNN,2006,template_release,120,0.6515575938870826,0.6490230044277965,0.002534589459286085,13,0.8223938268105053,0.8250231493161,0.4452235992814829,2.2126226,0.6490230044277965,1.7779628,0.98828125,0.99053955078125,0.20978262703357475,0.7358470144982368,0.962890625,0.9730204741731223,0.23717345967488562
two_concepts,TinyCNN,2006,template_release,160,0.609230097954717,0.6057429699246459,0.0034871280300711183,12,0.8726855163042258,0.8763273551378785,0.40403916647611776,2.5389278,0.6057429699246459,2.124383,0.9921875,0.99127197265625,0.20174506315300386,0.7626236609174848,0.962890625,0.9774252328662462,0.21480157194876132
two_concepts,TinyCNN,2006,template_release,200,0.5828163825028209,0.5787659690393157,0.004050413463505209,12,0.9023867561447071,0.90657202306892,0.3924658684120068,2.7608747,0.5787659690393157,2.359869,0.9921875,0.9918212890625,0.19721180075468198,0.7777812305775048,0.96484375,0.9792157163827011,0.20143448580519632
two_concepts,TinyCNN,2007,random,0,0.13055373546951246,0.12160645559299209,0.008947279876520373,10,1.3178345406973764,1.3245806976164045,0.20780151249944728,0.5796189,1.0,0.0,,,,,,,
two_concepts,TinyCNN,2007,random,1,0.13304853295513408,0.1252719092179101,0.007776623737223987,12,1.3159542440393803,1.3218607781998672,0.20256941076828283,0.5857835,0.9927616413122464,0.0759477,0.4453125,0.830902099609375,0.16686169865270936,0.28546699348669646,0.33203125,0.5620384937616674,0.2765715002749709
two_concepts,TinyCNN,2007,random,5,0.1396033261359642,0.12500255295086046,0.01460077318510375,9,1.3107749156731205,1.321749787204732,0.21620757136409027,0.6572854,0.9163162016974407,0.27472007,0.6171875,0.83111572265625,0.15026786467368158,0.09851964842427008,0.3984375,0.4717136525729275,0.37319400414865744
two_concepts,TinyCNN,2007,random,10,0.15622772661205195,0.1315119319720509,0.024715794640001038,9,1.2976090752442146,1.3163206090962327,0.2705671726115192,0.83213246,0.7861132455140556,0.52984035,0.73828125,0.9340057373046875,0.17014451823835988,0.14663289720555894,0.47265625,0.5429896155129774,0.3963567183074185
two_concepts,TinyCNN,2007,random,20,0.19506741573645983,0.16102967806190555,0.034037737674554286,10,1.2670072168591928,1.2931331653538418,0.34489615806866936,1.2872818,0.6068694358324673,1.0509162,0.96484375,0.9904632568359375,0.16431996768093288,0.3181099503579975,0.625,0.6695314034129403,0.35142145305494277
two_concepts,TinyCNN,2007,random,40,0.20227925813178232,0.17502270267002223,0.02725655546176009,11,1.2608426596548732,1.2814017436361347,0.3635670546309842,1.96707,0.4804412393132166,1.7677258,0.9921875,0.9918212890625,0.15550495182920004,0.4755370010689523,0.634765625,0.7639954882489509,0.2884584871799986
two_concepts,TinyCNN,2007,random,80,0.19939140375792974,0.1716862441445875,0.027705159613342245,10,1.2630766876245159,1.2844608956976264,0.3519616210979648,2.5540035,0.430811451652673,2.3662992,0.99609375,0.9925079345703125,0.16216325853118235,0.5026468786881947,0.625,0.7470864261123874,0.24443954742419272
two_concepts,TinyCNN,2007,random,120,0.19900894773058192,0.16878027175839333,0.03022867597218859,10,1.2633875569646316,1.2865744652243318,0.34772558700395617,2.8540328,0.4121637454737489,2.671093,1.0,0.9923858642578125,0.1654456722715137,0.5092410369448134,0.587890625,0.7319992853481694,0.222758248403356
two_concepts,TinyCNN,2007,random,160,0.19801868610357892,0.1668786199728311,0.031140066130747823,10,1.2641321619220391,1.2879447588439368,0.3438567255390991,3.0514808,0.40158407359003423,2.8712938,1.0,0.9881591796875,0.1660655168459924,0.5219666912335914,0.58984375,0.7306438339549652,0.2086771427213739
two_concepts,TinyCNN,2007,random,200,0.1975373858661933,0.16588455793356116,0.03165282793263213,8,1.2644696105223026,1.2892664633824213,0.34130399372966613,3.1982832,0.39490466778072697,3.0196815,1.0,0.987396240234375,0.16448108708242476,0.5309032504364798,0.59765625,0.7299103904654562,0.1990071400289765
two_concepts,TinyCNN,2007,random_unitnorm,0,0.13055373612093835,0.12160645674376316,0.008947279377175182,10,1.3178345401759872,1.324580696733757,0.20780151158283722,1.0,1.0,0.0,,,,,,,
two_concepts,TinyCNN,2007,random_unitnorm,1,0.12956993991284088,0.12210064877979737,0.00746929113304351,13,1.3185648786488677,1.3242443933769426,0.20548531291935215,1.0040913,0.9976779998488282,0.077025056,0.44140625,0.7494659423828125,0.1652865498888939,0.1133209204460705,0.318359375,0.36237694478010163,0.24905602433403112
two_concepts,TinyCNN,2007,random_unitnorm,5,0.13426464740260008,0.12331279593144738,0.010951851471152699,11,1.3151510424572326,1.3233091035544704,0.20669442078606237,1.0547411,0.9636926309691237,0.2928803,0.5546875,0.7784881591796875,0.16343284263664368,0.028136535530460027,0.375,0.42997546253531393,0.4018389270048539
two_concepts,TinyCNN,2007,random_unitnorm,10,0.13919115802290907,0.12549338297473686,0.013697775048172212,9,1.3111959876740775,1.32152540755524,0.2373138827661334,1.1768327,0.8955565938766952,0.53952736,0.70703125,0.88690185546875,0.17634440499830178,0.07465317571307478,0.419921875,0.49157466060928556,0.4169214848962108
two_concepts,TinyCNN,2007,random_unitnorm,20,0.17119288163960353,0.14399326044603716,0.027199621193566365,10,1.2859024861464312,1.3067131865145778,0.3149003578149268,1.5285363,0.7535407869654034,1.0298712,0.953125,0.98779296875,0.1724151177591651,0.283304591315439,0.623046875,0.6458725463485065,0.36256795503306755
two_concepts,TinyCNN,2007,random_unitnorm,40,0.1838574363721579,0.15410493861700547,0.02975249775515243,9,1.2758212297204095,1.298790897333615,0.3646666428123868,2.1581705,0.6051094422859198,1.7556034,0.98828125,0.9923095703125,0.16061179600944758,0.4549270411197476,0.642578125,0.7480460267445366,0.293118985624789
two_concepts,TinyCNN,2007,random_unitnorm,80,0.18130209529893712,0.15367901427035696,0.02762308102858016,9,1.2773025195391274,1.2988887058532375,0.3702969400724925,2.7662134,0.5281652638472552,2.4017668,1.0,0.9889984130859375,0.16479263626021307,0.4723692961051695,0.607421875,0.7231489304215992,0.25077963431642974
two_concepts,TinyCNN,2007,random_unitnorm,120,0.18023576760409765,0.15495507817268883,0.02528068943140882,9,1.2779791097449276,1.2976950377117793,0.3678857194761984,3.0800505,0.5017943057802352,2.7268887,1.0,0.986572265625,0.16324777167975818,0.4815701511296564,0.609375,0.7103483305095797,0.22877817937992329
two_concepts,TinyCNN,2007,random_unitnorm,160,0.18011973448701876,0.15492717218980323,0.02519256229721553,9,1.2780128542908011,1.2980592016500854,0.36488544191305133,3.289597,0.4862321146102686,2.943541,1.0,0.9835205078125,0.16268648487738224,0.48696867927177506,0.60546875,0.7020980835457956,0.21512940427402055
two_concepts,TinyCNN,2007,random_unitnorm,200,0.18054977419356855,0.1551337495059512,0.025416024687617333,9,1.277668073986594,1.297919608652797,0.36212558642454895,3.4453864,0.4762446563770785,3.10357,1.0,0.98175048828125,0.16128573866822715,0.4402493702328854,0.544921875,0.6461143454615565,0.20586497522867114
two_concepts,TinyCNN,2007,template_init,0,1.0,1.0,0.0,16,1.3170890159654386e-09,1.3170890159654386e-09,0.8481368160118523,1.0,1.0,0.0,,,,,,,
two_concepts,TinyCNN,2007,template_init,1,0.9983255856051285,0.9983255856051285,0.0,16,0.05428874458159007,0.05428874458159007,0.8488387997226965,1.0036032,0.9983255856051285,0.0817309,0.359375,0.8092193603515625,0.40226258684600325,0.4829517005503019,0.34375,0.5998008076431095,0.11684910709280763
two_concepts,TinyCNN,2007,template_init,5,0.9708991152952884,0.9708991152952884,0.0,16,0.23526439395264134,0.23526439395264134,0.8295156976554305,1.0376776,0.9708991152952884,0.26474488,0.55078125,0.8884124755859375,0.36407872932316876,0.6147292329343657,0.529296875,0.9184707733129154,0.3037415403785497
two_concepts,TinyCNN,2007,template_init,10,0.9126514923309716,0.9126514923309716,0.0,16,0.40962712330512036,0.40962712330512036,0.7533258333737031,1.1221143,0.9126514923309716,0.47010309,0.890625,0.9350128173828125,0.3405370408427334,0.5529197880234067,0.59375,0.8929184406437592,0.3399986526203525
two_concepts,TinyCNN,2007,template_init,20,0.770075801229827,0.769809333437942,0.0002664677918849945,15,0.6645183036168612,0.6648855072046329,0.6028734135106294,1.4958017,0.769809333437942,0.9850855,0.92578125,0.9693603515625,0.3224768854169976,0.4612907819812572,0.71484375,0.841175343934624,0.3798845619533668
two_concepts,TinyCNN,2007,template_init,40,0.6508537765868774,0.6436569204073566,0.007196856179520816,13,0.8236502673713344,0.8318626413327737,0.5079815661337452,2.2693748,0.6433772426487568,1.8182373,0.98828125,0.9818115234375,0.3218255556009625,0.4975524436793112,0.744140625,0.8396634570373585,0.3421110133580473
two_concepts,TinyCNN,2007,template_init,80,0.585532657959305,0.575578736751712,0.009953921207592975,13,0.9014756539160445,0.9120298789161013,0.4761798053480774,3.064912,0.575578736751712,2.6362062,1.0,0.98663330078125,0.3045816887371945,0.5410799774640696,0.751953125,0.824986395079401,0.2839064176153314
two_concepts,TinyCNN,2007,template_init,120,0.5596492497292227,0.5483483007025238,0.01130094902669887,13,0.9310297626355533,0.9426779528812133,0.46378798423276024,3.5103967,0.5483483007025238,3.09325,1.0,0.98809814453125,0.2889026371167942,0.5552200089560149,0.740234375,0.81444874244731,0.25922873349129516
two_concepts,TinyCNN,2007,template_init,160,0.5449162750482262,0.533197474990887,0.011718800057339163,13,0.9476032494329338,0.9595377895142206,0.4559375072912212,3.816155,0.533197474990887,3.4056818,1.0,0.98876953125,0.279262708987759,0.5606863242574563,0.73046875,0.8060684311581787,0.2453821069007224
two_concepts,TinyCNN,2007,template_init,200,0.5352103506250786,0.5232032949046033,0.012007055720475335,13,0.9582682567643174,0.9703902509533361,0.4509307887639367,4.0435495,0.5232032949046033,3.6374404,1.0,0.98919677734375,0.2695682219140391,0.562243894813764,0.728515625,0.7982666682973663,0.2360227734836023
two_concepts,TinyCNN,2007,template_retention_1,0,1.0,1.0,0.0,16,1.3170890159654386e-09,1.3170890159654386e-09,0.8481368160118523,1.0,1.0,0.0,,,,,,,
two_concepts,TinyCNN,2007,template_retention_1,1,0.9986312250684239,0.9986312250684239,0.0,16,0.049559496679304864,0.049559496679304864,0.8494741591248782,0.99923474,0.9986312250684239,0.06631854,0.36328125,0.8087310791015625,0.40035248771462384,0.47869342450665703,0.345703125,0.5942982911323583,0.1156048666257013
two_concepts,TinyCNN,2007,template_retention_1,5,0.9871738397209961,0.9871738397209961,0.0,16,0.15113645231847078,0.15113645231847078,0.8431377414522392,1.0123634,0.9871738397209961,0.15914145,0.5234375,0.86737060546875,0.38634439185757175,0.5987252517942738,0.513671875,0.8838235709706272,0.2850983191763535
two_concepts,TinyCNN,2007,template_retention_1,10,0.9784370605291379,0.9784370605291379,0.0,16,0.18757715361393273,0.18757715361393273,0.8300456973803998,1.0390315,0.9784370605291379,0.20217213,0.63671875,0.9068145751953125,0.3836132359863762,0.5871946797654627,0.568359375,0.9007742449470248,0.31357956518156216
two_concepts,TinyCNN,2007,template_retention_1,20,0.966117684261285,0.966117684261285,0.0,16,0.23201988555126468,0.23201988555126468,0.8126205575817489,1.0787599,0.966117684261285,0.2659983,0.84765625,0.9217376708984375,0.36559943242754983,0.6016374055958349,0.798828125,0.9381808992607328,0.33654349366489783
two_concepts,TinyCNN,2007,template_retention_1,40,0.9496344954158487,0.9496344954158487,0.0,16,0.2778194934288642,0.2778194934288642,0.7928944443838023,1.1183705,0.9496344954158487,0.3354894,0.9296875,0.92626953125,0.35124073475068407,0.6139291994219254,0.91796875,0.9678616976280457,0.35393249820612044
two_concepts,TinyCNN,2007,template_retention_1,80,0.945581011166585,0.945581011166585,0.0,16,0.28888885890040933,0.28888885890040933,0.7868530210395657,1.1234223,0.945581011166585,0.3465867,0.9375,0.9287109375,0.35151454420600514,0.6250672578588542,0.93359375,0.9776380867556559,0.3525708288968017
two_concepts,TinyCNN,2007,template_retention_1,120,0.9447237887309573,0.9447237887309573,0.0,16,0.2886554376012196,0.2886554376012196,0.7886632203301733,1.114403,0.9447237887309573,0.34049678,0.96484375,0.9290313720703125,0.3535401028316943,0.6355976183725668,0.951171875,0.9820832970672283,0.3464856786946615
two_concepts,TinyCNN,2007,template_retention_1,160,0.9456967844046804,0.9456967844046804,0.0,16,0.28552770689912166,0.28552770689912166,0.7910512979658406,1.1056185,0.9456967844046804,0.33127308,0.984375,0.9357147216796875,0.35283854175589113,0.6425599711702386,0.966796875,0.9839613091933312,0.3414013380230927
two_concepts,TinyCNN,2007,template_retention_1,200,0.9463942244964618,0.9463942244964618,0.0,16,0.28101730004490544,0.28101730004490544,0.7924824871869164,1.0973517,0.9463942244964618,0.32228404,0.98828125,0.930511474609375,0.3523763902299712,0.6497964693823188,0.9765625,0.9856790985140452,0.33588262913172634
two_concepts,TinyCNN,2007,template_release,0,1.0,1.0,0.0,16,1.3170890159654386e-09,1.3170890159654386e-09,0.8481368160118523,1.0,1.0,0.0,,,,,,,
two_concepts,TinyCNN,2007,template_release,1,0.9986312250684239,0.9986312250684239,0.0,16,0.049559496679304864,0.049559496679304864,0.8494741591248782,0.99923474,0.9986312250684239,0.06631854,0.36328125,0.8087310791015625,0.40035248771462384,0.47869342450665703,0.345703125,0.5942982911323583,0.1156048666257013
two_concepts,TinyCNN,2007,template_release,5,0.9871738397209961,0.9871738397209961,0.0,16,0.15113645231847078,0.15113645231847078,0.8431377414522392,1.0123634,0.9871738397209961,0.15914145,0.5234375,0.86737060546875,0.38634439185757175,0.5987252517942738,0.513671875,0.8838235709706272,0.2850983191763535
two_concepts,TinyCNN,2007,template_release,10,0.9784370605291379,0.9784370605291379,0.0,16,0.18757715361393273,0.18757715361393273,0.8300456973803998,1.0390315,0.9784370605291379,0.20217213,0.63671875,0.9068145751953125,0.3836132359863762,0.5871946797654627,0.568359375,0.9007742449470248,0.31357956518156216
two_concepts,TinyCNN,2007,template_release,20,0.9622463763599424,0.9622463763599424,0.0,16,0.24665038845614926,0.24665038845614926,0.8086438068217034,1.0872803,0.9622463763599424,0.28500396,0.859375,0.92626953125,0.3618501778402474,0.6006322472012157,0.8125,0.9394933876712525,0.3388611404700368
two_concepts,TinyCNN,2007,template_release,40,0.9260532721609246,0.9260532721609246,0.0,16,0.3476258972546691,0.3476258972546691,0.7653294445704707,1.1841855,0.9260532721609246,0.4450422,0.93359375,0.93609619140625,0.34963579133045647,0.6166003004315864,0.923828125,0.9732911352876795,0.3566908348560931
two_concepts,TinyCNN,2007,template_release,80,0.8093023409618599,0.8081118318242795,0.0011905091375804533,15,0.5885361739146528,0.590301916404262,0.6112147279204179,1.5480757,0.8081118318242795,0.9506169,0.98828125,0.97259521484375,0.31682388737139944,0.6507178469490911,0.953125,0.9832130424651127,0.3324951955160215
two_concepts,TinyCNN,2007,template_release,120,0.6545777245818266,0.6514777571475259,0.0030999674343007433,14,0.8149745195862625,0.8186458232576946,0.44045091577695783,2.389693,0.6514777571475259,1.9093316,1.0,0.98748779296875,0.285356922270238,0.6645088375627439,0.943359375,0.9576245577963798,0.2931157202336358
two_concepts,TinyCNN,2007,template_release,160,0.6172911619335133,0.6121874526952495,0.005103709238263754,12,0.8625232939618306,0.8680964974825245,0.41356405081873493,2.817859,0.6121874526952495,2.3560734,1.0,0.9901123046875,0.2714208372130651,0.6722710421298395,0.9296875,0.9480259870691181,0.27575494493927866
two_concepts,TinyCNN,2007,template_release,200,0.5980775661967177,0.5923649595438811,0.0057126066528365715,12,0.8856948770492327,0.8917597864600236,0.4033159462477787,3.0868099,0.5923649595438811,2.6339707,1.0,0.99102783203125,0.25239725361367144,0.6768379394880809,0.91796875,0.9416019851185154,0.26476404563043454
two_concepts,TinyCNN,2008,random,0,0.16224214387100955,0.15336122947777608,0.008880914393233463,13,1.2936288497055495,1.3003460039998702,0.16764637298511165,0.5841339,1.0,0.0,,,,,,,
two_concepts,TinyCNN,2008,random,1,0.17099296866282243,0.1608969044267669,0.010096064236055524,12,1.2869052741155127,1.294553172583205,0.1681229481681905,0.5860775,0.9953644118541963,0.076304466,0.25,0.7349090576171875,0.18652182061322958,0.33440203416966185,0.25,0.5133979011310025,0.17899586696134062
two_concepts,TinyCNN,2008,random,5,0.20574618605380574,0.18808351744496352,0.01766266860884222,11,1.2594202810307737,1.272991605229409,0.17429531680462343,0.6328436,0.9436759509873547,0.23303004,0.5,0.937713623046875,0.19207005062549104,0.3125595853688785,0.361328125,0.683698993263324,0.37113940789444544
two_concepts,TinyCNN,2008,random,10,0.23627104027702456,0.20850705527002245,0.027763985007002112,10,1.2340484643334528,1.256167723370203,0.1880163859228099,0.7482524,0.8502913222052351,0.40800226,0.71875,0.9704437255859375,0.23122926163475127,0.4532960443006152,0.5625,0.8704879302245736,0.4171918859239584
two_concepts,TinyCNN,2008,random,20,0.25006255568025715,0.22936084916255273,0.02070170651770442,10,1.221886834508104,1.2392090334290342,0.22332191181090458,1.1798258,0.6608474137263881,0.916203,0.9453125,0.9795379638671875,0.20368707888074772,0.4734916644499918,0.779296875,0.8916899553936815,0.41819829094368965
two_concepts,TinyCNN,2008,random,40,0.22135378784006554,0.2031991173846195,0.018154670455446054,9,1.2442748588694479,1.258407614701897,0.2244111995299382,1.9066954,0.5103773933396736,1.6938057,0.98828125,0.97869873046875,0.17364562151796192,0.5694084055376811,0.84765625,0.9102834934610387,0.34087508792335747
two_concepts,TinyCNN,2008,random,80,0.21187132824892504,0.18894365445144112,0.022927673797483922,9,1.2515546359019543,1.2693272026142672,0.22780403263040286,2.493554,0.4423663042223841,2.3035836,0.9921875,0.984283447265625,0.15307276714991053,0.6049309241270238,0.833984375,0.8841540314770615,0.2792231073500377
two_concepts,TinyCNN,2008,random,120,0.2095812918244846,0.18553327219962842,0.02404801962485617,8,1.2533640295993564,1.2719171162880758,0.22944949571060533,2.7766213,0.4186612738648733,2.5946054,0.9921875,0.984405517578125,0.14483748627547618,0.6267123033372212,0.833984375,0.8808094613797142,0.254097158042493
two_concepts,TinyCNN,2008,random,160,0.20802277727087864,0.18320421125079028,0.024818566020088362,8,1.2546094408337565,1.2737112540013995,0.22995897098669638,2.9571252,0.4059473373350431,2.7792377,0.9921875,0.984039306640625,0.1412844842217112,0.6374431564932035,0.826171875,0.8770512526875436,0.2396080961943401
two_concepts,TinyCNN,2008,random,200,0.20701560411916142,0.18193590017394368,0.025079703945217746,8,1.2554046923010451,1.2746784823845745,0.23038920788562947,3.0890305,0.39771231211810487,2.9137518,0.9921875,0.98388671875,0.13953022073559299,0.6439606380499938,0.828125,0.8737405389936301,0.22977990094363637
two_concepts,TinyCNN,2008,random_unitnorm,0,0.16224214306445695,0.15336122867585947,0.008880914388597477,13,1.2936288503103883,1.3003460046070554,0.16764637217610856,1.0,1.0,0.0,,,,,,,
two_concepts,TinyCNN,2008,random_unitnorm,1,0.1642059375988072,0.15516051160915728,0.009045425989649913,13,1.29215640912984,1.298986971684096,0.16824359089888175,1.001901,0.9988845293962787,0.0791709,0.25,0.779754638671875,0.16094340467988827,0.3399455040228841,0.25,0.4906603261104726,0.15071482208758852
two_concepts,TinyCNN,2008,random_unitnorm,5,0.17589827262377877,0.16297638056634137,0.012921892057437406,10,1.2828561567464107,1.2926053192335494,0.17734262799658906,1.0296793,0.9785220712968986,0.24434537,0.453125,0.8658447265625,0.13733422796519695,0.5328073217433482,0.4140625,0.8231540761633647,0.2903467544200164
two_concepts,TinyCNN,2008,random_unitnorm,10,0.19926317003099017,0.17342535171283457,0.025837818318155598,9,1.2638345808264309,1.2840990108718335,0.1832725805709382,1.0969927,0.9333131368199812,0.40120846,0.66015625,0.9647064208984375,0.1413256631737543,0.49899494725543525,0.548828125,0.8550705103055488,0.35607556305011356
two_concepts,TinyCNN,2008,random_unitnorm,20,0.24911257632745876,0.21528233362342303,0.03383024270403573,9,1.2222175540413416,1.2490815884993225,0.2065825077818161,1.3928251,0.8089904597055495,0.8390221,0.93359375,0.9747467041015625,0.19460023440209256,0.5205966439952989,0.76953125,0.8942046947332601,0.3736080507379613
two_concepts,TinyCNN,2008,random_unitnorm,40,0.24591620256530453,0.22086563467843076,0.025050567886873765,10,1.2234816301461908,1.2427894077103274,0.23813526303837623,2.0342603,0.6525156034017814,1.5926396,0.98046875,0.9814300537109375,0.1782785148409068,0.561750361654566,0.8046875,0.890754417996291,0.32900405634172486
two_concepts,TinyCNN,2008,random_unitnorm,80,0.23928083496635372,0.20621015905933804,0.03307067590701568,10,1.2287857141218925,1.2557263242965013,0.2671142473045419,2.635965,0.5656320959778836,2.2459385,0.9921875,0.98565673828125,0.17986815279627907,0.5778042610272277,0.77734375,0.8583685059954248,0.2805642449681971
two_concepts,TinyCNN,2008,random_unitnorm,120,0.23850877914202784,0.20470115357218777,0.03380762556984007,10,1.2294624448643594,1.2570901550069395,0.2761697765649476,2.9288363,0.5336025761442706,2.5575151,0.9921875,0.9871826171875,0.184258253901678,0.580870390722313,0.763671875,0.8414279258094626,0.2605575350871496
two_concepts,TinyCNN,2008,random_unitnorm,160,0.237877425299657,0.20544559003656293,0.032431835263094067,10,1.2300564328059465,1.2552954247076276,0.2804326442431586,3.1185083,0.5162027719260609,2.7569137,0.9921875,0.9874267578125,0.18522329055277517,0.5815874994410696,0.76171875,0.8311068313524244,0.24951933191135475
two_concepts,TinyCNN,2008,random_unitnorm,200,0.2374687920881196,0.20677234623518018,0.03069644585293943,10,1.2304358850836117,1.2543408942520142,0.2815114124667583,3.2586913,0.5045957037865991,2.9034555,0.9921875,0.9871826171875,0.18621292036623438,0.5826439302116828,0.751953125,0.8245148937486624,0.24187096353697957
two_concepts,TinyCNN,2008,template_init,0,1.0,1.0,0.0,16,1.3170890159654386e-09,1.3170890159654386e-09,0.8481368160118523,1.0,1.0,0.0,,,,,,,
two_concepts,TinyCNN,2008,template_init,1,0.9990341196385126,0.9990341196385126,0.0,16,0.0325703432264671,0.0325703432264671,0.8494707872781266,1.0053577,0.9990341196385126,0.09465849,0.25,0.781646728515625,0.42156134612263896,0.40498501763361217,0.25,0.6072412938456855,0.2022562762120733
two_concepts,TinyCNN,2008,template_init,5,0.9802646101686369,0.9802646101686369,0.0,16,0.1768817620086819,0.1768817620086819,0.8380485056860867,1.0381624,0.9802646101686369,0.28653145,0.60546875,0.8502044677734375,0.3965945945334569,0.5252456975685365,0.521484375,0.8892254570780622,0.36397975950952577
two_concepts,TinyCNN,2008,template_init,10,0.9414886697657046,0.9414416655066105,4.700425909409667e-05,15,0.32140788596910397,0.32151039749174803,0.7888989444785088,1.0898211,0.9414416655066105,0.4087839,0.46875,0.9182281494140625,0.3404592475486393,0.5789772496934558,0.443359375,0.9383764801299403,0.3593992304364846
two_concepts,TinyCNN,2008,template_init,20,0.8455468276570501,0.8400852511525854,0.005461576504464771,15,0.5331899849373256,0.5416843188851934,0.6577434130795441,1.3327969,0.8400852511525854,0.76991296,0.85546875,0.944061279296875,0.3226387962150765,0.5861122666896234,0.767578125,0.9358198100841488,0.3497075433945255
two_concepts,TinyCNN,2008,template_init,40,0.6858839266995083,0.6814662683458204,0.004417658353687903,13,0.7786698884760148,0.7848545100488695,0.5018209150916567,1.951452,0.6779855444855474,1.5135162,0.94140625,0.963897705078125,0.2686685254955955,0.6067423101779787,0.84375,0.9141828953445452,0.30744058516656647
two_concepts,TinyCNN,2008,template_init,80,0.5660593530205668,0.5617300148226088,0.004329338197957999,14,0.9227076136702312,0.9282658634648291,0.4044355818529806,2.7818842,0.5532468589436215,2.4095597,0.98046875,0.971649169921875,0.23857445692989498,0.6650539612679609,0.865234375,0.9276594685057074,0.26260550723774645
two_concepts,TinyCNN,2008,template_init,120,0.5287712960172386,0.5244926541363208,0.004278641880917755,14,0.9623823580245043,0.9663858233148815,0.36963273939496677,3.2313209,0.515937792252523,2.8735259,0.98046875,0.97454833984375,0.23197770903611017,0.6864425100791961,0.87109375,0.9299181471733758,0.24347563709417971
two_concepts,TinyCNN,2008,template_init,160,0.5066197495634642,0.5031196383473102,0.0035001112161540116,14,0.9850130026425359,0.9880946878221016,0.35096777441853455,3.5346832,0.4944143807548653,3.186678,0.984375,0.976165771484375,0.22850484184080408,0.6977644048633305,0.875,0.9304948459018448,0.23273044103851437
two_concepts,TinyCNN,2008,template_init,200,0.4944604474971022,0.49100841822260594,0.003452029274496282,13,0.9975125921176154,1.0005004098598071,0.3454931636418157,3.7607126,0.4821582790565776,3.4175096,0.984375,0.9766845703125,0.2268917043899803,0.702991945839535,0.8671875,0.9291958135642759,0.226203867724741
two_concepts,TinyCNN,2008,template_retention_1,0,1.0,1.0,0.0,16,1.3170890159654386e-09,1.3170890159654386e-09,0.8481368160118523,1.0,1.0,0.0,,,,,,,
two_concepts,TinyCNN,2008,template_retention_1,1,0.9991743368589736,0.9991743368589736,0.0,16,0.033683675144142285,0.033683675144142285,0.8498613492571556,1.0013623,0.9991743368589736,0.08128269,0.25,0.7815704345703125,0.4129422306397592,0.40350436211889035,0.25,0.6068414069468674,0.20333704482797704
two_concepts,TinyCNN,2008,template_retention_1,5,0.9877172340040541,0.9877172340040541,0.0,16,0.147912974188462,0.147912974188462,0.8427258694195852,0.99892116,0.9877172340040541,0.18646662,0.6171875,0.840240478515625,0.3942096707536792,0.5225873439746556,0.537109375,0.8825627149413228,0.3599753709666672
two_concepts,TinyCNN,2008,template_retention_1,10,0.9812905722020433,0.9812905722020433,0.0,16,0.17663436608918945,0.17663436608918945,0.8412648322710962,1.0159092,0.9812905722020433,0.19530043,0.39453125,0.9005126953125,0.36008640713064594,0.561648934833588,0.265625,0.9081609456470632,0.34651201081347516
two_concepts,TinyCNN,2008,template_retention_1,20,0.9716161501833583,0.9709775199627578,0.0006386302206005112,15,0.2143726942862179,0.21576005658497255,0.8327373997470046,1.0636412,0.9709775199627578,0.24392506,0.76953125,0.927154541015625,0.3487676771007212,0.6211993162602888,0.64453125,0.9219618126832669,0.30076249642297814
two_concepts,TinyCNN,2008,template_retention_1,40,0.9586913760753375,0.95845494896562,0.00023642710971749636,15,0.2616731510082598,0.2621338053547106,0.8141971125645626,1.1138601,0.95845494896562,0.31458527,0.8046875,0.9354248046875,0.34885482396813344,0.6814673878982921,0.771484375,0.9284096919916026,0.24694230409331053
two_concepts,TinyCNN,2008,template_retention_1,80,0.9532689084214112,0.9532689084214112,0.0,16,0.2764751356374673,0.2764751356374673,0.7943973722159303,1.1258789,0.9532689084214112,0.33413208,0.92578125,0.9507904052734375,0.3395070804136523,0.7088036886313054,0.84375,0.9266773205199849,0.21787363188867942
two_concepts,TinyCNN,2008,template_retention_1,120,0.9532812654736724,0.9532812654736724,0.0,16,0.27575097096460705,0.27575097096460705,0.7919805934180243,1.1196197,0.9532812654736724,0.32962406,0.953125,0.9448394775390625,0.3372901450557967,0.72390894592163,0.88671875,0.9322762037298805,0.2083672578082505
two_concepts,TinyCNN,2008,template_retention_1,160,0.9540797135713571,0.9540797135713571,0.0,16,0.2730067471417279,0.2730067471417279,0.7940368442276637,1.1089097,0.9540797135713571,0.32172915,0.96875,0.9437713623046875,0.3343722447074261,0.7180318225863285,0.873046875,0.9175610200845666,0.19952919749823822
two_concepts,TinyCNN,2008,template_retention_1,200,0.9556609205385915,0.9556609205385915,0.0,16,0.2676461538608905,0.2676461538608905,0.796255897489182,1.1023479,0.9556609205385915,0.31229758,0.96875,0.9444427490234375,0.33453985102944717,0.7291519677761746,0.884765625,0.924711104233005,0.19555913645683032
two_concepts,TinyCNN,2008,template_release,0,1.0,1.0,0.0,16,1.3170890159654386e-09,1.3170890159654386e-09,0.8481368160118523,1.0,1.0,0.0,,,,,,,
two_concepts,TinyCNN,2008,template_release,1,0.9991743368589736,0.9991743368589736,0.0,16,0.033683675144142285,0.033683675144142285,0.8498613492571556,1.0013623,0.9991743368589736,0.08128269,0.25,0.7815704345703125,0.4129422306397592,0.40350436211889035,0.25,0.6068414069468674,0.20333704482797704
two_concepts,TinyCNN,2008,template_release,5,0.9877172340040541,0.9877172340040541,0.0,16,0.147912974188462,0.147912974188462,0.8427258694195852,0.99892116,0.9877172340040541,0.18646662,0.6171875,0.840240478515625,0.3942096707536792,0.5225873439746556,0.537109375,0.8825627149413228,0.3599753709666672
two_concepts,TinyCNN,2008,template_release,10,0.9812905722020433,0.9812905722020433,0.0,16,0.17663436608918945,0.17663436608918945,0.8412648322710962,1.0159092,0.9812905722020433,0.19530043,0.39453125,0.9005126953125,0.36008640713064594,0.561648934833588,0.265625,0.9081609456470632,0.34651201081347516
two_concepts,TinyCNN,2008,template_release,20,0.9690758919652349,0.9680269438666693,0.0010489480985655941,15,0.2250174189152363,0.22723977394753975,0.8305047753943532,1.069518,0.9680269438666693,0.25833628,0.765625,0.929412841796875,0.3497829568587679,0.6163400910538359,0.640625,0.9199280774027644,0.3035879863489284
two_concepts,TinyCNN,2008,template_release,40,0.9394125058501634,0.9377378665929146,0.0016746392572488666,15,0.32386574500139576,0.32674502962296215,0.7931505077568581,1.1703635,0.9377378665929146,0.41273052,0.83203125,0.9478759765625,0.34820506621300795,0.6651652018916292,0.7734375,0.9180775967356269,0.25291239484399775
two_concepts,TinyCNN,2008,template_release,80,0.8234939246655242,0.8198142247800868,0.003679699885437371,14,0.5661182074292845,0.5710009486050281,0.6664318227349468,1.5220231,0.8198142247800868,0.9117792,0.95703125,0.9669952392578125,0.34124336024912755,0.7400871553525661,0.908203125,0.9421789453804267,0.20209179002786057
two_concepts,TinyCNN,2008,template_release,120,0.6570879462354886,0.6493614008932347,0.007726545342253921,13,0.8088370731768324,0.817372089731145,0.5124549698901368,2.2368972,0.6480900552739407,1.7898338,0.9765625,0.9780426025390625,0.32035425203851386,0.7895015949648154,0.92578125,0.9595094866511915,0.1700078916863761
two_concepts,TinyCNN,2008,template_release,160,0.6036009380043893,0.5954112443563075,0.008189693648081753,13,0.874657799406342,0.883224370641496,0.46198762897238865,2.60925,0.5938820536981988,2.2003589,0.9765625,0.9788818359375,0.3019699498045064,0.8044915200056781,0.9296875,0.9613837875872188,0.15689226758154065
two_concepts,TinyCNN,2008,template_release,200,0.5736635507252601,0.5649607020139142,0.008702848711345856,12,0.9094501001690362,0.9182922575592436,0.43435072039578854,2.864984,0.5633675871160401,2.47559,0.9765625,0.97967529296875,0.29223839457324124,0.812124462438087,0.931640625,0.9613512121057748,0.14922674966768779
two_concepts,TinyCNN,2009,random,0,0.146281633289493,0.12330600564192812,0.02297562764756489,9,1.305357986605467,1.3223773597705486,0.2043273359160869,0.57419395,1.0,0.0,,,,,,,
two_concepts,TinyCNN,2009,random,1,0.15595193522869039,0.13639788981742937,0.019554045411261017,9,1.2976709742545829,1.3124920963477975,0.21483215821372473,0.57729006,0.9922116071014848,0.075344026,0.4609375,0.801971435546875,0.21533103342262935,0.2164358686802069,0.369140625,0.42817811051990906,0.21174224183970217
two_concepts,TinyCNN,2009,random,5,0.17317845252486525,0.16420764588069472,0.00897080664417052,11,1.2832917997818012,1.2900285651062995,0.2230655896207919,0.63512814,0.9060640885791091,0.27057952,0.79296875,0.95928955078125,0.19591373819335833,0.45988306088932396,0.59375,0.7754415831291277,0.31555852223980374
two_concepts,TinyCNN,2009,random,10,0.20128587798301018,0.18317273714044188,0.018113140842568293,11,1.260548038399145,1.2744484614768705,0.27242578022053765,0.7921363,0.7708891728377195,0.5088311,0.875,0.9905242919921875,0.1798449035874467,0.5088297136607381,0.6875,0.8433852335230076,0.3345555198622695
two_concepts,TinyCNN,2009,random,20,0.21675615964377837,0.19598412195725906,0.020772037686519307,10,1.246507094802211,1.26258298786389,0.3874822744484536,1.2587643,0.560558989951679,1.0562797,0.9375,0.9934539794921875,0.15715796841764407,0.5794489231551418,0.75390625,0.8783543698095491,0.29890544665440727
two_concepts,TinyCNN,2009,random,40,0.20469420252705517,0.1872750881672821,0.017419114359773058,11,1.2541762518790711,1.267708543986732,0.40434420800529436,1.9464186,0.4273151154712641,1.7850668,0.9765625,0.9951629638671875,0.16438973361050171,0.660148719063921,0.818359375,0.8931765686398756,0.23302784957595452
two_concepts,TinyCNN,2009,random,80,0.2067657923400057,0.18763450422807226,0.01913128811193343,10,1.2521444874987173,1.267275028728057,0.3897013906575511,2.5457098,0.3676180133428033,2.4010751,0.9921875,0.99609375,0.16145927976385172,0.7108736701234294,0.82421875,0.893067203157311,0.18219353303388164
two_concepts,TinyCNN,2009,random,120,0.2083553377906907,0.18668972800722372,0.021665609783466988,10,1.2510607744196252,1.267383567955581,0.38419413464134344,2.8608975,0.3448119586126156,2.7228336,0.9921875,0.99609375,0.15915923482266428,0.7327979917614252,0.830078125,0.8908368622345332,0.15803887047310797
two_concepts,TinyCNN,2009,random,160,0.20897081409687132,0.18826796798950166,0.020702846107369666,10,1.2506984163349777,1.2662874767881842,0.3807994599667614,3.0725217,0.3319354989577866,2.938202,0.9921875,0.99609375,0.1568561754806183,0.7441375188358361,0.828125,0.8875689074612002,0.1434313886253641
two_concepts,TinyCNN,2009,random,200,0.20964229979512053,0.18976160523582852,0.019880694559292006,10,1.2502348023422587,1.2652086607996273,0.37855474147269924,3.232988,0.3235075010258458,3.1009989,0.9921875,0.99627685546875,0.15522801719918372,0.7503976879334854,0.82421875,0.8835774488785234,0.13317976094503803
two_concepts,TinyCNN,2009,random_unitnorm,0,0.14628163192867427,0.12330600444604434,0.022975627482629934,9,1.3053579876418238,1.3223773606672375,0.20432733478124016,1.0,1.0,0.0,,,,,,,
two_concepts,TinyCNN,2009,random_unitnorm,1,0.14822714514610869,0.12486997371854656,0.02335717142756212,9,1.3038919056872205,1.3213522400663655,0.20756864481691503,1.0005043,0.9974429184805602,0.0781814,0.3671875,0.7624053955078125,0.21529911056591738,0.07417757317866105,0.349609375,0.22948142984549125,0.1553038566668302
two_concepts,TinyCNN,2009,random_unitnorm,5,0.16499684356702618,0.14654470673004388,0.018452136836982297,8,1.2906627103418264,1.3047334081869448,0.20628120211185808,1.0387659,0.9609738231204541,0.2945583,0.73046875,0.915863037109375,0.1909141402677684,0.3511243899495602,0.505859375,0.666841059875865,0.31571666992630476
two_concepts,TinyCNN,2009,random_unitnorm,10,0.1838579433584902,0.16935827886609908,0.014499664492391123,9,1.27538691990028,1.2866826217534029,0.19813689697032597,1.1472224,0.8891066023810767,0.53733754,0.875,0.9652252197265625,0.18745309218897116,0.35713899738490723,0.599609375,0.6881247733935159,0.3309857760086086
two_concepts,TinyCNN,2009,random_unitnorm,20,0.2097594014686103,0.19568865637726227,0.014070745091348036,10,1.2536566179882924,1.2643840626842813,0.26888166820617043,1.5158828,0.7301226186184164,1.0568231,0.94140625,0.9905548095703125,0.1973085591063119,0.4550011944121898,0.658203125,0.7622193334264449,0.3072181390142551
two_concepts,TinyCNN,2009,random_unitnorm,40,0.220199462321006,0.20728576551783573,0.012913696803170283,10,1.2430354329505429,1.2531663830624393,0.3463732494728363,2.1592145,0.5739938108129489,1.7989881,0.9765625,0.9946441650390625,0.21609006303768047,0.5495472152594061,0.66796875,0.7803254599141732,0.2307782446547671
two_concepts,TinyCNN,2009,random_unitnorm,80,0.2169579207116914,0.20558901775276944,0.011368902958921956,10,1.2451558372142761,1.2542721039593023,0.3451803531088951,2.7256541,0.5015448687058768,2.4000006,0.9921875,0.99468994140625,0.21145656984591998,0.6135456863582384,0.68359375,0.7821670214446921,0.1686213350864537
two_concepts,TinyCNN,2009,random_unitnorm,120,0.21807772075213927,0.20399916940227872,0.014078551349860552,10,1.2444826153591575,1.2556808912193376,0.34048739990797067,3.0272708,0.47435796015075116,2.713184,0.9921875,0.994384765625,0.21010895592812656,0.6397998120907306,0.689453125,0.7817698826833627,0.1419700705926321
two_concepts,TinyCNN,2009,random_unitnorm,160,0.21924757332708456,0.20291656645354283,0.01633100687354172,10,1.2437660033465971,1.2566720674651157,0.33647564206411007,3.2312422,0.45796102337470757,2.924532,0.9921875,0.99444580078125,0.20794348433562782,0.6526671840931223,0.693359375,0.7794959121521905,0.1268287280590682
two_concepts,TinyCNN,2009,random_unitnorm,200,0.21950868976016127,0.2017450912441563,0.01776359851600498,9,1.2436769451490404,1.257667713557375,0.3325934277902763,3.3834538,0.4469335112343987,3.0816617,0.9921875,0.9945068359375,0.2060450421824528,0.6603383140494317,0.685546875,0.7772726335590382,0.11693431950960648
two_concepts,TinyCNN,2009,template_init,0,1.0,1.0,0.0,16,1.3170890159654386e-09,1.3170890159654386e-09,0.8481368160118523,1.0,1.0,0.0,,,,,,,
two_concepts,TinyCNN,2009,template_init,1,0.9987188534605952,0.9987188534605952,0.0,16,0.049122519303780254,0.049122519303780254,0.846667332902891,1.0049604,0.9987188534605952,0.07844117,0.44140625,0.7810821533203125,0.40356487570215915,0.6496887659095706,0.36328125,0.6214384897180654,-0.028250276191505205
two_concepts,TinyCNN,2009,template_init,5,0.9731651967173529,0.9731651967173529,0.0,16,0.2253992775641976,0.2253992775641976,0.8192676363634988,1.0396442,0.9731651967173529,0.250265,0.6328125,0.8143463134765625,0.40828844114435936,0.4862547096197276,0.349609375,0.7185085054888098,0.23225379586908224
two_concepts,TinyCNN,2009,template_init,10,0.9139514760253928,0.9125890480019238,0.0013624280234690866,15,0.40569990784447707,0.40837609545007525,0.755347704827421,1.1427689,0.9125890480019238,0.4814936,0.87109375,0.89654541015625,0.39880286621809724,0.43767474317825106,0.423828125,0.7227347319012287,0.28505998872297766
two_concepts,TinyCNN,2009,template_init,20,0.776567156461268,0.771034707451751,0.005532449009516993,15,0.6580363214569241,0.6658896843323512,0.6189405525214416,1.5225797,0.771034707451751,1.0064963,0.95703125,0.9539337158203125,0.33837259958264276,0.44732797916507444,0.546875,0.7620141110690243,0.31468613190394984
two_concepts,TinyCNN,2009,template_init,40,0.6296612527176586,0.6216752745592764,0.007985978158382201,13,0.8491378150205972,0.858431030035842,0.5082899954825262,2.285068,0.6216752745592764,1.8580655,0.984375,0.9791412353515625,0.3016956950732471,0.49639956419393605,0.658203125,0.785225779144652,0.2888262149507159
two_concepts,TinyCNN,2009,template_init,80,0.5675211331404014,0.5572414446117784,0.010279688528623043,13,0.9197719887054816,0.9307935226674723,0.4746758341250558,3.0364666,0.5572414446117784,2.6324701,0.98828125,0.98443603515625,0.28413111350520603,0.5269794651863489,0.59765625,0.7552158188232538,0.22823635363690492
two_concepts,TinyCNN,2009,template_init,120,0.546967061931052,0.5349878331013582,0.011979228829693822,12,0.942659285418555,0.9550976078277416,0.461614156875391,3.431016,0.5349878331013582,3.034862,0.98828125,0.9840087890625,0.278108580878903,0.5531067846691038,0.603515625,0.7522162242504369,0.1991094395813331
two_concepts,TinyCNN,2009,template_init,160,0.5354827279015759,0.5221528644538485,0.013329863447727464,11,0.9551715522174838,0.968726572975057,0.4551947121564379,3.6963463,0.5221528644538485,3.3051178,0.98828125,0.9844970703125,0.276242142926216,0.5690507662283544,0.609375,0.7504808586274371,0.18143009239908275
two_concepts,TinyCNN,2009,template_init,200,0.5279110655787431,0.5139159036748897,0.013995161903853415,11,0.9633432498991974,0.9774268639352828,0.44997006008336327,3.8973894,0.5139159036748897,3.5090811,0.98828125,0.9849853515625,0.2755919007795611,0.580202876743015,0.6171875,0.7498468124828794,0.16964393573986453
two_concepts,TinyCNN,2009,template_retention_1,0,1.0,1.0,0.0,16,1.3170890159654386e-09,1.3170890159654386e-09,0.8481368160118523,1.0,1.0,0.0,,,,,,,
two_concepts,TinyCNN,2009,template_retention_1,1,0.9989289395719414,0.9989289395719414,0.0,16,0.04491014942527998,0.04491014942527998,0.8477504692211327,1.0026526,0.9989289395719414,0.06391498,0.45703125,0.7816925048828125,0.401133111506381,0.6782283784208007,0.375,0.6471622821019655,-0.031066096318835307
two_concepts,TinyCNN,2009,template_retention_1,5,0.9860977771037316,0.9860977771037316,0.0,16,0.15652940135327081,0.15652940135327081,0.8378419511917,1.0167378,0.9860977771037316,0.1637755,0.62109375,0.8090362548828125,0.40652385871318897,0.5319136971939199,0.40234375,0.7517334040956126,0.21981970690169275
two_concepts,TinyCNN,2009,template_retention_1,10,0.9710075219285741,0.9710075219285741,0.0,16,0.22000215517183142,0.22000215517183142,0.8263670107443482,1.0502925,0.9710075219285741,0.23802778,0.796875,0.7972412109375,0.38976952834941125,0.5933488617937739,0.513671875,0.8577402194195813,0.26439135762580745
two_concepts,TinyCNN,2009,template_retention_1,20,0.9541973321017257,0.9534007792323265,0.0007965528693992807,15,0.27702334857853383,0.2786325345083145,0.8109763876122724,1.0989931,0.9534007792323265,0.3204894,0.8984375,0.8808441162109375,0.37555325697335556,0.5950044611179942,0.625,0.8772040220738746,0.2821995609558804
two_concepts,TinyCNN,2009,template_retention_1,40,0.9400527588922671,0.9384981358776757,0.0015546230145914164,15,0.3195806070584517,0.3224795407324851,0.7916585592138429,1.1286848,0.9384981358776757,0.37944198,0.94921875,0.9352264404296875,0.37031978902786666,0.5869765572309775,0.744140625,0.8786986172369083,0.2917220600059308
two_concepts,TinyCNN,2009,template_retention_1,80,0.9367608617771812,0.9358199207418181,0.0009409410353631298,15,0.3259178795158637,0.32767455601902606,0.7857562496980962,1.1261114,0.9358199207418181,0.38172948,0.97265625,0.9532012939453125,0.3733864045552775,0.6099568573753231,0.822265625,0.892792718686005,0.28283586131068184
two_concepts,TinyCNN,2009,template_retention_1,120,0.939739319487775,0.9393878397334953,0.00035147975427973766,15,0.31691153991609744,0.31758573798190737,0.7884625856736779,1.1139994,0.9393878397334953,0.36435214,0.9765625,0.9587554931640625,0.3772325859379724,0.6458515100555448,0.853515625,0.9172356097113536,0.2713840996558089
two_concepts,TinyCNN,2009,template_retention_1,160,0.9431465861297883,0.9431465861297883,0.0,16,0.3062795552966751,0.3062795552966751,0.7911779114860434,1.1025202,0.9431465861297883,0.34699968,0.984375,0.9683685302734375,0.3809307002385347,0.6645969823343241,0.8828125,0.9254234207427096,0.2608264384083855
two_concepts,TinyCNN,2009,template_retention_1,200,0.9461208058223981,0.9461208058223981,0.0,16,0.2969752183473666,0.2969752183473666,0.7936292088717003,1.0928903,0.9461208058223981,0.3329859,0.984375,0.9706573486328125,0.383642383721863,0.6710731475161752,0.87890625,0.9238186123383108,0.25274546482213556
two_concepts,TinyCNN,2009,template_release,0,1.0,1.0,0.0,16,1.3170890159654386e-09,1.3170890159654386e-09,0.8481368160118523,1.0,1.0,0.0,,,,,,,
two_concepts,TinyCNN,2009,template_release,1,0.9989289395719414,0.9989289395719414,0.0,16,0.04491014942527998,0.04491014942527998,0.8477504692211327,1.0026526,0.9989289395719414,0.06391498,0.45703125,0.7816925048828125,0.401133111506381,0.6782283784208007,0.375,0.6471622821019655,-0.031066096318835307
two_concepts,TinyCNN,2009,template_release,5,0.9860977771037316,0.9860977771037316,0.0,16,0.15652940135327081,0.15652940135327081,0.8378419511917,1.0167378,0.9860977771037316,0.1637755,0.62109375,0.8090362548828125,0.40652385871318897,0.5319136971939199,0.40234375,0.7517334040956126,0.21981970690169275
two_concepts,TinyCNN,2009,template_release,10,0.9710075219285741,0.9710075219285741,0.0,16,0.22000215517183142,0.22000215517183142,0.8263670107443482,1.0502925,0.9710075219285741,0.23802778,0.796875,0.7972412109375,0.38976952834941125,0.5933488617937739,0.513671875,0.8577402194195813,0.26439135762580745
two_concepts,TinyCNN,2009,template_release,20,0.9494620994358467,0.9482003539609218,0.001261745474924858,15,0.2927618441092676,0.29524114728772877,0.8060521007665951,1.1094046,0.9482003539609218,0.342412,0.90234375,0.8895111083984375,0.3724246072847073,0.5894917550654706,0.62890625,0.8739557750258747,0.2844640199604041
two_concepts,TinyCNN,2009,template_release,40,0.9131298458456774,0.9104243385341799,0.002705507311497435,15,0.3916361482442059,0.39607980945309723,0.7629990977668335,1.1999676,0.9104243385341799,0.49545085,0.9609375,0.9514312744140625,0.3517986993513618,0.5745456788101363,0.751953125,0.8717389157934028,0.2971932369832665
two_concepts,TinyCNN,2009,template_release,80,0.7926522417482875,0.7882311015574515,0.004421140190836059,15,0.6263363258690373,0.6320332630596559,0.6301305418757551,1.5454794,0.7882311015574515,0.9827514,0.98828125,0.98040771484375,0.30162642785349036,0.5848800813376123,0.763671875,0.8413369671979034,0.2564568858602912
two_concepts,TinyCNN,2009,template_release,120,0.6386166154243346,0.6316289393800656,0.006987676044268976,13,0.8390973193088794,0.8468256469662597,0.4636530043713372,2.3006864,0.6316289393800656,1.8565798,0.9921875,0.98834228515625,0.24748790968378812,0.6519470718675238,0.783203125,0.849157776605866,0.19721070473834218
two_concepts,TinyCNN,2009,template_release,160,0.5983835386029817,0.5908996165000768,0.0074839221029048275,13,0.8858554175083785,0.893862005229509,0.42667927479921813,2.6886272,0.5908996165000768,2.2634158,0.9921875,0.98919677734375,0.23246786708778858,0.6714478684858942,0.779296875,0.8438586000246893,0.17241073153879505
two_concepts,TinyCNN,2009,template_release,200,0.5774435895617742,0.5697237919964977,0.0077197975652765205,13,0.909454952390571,0.9175499710116086,0.4097130291830939,2.9438667,0.5697237919964977,2.5282044,0.9921875,0.9876708984375,0.22642517746248586,0.6820036130443545,0.7734375,0.8398252385949212,0.15782162555056672
two_concepts,TwoLayerCNN,2000,random,0,0.1892051902680198,0.16799229318148207,0.02121289708653773,8,1.2718664630523522,1.2881336879629464,0.17764510501636527,0.5730835,1.0,0.0,,,,,,,
two_concepts,TwoLayerCNN,2000,random,1,0.19686471487139592,0.17411353396152096,0.022751180909874963,9,1.2658538921952813,1.2833512916028285,0.1803380767895899,0.57777643,0.9929958275266926,0.070689425,0.31640625,0.7641143798828125,0.1733056516690522,-0.1689088943776017,0.265625,0.2539796285819279,0.4228885229595296
two_concepts,TwoLayerCNN,2000,random,5,0.22795859064978896,0.20011797436071727,0.027840616289071696,8,1.2398568553863374,1.2609534532959472,0.1999192606582642,0.66659975,0.9261121091123439,0.27002656,0.80078125,0.84912109375,0.22051802984597266,0.0680588404370342,0.259765625,0.4755238656113586,0.4074650251743244
two_concepts,TwoLayerCNN,2000,random,10,0.2505736661654199,0.22671544389783677,0.023858222267583107,10,1.21967262740646,1.238241180760317,0.230953851222914,0.9282035,0.812230788496636,0.5958469,0.859375,0.8641510009765625,0.2272120469921149,0.011692132557899693,0.171875,0.34268764420317976,0.33099551164528007
two_concepts,TwoLayerCNN,2000,random,20,0.2544478950777692,0.2235666709418272,0.03088122413594202,8,1.2160752744913057,1.2408594391272079,0.27321484274622754,1.357673,0.7014333174300462,1.0627922,0.98828125,0.861419677734375,0.21156934145168582,0.07531137902339399,0.109375,0.2687690709021633,0.1934576918787693
two_concepts,TwoLayerCNN,2000,random,40,0.25011137184730536,0.2196237874158154,0.030487584431489967,8,1.2197731929852393,1.2435010558512942,0.28569564475279685,1.5928402,0.6666465306443,1.3056695,0.9921875,0.85455322265625,0.19985336771636203,0.08060087676721298,0.052734375,0.2070955950149037,0.12649471824769074
two_concepts,TwoLayerCNN,2000,random,80,0.24884869732564147,0.21691977998137354,0.03192891734426792,8,1.2209435179074641,1.2465977322895982,0.28961316223768946,1.7452936,0.6488495480097989,1.461961,1.0,0.84588623046875,0.19650728993580793,0.06157974593199719,0.048828125,0.1481683675620581,0.0865886216300609
two_concepts,TwoLayerCNN,2000,random,120,0.2484295842177637,0.21593939491658504,0.03249018930117867,8,1.2212977634980087,1.247415200428038,0.29161198929572885,1.8201535,0.641018598553887,1.5385876,1.0,0.8426513671875,0.19483065271324024,0.05385050737702478,0.048828125,0.12917395151279187,0.0753234441357671
two_concepts,TwoLayerCNN,2000,random,160,0.2481184751096884,0.215256553642236,0.0328619214674524,8,1.2215609153308913,1.2479812194187714,0.29299771481327685,1.8695798,0.6360857852485851,1.5891258,1.0,0.841552734375,0.19444059616256473,0.05028706936421806,0.048828125,0.11903019974728812,0.06874313038307006
two_concepts,TwoLayerCNN,2000,random,200,0.24774729655721422,0.21476820673830588,0.03297908981890835,9,1.2218762314801377,1.2484025824661202,0.2940368185957862,1.9063969,0.6325059189798788,1.6267699,1.0,0.840179443359375,0.19336953272966156,0.048854175007030806,0.05078125,0.11248083312672863,0.06362665811969782
two_concepts,TwoLayerCNN,2000,random_unitnorm,0,0.189205190800268,0.1679922935491869,0.02121289725108111,8,1.2718664626160625,1.288133687643459,0.17764510746572437,1.0,1.0,0.0,,,,,,,
two_concepts,TwoLayerCNN,2000,random_unitnorm,1,0.18952815045409785,0.16699398635149762,0.02253416410260023,7,1.271664426387713,1.2888350229477417,0.18107520092687537,1.0023658,0.9975693962349574,0.07263435,0.4609375,0.728118896484375,0.17764479796696497,-0.04631515748548798,0.275390625,0.3480153236258019,0.3943304811112899
two_concepts,TwoLayerCNN,2000,random_unitnorm,5,0.1985596790238536,0.17696756412718181,0.021592114896671788,9,1.2644605172760848,1.281138651003484,0.197357301282666,1.0599457,0.9735093305701006,0.262098,0.6171875,0.8188018798828125,0.18929502161596953,0.06850866916208648,0.37890625,0.4632226809787743,0.3947140118166878
two_concepts,TwoLayerCNN,2000,random_unitnorm,10,0.20925919289271905,0.1915300659577744,0.01772912693494466,10,1.2547511286448192,1.2688433023756152,0.2219162114482281,1.249532,0.9228706467392063,0.5489239,0.8515625,0.7997894287109375,0.2161377457169889,0.16442983525960514,0.369140625,0.5125082601235584,0.3480784248639533
two_concepts,TwoLayerCNN,2000,random_unitnorm,20,0.2404503660829325,0.21649420549025503,0.023956160592677467,8,1.2284046835658389,1.2476848184172202,0.2516890140742016,1.6226084,0.8446831802193971,0.99447054,0.98046875,0.8321533203125,0.2334696343673256,0.14657978567869018,0.171875,0.3731848768452579,0.22660509116656774
two_concepts,TwoLayerCNN,2000,random_unitnorm,40,0.24154382301631763,0.21632511535227583,0.0252187076640418,9,1.2275325500580743,1.2476553418160463,0.2719355706479167,1.847009,0.8048962943222724,1.246746,0.98828125,0.8294830322265625,0.22891414245288091,0.16686157274915334,0.1484375,0.31861900451624914,0.1517574317670958
two_concepts,TwoLayerCNN,2000,random_unitnorm,80,0.2388244510719026,0.21266415614776654,0.026160294924136046,9,1.229870674528203,1.2509521868145086,0.28258282735995915,1.9913267,0.7825548881264348,1.4062837,0.99609375,0.8246612548828125,0.22407206603452698,0.13859082508721948,0.134765625,0.2534628777071418,0.11487205261992234
two_concepts,TwoLayerCNN,2000,random_unitnorm,120,0.23741166629772734,0.21155419646250667,0.025857469835220664,9,1.2310818162467654,1.2518914578192122,0.28680992248429105,2.061863,0.7725323098365171,1.4830875,0.99609375,0.8254547119140625,0.2210030263218109,0.11568145248195358,0.12109375,0.21446407639364906,0.09878262391169548
two_concepts,TwoLayerCNN,2000,random_unitnorm,160,0.23620280747657202,0.21078583899181447,0.02541696848475755,9,1.232105352837858,1.2525418017935273,0.2894160231382171,2.1082444,0.7663839172930957,1.5331676,1.0,0.8246917724609375,0.22020775926062544,0.10698735115275856,0.115234375,0.2002707599101634,0.09328340875740485
two_concepts,TwoLayerCNN,2000,random_unitnorm,200,0.2352454361833249,0.21017515310105572,0.02507028308226919,9,1.2329097561132853,1.2530532293599557,0.2912761719580699,2.1427107,0.7620475792001804,1.5701573,1.0,0.8248748779296875,0.21872435094388526,0.10127576988236452,0.115234375,0.1885623433925676,0.0872865735102031
two_concepts,TwoLayerCNN,2000,template_init,0,1.0,1.0,0.0,16,1.3170890159654386e-09,1.3170890159654386e-09,0.8481368160118523,1.0,1.0,0.0,,,,,,,
two_concepts,TwoLayerCNN,2000,template_init,1,0.9976723087858803,0.9976723087858803,0.0,16,0.06792156267375882,0.06792156267375882,0.8457755774195657,0.9982609,0.9976723087858803,0.07410024,0.265625,0.772369384765625,0.3828659602791167,0.08881118302647628,0.251953125,0.4042799416894709,0.3154687586629946
two_concepts,TwoLayerCNN,2000,template_init,5,0.9700603170676236,0.9700603170676236,0.0,16,0.24312907038154458,0.24312907038154458,0.8021880650881471,1.0674214,0.9700603170676236,0.2748702,0.88671875,0.78228759765625,0.36500318622193223,0.034531777692495935,0.15625,0.4062769663035076,0.3717451886110117
two_concepts,TwoLayerCNN,2000,template_init,10,0.9120923734603343,0.9120923734603343,0.0,16,0.41726649203806476,0.41726649203806476,0.7433812688015422,1.2954764,0.9120923734603343,0.5923089,0.84765625,0.7840423583984375,0.34068868656411544,0.10760940431568555,0.212890625,0.4213425180430115,0.31373311372732593
two_concepts,TwoLayerCNN,2000,template_init,20,0.840080604980605,0.840080604980605,0.0,16,0.5630195723528144,0.5630195723528144,0.6743680739196694,1.6607792,0.840080604980605,1.0102522,0.984375,0.8111114501953125,0.3367208969670422,0.08993386657656754,0.109375,0.31698210978779795,0.2270482432112304
two_concepts,TwoLayerCNN,2000,template_init,40,0.8026408260400469,0.8026408260400469,0.0,16,0.6246357339078362,0.6246357339078362,0.6405421820919457,1.9033027,0.8026408260400469,1.2758646,0.9921875,0.8248443603515625,0.32366341494582057,0.03206407120344906,0.05078125,0.19281833029199358,0.16075425908854452
two_concepts,TwoLayerCNN,2000,template_init,80,0.7823409222704565,0.7823409222704565,0.0,16,0.6554476858040065,0.6554476858040065,0.6251985003958929,2.0647748,0.7823409222704565,1.4489866,0.99609375,0.8394927978515625,0.32026226188149676,0.011292221808261935,0.02734375,0.12556677657435356,0.11427455476609162
two_concepts,TwoLayerCNN,2000,template_init,120,0.7735371311032915,0.7735371311032915,0.0,16,0.6683007562568192,0.6683007562568192,0.6192080265416892,2.143198,0.7735371311032915,1.5324733,0.99609375,0.8444671630859375,0.3163602449136925,0.0256058887032464,0.03125,0.12352894283997129,0.09792305413672489
two_concepts,TwoLayerCNN,2000,template_init,160,0.768287513042573,0.768287513042573,0.0,16,0.6758383324238569,0.6758383324238569,0.6159317352904814,2.1943324,0.768287513042573,1.586371,0.99609375,0.8454132080078125,0.31452864706311456,0.02121786051927721,0.03125,0.1106707483257412,0.08945288780646399
two_concepts,TwoLayerCNN,2000,template_init,200,0.7645612256398586,0.7645612256398586,0.0,16,0.6811362725548481,0.6811362725548481,0.6137701950788834,2.2322898,0.7645612256398586,1.6261864,0.99609375,0.846099853515625,0.3131244987174249,0.01773674758154982,0.03125,0.10060009926181568,0.08286335168026586
two_concepts,TwoLayerCNN,2000,template_retention_1,0,1.0,1.0,0.0,16,1.3170890159654386e-09,1.3170890159654386e-09,0.8481368160118523,1.0,1.0,0.0,,,,,,,
two_concepts,TwoLayerCNN,2000,template_retention_1,1,0.9980580030508777,0.9980580030508777,0.0,16,0.06206769291677472,0.06206769291677472,0.8459603437089219,0.99775195,0.9980580030508777,0.06771955,0.26953125,0.77301025390625,0.384965380592845,0.08820492260919316,0.251953125,0.40351512268922296,0.3153102000800298
two_concepts,TwoLayerCNN,2000,template_retention_1,5,0.9889163298254748,0.9889163298254748,0.0,16,0.1481237986130971,0.1481237986130971,0.8307476789531935,1.0468943,0.9889163298254748,0.17294037,0.87109375,0.7765045166015625,0.3737407905523402,0.03005295129404617,0.171875,0.39280651281231094,0.36275356151826477
two_concepts,TwoLayerCNN,2000,template_retention_1,10,0.9794262322987097,0.9794262322987097,0.0,16,0.2013526286091799,0.2013526286091799,0.8261610017368055,1.1458349,0.9794262322987097,0.28932574,0.859375,0.7740478515625,0.3673393946086443,0.05582169194742925,0.166015625,0.3668259850969898,0.3110042931495606
two_concepts,TwoLayerCNN,2000,template_retention_1,20,0.9806034621334432,0.9806034621334432,0.0,16,0.1948919348302508,0.1948919348302508,0.8280884024182364,1.1331966,0.9806034621334432,0.27790493,0.9609375,0.776458740234375,0.3592790166939601,0.047259480081215444,0.111328125,0.31152939580593253,0.2642699157247171
two_concepts,TwoLayerCNN,2000,template_retention_1,40,0.9888012581301442,0.9888012581301442,0.0,16,0.14665373568168688,0.14665373568168688,0.8392434134821574,1.0782888,0.9888012581301442,0.19529091,0.984375,0.772674560546875,0.366842235236184,0.16560073543212042,0.109375,0.37046655226294967,0.20486581683082924
two_concepts,TwoLayerCNN,2000,template_retention_1,80,0.9953712959188148,0.9953712959188148,0.0,16,0.09387082326354643,0.09387082326354643,0.8451556602660127,1.0417395,0.9953712959188148,0.12808928,0.98828125,0.7770843505859375,0.3738189085592049,0.12532795645763464,0.10546875,0.30005602281701527,0.17472806635938062
two_concepts,TwoLayerCNN,2000,template_retention_1,120,0.9977090985553804,0.9977090985553804,0.0,16,0.06600934167543315,0.06600934167543315,0.8471209976160194,1.0274713,0.9977090985553804,0.092755795,0.98828125,0.7785491943359375,0.3749771698368605,0.097481609387776,0.080078125,0.2463765905715819,0.1488949811838059
two_concepts,TwoLayerCNN,2000,template_retention_1,160,0.9985163746828447,0.9985163746828447,0.0,16,0.05321235663481884,0.05321235663481884,0.8467415107231163,1.0204654,0.9985163746828447,0.076631695,0.98828125,0.7791900634765625,0.3837168886666137,0.08955880810216782,0.078125,0.2307953450739748,0.141236536971807
two_concepts,TwoLayerCNN,2000,template_retention_1,200,0.9991495394824381,0.9991495394824381,0.0,16,0.04021156969770906,0.04021156969770906,0.8470533426960993,1.0151757,0.9991495394824381,0.06019394,0.98828125,0.77899169921875,0.38284708119832317,0.07708406697160802,0.068359375,0.20283618410509874,0.12575211713349072
two_concepts,TwoLayerCNN,2000,template_release,0,1.0,1.0,0.0,16,1.3170890159654386e-09,1.3170890159654386e-09,0.8481368160118523,1.0,1.0,0.0,,,,,,,
two_concepts,TwoLayerCNN,2000,template_release,1,0.9980580030508777,0.9980580030508777,0.0,16,0.06206769291677472,0.06206769291677472,0.8459603437089219,0.99775195,0.9980580030508777,0.06771955,0.26953125,0.77301025390625,0.384965380592845,0.08820492260919316,0.251953125,0.40351512268922296,0.3153102000800298
two_concepts,TwoLayerCNN,2000,template_release,5,0.9889163298254748,0.9889163298254748,0.0,16,0.1481237986130971,0.1481237986130971,0.8307476789531935,1.0468943,0.9889163298254748,0.17294037,0.87109375,0.7765045166015625,0.3737407905523402,0.03005295129404617,0.171875,0.39280651281231094,0.36275356151826477
two_concepts,TwoLayerCNN,2000,template_release,10,0.9794262322987097,0.9794262322987097,0.0,16,0.2013526286091799,0.2013526286091799,0.8261610017368055,1.1458349,0.9794262322987097,0.28932574,0.859375,0.7740478515625,0.3673393946086443,0.05582169194742925,0.166015625,0.3668259850969898,0.3110042931495606
two_concepts,TwoLayerCNN,2000,template_release,20,0.9776575925903666,0.9776575925903666,0.0,16,0.20929031003048368,0.20929031003048368,0.824596498756705,1.1469309,0.9776575925903666,0.30001003,0.9609375,0.776458740234375,0.3579068387526748,0.050026763406436026,0.115234375,0.3127041110705606,0.2626773476641246
two_concepts,TwoLayerCNN,2000,template_release,40,0.9810900505246084,0.9810900505246084,0.0,16,0.19205826605762255,0.19205826605762255,0.8285657248074323,1.1093795,0.9810900505246084,0.25996572,0.98828125,0.7714385986328125,0.3554094065011274,0.05507463643507818,0.0625,0.2537623742184758,0.19868773778339763
two_concepts,TwoLayerCNN,2000,template_release,80,0.9659337470442796,0.9659337470442796,0.0,16,0.25852182674346336,0.25852182674346336,0.8117610739372394,1.1634037,0.9659337470442796,0.35571367,0.98828125,0.758270263671875,0.3522808414649091,0.03450573536689641,0.05078125,0.17071568996395603,0.13620995459705962
two_concepts,TwoLayerCNN,2000,template_release,120,0.9300922911995149,0.9300922911995149,0.0,16,0.37120296113362095,0.37120296113362095,0.7761211135850583,1.3115287,0.9300922911995149,0.5583025,0.9921875,0.760772705078125,0.35392382761740593,0.024183337507327984,0.037109375,0.12379802875277557,0.09961469124544758
two_concepts,TwoLayerCNN,2000,template_release,160,0.9157743312024289,0.9157743312024289,0.0,16,0.40738768815023585,0.40738768815023585,0.761820253714662,1.3778144,0.9157743312024289,0.64091265,0.9921875,0.76031494140625,0.35474985914070634,0.019149483976733925,0.03515625,0.10755680900430764,0.08840732502757372
two_concepts,TwoLayerCNN,2000,template_release,200,0.9065638755096554,0.9065638755096554,0.0,16,0.4290111097340286,0.4290111097340286,0.753013089397952,1.4215903,0.9065638755096554,0.6941887,0.9921875,0.759490966796875,0.35465976322586784,0.016369884686231045,0.033203125,0.09721501587793924,0.08084513119170819
two_concepts,TwoLayerCNN,2001,random,0,0.15442299075062285,0.13210090472613137,0.022322086024491483,10,1.2988741903962056,1.3150363968543757,0.1964885199979414,0.5750648,1.0,0.0,,,,,,,
two_concepts,TwoLayerCNN,2001,random,1,0.16830505577700744,0.14246246035145574,0.0258425954255517,9,1.2880976244826696,1.3072245247929952,0.2019075271631559,0.579545,0.9936397241117589,0.07017175,0.43359375,0.80352783203125,0.1800317360557841,0.05176159811748737,0.263671875,0.4166984281529674,0.36493683003548005
two_concepts,TwoLayerCNN,2001,random,5,0.21877815478868384,0.20100554324543388,0.017772611543249967,9,1.247127139331242,1.261057811124417,0.21732160478956883,0.6697699,0.9366572865051201,0.25920027,0.74609375,0.7822265625,0.19999353742817821,0.218100726344982,0.40234375,0.6162622320289247,0.3981615056839427
two_concepts,TwoLayerCNN,2001,random,10,0.2437058684835119,0.2287703220482161,0.014935546435295793,10,1.2255587919239828,1.237109042124391,0.28505876279612374,0.9328789,0.8306508503966373,0.58427095,0.91796875,0.84576416015625,0.20289719499461698,0.2933192190963106,0.41796875,0.6302406799910563,0.3369214608947457
two_concepts,TwoLayerCNN,2001,random,20,0.24853176263066026,0.2337644700668791,0.014767292563781176,10,1.2204960752575584,1.2322607345545888,0.33231036671284775,1.3384311,0.717169164038136,1.0351908,0.98828125,0.813751220703125,0.21528497702606,0.3114341600247692,0.291015625,0.4875636695580552,0.176129509533286
two_concepts,TwoLayerCNN,2001,random,40,0.2529019422091572,0.23559974573809145,0.017302196471065734,11,1.2166718371840455,1.230254590874373,0.3416895032776786,1.5565337,0.6747670586996932,1.2679524,0.9921875,0.79083251953125,0.2204811015940098,0.13765784873061265,0.0625,0.24702412880658264,0.10936628007596998
two_concepts,TwoLayerCNN,2001,random,80,0.25296979236439393,0.23496069691909055,0.01800909544530338,11,1.2163975262108138,1.2304404185213231,0.3506235529792062,1.7041103,0.6519179468637764,1.4231398,1.0,0.7776336669921875,0.2230695948835538,0.12294126348433129,0.05078125,0.19802340928894469,0.07508214580461339
two_concepts,TwoLayerCNN,2001,random,120,0.25263949316409995,0.23439002824539817,0.018249464918701774,11,1.2165650123341725,1.2307673598086137,0.3552859954820795,1.776571,0.6419091748142655,1.4988923,1.0,0.77166748046875,0.2238630319991057,0.1149786657820504,0.05078125,0.17712427765511962,0.06214561187306922
two_concepts,TwoLayerCNN,2001,random,160,0.25262685539053703,0.23423360761016793,0.018393247780369104,11,1.2165240941690931,1.230822688804861,0.358813109094662,1.8244592,0.6356882293210684,1.5487614,1.0,0.769073486328125,0.2242547338185364,0.10861637408393358,0.046875,0.16299070219375145,0.05437432810981786
two_concepts,TwoLayerCNN,2001,random,200,0.25262839642056456,0.23431519212849933,0.018313204292065233,10,1.2164886589146802,1.2310471670733185,0.36144042053708125,1.8600715,0.6312232112573646,1.5858133,1.0,0.76708984375,0.22434059674947396,0.1551759686116529,0.080078125,0.20555582381664617,0.05037985520499329
two_concepts,TwoLayerCNN,2001,random_unitnorm,0,0.15442299112443636,0.13210090575547334,0.02232208536896302,10,1.2988741901013445,1.315036396145174,0.19648851881436874,1.0,1.0,0.0,,,,,,,
two_concepts,TwoLayerCNN,2001,random_unitnorm,1,0.15939478475139782,0.13797336919449,0.021421415556907825,10,1.295015635080991,1.3110866409922664,0.19500026395122205,1.002938,0.9978371050772357,0.07330723,0.5546875,0.8105621337890625,0.15696407522110936,0.1281289224102019,0.302734375,0.5196721462609144,0.3915432238507125
two_concepts,TwoLayerCNN,2001,random_unitnorm,5,0.17818786297746594,0.15477159119626938,0.023416271781196568,9,1.2795997507833818,1.2974617413732474,0.20920827443282483,1.0730546,0.9738737284651885,0.27145052,0.78125,0.7472686767578125,0.1724392320304414,0.0877469467547829,0.255859375,0.4979987550890429,0.41025180833426
two_concepts,TwoLayerCNN,2001,random_unitnorm,10,0.20429605040557355,0.18789370030345826,0.0164023501021153,11,1.2582133415624241,1.2707570359891376,0.2527810223453083,1.2821887,0.9163197353577885,0.5786853,0.93359375,0.795166015625,0.17876225412020225,0.04096634252547349,0.1796875,0.3852123307958225,0.344245988270349
two_concepts,TwoLayerCNN,2001,random_unitnorm,20,0.23214937321726936,0.21787325991810153,0.014276113299167836,11,1.2351969154361058,1.2462161113556869,0.27748095679273777,1.6408708,0.8358949343100901,1.0109689,0.9921875,0.8076171875,0.18560312007976845,0.0815557233845133,0.072265625,0.27730801488975065,0.19575229150523735
two_concepts,TwoLayerCNN,2001,random_unitnorm,40,0.23803920343075802,0.2211345564882466,0.016904646942511425,11,1.2301256495143171,1.2431482038547736,0.27916614849713733,1.8620441,0.7971650900354459,1.2591057,1.0,0.7856903076171875,0.20380678899635707,0.034593640488713565,0.037109375,0.15733755297453167,0.1227439124858181
two_concepts,TwoLayerCNN,2001,random_unitnorm,80,0.23976075477892037,0.22126955051001823,0.018491204268902134,10,1.228610803424221,1.2428794666604435,0.2787234014516418,2.0136003,0.7746239165086017,1.4257493,1.0,0.7746124267578125,0.2127339219862209,0.033539446927299654,0.029296875,0.11064472710796025,0.0771052801806606
two_concepts,TwoLayerCNN,2001,random_unitnorm,120,0.2407288759272577,0.22192333258750455,0.01880554333975315,10,1.2277913015148787,1.242259654058848,0.27959338962028296,2.0885415,0.7644906980363512,1.5070527,1.0,0.769134521484375,0.2160872601382896,0.03205974603313724,0.025390625,0.09513299696193722,0.06307325092879998
two_concepts,TwoLayerCNN,2001,random_unitnorm,160,0.24126692154741955,0.22240762938133293,0.018859292166086616,9,1.2273379514860314,1.2418265947817115,0.2803054710595154,2.1382504,0.7580922005142695,1.5606633,1.0,0.7646331787109375,0.21795219022075124,0.030885546421060284,0.0234375,0.08554128004723471,0.05465573362617443
two_concepts,TwoLayerCNN,2001,random_unitnorm,200,0.2415181863057085,0.22260908796813927,0.018909098337569236,9,1.22713169259157,1.2416495028475905,0.2809889186825514,2.1753068,0.7534315683230773,1.6006246,1.0,0.761962890625,0.21890159278786625,0.02972584960866037,0.021484375,0.0799953307675384,0.05026948115887803
two_concepts,TwoLayerCNN,2001,template_init,0,1.0,1.0,0.0,16,1.3170890159654386e-09,1.3170890159654386e-09,0.8481368160118523,1.0,1.0,0.0,,,,,,,
two_concepts,TwoLayerCNN,2001,template_init,1,0.9981707929294665,0.9981707929294665,0.0,16,0.060038612837567486,0.060038612837567486,0.8507512609798393,0.9969623,0.9981707929294665,0.06663615,0.3359375,0.779541015625,0.373954914291057,-0.19947104449773229,0.248046875,0.0886105985260578,0.2880816430237901
two_concepts,TwoLayerCNN,2001,template_init,5,0.9734799081547643,0.9734799081547643,0.0,16,0.2293368276670002,0.2293368276670002,0.8210913966250579,1.0445883,0.9734799081547643,0.24954413,0.8515625,0.7588043212890625,0.3722646616648907,-0.0775115655519949,0.234375,0.3386636547378433,0.4161752202898382
two_concepts,TwoLayerCNN,2001,template_init,10,0.914637888994352,0.914637888994352,0.0,16,0.4109168896213877,0.4109168896213877,0.7541003925047708,1.2444682,0.914637888994352,0.5408423,0.9609375,0.7481536865234375,0.3427366661740643,0.07939091061654446,0.28515625,0.4614809552086868,0.38209004459214235
two_concepts,TwoLayerCNN,2001,template_init,20,0.8249438794307499,0.8249438794307499,0.0,16,0.5885625526442955,0.5885625526442955,0.6754192294315291,1.6422713,0.8249438794307499,1.0139279,0.98828125,0.840911865234375,0.3232121186809536,0.21301666634513539,0.3125,0.47994268628068826,0.26692601993555287
two_concepts,TwoLayerCNN,2001,template_init,40,0.7790357610445978,0.7790357610445978,0.0,16,0.6611301216328902,0.6611301216328902,0.6319600545576284,1.8902211,0.7790357610445978,1.2946936,0.9921875,0.8230743408203125,0.31714465665066865,0.17241645324495067,0.177734375,0.3468992397980827,0.174482786553132
two_concepts,TwoLayerCNN,2001,template_init,80,0.7487891128662743,0.7487891128662743,0.0,16,0.7044570587053325,0.7044570587053325,0.6008252376756815,2.0815206,0.7487891128662743,1.5059776,0.9921875,0.81072998046875,0.3125857594382698,0.13863922211815122,0.134765625,0.26296360532606655,0.12432438320791532
two_concepts,TwoLayerCNN,2001,template_init,120,0.7354831624628563,0.7354831624628563,0.0,16,0.7227456245106314,0.7227456245106314,0.5871617433690572,2.184628,0.7354831624628563,1.6172525,0.9921875,0.8078460693359375,0.3093619226890022,0.13170921315875228,0.16796875,0.25563381207565816,0.12392459891690587
two_concepts,TwoLayerCNN,2001,template_init,160,0.7280912550797403,0.7280912550797403,0.0,16,0.732762614569256,0.732762614569256,0.5800865801166184,2.2495742,0.7280912550797403,1.6863873,0.9921875,0.80523681640625,0.3078652356858316,0.12590194845932878,0.15234375,0.2373248552216629,0.11142290676233413
two_concepts,TwoLayerCNN,2001,template_init,200,0.7231505351042835,0.7231505351042835,0.0,16,0.7393717537710767,0.7393717537710767,0.57527771887385,2.2963452,0.7231505351042835,1.7357914,0.9921875,0.8004302978515625,0.30655449207727764,0.12325332693099608,0.1484375,0.23069266266458277,0.10743933573358669
two_concepts,TwoLayerCNN,2001,template_retention_1,0,1.0,1.0,0.0,16,1.3170890159654386e-09,1.3170890159654386e-09,0.8481368160118523,1.0,1.0,0.0,,,,,,,
two_concepts,TwoLayerCNN,2001,template_retention_1,1,0.9986004864778889,0.9986004864778889,0.0,16,0.052522743582782555,0.052522743582782555,0.8508769566907944,0.9964222,0.9986004864778889,0.058196325,0.31640625,0.781097412109375,0.37494519958431705,-0.19318292142736104,0.248046875,0.09108899404463833,0.28427191547199937
two_concepts,TwoLayerCNN,2001,template_retention_1,5,0.991205295864944,0.991205295864944,0.0,16,0.131277723326774,0.131277723326774,0.840183891763761,1.0309861,0.991205295864944,0.14547941,0.89453125,0.775787353515625,0.3738627261477708,-0.06786471392184246,0.2109375,0.3452703247548031,0.4131350386766456
two_concepts,TwoLayerCNN,2001,template_retention_1,10,0.9791682620134659,0.9791682620134659,0.0,16,0.20213101233701347,0.20213101233701347,0.8328415276842428,1.123735,0.9791682620134659,0.2662605,0.96484375,0.7498779296875,0.3716989464845041,-0.04628458067922425,0.142578125,0.34868077849079515,0.3949653591700194
two_concepts,TwoLayerCNN,2001,template_retention_1,20,0.9764244422453173,0.9764244422453173,0.0,16,0.21519157293897506,0.21519157293897506,0.8361085862922542,1.1479828,0.9764244422453173,0.293601,0.984375,0.7625274658203125,0.38103570024392197,-0.02451292594812099,0.123046875,0.3223155800810673,0.3468285060291883
two_concepts,TwoLayerCNN,2001,template_retention_1,40,0.9864195666321438,0.9864195666321438,0.0,16,0.16115587160058675,0.16115587160058675,0.8402291875663845,1.0870161,0.9864195666321438,0.20573246,0.9921875,0.7640533447265625,0.38319693247458975,-0.04625912128795212,0.044921875,0.2397143892675111,0.2859735105554632
two_concepts,TwoLayerCNN,2001,template_retention_1,80,0.993727908105315,0.993727908105315,0.0,16,0.1048479924206043,0.1048479924206043,0.8468331447944661,1.044806,0.993727908105315,0.12833984,0.9921875,0.7746429443359375,0.3860872134483563,-0.04710584175027044,0.02734375,0.1923101410772574,0.23941598282752785
two_concepts,TwoLayerCNN,2001,template_retention_1,120,0.9962763006761537,0.9962763006761537,0.0,16,0.08073220022372302,0.08073220022372302,0.8483986713356642,1.0315146,0.9962763006761537,0.09661546,0.9921875,0.77850341796875,0.3791014506465594,-0.018690375150039795,0.048828125,0.21246744879670498,0.23115782394674478
two_concepts,TwoLayerCNN,2001,template_retention_1,160,0.9979074351212535,0.9979074351212535,0.0,16,0.05999859132818634,0.05999859132818634,0.8489835983784876,1.0237365,0.9979074351212535,0.07146889,0.9921875,0.782501220703125,0.3733908644431938,-0.007806412340953861,0.06640625,0.21955260398723753,0.2273590163281914
two_concepts,TwoLayerCNN,2001,template_retention_1,200,0.9986489030738748,0.9986489030738748,0.0,16,0.04740532572117483,0.04740532572117483,0.8495941579014199,1.0175145,0.9986489030738748,0.057058826,0.9921875,0.7821044921875,0.37270104009872923,-0.012551591901373949,0.048828125,0.1904839319575905,0.20303552385896445
two_concepts,TwoLayerCNN,2001,template_release,0,1.0,1.0,0.0,16,1.3170890159654386e-09,1.3170890159654386e-09,0.8481368160118523,1.0,1.0,0.0,,,,,,,
two_concepts,TwoLayerCNN,2001,template_release,1,0.9986004864778889,0.9986004864778889,0.0,16,0.052522743582782555,0.052522743582782555,0.8508769566907944,0.9964222,0.9986004864778889,0.058196325,0.31640625,0.781097412109375,0.37494519958431705,-0.19318292142736104,0.248046875,0.09108899404463833,0.28427191547199937
two_concepts,TwoLayerCNN,2001,template_release,5,0.991205295864944,0.991205295864944,0.0,16,0.131277723326774,0.131277723326774,0.840183891763761,1.0309861,0.991205295864944,0.14547941,0.89453125,0.775787353515625,0.3738627261477708,-0.06786471392184246,0.2109375,0.3452703247548031,0.4131350386766456
two_concepts,TwoLayerCNN,2001,template_release,10,0.9791682620134659,0.9791682620134659,0.0,16,0.20213101233701347,0.20213101233701347,0.8328415276842428,1.123735,0.9791682620134659,0.2662605,0.96484375,0.7498779296875,0.3716989464845041,-0.04628458067922425,0.142578125,0.34868077849079515,0.3949653591700194
two_concepts,TwoLayerCNN,2001,template_release,20,0.9734082607707335,0.9734082607707335,0.0,16,0.2287190042446123,0.2287190042446123,0.8338449983175842,1.1625036,0.9734082607707335,0.31509843,0.984375,0.7588043212890625,0.38016249045212325,-0.024220227864779287,0.12109375,0.31870836569591643,0.3429285935606957
two_concepts,TwoLayerCNN,2001,template_release,40,0.9787841634002147,0.9787841634002147,0.0,16,0.2029472552073608,0.2029472552073608,0.834624765189842,1.1229119,0.9787841634002147,0.2662273,0.9921875,0.7573089599609375,0.3807947928860256,-0.04826246278671564,0.04296875,0.22092292045972828,0.2691853832464439
two_concepts,TwoLayerCNN,2001,template_release,80,0.9639009046968233,0.9639009046968233,0.0,16,0.26534405742065004,0.26534405742065004,0.8216976813629534,1.1858647,0.9639009046968233,0.35982776,0.9921875,0.750732421875,0.37218209801400537,0.00223657147160386,0.052734375,0.19404405131527958,0.19180747984367572
two_concepts,TwoLayerCNN,2001,template_release,120,0.9190150944860008,0.9190150944860008,0.0,16,0.3988254780219017,0.3988254780219017,0.7845221598707546,1.3668847,0.9190150944860008,0.6097767,0.9921875,0.724456787109375,0.3518291649187416,-0.008498773565767864,0.0546875,0.1502136745099173,0.15871244807568516
two_concepts,TwoLayerCNN,2001,template_release,160,0.8997918723215892,0.8997918723215892,0.0,16,0.4438710906430675,0.4438710906430675,0.7691869278160821,1.4576881,0.8997918723215892,0.7220516,0.9921875,0.72216796875,0.3421376697537431,-0.013508517814167204,0.052734375,0.1283368159940781,0.1418453338082453
two_concepts,TwoLayerCNN,2001,template_release,200,0.8886314875044218,0.8886314875044218,0.0,16,0.4681518368555181,0.4681518368555181,0.7602943148738386,1.5162624,0.8886314875044218,0.7914063,0.9921875,0.7177734375,0.33827382872137185,-0.018503394097352854,0.052734375,0.11753462784145341,0.13603802193880626
two_concepts,TwoLayerCNN,2002,random,0,0.17244776952784444,0.14253647897861588,0.02991129054922856,9,1.2855240325070565,1.308095895315226,0.21174129343233233,0.5867907,1.0,0.0,,,,,,,
two_concepts,TwoLayerCNN,2002,random,1,0.17566679687352363,0.1496143483089868,0.02605244856453684,10,1.283280416135189,1.3027911642511327,0.21230448541857078,0.58874565,0.993355003399089,0.07082933,0.25,0.7360992431640625,0.19331429520537993,0.16867139327151442,0.25,0.4734993893227464,0.30482799605123195
two_concepts,TwoLayerCNN,2002,random,5,0.21385684021719262,0.186911752601838,0.026945087615354607,8,1.2534455218665093,1.2740825460665484,0.1977935079435138,0.6827214,0.9240877268167216,0.27850252,0.69921875,0.7580413818359375,0.20457085697352884,0.08391113001204298,0.298828125,0.46606740588241913,0.38215627587037615
two_concepts,TwoLayerCNN,2002,random,10,0.23687138232974664,0.19970405792265608,0.03716732440709056,10,1.2346015142134976,1.2634480867517837,0.2468025151911048,0.9579474,0.8065205090456438,0.61321956,0.9375,0.7443695068359375,0.21784460652210852,0.13986730378518664,0.1875,0.4635806692789499,0.3237133654937633
two_concepts,TwoLayerCNN,2002,random,20,0.24511706495319902,0.21652579778138728,0.028591267171811735,10,1.2269719610071137,1.249577587729809,0.2897891345328116,1.3432797,0.7078930634568127,1.0299138,0.984375,0.75970458984375,0.22970701191024923,0.07729833362846267,0.076171875,0.2754260295031564,0.19812769587469375
two_concepts,TwoLayerCNN,2002,random,40,0.2483365698721473,0.22006879677181107,0.028267773100336235,9,1.2239698586951664,1.2460148510534061,0.3026970797624318,1.54706,0.672393003680979,1.2435565,0.98828125,0.7574615478515625,0.23524167116153172,0.05150824783878738,0.05859375,0.18835934138047838,0.136851093541691
two_concepts,TwoLayerCNN,2002,random,80,0.2508417289445982,0.22188043504693522,0.028961293897663,9,1.2218327554637982,1.2444485572150374,0.30905255201934334,1.6804297,0.6545594155443024,1.3815634,0.98828125,0.752197265625,0.236921483882586,0.045384379497689115,0.0625,0.1537135610179906,0.10832918152030149
two_concepts,TwoLayerCNN,2002,random,120,0.25179441509635536,0.22262490662176748,0.02916950847458788,9,1.2210138788900724,1.2437844798710345,0.3117146423594309,1.7485849,0.6464515528553527,1.4517956,0.98828125,0.7501068115234375,0.23760213965749086,0.042936612791444645,0.064453125,0.14045946128075193,0.09752284848930728
two_concepts,TwoLayerCNN,2002,random,160,0.25232387471263806,0.22309441730204227,0.029229457410595794,9,1.220551548050934,1.2433620318565421,0.31339436628321293,1.7942419,0.6413193706568332,1.4987519,0.98828125,0.7485809326171875,0.23810168198969814,0.04038799346496377,0.0625,0.13116501557259297,0.0907770221076292
two_concepts,TwoLayerCNN,2002,random,200,0.25267395492961964,0.22359848383850045,0.029075471091119187,9,1.2202429863162874,1.2434340964781958,0.3146134111908314,1.8285576,0.6375978461876572,1.534015,0.98828125,0.746551513671875,0.23817471035863336,0.03909842045734642,0.0625,0.12593819754121782,0.0868397770838714
two_concepts,TwoLayerCNN,2002,random_unitnorm,0,0.17244776929794128,0.14253648037740804,0.02991128892053324,9,1.285524032736318,1.3080958942686443,0.2117412905804731,1.0,1.0,0.0,,,,,,,
two_concepts,TwoLayerCNN,2002,random_unitnorm,1,0.16755357021700173,0.1388584177231404,0.028695152493861342,10,1.2894186801124268,1.310947988911452,0.20908581400372886,1.001626,0.9976974469347151,0.07291034,0.2578125,0.75848388671875,0.156958497096854,0.13065186803519668,0.25,0.4432531534699816,0.31260128543478494
two_concepts,TwoLayerCNN,2002,random_unitnorm,5,0.18236036221611684,0.15392165280298853,0.028438709413128316,9,1.2781756431941047,1.2996203988713504,0.2116517991518017,1.0695816,0.9710145114162759,0.28036135,0.78515625,0.7425537109375,0.19008297934623586,0.059760411225997956,0.220703125,0.4442793266740448,0.38451891544804684
two_concepts,TwoLayerCNN,2002,random_unitnorm,10,0.20942306053029802,0.17350171758643723,0.03592134294386079,9,1.2565256190031528,1.284280371184325,0.25160008171928605,1.2920184,0.9073931435710414,0.6084274,0.92578125,0.7919921875,0.21973190688734742,0.050777284636139675,0.142578125,0.35777872342383166,0.307001438787692
two_concepts,TwoLayerCNN,2002,random_unitnorm,20,0.22668701404795513,0.18845977326402294,0.03822724078393219,9,1.2425948743595445,1.2723768916387557,0.2890709164883778,1.6265614,0.8328393535283072,1.0065506,0.96875,0.767425537109375,0.23168698349591413,0.05846937504242114,0.08984375,0.240571932607202,0.18210255756478086
two_concepts,TwoLayerCNN,2002,random_unitnorm,40,0.22851316246044043,0.19002429748059046,0.03848886497984996,9,1.2410194095541631,1.2708561886709933,0.29051807480742065,1.8148178,0.8023593939586537,1.2114246,0.9765625,0.75677490234375,0.23243515260592915,-0.009998600686634176,0.04296875,0.10737027200375027,0.11736887269038444
two_concepts,TwoLayerCNN,2002,random_unitnorm,80,0.23000810314239797,0.19153630241030292,0.03847180073209505,8,1.2397069842143549,1.2695725593629028,0.29224855610603234,1.945737,0.784076046521098,1.3523321,0.97265625,0.753387451171875,0.23259156184849117,-0.014655732845217734,0.041015625,0.07866030080938757,0.09331603365460531
two_concepts,TwoLayerCNN,2002,random_unitnorm,120,0.2304592840504624,0.19280360127456198,0.03765568277590042,7,1.2392764771804574,1.2689194839579416,0.29516205567009607,2.0137048,0.7752512639684268,1.4249928,0.97265625,0.7483062744140625,0.23278820679410267,-0.015348045238808714,0.041015625,0.06971068667337299,0.0850587319121817
two_concepts,TwoLayerCNN,2002,random_unitnorm,160,0.23073421262796798,0.19381568036448416,0.03691853226348382,7,1.2390110740231361,1.268106613504414,0.2971486882473954,2.0595458,0.7696445293662013,1.4736786,0.97265625,0.7527923583984375,0.23259478329232108,-0.015370595124464398,0.04296875,0.06290575272391286,0.07827634784837725
two_concepts,TwoLayerCNN,2002,random_unitnorm,200,0.2309203585001895,0.1945992319107496,0.036321126589439895,7,1.2388290313765564,1.267476829523377,0.2984231792980333,2.0941072,0.7656097740250509,1.5102376,0.97265625,0.7563323974609375,0.232770929580491,-0.015560959126351886,0.04296875,0.059359234643751924,0.07492019377010381
two_concepts,TwoLayerCNN,2002,template_init,0,1.0,1.0,0.0,16,1.3170890159654386e-09,1.3170890159654386e-09,0.8481368160118523,1.0,1.0,0.0,,,,,,,
two_concepts,TwoLayerCNN,2002,template_init,1,0.9976150880501459,0.9976150880501459,0.0,16,0.06869911640239251,0.06869911640239251,0.8466439444486431,1.0015533,0.9976150880501459,0.077104166,0.25,0.77862548828125,0.40111216366011093,-0.16577542856213967,0.25,0.03810134666102272,0.2038767752231624
two_concepts,TwoLayerCNN,2002,template_init,5,0.9659065640371018,0.9659065640371018,0.0,16,0.2606742041470731,0.2606742041470731,0.8019427222480655,1.0737835,0.9659065640371018,0.28777796,0.796875,0.76934814453125,0.3807417724702514,0.0014888708141420626,0.154296875,0.42528557735463,0.42379670654048796
two_concepts,TwoLayerCNN,2002,template_init,10,0.9018799728656942,0.9018799728656942,0.0,16,0.4407315032360974,0.4407315032360974,0.7211199730550688,1.2991254,0.9018799728656942,0.59649485,0.90234375,0.745574951171875,0.348059013633525,0.0015917413893732357,0.099609375,0.37002848784149156,0.3684367464521183
two_concepts,TwoLayerCNN,2002,template_init,20,0.8304786455227515,0.8304786455227515,0.0,16,0.5787894411442212,0.5787894411442212,0.6528760043680887,1.6596396,0.8304786455227515,1.0097725,0.98046875,0.73748779296875,0.32973537710961254,-0.06489757237372507,0.05078125,0.1489701324013285,0.21386770477505357
two_concepts,TwoLayerCNN,2002,template_init,40,0.7969768089517854,0.7969768089517854,0.0,16,0.6334484480350187,0.6334484480350187,0.6253455820149362,1.8607767,0.7969768089517854,1.2349632,0.984375,0.746246337890625,0.3212085475783196,-0.06523097844616163,0.03515625,0.0677744535196525,0.13300543196581413
two_concepts,TwoLayerCNN,2002,template_init,80,0.7798608720192585,0.7794507899906293,0.0004100820286291329,15,0.6593763110083563,0.6600239619026741,0.6122911366789534,1.9878757,0.7794507899906293,1.3732097,0.984375,0.760345458984375,0.3192539535090382,-0.048057555128703536,0.03125,0.051110323195473706,0.09916787832417724
two_concepts,TwoLayerCNN,2002,template_init,120,0.7721216074623398,0.771379633225147,0.0007419742371927995,15,0.6707217843090144,0.671893351467022,0.6067333055586844,2.0523505,0.771379633225147,1.4425586,0.98828125,0.761474609375,0.31827983586841324,-0.03525345583127629,0.03515625,0.051840775321123744,0.08709423115240003
two_concepts,TwoLayerCNN,2002,template_init,160,0.7671635160910715,0.7662297611612342,0.0009337549298372716,15,0.6779031866921723,0.6793760157065658,0.6034697196246935,2.0956151,0.7662297611612342,1.488858,0.98828125,0.761962890625,0.317578743540732,-0.030744398686812377,0.03515625,0.04893218649879616,0.07967658518560854
two_concepts,TwoLayerCNN,2002,template_init,200,0.7636250957547533,0.7625552209048045,0.0010698748499488042,15,0.6829689911476075,0.6846550072224957,0.601209728338665,2.128037,0.7625552209048045,1.523389,0.98828125,0.762054443359375,0.3171659963420106,-0.027916356317526272,0.03515625,0.04714817919170455,0.07506453550923083
two_concepts,TwoLayerCNN,2002,template_retention_1,0,1.0,1.0,0.0,16,1.3170890159654386e-09,1.3170890159654386e-09,0.8481368160118523,1.0,1.0,0.0,,,,,,,
two_concepts,TwoLayerCNN,2002,template_retention_1,1,0.9980576829082738,0.9980576829082738,0.0,16,0.061968012939976745,0.061968012939976745,0.8474610029224319,1.0009485,0.9980576829082738,0.069812894,0.25,0.77838134765625,0.40136126606839684,-0.1653119645708236,0.25,0.03906599504879704,0.20437795961962063
two_concepts,TwoLayerCNN,2002,template_retention_1,5,0.9868593862972355,0.9868593862972355,0.0,16,0.16104349123741862,0.16104349123741862,0.830715975713966,1.0465193,0.9868593862972355,0.17781526,0.76953125,0.76141357421875,0.3962030278641472,-0.05193178117770447,0.15625,0.38452687501280536,0.43645865619050983
two_concepts,TwoLayerCNN,2002,template_retention_1,10,0.9739122011911758,0.9739122011911758,0.0,16,0.22590704373768059,0.22590704373768059,0.8185921002441463,1.150115,0.9739122011911758,0.2973469,0.87890625,0.7505035400390625,0.3845505093414755,-0.023898817743676748,0.08203125,0.3881222459443475,0.41202106368802427
two_concepts,TwoLayerCNN,2002,template_retention_1,20,0.978944968586785,0.978944968586785,0.0,16,0.20273574259875554,0.20273574259875554,0.8342867004770085,1.1356204,0.978944968586785,0.26843357,0.96875,0.751251220703125,0.3839629518902925,0.03950308541776637,0.0703125,0.3540827721548472,0.3145796867370808
two_concepts,TwoLayerCNN,2002,template_retention_1,40,0.9913261115349854,0.9913261115349854,0.0,16,0.12922290761288135,0.12922290761288135,0.8433008388279772,1.0684769,0.9913261115349854,0.16282938,0.9765625,0.7606201171875,0.39049321489575595,0.0628900456445678,0.07421875,0.31172861315557543,0.24883856751100764
two_concepts,TwoLayerCNN,2002,template_retention_1,80,0.997330638571612,0.997330638571612,0.0,16,0.07163870427097431,0.07163870427097431,0.8456285617931465,1.0321121,0.997330638571612,0.09031977,0.9765625,0.7687835693359375,0.3935750598059468,0.07042186766386097,0.087890625,0.2773767208404111,0.20695485317655013
two_concepts,TwoLayerCNN,2002,template_retention_1,120,0.9987918935645248,0.9987918935645248,0.0,16,0.04804901940706399,0.04804901940706399,0.8464446960376479,1.0198956,0.9987918935645248,0.06057282,0.9765625,0.770416259765625,0.395808970861648,0.07559453474787678,0.09375,0.26014037246050337,0.1845458377126266
two_concepts,TwoLayerCNN,2002,template_retention_1,160,0.999348449221992,0.999348449221992,0.0,16,0.03522040710881412,0.03522040710881412,0.8468873207787457,1.0134099,0.999348449221992,0.04507587,0.98046875,0.77227783203125,0.3966980908986545,0.07566822561795797,0.09765625,0.24963229682439525,0.17396407120643728
two_concepts,TwoLayerCNN,2002,template_retention_1,200,0.9996356537797036,0.9996356537797036,0.0,16,0.026302530331263653,0.026302530331263653,0.8475579237639935,1.0097408,0.9996356537797036,0.034244422,0.98046875,0.773101806640625,0.39704867133358923,0.07811161232663594,0.09765625,0.24346698416317103,0.1653553718365351
two_concepts,TwoLayerCNN,2002,template_release,0,1.0,1.0,0.0,16,1.3170890159654386e-09,1.3170890159654386e-09,0.8481368160118523,1.0,1.0,0.0,,,,,,,
two_concepts,TwoLayerCNN,2002,template_release,1,0.9980576829082738,0.9980576829082738,0.0,16,0.061968012939976745,0.061968012939976745,0.8474610029224319,1.0009485,0.9980576829082738,0.069812894,0.25,0.77838134765625,0.40136126606839684,-0.1653119645708236,0.25,0.03906599504879704,0.20437795961962063
two_concepts,TwoLayerCNN,2002,template_release,5,0.9868593862972355,0.9868593862972355,0.0,16,0.16104349123741862,0.16104349123741862,0.830715975713966,1.0465193,0.9868593862972355,0.17781526,0.76953125,0.76141357421875,0.3962030278641472,-0.05193178117770447,0.15625,0.38452687501280536,0.43645865619050983
two_concepts,TwoLayerCNN,2002,template_release,10,0.9739122011911758,0.9739122011911758,0.0,16,0.22590704373768059,0.22590704373768059,0.8185921002441463,1.150115,0.9739122011911758,0.2973469,0.87890625,0.7505035400390625,0.3845505093414755,-0.023898817743676748,0.08203125,0.3881222459443475,0.41202106368802427
two_concepts,TwoLayerCNN,2002,template_release,20,0.9760822979210415,0.9760822979210415,0.0,16,0.21625163196178307,0.21625163196178307,0.8318228282836888,1.1497242,0.9760822979210415,0.28967255,0.96875,0.751129150390625,0.3821690481526021,0.028118014471688768,0.0625,0.33766970528410334,0.30955169081241457
two_concepts,TwoLayerCNN,2002,template_release,40,0.9853005582272032,0.9853005582272032,0.0,16,0.16843603736844107,0.16843603736844107,0.8407127336018034,1.0983883,0.9853005582272032,0.21607508,0.9765625,0.7529144287109375,0.38669300805306284,0.06765375750618291,0.076171875,0.3032531894899094,0.23559943198372651
two_concepts,TwoLayerCNN,2002,template_release,80,0.9753078926143993,0.9753078926143993,0.0,16,0.21895930283493786,0.21895930283493786,0.8327395801349544,1.146544,0.9753078926143993,0.2912916,0.984375,0.75518798828125,0.37991016323823523,0.021593573722782505,0.05859375,0.17429183532663006,0.15269826160384756
two_concepts,TwoLayerCNN,2002,template_release,120,0.9427557280031014,0.9427557280031014,0.0,16,0.3346520553913245,0.3346520553913245,0.8037395977244266,1.2926128,0.9427557280031014,0.49495804,0.984375,0.760589599609375,0.35922268870757246,0.04648952792322979,0.06640625,0.15458270898641568,0.1080931810631859
two_concepts,TwoLayerCNN,2002,template_release,160,0.9305369954537519,0.9305369954537519,0.0,16,0.36900784245720997,0.36900784245720997,0.792130053364544,1.3565273,0.9305369954537519,0.5735487,0.984375,0.7631683349609375,0.35374757909440324,-0.008744822812189204,0.0390625,0.08555143865244563,0.09429626146463484
two_concepts,TwoLayerCNN,2002,template_release,200,0.9228726137815042,0.9228726137815042,0.0,16,0.3890743233522376,0.3890743233522376,0.7846895942885768,1.3996199,0.9228726137815042,0.6247748,0.984375,0.7660064697265625,0.3508560352927237,-0.007830277364245977,0.037109375,0.07907339025183491,0.08690366761608088
two_concepts,TwoLayerCNN,2003,random,0,0.17049900799045187,0.15320542931251108,0.01729357867794079,10,1.2869283217645906,1.2999326301579643,0.17733484092534796,0.5700164,1.0,0.0,,,,,,,
two_concepts,TwoLayerCNN,2003,random,1,0.16928592696946293,0.15558611336634307,0.013699813603119865,11,1.2879201537533849,1.2982488395956477,0.18281613400831664,0.57472813,0.9937192730266345,0.07062181,0.26171875,0.6426849365234375,0.16616480782074697,-0.1520580777940449,0.251953125,0.20612849438491443,0.35818657217895933
two_concepts,TwoLayerCNN,2003,random,5,0.23809469846925854,0.21392205418141153,0.024172644287847017,9,1.2322908470252063,1.2513874151203799,0.2098538978661318,0.6717088,0.9238594644182969,0.28228566,0.88671875,0.7437286376953125,0.21904629810583748,0.023896299380643415,0.15625,0.4470113046693034,0.42311500528866
two_concepts,TwoLayerCNN,2003,random,10,0.2788004204333122,0.2560793443435652,0.022721076089746994,8,1.196641007193187,1.2155180014544689,0.2661895177211168,0.9539759,0.8045047149540857,0.62346315,0.93359375,0.758880615234375,0.24014672090531472,0.06531307725582708,0.130859375,0.402541240878584,0.3372281636227569
two_concepts,TwoLayerCNN,2003,random,20,0.2880925395217957,0.2687946676044917,0.019297871917303977,9,1.1883950229320428,1.204760935559235,0.31005521068370745,1.3697993,0.7116574305982506,1.0660081,1.0,0.7685699462890625,0.23615214594300094,0.00821941585460978,0.072265625,0.23978185478896508,0.2315624389343553
two_concepts,TwoLayerCNN,2003,random,40,0.29320765439499696,0.273500178137667,0.019707476257329937,9,1.184003450939862,1.199881099975853,0.3156439651438108,1.6210188,0.6749495188015756,1.3264394,1.0,0.7660675048828125,0.24030529552737814,0.005996995444706499,0.013671875,0.14227796856813535,0.13628097312342885
two_concepts,TwoLayerCNN,2003,random,80,0.29399034738040386,0.27310823181825283,0.020882115562151027,9,1.1834377040276562,1.2002092407921796,0.3209236902931305,1.7840279,0.6549218330948388,1.4949601,1.0,0.75732421875,0.24035876682084362,-0.0015527057439519848,0.005859375,0.09233130538773704,0.09388401113168902
two_concepts,TwoLayerCNN,2003,random,120,0.29415751936420653,0.27218069290382374,0.021976826460382792,9,1.1833462102621373,1.2009665446936104,0.32329635162816844,1.8642261,0.6462265487147927,1.5775311,1.0,0.7547149658203125,0.24005890857286522,-0.004246881890974191,0.0078125,0.07337451809567241,0.0776213999866466
two_concepts,TwoLayerCNN,2003,random,160,0.2942222705499418,0.2715943443492262,0.02262792620071563,9,1.1833301070112694,1.2013723588421463,0.32439562142898104,1.9175458,0.6407793730565969,1.6323063,1.0,0.7536773681640625,0.23879120870165801,-0.005652277998548019,0.005859375,0.06272599988554506,0.06837827788409308
two_concepts,TwoLayerCNN,2003,random,200,0.2942392401484253,0.27113300714526867,0.023106233003156618,9,1.1833408577100057,1.201749082952589,0.3253080553358974,1.9574163,0.6368248604701687,1.6732342,1.0,0.7530670166015625,0.23854470579012432,-0.006454366287648616,0.005859375,0.05580763789852261,0.06226200418617123
two_concepts,TwoLayerCNN,2003,random_unitnorm,0,0.17049900779747704,0.15320542987090946,0.017293577926567577,10,1.2869283219288725,1.2999326297487905,0.1773348407259493,1.0,1.0,0.0,,,,,,,
two_concepts,TwoLayerCNN,2003,random_unitnorm,1,0.17506850732807228,0.16111770624815283,0.013950801079919445,11,1.2834059145777146,1.2938396364511955,0.17672002707062995,1.0022601,0.9980742696150033,0.06992054,0.2890625,0.77386474609375,0.16936915192286223,-0.11407737836846255,0.234375,0.2520362009959055,0.36611357936436806
two_concepts,TwoLayerCNN,2003,random_unitnorm,5,0.2045577793151805,0.19753044907441492,0.0070273302407655724,12,1.259596105547073,1.264863918713858,0.1846056165248116,1.0707691,0.9741541550684029,0.27295637,0.8515625,0.768280029296875,0.22388561881136382,0.10932566441509894,0.240234375,0.4860397405115109,0.37671407609641194
two_concepts,TwoLayerCNN,2003,random_unitnorm,10,0.2373562929791157,0.22761627148709201,0.009740021492023687,12,1.2325663534374143,1.2400974469414157,0.2197820033210746,1.282593,0.9148690733510019,0.5931846,0.9375,0.792388916015625,0.23790305930029737,0.1892271291225675,0.248046875,0.4873536467263575,0.29812651760379
two_concepts,TwoLayerCNN,2003,random_unitnorm,20,0.2575794820513141,0.2435398036554952,0.014039678395818878,11,1.2158907824822163,1.2268486025053582,0.24904281299060113,1.6373559,0.8385109241809883,1.0145061,1.0,0.792144775390625,0.2365330376664057,0.1637038635324201,0.189453125,0.36861191730428633,0.20490805377186622
two_concepts,TwoLayerCNN,2003,random_unitnorm,40,0.2592016521323873,0.24700457298324047,0.012197079149146806,10,1.2143919547161781,1.22366856492,0.2563572465628099,1.8648071,0.8023702658048713,1.2634473,1.0,0.762969970703125,0.23117459763158504,0.17884273734698375,0.166015625,0.28553625817175865,0.1066935208247749
two_concepts,TwoLayerCNN,2003,random_unitnorm,80,0.2588212228350884,0.24825365255079296,0.010567570284295447,10,1.2145825893073596,1.2227172029714928,0.2614092900477424,2.0208902,0.7823362748864564,1.4302067,1.0,0.7624359130859375,0.2291504252977602,0.1688651296376441,0.14453125,0.23772163391551993,0.06885650427787583
two_concepts,TwoLayerCNN,2003,random_unitnorm,120,0.2583361663724197,0.24850409577119023,0.009832070601229453,10,1.2149333540045633,1.2225390287576294,0.2636604708535894,2.0997283,0.7729966947615943,1.513736,1.0,0.761749267578125,0.23055654794675362,0.16473220484571827,0.142578125,0.21984728419410038,0.055115079348382126
two_concepts,TwoLayerCNN,2003,random_unitnorm,160,0.25805383059164166,0.24865252488580702,0.00940130570583464,10,1.2151453580784628,1.2224434192778681,0.2645854772809988,2.152245,0.7670432770473261,1.5691595,1.0,0.761932373046875,0.23087070228071666,0.16093014351726875,0.138671875,0.20846565362427738,0.04753551010700861
two_concepts,TwoLayerCNN,2003,random_unitnorm,200,0.2578515371302616,0.24874913531412662,0.009102401816134975,10,1.2152993931877072,1.2223860832836941,0.2652222793297164,2.1915746,0.7626793949197195,1.610687,1.0,0.761993408203125,0.22998360107779456,0.1782589898038611,0.138671875,0.22048529422150165,0.04222630441764055
two_concepts,TwoLayerCNN,2003,template_init,0,1.0,1.0,0.0,16,1.3170890159654386e-09,1.3170890159654386e-09,0.8481368160118523,1.0,1.0,0.0,,,,,,,
two_concepts,TwoLayerCNN,2003,template_init,1,0.9978237946276608,0.9978237946276608,0.0,16,0.06502621291550365,0.06502621291550365,0.8492032375640285,0.99970555,0.9978237946276608,0.0731322,0.25,0.7740478515625,0.37726579506883595,-0.2576773571525219,0.25,0.20573028535839266,0.46340764251091454
two_concepts,TwoLayerCNN,2003,template_init,5,0.9712439250125668,0.9712439250125668,0.0,16,0.2387433230667244,0.2387433230667244,0.8147724724232185,1.0557871,0.9712439250125668,0.26117322,0.87109375,0.760986328125,0.3603580951431394,-0.18816615173660178,0.103515625,0.23328614316316432,0.4214522948997661
two_concepts,TwoLayerCNN,2003,template_init,10,0.914513609210982,0.914513609210982,0.0,16,0.41218582761712375,0.41218582761712375,0.7544853692362825,1.2611899,0.914513609210982,0.5470815,0.93359375,0.75103759765625,0.34924963588420643,-0.10076006029776385,0.080078125,0.2635897889578265,0.36434984925559033
two_concepts,TwoLayerCNN,2003,template_init,20,0.8339455021027181,0.8339455021027181,0.0,16,0.5748339596553644,0.5748339596553644,0.6738233992569518,1.67097,0.8339455021027181,1.0189347,1.0,0.7744598388671875,0.32711854020274644,-0.03699762502201115,0.05078125,0.22562482579530352,0.26262245081731467
two_concepts,TwoLayerCNN,2003,template_init,40,0.788043736001952,0.788043736001952,0.0,16,0.6497854402890831,0.6497854402890831,0.6270878509435044,1.9561553,0.788043736001952,1.3366892,1.0,0.784149169921875,0.32516735578239464,-0.009482267996915428,0.017578125,0.1418688402157935,0.15135110821270892
two_concepts,TwoLayerCNN,2003,template_init,80,0.7617046845279373,0.7617046845279373,0.0,16,0.6888463458023519,0.6888463458023519,0.6037016444323576,2.1420794,0.7617046845279373,1.5407469,1.0,0.788818359375,0.3211546736232167,-0.0204890427649643,0.01171875,0.07041395476096557,0.09090299752592987
two_concepts,TwoLayerCNN,2003,template_init,120,0.7508724536586759,0.7508724536586759,0.0,16,0.7041839975060628,0.7041839975060628,0.5944350316600957,2.2292967,0.7508724536586759,1.6351643,1.0,0.79144287109375,0.3184270159227088,-0.017822851004382925,0.0078125,0.05206401994079868,0.0698868709451816
two_concepts,TwoLayerCNN,2003,template_init,160,0.7445779161324586,0.7445779161324586,0.0,16,0.7129479364979348,0.7129479364979348,0.5894402476316505,2.2854202,0.7445779161324586,1.6952679,1.0,0.7926025390625,0.3181919111961479,-0.011098479193024868,0.0078125,0.04772715871102273,0.0588256379040476
two_concepts,TwoLayerCNN,2003,template_init,200,0.7400046154405839,0.7400046154405839,0.0,16,0.7192769125503298,0.7192769125503298,0.5857092067724315,2.3269415,0.7400046154405839,1.7397385,1.0,0.7930145263671875,0.3168921848989409,-0.010403972581763246,0.005859375,0.04139695987124026,0.051800932453003504
two_concepts,TwoLayerCNN,2003,template_retention_1,0,1.0,1.0,0.0,16,1.3170890159654386e-09,1.3170890159654386e-09,0.8481368160118523,1.0,1.0,0.0,,,,,,,
two_concepts,TwoLayerCNN,2003,template_retention_1,1,0.9982146268378026,0.9982146268378026,0.0,16,0.05888425065965715,0.05888425065965715,0.8492981005758287,0.9987477,0.9982146268378026,0.065689325,0.25,0.774566650390625,0.3772767380666579,-0.25851357107444256,0.25,0.2046591399812735,0.46317271105571606
two_concepts,TwoLayerCNN,2003,template_retention_1,5,0.9902342419518402,0.9902342419518402,0.0,16,0.13834938910412184,0.13834938910412184,0.8387014668558831,1.038174,0.9902342419518402,0.15348989,0.875,0.771270751953125,0.37477909170574664,-0.05272814304831108,0.123046875,0.370902885835394,0.4236310288837051
two_concepts,TwoLayerCNN,2003,template_retention_1,10,0.9805392549964281,0.9805392549964281,0.0,16,0.19457713550394226,0.19457713550394226,0.8374920476427382,1.1254641,0.9805392549964281,0.25723404,0.9296875,0.7616729736328125,0.37611774836310385,0.02244606780572922,0.095703125,0.3989740887254285,0.3765280209196993
two_concepts,TwoLayerCNN,2003,template_retention_1,20,0.9773859207343634,0.9773859207343634,0.0,16,0.20940682199861715,0.20940682199861715,0.8394926878206188,1.1430649,0.9773859207343634,0.28500843,0.99609375,0.7699127197265625,0.3767687363386766,0.016189144520024845,0.091796875,0.3438473290967945,0.32765818457676965
two_concepts,TwoLayerCNN,2003,template_retention_1,40,0.9840506974792392,0.9840506974792392,0.0,16,0.17400496838230403,0.17400496838230403,0.8458008836313919,1.0880115,0.9840506974792392,0.22041193,1.0,0.7568817138671875,0.384707363875692,0.033604364088480554,0.033203125,0.28504939747473435,0.2514450333862538
two_concepts,TwoLayerCNN,2003,template_retention_1,80,0.9921633275016335,0.9921633275016335,0.0,16,0.12120223932741386,0.12120223932741386,0.8481011437317112,1.0441788,0.9921633275016335,0.14874998,1.0,0.7649993896484375,0.39112674197656777,0.02039561683148694,0.03515625,0.2194601111132568,0.19906449428176987
two_concepts,TwoLayerCNN,2003,template_retention_1,120,0.9954011870700276,0.9954011870700276,0.0,16,0.09279481462071247,0.09279481462071247,0.849209532701577,1.0301847,0.9954011870700276,0.112133496,1.0,0.7708282470703125,0.3894973186017962,0.030139406678804215,0.041015625,0.20990727209779325,0.17976786541898904
two_concepts,TwoLayerCNN,2003,template_retention_1,160,0.9974878240832531,0.9974878240832531,0.0,16,0.06876008549781401,0.06876008549781401,0.8478905654482503,1.0224108,0.9974878240832531,0.084441915,1.0,0.7739410400390625,0.3848541653875639,0.03160891302096147,0.044921875,0.19939238829866623,0.16778347527770476
two_concepts,TwoLayerCNN,2003,template_retention_1,200,0.99836866706316,0.99836866706316,0.0,16,0.05526799530417137,0.05526799530417137,0.8482764319822678,1.0167086,0.99836866706316,0.06820989,1.0,0.7744293212890625,0.38375010570510704,0.03491943886534185,0.0546875,0.19521194691287236,0.1602925080475305
two_concepts,TwoLayerCNN,2003,template_release,0,1.0,1.0,0.0,16,1.3170890159654386e-09,1.3170890159654386e-09,0.8481368160118523,1.0,1.0,0.0,,,,,,,
two_concepts,TwoLayerCNN,2003,template_release,1,0.9982146268378026,0.9982146268378026,0.0,16,0.05888425065965715,0.05888425065965715,0.8492981005758287,0.9987477,0.9982146268378026,0.065689325,0.25,0.774566650390625,0.3772767380666579,-0.25851357107444256,0.25,0.2046591399812735,0.46317271105571606
two_concepts,TwoLayerCNN,2003,template_release,5,0.9902342419518402,0.9902342419518402,0.0,16,0.13834938910412184,0.13834938910412184,0.8387014668558831,1.038174,0.9902342419518402,0.15348989,0.875,0.771270751953125,0.37477909170574664,-0.05272814304831108,0.123046875,0.370902885835394,0.4236310288837051
two_concepts,TwoLayerCNN,2003,template_release,10,0.9805392549964281,0.9805392549964281,0.0,16,0.19457713550394226,0.19457713550394226,0.8374920476427382,1.1254641,0.9805392549964281,0.25723404,0.9296875,0.7616729736328125,0.37611774836310385,0.02244606780572922,0.095703125,0.3989740887254285,0.3765280209196993
two_concepts,TwoLayerCNN,2003,template_release,20,0.9745587028922519,0.9745587028922519,0.0,16,0.22233057329390943,0.22233057329390943,0.8376213661213538,1.1578774,0.9745587028922519,0.30618846,0.99609375,0.7694091796875,0.3769877298540223,0.017160446119406314,0.08984375,0.3415849019389835,0.3244244558195772
two_concepts,TwoLayerCNN,2003,template_release,40,0.9758063215817592,0.9758063215817592,0.0,16,0.21529833369021872,0.21529833369021872,0.840687898622289,1.1285512,0.9758063215817592,0.28158563,1.0,0.7796173095703125,0.3823587791003936,0.04347460069889447,0.033203125,0.27705724327893744,0.23358264258004297
two_concepts,TwoLayerCNN,2003,template_release,80,0.9575551020296783,0.9575551020296783,0.0,16,0.2869683942457465,0.2869683942457465,0.8250166094575782,1.189728,0.9575551020296783,0.38631967,1.0,0.7745819091796875,0.37877851395085216,0.0727133995813094,0.0390625,0.21097639634689447,0.13826299676558507
two_concepts,TwoLayerCNN,2003,template_release,120,0.9166903903245021,0.9166903903245021,0.0,16,0.40448936299851085,0.40448936299851085,0.7933084581257797,1.362851,0.9166903903245021,0.61566925,1.0,0.771820068359375,0.3632335068396964,0.014799795132782373,0.013671875,0.09955904312839203,0.08475924799560966
two_concepts,TwoLayerCNN,2003,template_release,160,0.9022030566854076,0.9022030566854076,0.0,16,0.43875709307018246,0.43875709307018246,0.7807418200255072,1.4389167,0.9022030566854076,0.70546955,1.0,0.76953125,0.36909681103104786,0.013629527353182569,0.013671875,0.08321403186318499,0.06958450451000242
two_concepts,TwoLayerCNN,2003,template_release,200,0.8932522414323094,0.8932522414323094,0.0,16,0.4586828030885843,0.4586828030885843,0.7730119595530818,1.4899931,0.8932522414323094,0.76412845,1.0,0.76885986328125,0.36831932773109244,0.012409806825105826,0.013671875,0.07319906118557284,0.06078925436046702
two_concepts,TwoLayerCNN,2004,random,0,0.14237980728053284,0.1335329062177985,0.008846901062734336,10,1.3081862835428981,1.3146791161245308,0.16610417963232293,0.57752883,1.0,0.0,,,,,,,
two_concepts,TwoLayerCNN,2004,random,1,0.15292815692218106,0.1405202327267795,0.01240792419540157,8,1.3002517730718757,1.3095782646557406,0.15152224675245257,0.5793549,0.9933662275619155,0.07154076,0.2890625,0.821044921875,0.16374325808084916,0.09370498915450787,0.24609375,0.41637089849221653,0.32266590933770867
two_concepts,TwoLayerCNN,2004,random,5,0.18630398295742479,0.17034362886404736,0.015960354093377427,10,1.2746268579595579,1.287013226895837,0.17096890598570455,0.66205615,0.9306190180294244,0.25727054,0.82421875,0.819793701171875,0.20316789236995958,0.0968795957304942,0.248046875,0.48929593511195013,0.3924163393814559
two_concepts,TwoLayerCNN,2004,random,10,0.22577948498445008,0.20461634810122076,0.021163136883229322,9,1.2425263903554287,1.2588135035967567,0.2377355409258796,0.94129676,0.8082748119545493,0.6040771,0.91796875,0.8101806640625,0.2201567084155031,0.08299413899006769,0.2109375,0.4262152831103283,0.3432211441202606
two_concepts,TwoLayerCNN,2004,random,20,0.2524239673683389,0.2325311519836721,0.01989281538466678,10,1.2196513551946009,1.2361526172547084,0.29547680925214287,1.3493513,0.7069809589599957,1.0449458,0.9609375,0.799713134765625,0.22558379694519565,0.10117699979321843,0.12890625,0.28821910512684334,0.18704210533362492
two_concepts,TwoLayerCNN,2004,random,40,0.26162226666626515,0.23998488002394275,0.021637386642322398,10,1.2117539222376585,1.22915672642972,0.3091993510290022,1.551648,0.6709494848319473,1.2581723,0.98828125,0.7974853515625,0.22647163248170804,0.08986264522188418,0.08984375,0.20837481725412232,0.11851217203223814
two_concepts,TwoLayerCNN,2004,random,80,0.26694374840670854,0.24282548000847204,0.024118268398236498,9,1.2072107961793965,1.2271811308778446,0.3146803942252213,1.6972063,0.6495688947711182,1.4101125,0.98828125,0.79132080078125,0.22468324286416372,0.07722937193166475,0.083984375,0.17216006117226224,0.09493068924059749
two_concepts,TwoLayerCNN,2004,random,120,0.26899419017494464,0.2441240570449673,0.024870133129977323,10,1.205464838389077,1.2260694600440893,0.3165048343767127,1.7683218,0.64006892132596,1.4841223,0.98828125,0.7875213623046875,0.22461726055828776,0.07003560983476921,0.083984375,0.15476112293684097,0.08472551310207176
two_concepts,TwoLayerCNN,2004,random,160,0.27005901375926766,0.24471861201029177,0.025340401748975894,10,1.2045604569803987,1.225542452830006,0.3178376279852615,1.8145502,0.6341869351423759,1.5322443,0.98828125,0.784149169921875,0.22451454981991634,0.06655042196747438,0.083984375,0.14792462864815326,0.08137420668067888
two_concepts,TwoLayerCNN,2004,random,200,0.270752003860288,0.2450910480554958,0.025660955804792218,10,1.2039697603183017,1.2251995582670738,0.3186321123234326,1.8486043,0.6300877262700644,1.5675678,0.98828125,0.7816925048828125,0.2239978347654566,0.06337099221218778,0.083984375,0.14066186136994174,0.07729086915775396
two_concepts,TwoLayerCNN,2004,random_unitnorm,0,0.1423798069295697,0.13353290651474592,0.008846900414823777,10,1.3081862837738747,1.3146791158731774,0.16610418088204734,1.0,1.0,0.0,,,,,,,
two_concepts,TwoLayerCNN,2004,random_unitnorm,1,0.14451167203844323,0.13616021106719156,0.008351460971251667,10,1.3065929040534736,1.3127200570187951,0.161062415642045,1.0010872,0.9976863698520837,0.0729606,0.37109375,0.8070220947265625,0.18883992308535172,0.03713888001493526,0.26171875,0.3644697012302488,0.32733082121531354
two_concepts,TwoLayerCNN,2004,random_unitnorm,5,0.17128261720929597,0.1538273953914659,0.017455221817830074,8,1.2857450472658378,1.299043590485124,0.16082457367886843,1.0621943,0.971951651439583,0.27061918,0.82421875,0.7869110107421875,0.21214630442607146,0.15947395173242568,0.306640625,0.5393229644363937,0.37984901270396804
two_concepts,TwoLayerCNN,2004,random_unitnorm,10,0.21980854612490286,0.19175192098853053,0.028056625136372332,8,1.2471617515392275,1.2695652118455643,0.2025476925433902,1.2859275,0.9036272258514813,0.60405225,0.93359375,0.8227996826171875,0.21701215623531517,0.18344143715602967,0.220703125,0.4913807237522263,0.3079392865961966
two_concepts,TwoLayerCNN,2004,random_unitnorm,20,0.2401723051788865,0.21265763834153162,0.027514666837354873,9,1.2303012809694502,1.2526305189550395,0.2490368038540491,1.6298635,0.8228568597801956,1.0164813,0.96875,0.80926513671875,0.22153482704794059,0.1386785352788542,0.099609375,0.30389988235901066,0.16522134708015646
two_concepts,TwoLayerCNN,2004,random_unitnorm,40,0.2441316134952454,0.21783736271467924,0.02629425078056616,9,1.2268969458938108,1.2481398808153137,0.2725122191112886,1.8275398,0.7873111871005074,1.240069,0.984375,0.8173370361328125,0.22058558558723557,0.11925183027788305,0.0859375,0.22777801015315968,0.10852617987527663
two_concepts,TwoLayerCNN,2004,random_unitnorm,80,0.244989145131647,0.22043370985014582,0.02455543528150117,9,1.2260746758354477,1.24611109829133,0.2843615379406381,1.9676976,0.7656416395484931,1.3941511,0.984375,0.8140869140625,0.220855122779907,0.12626656748027257,0.09765625,0.20026772712353857,0.074001159643266
two_concepts,TwoLayerCNN,2004,random_unitnorm,120,0.2445528614327036,0.2209266536580525,0.023626207774651103,9,1.2263430436975733,1.2456283725535966,0.288923394810584,2.039542,0.7555962089674608,1.4722438,0.984375,0.793365478515625,0.22632149356013997,0.11504052216591903,0.09375,0.1783748200254197,0.06333429785950068
two_concepts,TwoLayerCNN,2004,random_unitnorm,160,0.24408889970313175,0.22112009277666975,0.022968806926462,9,1.2266712442947298,1.2454113970699527,0.2914267807395302,2.0875893,0.7492352800515865,1.5241644,0.984375,0.79248046875,0.22738198256788303,0.10858058318295354,0.09375,0.166458461131766,0.05787787794881245
two_concepts,TwoLayerCNN,2004,random_unitnorm,200,0.24368967248372014,0.22122061802772414,0.022469054455996007,9,1.2269692430440151,1.2452882390836413,0.29314915160089583,2.1237152,0.7445891172925632,1.5629992,0.984375,0.7922821044921875,0.22813079830503424,0.10249970237742205,0.09375,0.1563525564842172,0.05385285410679515
two_concepts,TwoLayerCNN,2004,template_init,0,1.0,1.0,0.0,16,1.3170890159654386e-09,1.3170890159654386e-09,0.8481368160118523,1.0,1.0,0.0,,,,,,,
two_concepts,TwoLayerCNN,2004,template_init,1,0.9976726209575137,0.9976726209575137,0.0,16,0.06785588617301952,0.06785588617301952,0.8518019435963528,0.9946617,0.9976726209575137,0.07755828,0.25,0.7858734130859375,0.4179059435220599,-0.04141042357697175,0.255859375,0.18267813354738738,0.22408855712435913
two_concepts,TwoLayerCNN,2004,template_init,5,0.9711413252380118,0.9711413252380118,0.0,16,0.23865422637510136,0.23865422637510136,0.8270655591558719,1.0375543,0.9711413252380118,0.25321048,0.671875,0.8078155517578125,0.41966062131087245,0.15779889742047382,0.2734375,0.5444727387026018,0.386673841282128
two_concepts,TwoLayerCNN,2004,template_init,10,0.9117115776770661,0.9117115776770661,0.0,16,0.4178653981087052,0.4178653981087052,0.7679251965338616,1.2219156,0.9117115776770661,0.5302479,0.9296875,0.8177490234375,0.4062039475709583,0.15757906317207337,0.236328125,0.5049481045921026,0.3473690414200292
two_concepts,TwoLayerCNN,2004,template_init,20,0.8246497246418563,0.8246497246418563,0.0,16,0.5896247266340076,0.5896247266340076,0.684971686251357,1.6033477,0.8246497246418563,0.97797793,0.96875,0.8288116455078125,0.3653758267566176,0.1910279627225212,0.1953125,0.43368699407512845,0.24265903135260725
two_concepts,TwoLayerCNN,2004,template_init,40,0.7727284044732956,0.7724143700770181,0.0003140343962775294,15,0.6716950537770434,0.6721075276964645,0.6436207332475923,1.8830326,0.7724143700770181,1.293865,0.99609375,0.8272857666015625,0.358160275654701,0.1180469443923593,0.11328125,0.2836909038650317,0.1656439594726724
two_concepts,TwoLayerCNN,2004,template_init,80,0.7456450397484753,0.7451519970600247,0.0004930426884506289,15,0.710733622027871,0.7113516928380657,0.6214482756686759,2.065485,0.7451519970600247,1.4937601,0.99609375,0.824371337890625,0.351290080580166,0.05404725706400232,0.08984375,0.172661063941835,0.11861380687783268
two_concepts,TwoLayerCNN,2004,template_init,120,0.7346234625598479,0.73413259960541,0.0004908629544378984,15,0.725984101913824,0.7265869662797428,0.6124142895555668,2.1514702,0.73413259960541,1.586226,0.99609375,0.8260650634765625,0.3467522142172871,0.04917480720782218,0.083984375,0.15244706045683076,0.10327225324900859
two_concepts,TwoLayerCNN,2004,template_init,160,0.7278998775028389,0.7273702607077304,0.0005296167951085451,15,0.7351476431552773,0.7357885067353509,0.6071361005804393,2.207067,0.7273702607077304,1.645709,0.99609375,0.8269500732421875,0.3433973431186581,0.042283005612820765,0.080078125,0.13752433499813776,0.095241329385317
two_concepts,TwoLayerCNN,2004,template_init,200,0.7232295267303935,0.7226398989377361,0.0005896277926574767,15,0.7414618941195024,0.7421675722529146,0.6036019342344632,2.2477124,0.7226398989377361,1.6890365,0.99609375,0.8266754150390625,0.34168316808202837,0.040808357126081024,0.080078125,0.13129529959315056,0.09048694246706954
two_concepts,TwoLayerCNN,2004,template_retention_1,0,1.0,1.0,0.0,16,1.3170890159654386e-09,1.3170890159654386e-09,0.8481368160118523,1.0,1.0,0.0,,,,,,,
two_concepts,TwoLayerCNN,2004,template_retention_1,1,0.9980889333807839,0.9980889333807839,0.0,16,0.06153101376988767,0.06153101376988767,0.8518738505258977,0.9942682,0.9980889333807839,0.07047166,0.25,0.7857818603515625,0.41880826299368146,-0.07304455723934228,0.255859375,0.15124436145168274,0.22428891869102502
two_concepts,TwoLayerCNN,2004,template_retention_1,5,0.9904286838091307,0.9904286838091307,0.0,16,0.1357325674373165,0.1357325674373165,0.8465982048604233,1.0265405,0.9904286838091307,0.14798336,0.609375,0.8004150390625,0.4324964930597592,0.10291454882078405,0.248046875,0.49466941523998575,0.3917548664192017
two_concepts,TwoLayerCNN,2004,template_retention_1,10,0.9800037266161596,0.9800037266161596,0.0,16,0.19722110912825944,0.19722110912825944,0.8412212093602578,1.109493,0.9800037266161596,0.25663218,0.90234375,0.805633544921875,0.4205718627973849,0.20673996892413687,0.236328125,0.5739115553051842,0.36717158638104735
two_concepts,TwoLayerCNN,2004,template_retention_1,20,0.9767068468018245,0.9767068468018245,0.0,16,0.2116571729349438,0.2116571729349438,0.8314690206080546,1.1464735,0.9767068468018245,0.28896904,0.97265625,0.8305511474609375,0.4024646376909618,0.1779035725987438,0.236328125,0.5038282126261079,0.3259246400273641
two_concepts,TwoLayerCNN,2004,template_retention_1,40,0.9867298623655099,0.9867298623655099,0.0,16,0.15865771492170677,0.15865771492170677,0.839003880602687,1.0845428,0.9867298623655099,0.20252305,1.0,0.8238372802734375,0.41016322728215904,0.10193765119476905,0.142578125,0.37157429880593185,0.2696366476111628
two_concepts,TwoLayerCNN,2004,template_retention_1,80,0.9944361726206064,0.9944361726206064,0.0,16,0.10182060388619407,0.10182060388619407,0.845477012996751,1.0422064,0.9944361726206064,0.12627241,0.99609375,0.8087158203125,0.41766801217571425,0.14944565714453967,0.142578125,0.36599329301271155,0.21654763586817188
two_concepts,TwoLayerCNN,2004,template_retention_1,120,0.9973722405667238,0.9973722405667238,0.0,16,0.07030112344319714,0.07030112344319714,0.8461495306237802,1.0268443,0.9973722405667238,0.08829482,0.99609375,0.8002471923828125,0.4175647799596417,0.10625341556529438,0.14453125,0.3123489714931319,0.20609555592783751
two_concepts,TwoLayerCNN,2004,template_retention_1,160,0.998574714342602,0.998574714342602,0.0,16,0.05173580519395439,0.05173580519395439,0.8464265843121883,1.0188425,0.998574714342602,0.06572956,0.9921875,0.79351806640625,0.41457015999952623,0.08513117570877193,0.1171875,0.27664614558407197,0.19151496987530003
two_concepts,TwoLayerCNN,2004,template_retention_1,200,0.9991612061680188,0.9991612061680188,0.0,16,0.039760476775263134,0.039760476775263134,0.8467678582179585,1.0138421,0.9991612061680188,0.05161605,0.9921875,0.7910003662109375,0.41548281949432037,0.07098497000624926,0.12109375,0.25719104383310976,0.1862060738268605
two_concepts,TwoLayerCNN,2004,template_release,0,1.0,1.0,0.0,16,1.3170890159654386e-09,1.3170890159654386e-09,0.8481368160118523,1.0,1.0,0.0,,,,,,,
two_concepts,TwoLayerCNN,2004,template_release,1,0.9980889333807839,0.9980889333807839,0.0,16,0.06153101376988767,0.06153101376988767,0.8518738505258977,0.9942682,0.9980889333807839,0.07047166,0.25,0.7857818603515625,0.41880826299368146,-0.07304455723934228,0.255859375,0.15124436145168274,0.22428891869102502
two_concepts,TwoLayerCNN,2004,template_release,5,0.9904286838091307,0.9904286838091307,0.0,16,0.1357325674373165,0.1357325674373165,0.8465982048604233,1.0265405,0.9904286838091307,0.14798336,0.609375,0.8004150390625,0.4324964930597592,0.10291454882078405,0.248046875,0.49466941523998575,0.3917548664192017
two_concepts,TwoLayerCNN,2004,template_release,10,0.9800037266161596,0.9800037266161596,0.0,16,0.19722110912825944,0.19722110912825944,0.8412212093602578,1.109493,0.9800037266161596,0.25663218,0.90234375,0.805633544921875,0.4205718627973849,0.20673996892413687,0.236328125,0.5739115553051842,0.36717158638104735
two_concepts,TwoLayerCNN,2004,template_release,20,0.9735805111303981,0.9735805111303981,0.0,16,0.22585727735582126,0.22585727735582126,0.8286808178024021,1.1599274,0.9735805111303981,0.31031042,0.97265625,0.8337249755859375,0.39921698401443817,0.1792930478702024,0.236328125,0.501477765235756,0.32218471736555365
two_concepts,TwoLayerCNN,2004,template_release,40,0.9791513091479886,0.9791513091479886,0.0,16,0.20010367105171611,0.20010367105171611,0.8311506139116978,1.1219432,0.9791513091479886,0.262706,1.0,0.8330535888671875,0.4028951216213281,0.11107643468048078,0.138671875,0.36768342148593514,0.25660698680545435
two_concepts,TwoLayerCNN,2004,template_release,80,0.9622165066924433,0.9622165066924433,0.0,16,0.27057011744166237,0.27057011744166237,0.8180902902799925,1.1852498,0.9622165066924433,0.36641607,1.0,0.83367919921875,0.3989309598750297,0.09873921234672844,0.111328125,0.27602091492922043,0.17728170258249198
two_concepts,TwoLayerCNN,2004,template_release,120,0.9222212458607266,0.9222212458607266,0.0,16,0.39041852087842316,0.39041852087842316,0.7836394005627265,1.3616512,0.9222212458607266,0.6010547,1.0,0.8384246826171875,0.37893483661475724,0.0999785189886771,0.11328125,0.24076944942900447,0.14079093044032737
two_concepts,TwoLayerCNN,2004,template_release,160,0.9074562067810755,0.9074562067810755,0.0,16,0.4263359165115911,0.4263359165115911,0.7712328435256559,1.4386083,0.9074562067810755,0.69325346,1.0,0.8400726318359375,0.3747879283642471,0.09861063823977098,0.123046875,0.23115808614835498,0.132547447908584
two_concepts,TwoLayerCNN,2004,template_release,200,0.8982855245339231,0.8982855245339231,0.0,16,0.4471773980549626,0.4471773980549626,0.763991914740302,1.489486,0.8982855245339231,0.7528231,1.0,0.84185791015625,0.37244706830350216,0.09770060187003171,0.125,0.22557655248136133,0.12787595061132961
two_concepts,TwoLayerCNN,2005,random,0,0.14540757610083227,0.11882497500406151,0.026582601096770755,9,1.3056049592127428,1.3253921145133738,0.1862937373050919,0.5811771,1.0,0.0,,,,,,,
two_concepts,TwoLayerCNN,2005,random,1,0.1482987098301234,0.1259554948554933,0.0223432149746301,9,1.3033326753467542,1.3198065450701886,0.17659796536365072,0.5909274,0.9929499937480211,0.07492279,0.34375,0.7794342041015625,0.2042723276186218,0.1227612789161387,0.263671875,0.44583605982800945,0.32307478091187075
two_concepts,TwoLayerCNN,2005,random,5,0.16040650231494336,0.13258368259246775,0.027822819722475606,8,1.2935522535881305,1.3148500464345014,0.1673330089211254,0.70466685,0.919730739885037,0.30326557,0.81640625,0.8204345703125,0.22817265450061078,0.19080763924334349,0.33203125,0.5224135298145418,0.3316058905711983
two_concepts,TwoLayerCNN,2005,random,10,0.18958248634817437,0.1720188085601665,0.01756367778800788,10,1.2706643781236964,1.2839267263309888,0.19518745978000376,0.96989024,0.8097953857995298,0.62947786,0.9140625,0.87982177734375,0.22630617223960073,0.20521426510432045,0.22265625,0.47705200874859777,0.2718377436442773
two_concepts,TwoLayerCNN,2005,random,20,0.21128930765563625,0.18603257126468214,0.025256736390954104,9,1.2535237460202389,1.2732330206082558,0.24577230940822836,1.3102486,0.7193792880198435,1.0041285,0.99609375,0.8806915283203125,0.22700246132426288,0.1245231928144066,0.091796875,0.2789403224465261,0.1544171296321195
two_concepts,TwoLayerCNN,2005,random,40,0.209325311207984,0.1862608846577971,0.023064426550186895,10,1.2550181864929386,1.27247555968062,0.2660640904250521,1.5109918,0.6801627362971385,1.2171159,0.99609375,0.867340087890625,0.22731120563673507,0.08363850407391843,0.041015625,0.17289516687350337,0.08925666279958494
two_concepts,TwoLayerCNN,2005,random,80,0.20892367037661252,0.18706064867786074,0.02186302169875179,10,1.2552978742478267,1.2719623252792411,0.2753605636272406,1.640272,0.6609841037815924,1.3520924,0.99609375,0.8529815673828125,0.22715244143579844,0.06555306275020238,0.0390625,0.13235475064895175,0.06680168789874937
two_concepts,TwoLayerCNN,2005,random,120,0.20875154045268351,0.18757701034788637,0.02117453010479714,10,1.2554119202124712,1.2713921563257167,0.2799712936194238,1.7035444,0.6525670320038901,1.4178282,0.99609375,0.8457183837890625,0.22654644800017032,0.058030389135146035,0.03515625,0.11564512122314585,0.05761473208799982
two_concepts,TwoLayerCNN,2005,random,160,0.2084583272856317,0.18776981744676954,0.020688509838862168,10,1.255628523024252,1.2712684073421299,0.2828198181244243,1.7455345,0.6473060394392982,1.4612937,0.99609375,0.842071533203125,0.2267199292416909,0.05324914468966678,0.033203125,0.1049937256761524,0.051744580986485614
two_concepts,TwoLayerCNN,2005,random,200,0.20830786884751243,0.18791344846449126,0.020394420383021167,9,1.2557363331973588,1.27117241678259,0.2847596484507677,1.7769715,0.6435316223376836,1.493749,0.99609375,0.838104248046875,0.22660272170003914,0.05000023467106064,0.03125,0.09705609968152729,0.047055865010466644
two_concepts,TwoLayerCNN,2005,random_unitnorm,0,0.14540757595364645,0.11882497534830458,0.026582600605341872,9,1.305604959366506,1.3253921143020033,0.18629373933057797,1.0,1.0,0.0,,,,,,,
two_concepts,TwoLayerCNN,2005,random_unitnorm,1,0.14889385720943496,0.12159527382712976,0.027298583382305203,9,1.303098478419229,1.3233612877750307,0.18685521240004088,1.0049257,0.9976831920653199,0.076393664,0.41796875,0.7753143310546875,0.17287302211163652,0.027318762251774542,0.26171875,0.3830130811793113,0.3556943189275368
two_concepts,TwoLayerCNN,2005,random_unitnorm,5,0.1616169135798495,0.1333883369036097,0.02822857667623979,10,1.293343731603934,1.3143926551694407,0.1992860492326272,1.0916831,0.9695575163160205,0.30952293,0.89453125,0.7817230224609375,0.1910571379415668,-0.03648711645867575,0.11328125,0.331221582160669,0.36770869861934474
two_concepts,TwoLayerCNN,2005,random_unitnorm,10,0.18561178053438704,0.1618849889672799,0.023726791567107136,9,1.2742711512178524,1.2923074152578533,0.21371138730390626,1.321404,0.9131674752939652,0.6300527,0.9609375,0.7789154052734375,0.1953984251285124,-0.010980955635629619,0.119140625,0.3006021617977236,0.3115831174333532
two_concepts,TwoLayerCNN,2005,random_unitnorm,20,0.1969218103829481,0.1739061488129265,0.023015661570021606,8,1.265185851218043,1.2832111083207662,0.22512559068321514,1.6189766,0.8557602701144836,0.97923696,0.99609375,0.7767333984375,0.21528591334196692,0.0028750038122394295,0.03125,0.1872681231115677,0.18439311929932828
two_concepts,TwoLayerCNN,2005,random_unitnorm,40,0.19833931466012178,0.17590769766063097,0.02243161699949081,8,1.2638955647936068,1.2808742446915797,0.23519332730806336,1.800138,0.8274884869892667,1.1787921,0.99609375,0.775115966796875,0.21687834588045868,-0.001952921939463781,0.0234375,0.12449462391029209,0.12644754584975587
two_concepts,TwoLayerCNN,2005,random_unitnorm,80,0.19740970853005047,0.1764705253733889,0.020939183156661573,9,1.2645817264464867,1.2803950334920564,0.24197072590514868,1.935882,0.8093418225762592,1.3253355,1.0,0.773468017578125,0.217462141693441,0.002892844355703486,0.021484375,0.09828610624269929,0.0953932618869958
two_concepts,TwoLayerCNN,2005,random_unitnorm,120,0.19711700721049402,0.17664731847837878,0.020469688732115243,9,1.2647782855518874,1.2802281028922509,0.24490766509862627,2.0057676,0.8009527936162225,1.3997202,1.0,0.7744903564453125,0.21841367616610607,0.004890314299157178,0.021484375,0.08712922490149189,0.08223891060233471
two_concepts,TwoLayerCNN,2005,random_unitnorm,160,0.19688003850824326,0.176647117244225,0.020232921264018267,9,1.2649535692881744,1.280220069684571,0.2471341082639082,2.0529232,0.7955350195026509,1.4497372,1.0,0.773773193359375,0.2186954063354341,0.006607783899347214,0.021484375,0.08154095571755937,0.07493317181821216
two_concepts,TwoLayerCNN,2005,random_unitnorm,200,0.1967382447496073,0.1766155550205255,0.020122689729081794,9,1.2650597180487222,1.2802381402585306,0.24877665129877363,2.0884748,0.7915980311855408,1.4873307,1.0,0.773651123046875,0.21880801468843813,0.008064006840124552,0.021484375,0.07738774943617455,0.06932374259605
two_concepts,TwoLayerCNN,2005,template_init,0,1.0,1.0,0.0,16,1.3170890159654386e-09,1.3170890159654386e-09,0.8481368160118523,1.0,1.0,0.0,,,,,,,
two_concepts,TwoLayerCNN,2005,template_init,1,0.9974422816514641,0.9974422816514641,0.0,16,0.07122502408688862,0.07122502408688862,0.8464988034266232,1.0029168,0.9974422816514641,0.074798614,0.48046875,0.763153076171875,0.38711329011406126,0.06971523092933496,0.28515625,0.36866687352073224,0.2989516425913973
two_concepts,TwoLayerCNN,2005,template_init,5,0.9660719141124183,0.9660719141124183,0.0,16,0.2590540476244938,0.2590540476244938,0.793590934041918,1.0800515,0.9660719141124183,0.2892692,0.859375,0.7907867431640625,0.37417390592419547,-0.045592697861439824,0.115234375,0.34215607136869863,0.38774876923013846
two_concepts,TwoLayerCNN,2005,template_init,10,0.8999008839340173,0.8999008839340173,0.0,16,0.44516920974371393,0.44516920974371393,0.7050245217816873,1.3014965,0.8999008839340173,0.6072557,0.96875,0.7568359375,0.36305897326134284,0.06970167181608516,0.111328125,0.39898364795122354,0.3292819761351384
two_concepts,TwoLayerCNN,2005,template_init,20,0.8232488446878933,0.8232488446878933,0.0,16,0.5918409882014359,0.5918409882014359,0.6507705282740472,1.668782,0.8232488446878933,1.0355744,0.9921875,0.7379150390625,0.3537316726486065,0.034231174925384855,0.037109375,0.22999305683670168,0.19576188191131683
two_concepts,TwoLayerCNN,2005,template_init,40,0.7879519731474345,0.7879519731474345,0.0,16,0.6482475308514831,0.6482475308514831,0.6369113138411961,1.8950797,0.7879519731474345,1.2838597,1.0,0.7190704345703125,0.35594495707957186,-0.022313497481177794,0.009765625,0.0946839263077528,0.11699742378893059
two_concepts,TwoLayerCNN,2005,template_init,80,0.766267916075446,0.766267916075446,0.0,16,0.6805795072705201,0.6805795072705201,0.6233915754511254,2.0611582,0.766267916075446,1.4625382,1.0,0.71917724609375,0.35550897004064436,-0.026278086508845694,0.005859375,0.05835736115167267,0.08463544766051836
two_concepts,TwoLayerCNN,2005,template_init,120,0.7565103415819946,0.7565103415819946,0.0,16,0.6946343703670653,0.6946343703670653,0.6161911026326985,2.1440554,0.7565103415819946,1.5508517,1.0,0.7186431884765625,0.3554715891068342,-0.026550937948910183,0.005859375,0.04512833280877593,0.07167927075768611
two_concepts,TwoLayerCNN,2005,template_init,160,0.7503266657160355,0.7503266657160355,0.0,16,0.7034053241529734,0.7034053241529734,0.6113606856293154,2.199066,0.7503266657160355,1.6092267,1.0,0.7194366455078125,0.355952986666611,-0.026540910948463656,0.005859375,0.037597623314748474,0.06413853426321213
two_concepts,TwoLayerCNN,2005,template_init,200,0.7459273128456982,0.7459273128456982,0.0,16,0.7095787084551497,0.7095787084551497,0.6078815190095876,2.2399187,0.7459273128456982,1.6524336,1.0,0.7199554443359375,0.35567187065235073,-0.026514185008363916,0.005859375,0.03237416936865711,0.05888835437702103
two_concepts,TwoLayerCNN,2005,template_retention_1,0,1.0,1.0,0.0,16,1.3170890159654386e-09,1.3170890159654386e-09,0.8481368160118523,1.0,1.0,0.0,,,,,,,
two_concepts,TwoLayerCNN,2005,template_retention_1,1,0.9978364746721359,0.9978364746721359,0.0,16,0.06549449802902885,0.06549449802902885,0.8466601107686089,1.0021768,0.9978364746721359,0.06852409,0.47265625,0.76397705078125,0.38809209429477826,0.06735028850218955,0.283203125,0.36634870059841773,0.2989984120962282
two_concepts,TwoLayerCNN,2005,template_retention_1,5,0.9867769174999229,0.9867769174999229,0.0,16,0.1614624538229873,0.1614624538229873,0.8278414554596581,1.0483072,0.9867769174999229,0.1819089,0.85546875,0.74993896484375,0.3919539933437808,0.006419772741736551,0.134765625,0.39905335000349973,0.3926335772617632
two_concepts,TwoLayerCNN,2005,template_retention_1,10,0.974520457470076,0.974520457470076,0.0,16,0.2247178629778967,0.2247178629778967,0.816423268800005,1.1436098,0.974520457470076,0.30108547,0.96875,0.7552490234375,0.4034026000994988,0.03496422493768647,0.095703125,0.3856532688693566,0.3506890439316701
two_concepts,TwoLayerCNN,2005,template_retention_1,20,0.9769049432381913,0.9769049432381913,0.0,16,0.2131942589062222,0.2131942589062222,0.8345227201152134,1.1417536,0.9769049432381913,0.28951216,0.984375,0.74774169921875,0.4169933310592983,-0.09268586677116486,0.033203125,0.1917886284640401,0.28447449523520496
two_concepts,TwoLayerCNN,2005,template_retention_1,40,0.9876538644909572,0.9876538644909572,0.0,16,0.15433572025938794,0.15433572025938794,0.8445939177549102,1.0776695,0.9876538644909572,0.19848055,0.9921875,0.758941650390625,0.4091171284488388,-0.030796775931265563,0.03515625,0.19359522693318276,0.22439200286444833
two_concepts,TwoLayerCNN,2005,template_retention_1,80,0.9944216415757174,0.9944216415757174,0.0,16,0.1024388509258674,0.1024388509258674,0.848041330269077,1.0410895,0.9944216415757174,0.12846269,0.99609375,0.7589874267578125,0.39432389651467037,-0.03992409463514407,0.037109375,0.1505287122892479,0.19045280692439198
two_concepts,TwoLayerCNN,2005,template_retention_1,120,0.9972007342509579,0.9972007342509579,0.0,16,0.07218681780273911,0.07218681780273911,0.849099899853486,1.026312,0.9972007342509579,0.09185533,0.99609375,0.7589111328125,0.3902231576993098,0.004739323995423761,0.06640625,0.1713060261742827,0.16656670217885894
two_concepts,TwoLayerCNN,2005,template_retention_1,160,0.9982989955215273,0.9982989955215273,0.0,16,0.0563955180194595,0.0563955180194595,0.8487821680770675,1.0195282,0.9982989955215273,0.0722626,0.99609375,0.7572021484375,0.3879253115129976,0.005728511774331424,0.060546875,0.15641533816689246,0.15068682639256104
two_concepts,TwoLayerCNN,2005,template_retention_1,200,0.999018334354087,0.999018334354087,0.0,16,0.04294237697298798,0.04294237697298798,0.8485697283145841,1.01465,0.999018334354087,0.056345448,0.99609375,0.7571868896484375,0.38856037608260546,0.020634331581348087,0.06640625,0.16758289168890217,0.14694856010755408
two_concepts,TwoLayerCNN,2005,template_release,0,1.0,1.0,0.0,16,1.3170890159654386e-09,1.3170890159654386e-09,0.8481368160118523,1.0,1.0,0.0,,,,,,,
two_concepts,TwoLayerCNN,2005,template_release,1,0.9978364746721359,0.9978364746721359,0.0,16,0.06549449802902885,0.06549449802902885,0.8466601107686089,1.0021768,0.9978364746721359,0.06852409,0.47265625,0.76397705078125,0.38809209429477826,0.06735028850218955,0.283203125,0.36634870059841773,0.2989984120962282
two_concepts,TwoLayerCNN,2005,template_release,5,0.9867769174999229,0.9867769174999229,0.0,16,0.1614624538229873,0.1614624538229873,0.8278414554596581,1.0483072,0.9867769174999229,0.1819089,0.85546875,0.74993896484375,0.3919539933437808,0.006419772741736551,0.134765625,0.39905335000349973,0.3926335772617632
two_concepts,TwoLayerCNN,2005,template_release,10,0.974520457470076,0.974520457470076,0.0,16,0.2247178629778967,0.2247178629778967,0.816423268800005,1.1436098,0.974520457470076,0.30108547,0.96875,0.7552490234375,0.4034026000994988,0.03496422493768647,0.095703125,0.3856532688693566,0.3506890439316701
two_concepts,TwoLayerCNN,2005,template_release,20,0.9738872004674428,0.9738872004674428,0.0,16,0.22678346027289384,0.22678346027289384,0.8325517644461153,1.1562575,0.9738872004674428,0.31094342,0.984375,0.7456512451171875,0.41818798107311195,-0.09045713420334822,0.03125,0.1900247258422818,0.28048186004563
two_concepts,TwoLayerCNN,2005,template_release,40,0.9802798359266631,0.9802798359266631,0.0,16,0.19545911935958393,0.19545911935958393,0.8395469958313979,1.1105931,0.9802798359266631,0.2557655,0.9921875,0.7598114013671875,0.4134452474446081,-0.030376002532074925,0.033203125,0.18059129458707346,0.21096729711914838
two_concepts,TwoLayerCNN,2005,template_release,80,0.9647786441561592,0.9647786441561592,0.0,16,0.26119180058025593,0.26119180058025593,0.8314221394615866,1.1704687,0.9647786441561592,0.35371596,1.0,0.757537841796875,0.4100172214165989,-0.03251350180703377,0.01953125,0.1066945348311299,0.13920803663816367
two_concepts,TwoLayerCNN,2005,template_release,120,0.9255962733531502,0.9255962733531502,0.0,16,0.38146352930114313,0.38146352930114313,0.801314168306864,1.3351679,0.9255962733531502,0.5778457,1.0,0.7486572265625,0.40070126362846203,-0.05686010113736918,0.001953125,0.04559892562554524,0.10245902676291442
two_concepts,TwoLayerCNN,2005,template_release,160,0.9114328935428087,0.9114328935428087,0.0,16,0.41664754534299225,0.41664754534299225,0.7893774609270405,1.4083496,0.9114328935428087,0.6652014,1.0,0.7449188232421875,0.39851458934383077,-0.05409451469618315,0.001953125,0.03668597612782265,0.0907804908240058
two_concepts,TwoLayerCNN,2005,template_release,200,0.9024231198775803,0.9024231198775803,0.0,16,0.43761800785413807,0.43761800785413807,0.7813569428176279,1.4581794,0.9024231198775803,0.7232683,1.0,0.7414398193359375,0.39549357106590854,-0.04398297226009737,0.005859375,0.039397006138520485,0.08337997839861785
two_concepts,TwoLayerCNN,2006,random,0,0.1854856862934246,0.17519171073357473,0.010293975559849872,11,1.2746518638868796,1.28245860513836,0.22183015035218934,0.5728674,1.0,0.0,,,,,,,
two_concepts,TwoLayerCNN,2006,random,1,0.18806619631137256,0.17815546950134464,0.009910726810027914,9,1.2722126269020144,1.279766466183982,0.2278531716839924,0.5743418,0.993295611162889,0.075286314,0.38671875,0.827301025390625,0.22257975284235382,0.16984462958907282,0.296875,0.483744624858936,0.3138999952698632
two_concepts,TwoLayerCNN,2006,random,5,0.2188243517967089,0.20643244687521067,0.01239190492149822,11,1.246779108374996,1.256207898373006,0.23979224587102077,0.6672301,0.9158678690449619,0.28197014,0.71875,0.817413330078125,0.20183596844359397,0.32012225123606425,0.380859375,0.6760343283677555,0.3559120771316912
two_concepts,TwoLayerCNN,2006,random,10,0.24866333039824218,0.22984423929388118,0.018819091104361002,9,1.2213371731121847,1.2360504507567494,0.26269168833800427,0.9449811,0.7903026552589492,0.6229632,0.828125,0.8272857666015625,0.20052230126935583,0.3359016793420456,0.369140625,0.6357941172016417,0.2998924378595961
two_concepts,TwoLayerCNN,2006,random,20,0.2354006407521616,0.2194590675979865,0.015941573154175104,10,1.232478140351188,1.2449558463706094,0.2805077142391862,1.3332589,0.698946364861072,1.0382681,0.98046875,0.815582275390625,0.19194477702282825,0.15317749786500184,0.212890625,0.36963160303860565,0.2164541051736038
two_concepts,TwoLayerCNN,2006,random,40,0.22616811439471313,0.2150953307249674,0.011072783669745734,11,1.240333826408083,1.2490676765073616,0.2904906544560091,1.5606093,0.6655960815418398,1.2721848,0.9921875,0.8043670654296875,0.18585278001917582,0.14669149068247966,0.19921875,0.29785682681592396,0.1511653361334443
two_concepts,TwoLayerCNN,2006,random,80,0.2213379907537118,0.21352294002413838,0.00781505072957342,12,1.24445383680347,1.2505804454971339,0.2928582082507201,1.7028553,0.6494928488322818,1.4172435,0.99609375,0.8023529052734375,0.19396984159652358,0.14879109631379722,0.189453125,0.26979938802502124,0.12100829171122403
two_concepts,TwoLayerCNN,2006,random,120,0.21959244311905954,0.21276749466864486,0.006824948450414675,12,1.2459773570834902,1.251307931435349,0.2939556352217152,1.772567,0.6422502189538939,1.4883412,0.99609375,0.8013458251953125,0.19777521590207642,0.1262004492002467,0.185546875,0.2351833643055934,0.10898291510534668
two_concepts,TwoLayerCNN,2006,random,160,0.21867276011657755,0.21232012976064785,0.0063526303559297,12,1.246786593013445,1.251739999129013,0.294857369871265,1.818608,0.637693277164965,1.5352476,0.99609375,0.8008880615234375,0.19901102491404737,0.1833705084743482,0.24609375,0.28542992342713924,0.10205941495279106
two_concepts,TwoLayerCNN,2006,random,200,0.21806033253834597,0.21197491029747814,0.006085422240867833,12,1.2473264362341048,1.2520677653030738,0.2954471725732977,1.8529937,0.6343891223463298,1.5702901,0.99609375,0.80035400390625,0.20070387062025324,0.1823422136109848,0.2421875,0.2801834447131799,0.0978412311021951
two_concepts,TwoLayerCNN,2006,random_unitnorm,0,0.1854856856772304,0.17519170978890886,0.010293975888321538,11,1.2746518643688178,1.2824586058717187,0.2218301525633674,1.0,1.0,0.0,,,,,,,
two_concepts,TwoLayerCNN,2006,random_unitnorm,1,0.1837587816558114,0.17463989317812334,0.009118888477688047,11,1.2757558162380582,1.282604851075896,0.22053681049281318,1.0000405,0.9975978249766961,0.078328654,0.53125,0.8017578125,0.22487910800818664,-0.07939485133810065,0.283203125,0.23417477895665317,0.3135696302947538
two_concepts,TwoLayerCNN,2006,random_unitnorm,5,0.22080364685187368,0.20451041195120787,0.01629323490066581,11,1.2457420919199103,1.2578573343982007,0.22279156644849057,1.0660985,0.9659572087115962,0.28888422,0.80078125,0.8531036376953125,0.21200307060549894,0.14501091107779496,0.259765625,0.5055559349955792,0.3605450239177842
two_concepts,TwoLayerCNN,2006,random_unitnorm,10,0.2534176733520828,0.23482915948661645,0.018588513865466366,9,1.2188860379827506,1.2330111102078158,0.2398669655858892,1.2807357,0.8971703312671659,0.61010545,0.8984375,0.838165283203125,0.2040842713720718,0.14425681610657481,0.21875,0.4381664290549342,0.2939096129483594
two_concepts,TwoLayerCNN,2006,random_unitnorm,20,0.2688442541102896,0.24320189053486968,0.025642363575419935,9,1.2066232355575564,1.2266263313789967,0.27600800566828176,1.6047628,0.8196035632557732,0.9992182,0.984375,0.7953338623046875,0.19832124143113244,0.041929764814149284,0.109375,0.22333886486928956,0.18140910005514027
two_concepts,TwoLayerCNN,2006,random_unitnorm,40,0.2723641126647045,0.24479054315205484,0.027573569512649665,10,1.2037683252455478,1.2254819958352865,0.2877936969097479,1.782974,0.7890481153649629,1.194694,0.9921875,0.7664337158203125,0.19640258265876853,0.049224765534555875,0.08984375,0.17180093561208742,0.12257617007753155
two_concepts,TwoLayerCNN,2006,random_unitnorm,80,0.2745703842804922,0.245711276937438,0.02885910734305419,9,1.2020014057612824,1.2248227584128686,0.29305848778200244,1.9033663,0.7713654711490215,1.3248917,0.99609375,0.7645721435546875,0.1978368975749709,0.055324220455782405,0.091796875,0.15321169684178682,0.09788747638600441
two_concepts,TwoLayerCNN,2006,random_unitnorm,120,0.2753282836518597,0.24608914983992702,0.02923913381193266,9,1.2013787173575543,1.2245522934522506,0.2951474689499175,1.9652293,0.7631092503774974,1.3911293,0.99609375,0.7624969482421875,0.19873230692320576,0.057031006645608937,0.095703125,0.14444695308105726,0.08741594643544832
two_concepts,TwoLayerCNN,2006,random_unitnorm,160,0.27603309566739237,0.24629979385585196,0.029733301811540408,8,1.2007980943733179,1.2243892173144681,0.29648752879983337,2.006788,0.7578065125725704,1.4354675,0.99609375,0.760589599609375,0.19973986861115078,0.05782550025233653,0.08984375,0.1387226477255985,0.08089714747326197
two_concepts,TwoLayerCNN,2006,random_unitnorm,200,0.2766015419268865,0.24644801273782155,0.03015352918906497,8,1.200333958861917,1.2242729326130057,0.2974256676053173,2.0381918,0.7538873329840474,1.4689114,0.99609375,0.7601776123046875,0.2003153614017591,0.058504574162252784,0.08984375,0.1354902238048733,0.07698564964262052
two_concepts,TwoLayerCNN,2006,template_init,0,1.0,1.0,0.0,16,1.3170890159654386e-09,1.3170890159654386e-09,0.8481368160118523,1.0,1.0,0.0,,,,,,,
two_concepts,TwoLayerCNN,2006,template_init,1,0.9976477859385304,0.9976477859385304,0.0,16,0.06765796543609195,0.06765796543609195,0.8444371337485738,0.99518144,0.9976477859385304,0.07996747,0.3203125,0.7838134765625,0.3815305682795155,-0.039093335157916506,0.2734375,-0.030863231493816867,0.008230103664099639
two_concepts,TwoLayerCNN,2006,template_init,5,0.969697657576595,0.969697657576595,0.0,16,0.24322409257587851,0.24322409257587851,0.8046418005119713,1.0389566,0.969697657576595,0.26455793,0.8203125,0.797576904296875,0.3426537066268876,0.06663099617634094,0.1875,0.4530375388249014,0.38640654264856045
two_concepts,TwoLayerCNN,2006,template_init,10,0.9095572461300009,0.9095572461300009,0.0,16,0.42159326530411717,0.42159326530411717,0.7425435480339794,1.2450409,0.9095572461300009,0.5498229,0.93359375,0.7995147705078125,0.32436834928897273,-0.024776462598428584,0.119140625,0.3413624493607139,0.3661389119591425
two_concepts,TwoLayerCNN,2006,template_init,20,0.8366284239938508,0.8366284239938508,0.0,16,0.5672905953115127,0.5672905953115127,0.6864512548590692,1.6612978,0.8366284239938508,1.0089341,0.984375,0.78326416015625,0.3223919723663228,-0.039160336279319,0.076171875,0.20528156435984612,0.24444190063916513
two_concepts,TwoLayerCNN,2006,template_init,40,0.8047577069058081,0.8047577069058081,0.0,16,0.6204016271191474,0.6204016271191474,0.6628254687141162,1.9044805,0.8047577069058081,1.2679236,0.9921875,0.7979888916015625,0.3229545334240863,-0.01877450877180753,0.05078125,0.15740220398299132,0.17617671275479885
two_concepts,TwoLayerCNN,2006,template_init,80,0.7868564501500296,0.7868564501500296,0.0,16,0.648369882311447,0.648369882311447,0.6488584869446563,2.0604963,0.7868564501500296,1.4332421,1.0,0.8043060302734375,0.31871798264551443,-0.019211538766450487,0.048828125,0.12390215230521018,0.14311369107166066
two_concepts,TwoLayerCNN,2006,template_init,120,0.7783338914312744,0.7783338914312744,0.0,16,0.6612732367827976,0.6612732367827976,0.6434291900447331,2.1387565,0.7783338914312744,1.5161765,1.0,0.80426025390625,0.31626301348787117,-0.01993114875612456,0.044921875,0.11219900232078484,0.1321301510769094
two_concepts,TwoLayerCNN,2006,template_init,160,0.772953369351874,0.772953369351874,0.0,16,0.6692889461919171,0.6692889461919171,0.6407619397934001,2.1907244,0.772953369351874,1.5710306,1.0,0.803131103515625,0.3143125984266935,-0.021024282497932714,0.046875,0.10230537227261693,0.12332965477054965
two_concepts,TwoLayerCNN,2006,template_init,200,0.7690529449018315,0.7690529449018315,0.0,16,0.6750466548820175,0.6750466548820175,0.6387721205881642,2.2294185,0.7690529449018315,1.6118814,1.0,0.8019561767578125,0.3134773822477849,-0.021782900978901065,0.046875,0.09674708540315091,0.11852998638205198
two_concepts,TwoLayerCNN,2006,template_retention_1,0,1.0,1.0,0.0,16,1.3170890159654386e-09,1.3170890159654386e-09,0.8481368160118523,1.0,1.0,0.0,,,,,,,
two_concepts,TwoLayerCNN,2006,template_retention_1,1,0.9980157983886615,0.9980157983886615,0.0,16,0.06215110997173487,0.06215110997173487,0.8450869059411144,0.9945039,0.9980157983886615,0.07379028,0.3203125,0.78375244140625,0.38102132038537,-0.03837269481197354,0.27734375,-0.03630080110654377,0.0020718937054297754
two_concepts,TwoLayerCNN,2006,template_retention_1,5,0.9890201044303419,0.9890201044303419,0.0,16,0.14502761193478364,0.14502761193478364,0.8346810316054436,1.0254617,0.9890201044303419,0.1592239,0.79296875,0.788543701171875,0.36037492840931484,0.008722100972534896,0.205078125,0.4059720803824205,0.3972499794098856
two_concepts,TwoLayerCNN,2006,template_retention_1,10,0.9763379810230173,0.9763379810230173,0.0,16,0.21526844657844646,0.21526844657844646,0.8309622861098256,1.1342722,0.9763379810230173,0.28590316,0.93359375,0.7912750244140625,0.35465693558965883,-0.00012981707535542064,0.130859375,0.3887990248018399,0.38892884187719534
two_concepts,TwoLayerCNN,2006,template_retention_1,20,0.9797390615182993,0.9797390615182993,0.0,16,0.19921326989052507,0.19921326989052507,0.8415398115166706,1.147239,0.9797390615182993,0.28299117,0.9765625,0.7721405029296875,0.35772215244715755,0.12160551201083747,0.126953125,0.43698244737156444,0.315376935360727
two_concepts,TwoLayerCNN,2006,template_retention_1,40,0.9914020573645372,0.9914020573645372,0.0,16,0.12995425769786392,0.12995425769786392,0.846367114104138,1.0735863,0.9914020573645372,0.1741192,0.984375,0.7762908935546875,0.37312028542032827,0.14681367176525467,0.123046875,0.40699932090168156,0.2601856491364269
two_concepts,TwoLayerCNN,2006,template_retention_1,80,0.9968405331028898,0.9968405331028898,0.0,16,0.07782043387866032,0.07782043387866032,0.8462662419645728,1.0370221,0.9968405331028898,0.10304393,0.9921875,0.7816314697265625,0.3732687554283204,0.15632339311993595,0.14453125,0.37657707389744743,0.22025368077751148
two_concepts,TwoLayerCNN,2006,template_retention_1,120,0.9986408440691821,0.9986408440691821,0.0,16,0.050620911040320404,0.050620911040320404,0.8464839548682632,1.0222484,0.9986408440691821,0.06939811,0.984375,0.783843994140625,0.370684414949378,0.14844195625067297,0.15234375,0.3469878070362332,0.19854585078556025
two_concepts,TwoLayerCNN,2006,template_retention_1,160,0.9992880557404616,0.9992880557404616,0.0,16,0.03631811978728184,0.03631811978728184,0.8466015762982959,1.0150821,0.9992880557404616,0.050654456,0.98828125,0.784515380859375,0.37147597733207294,0.14387063914465356,0.154296875,0.32961404523542104,0.18574340609076748
two_concepts,TwoLayerCNN,2006,template_retention_1,200,0.9995991594137386,0.9995991594137386,0.0,16,0.02729337815270451,0.02729337815270451,0.847034830894496,1.01098,0.9995991594137386,0.038758397,0.984375,0.7833251953125,0.3715865842108972,0.14024374588421673,0.154296875,0.31561208346303227,0.17536833757881554
two_concepts,TwoLayerCNN,2006,template_release,0,1.0,1.0,0.0,16,1.3170890159654386e-09,1.3170890159654386e-09,0.8481368160118523,1.0,1.0,0.0,,,,,,,
two_concepts,TwoLayerCNN,2006,template_release,1,0.9980157983886615,0.9980157983886615,0.0,16,0.06215110997173487,0.06215110997173487,0.8450869059411144,0.9945039,0.9980157983886615,0.07379028,0.3203125,0.78375244140625,0.38102132038537,-0.03837269481197354,0.27734375,-0.03630080110654377,0.0020718937054297754
two_concepts,TwoLayerCNN,2006,template_release,5,0.9890201044303419,0.9890201044303419,0.0,16,0.14502761193478364,0.14502761193478364,0.8346810316054436,1.0254617,0.9890201044303419,0.1592239,0.79296875,0.788543701171875,0.36037492840931484,0.008722100972534896,0.205078125,0.4059720803824205,0.3972499794098856
two_concepts,TwoLayerCNN,2006,template_release,10,0.9763379810230173,0.9763379810230173,0.0,16,0.21526844657844646,0.21526844657844646,0.8309622861098256,1.1342722,0.9763379810230173,0.28590316,0.93359375,0.7912750244140625,0.35465693558965883,-0.00012981707535542064,0.130859375,0.3887990248018399,0.38892884187719534
two_concepts,TwoLayerCNN,2006,template_release,20,0.9769683836052427,0.9769683836052427,0.0,16,0.2124645225128186,0.2124645225128186,0.8402512368090973,1.1626508,0.9769683836052427,0.30502194,0.97265625,0.77685546875,0.35420862665289177,0.12117671127241686,0.125,0.4329597776040309,0.31178306633161407
two_concepts,TwoLayerCNN,2006,template_release,40,0.9854229599628217,0.9854229599628217,0.0,16,0.16942458351805578,0.16942458351805578,0.8435209555848834,1.1061711,0.9854229599628217,0.230519,0.984375,0.7701873779296875,0.3666564075280425,0.14354765842067235,0.125,0.3949061803988171,0.25135852197814473
two_concepts,TwoLayerCNN,2006,template_release,80,0.974447068826356,0.974447068826356,0.0,16,0.22429356825181757,0.22429356825181757,0.8376433689739288,1.1618433,0.974447068826356,0.31506974,1.0,0.77056884765625,0.3577354992158799,0.12751477945380746,0.11328125,0.3112367210382424,0.18372194158443494
two_concepts,TwoLayerCNN,2006,template_release,120,0.9425226064125809,0.9425226064125809,0.0,16,0.3366021845114423,0.3366021845114423,0.8142413107671459,1.323048,0.9425226064125809,0.5279965,1.0,0.765289306640625,0.34698091084356963,0.01746206067324821,0.056640625,0.16017909135286157,0.14271703067961336
two_concepts,TwoLayerCNN,2006,template_release,160,0.9303293703903531,0.9303293703903531,0.0,16,0.3706623486714631,0.3706623486714631,0.8045033179200498,1.3940513,0.9303293703903531,0.6123717,1.0,0.759124755859375,0.3448411701124685,0.013625798645621218,0.0546875,0.14520169426843377,0.13157589562281255
two_concepts,TwoLayerCNN,2006,template_release,200,0.922634599073173,0.922634599073173,0.0,16,0.39061161725236265,0.39061161725236265,0.7982816467999915,1.4414731,0.922634599073173,0.6675352,1.0,0.762664794921875,0.34354339816481216,0.010009689769635566,0.0546875,0.13572598317016205,0.12571629340052648
two_concepts,TwoLayerCNN,2007,random,0,0.17791198279783993,0.16110553903978247,0.016806443758057454,10,1.2816828030247955,1.2945968815959463,0.21812831746825112,0.56795764,0.9999999999999999,0.0,,,,,,,
two_concepts,TwoLayerCNN,2007,random,1,0.18355702909331606,0.16783951312830941,0.015717515965006645,10,1.2773305360557001,1.289493219843798,0.2147005694808822,0.57079685,0.9931355044182587,0.07507393,0.25,0.8137359619140625,0.2260195460296362,-0.040645413355676174,0.25,0.3508357792902792,0.3914811926459554
two_concepts,TwoLayerCNN,2007,random,5,0.2239547505039307,0.20856995972002132,0.015384790783909391,11,1.245124923681928,1.2569982926454375,0.2081770618946302,0.66114926,0.9172425006366456,0.27771676,0.62890625,0.8585052490234375,0.23541836209924927,0.05304574181913968,0.326171875,0.4890338267539094,0.4359880849347697
two_concepts,TwoLayerCNN,2007,random,10,0.27354290168241685,0.24780802992620848,0.025734871756208366,9,1.2040901509321453,1.2249365517810697,0.2552889576711823,0.9155916,0.8053059967027816,0.5830933,0.93359375,0.8596038818359375,0.2506211907090299,0.10753609921690643,0.224609375,0.4706511133154543,0.36311501409854785
two_concepts,TwoLayerCNN,2007,random,20,0.27938578569250216,0.2483222012394654,0.031063584453036752,9,1.1986967449065482,1.224231521718904,0.29233802052776525,1.2956846,0.7026727376996589,0.9959625,0.98828125,0.86700439453125,0.2514046036510659,0.14489806918318857,0.197265625,0.3505070142689223,0.2056089450857337
two_concepts,TwoLayerCNN,2007,random,40,0.2779252831304426,0.2485381197565394,0.029387163373903236,9,1.199850137968033,1.2239076263995292,0.2935537673819655,1.4917127,0.6660876710663346,1.2015699,0.98828125,0.865325927734375,0.24709979772918717,0.08381193664082792,0.080078125,0.20411159004868495,0.12029965340785703
two_concepts,TwoLayerCNN,2007,random,80,0.2793975710399333,0.2496092944110631,0.02978827662887018,9,1.1985722705363853,1.2229428741630373,0.29493326939716635,1.6252401,0.6455684509662181,1.3408896,0.99609375,0.8566436767578125,0.25206957099043725,0.0848620393805604,0.08203125,0.1751831495044962,0.0903211101239358
two_concepts,TwoLayerCNN,2007,random,120,0.2798384453603984,0.2501845898226678,0.029653855537730645,8,1.1981833880118025,1.22234863183827,0.29460056041239113,1.6919241,0.6363178997000848,1.4102008,1.0,0.850982666015625,0.2540503272815285,0.04073074549130795,0.064453125,0.11847458419715373,0.07774383870584578
two_concepts,TwoLayerCNN,2007,random,160,0.28020220360943404,0.250487449899314,0.029714753710120057,8,1.1978636911643252,1.2220567948720658,0.2946858902563029,1.735887,0.6304554426251452,1.4558828,0.99609375,0.8538360595703125,0.2557079797137838,0.0387941702625427,0.064453125,0.11190458882118082,0.07311041855863812
two_concepts,TwoLayerCNN,2007,random,200,0.28048926817763853,0.2506587543589733,0.02983051381866525,8,1.1976101226219271,1.221879589672167,0.294990094303577,1.7687011,0.6262798929074356,1.4898738,1.0,0.8515167236328125,0.25589799198061036,0.03598063572833228,0.060546875,0.10365859309489533,0.06767795736656305
two_concepts,TwoLayerCNN,2007,random_unitnorm,0,0.1779119834991035,0.16110553995769344,0.01680644354141006,10,1.2816828024470208,1.2945968808516195,0.21812831856743564,1.0,1.0,0.0,,,,,,,
two_concepts,TwoLayerCNN,2007,random_unitnorm,1,0.1802816681592295,0.1643592979750103,0.015922370184219187,9,1.2799345721008553,1.2922107157418337,0.21501867532444427,1.0010002,0.9975804262927541,0.07826476,0.28515625,0.780059814453125,0.2081074920959746,0.03511890169856735,0.244140625,0.43362704938558594,0.3985081476870186
two_concepts,TwoLayerCNN,2007,random_unitnorm,5,0.21201720479162095,0.1847039952468046,0.027313209544816364,10,1.2547422098222687,1.2761720905805332,0.21506381208815528,1.0725697,0.9664012341285216,0.29629505,0.703125,0.8736724853515625,0.223361029649009,0.027758386223468934,0.30078125,0.44373690540468336,0.4159785191812144
two_concepts,TwoLayerCNN,2007,random_unitnorm,10,0.25520375198531886,0.21140810213528488,0.04379564985003398,9,1.2191157218643849,1.2540752364557033,0.23759541286722852,1.2955776,0.9018817094007177,0.61564904,0.9375,0.8781890869140625,0.22890159764319873,0.07688957011476522,0.158203125,0.41116783271774315,0.33427826260297794
two_concepts,TwoLayerCNN,2007,random_unitnorm,20,0.2637679622977508,0.21416918489257034,0.049598777405180455,9,1.2114579665958496,1.2514261905001065,0.2506737313113836,1.6140226,0.8321977794687356,0.9904721,0.9921875,0.8743896484375,0.21888016772149813,0.07997065233045836,0.115234375,0.27794222497445364,0.19797157264399529
two_concepts,TwoLayerCNN,2007,random_unitnorm,40,0.26505229934219926,0.22076450377317822,0.04428779556902104,11,1.2100270009643828,1.245620363118372,0.24990074621618844,1.8054409,0.7965469948568177,1.2036216,0.99609375,0.8651580810546875,0.22256181458222382,0.08952473576982922,0.107421875,0.2213947202101464,0.13186998444031717
two_concepts,TwoLayerCNN,2007,random_unitnorm,80,0.26904162365132195,0.2246285943194209,0.044413029331901055,11,1.2065247716245588,1.2423201426790755,0.254096170891886,1.9491274,0.7739009564400141,1.3608574,1.0,0.859832763671875,0.21842203223189427,0.0401271552675541,0.060546875,0.14599525214118947,0.10586809687363537
two_concepts,TwoLayerCNN,2007,random_unitnorm,120,0.27039147153506293,0.2261647015631797,0.04422676997188324,11,1.2053231372755704,1.2410107457475756,0.2556774911452232,2.0225704,0.7636268183015679,1.4400259,1.0,0.855621337890625,0.2174117242414994,0.03840555195366731,0.060546875,0.13501883468426945,0.09661328273060214
two_concepts,TwoLayerCNN,2007,random_unitnorm,160,0.27125618090676645,0.22693935344629007,0.04431682746047638,11,1.2045638988572434,1.2403432128121366,0.2567643736762578,2.0715017,0.7573142047361656,1.4922408,1.0,0.85198974609375,0.21805538752130735,0.037919406095820465,0.060546875,0.13004797611213537,0.0921285700163149
two_concepts,TwoLayerCNN,2007,random_unitnorm,200,0.2717941756306355,0.22737122291453876,0.04442295271609675,11,1.2040862065620856,1.2399609326068153,0.25755182038180824,2.107993,0.7528244230369825,1.5309757,1.0,0.85028076171875,0.21824742659036875,0.03664465736006203,0.060546875,0.1236338070308105,0.08698914967074847
two_concepts,TwoLayerCNN,2007,template_init,0,1.0,1.0,0.0,16,1.3170890159654386e-09,1.3170890159654386e-09,0.8481368160118523,1.0,1.0,0.0,,,,,,,
two_concepts,TwoLayerCNN,2007,template_init,1,0.9976134557182443,0.9976134557182443,0.0,16,0.06864761608152031,0.06864761608152031,0.8514285712035132,0.9953624,0.9976134557182443,0.0761507,0.2578125,0.8087310791015625,0.41521079313446363,0.35632515152580885,0.25,0.40698545605914893,0.050660304533340084
two_concepts,TwoLayerCNN,2007,template_init,5,0.9675058914733143,0.9675058914733143,0.0,16,0.2538583802662453,0.2538583802662453,0.8173302378831957,1.0420629,0.9675058914733143,0.26892573,0.81640625,0.7595672607421875,0.39946356546416323,-0.07754221980540593,0.181640625,0.3316893058169381,0.40923152562234405
two_concepts,TwoLayerCNN,2007,template_init,10,0.9002168332712919,0.9002168332712919,0.0,16,0.4449751562253264,0.4449751562253264,0.7509835355479608,1.2544346,0.9002168332712919,0.57935625,0.86328125,0.78546142578125,0.37712225812909317,-0.047407638108735384,0.16015625,0.31206191061932476,0.35946954872806014
two_concepts,TwoLayerCNN,2007,template_init,20,0.8134045626284092,0.81213350774675,0.0012710548816592393,14,0.6069521551781278,0.6091376324010004,0.6885019255274584,1.6842026,0.81213350774675,1.0696502,0.96484375,0.8069305419921875,0.3468425082929189,-0.0033103622836310187,0.072265625,0.20997883558622088,0.2132891978698519
two_concepts,TwoLayerCNN,2007,template_init,40,0.7697194686085211,0.7673365563191614,0.0023829122893597177,14,0.673490494984982,0.6771847787473815,0.6363596928541626,1.988255,0.7673365563191614,1.3957224,1.0,0.7579193115234375,0.3374714103313806,0.025732380658133852,0.03125,0.14502048611964458,0.11928810546151072
two_concepts,TwoLayerCNN,2007,template_init,80,0.7489012602767214,0.7460005099915322,0.002900750285189213,14,0.7029313657738527,0.7072368109601341,0.6115657119007133,2.1824496,0.7460005099915322,1.5994757,1.0,0.7655029296875,0.3348688027415887,0.015817214971254698,0.02734375,0.09681110854995634,0.08099389357870164
two_concepts,TwoLayerCNN,2007,template_init,120,0.7401721976126074,0.7373250812591634,0.0028471163534440347,15,0.7151685259027039,0.7193484465561688,0.6004545947160203,2.2725608,0.7373250812591634,1.6934775,1.0,0.768402099609375,0.33666907600579976,0.008321557188677012,0.017578125,0.07462960277032293,0.06630804558164592
two_concepts,TwoLayerCNN,2007,template_init,160,0.7348500830819947,0.7319830940761114,0.002866989005883336,15,0.7225744690319165,0.7267546751835661,0.5939636848417255,2.328832,0.7319830940761114,1.7523663,1.0,0.76885986328125,0.3363253568783142,-0.018196986842403867,0.01171875,0.04182693755657918,0.06002392439898305
two_concepts,TwoLayerCNN,2007,template_init,200,0.7310267339596898,0.7281298718911108,0.002896862068578976,15,0.7278729674718363,0.7320749749547077,0.5898817407926484,2.3691459,0.7281298718911108,1.7946901,1.0,0.76898193359375,0.335814440758862,-0.017986665736896792,0.01171875,0.03807646727010805,0.05606313300700484
two_concepts,TwoLayerCNN,2007,template_retention_1,0,1.0,1.0,0.0,16,1.3170890159654386e-09,1.3170890159654386e-09,0.8481368160118523,1.0,1.0,0.0,,,,,,,
two_concepts,TwoLayerCNN,2007,template_retention_1,1,0.9981027416904215,0.9981027416904215,0.0,16,0.0612130197081657,0.0612130197081657,0.851631885873751,0.9949833,0.9981027416904215,0.06804311,0.2578125,0.8082427978515625,0.41356963387948603,0.3562805932977441,0.25,0.4040973675514925,0.04781677425374839
two_concepts,TwoLayerCNN,2007,template_retention_1,5,0.9906630350271509,0.9906630350271509,0.0,16,0.13537614481946253,0.13537614481946253,0.8415155493855403,1.0257833,0.9906630350271509,0.14498627,0.82421875,0.75341796875,0.40822054648817674,-0.10072157394320247,0.150390625,0.3044160977581032,0.40513767170130566
two_concepts,TwoLayerCNN,2007,template_retention_1,10,0.9796150225856888,0.9796150225856888,0.0,16,0.19935152499443776,0.19935152499443776,0.8366132923578321,1.1243404,0.9796150225856888,0.26634198,0.875,0.7575836181640625,0.4098951284734508,-0.07043804335065851,0.091796875,0.288379128722536,0.3588171720731945
two_concepts,TwoLayerCNN,2007,template_retention_1,20,0.976560566302713,0.976560566302713,0.0,16,0.21237319715281155,0.21237319715281155,0.841042309394523,1.1294082,0.976560566302713,0.28800642,0.92578125,0.7694244384765625,0.41229506941715044,-0.07214033053888769,0.048828125,0.20350361768201952,0.2756439482209072
two_concepts,TwoLayerCNN,2007,template_retention_1,40,0.9842445091282749,0.9842445091282749,0.0,16,0.17228160782121335,0.17228160782121335,0.8424481086970113,1.0877779,0.9842445091282749,0.22277683,0.98828125,0.7740020751953125,0.41463293500970055,-0.05882979375656977,0.01953125,0.15916065962897297,0.21799045338554274
two_concepts,TwoLayerCNN,2007,template_retention_1,80,0.9928320236017787,0.9928320236017787,0.0,16,0.11320243590725124,0.11320243590725124,0.8481834586774828,1.0448629,0.9928320236017787,0.14518851,0.9921875,0.7800445556640625,0.4086840159171744,0.037767355607326525,0.046875,0.2025609901796641,0.1647936345723376
two_concepts,TwoLayerCNN,2007,template_retention_1,120,0.9960139183692001,0.9960139183692001,0.0,16,0.08308001129111635,0.08308001129111635,0.8506496826528024,1.0293539,0.9960139183692001,0.106644735,0.9921875,0.780731201171875,0.4025173828949298,0.03351672039911319,0.064453125,0.17537071795636827,0.14185399755725508
two_concepts,TwoLayerCNN,2007,template_retention_1,160,0.997472741054328,0.997472741054328,0.0,16,0.06589018191813305,0.06589018191813305,0.8511044988981429,1.0213603,0.997472741054328,0.08475341,0.99609375,0.7813873291015625,0.3976753421565008,-0.011849744245960803,0.021484375,0.12281239393488608,0.13466213818084688
two_concepts,TwoLayerCNN,2007,template_retention_1,200,0.998229455491861,0.998229455491861,0.0,16,0.05450211089442434,0.05450211089442434,0.8513799320650028,1.0162437,0.998229455491861,0.07078847,0.99609375,0.782989501953125,0.39661434697871994,-0.013156891216388758,0.021484375,0.10900251141676087,0.12215940263314963
two_concepts,TwoLayerCNN,2007,template_release,0,1.0,1.0,0.0,16,1.3170890159654386e-09,1.3170890159654386e-09,0.8481368160118523,1.0,1.0,0.0,,,,,,,
two_concepts,TwoLayerCNN,2007,template_release,1,0.9981027416904215,0.9981027416904215,0.0,16,0.0612130197081657,0.0612130197081657,0.851631885873751,0.9949833,0.9981027416904215,0.06804311,0.2578125,0.8082427978515625,0.41356963387948603,0.3562805932977441,0.25,0.4040973675514925,0.04781677425374839
two_concepts,TwoLayerCNN,2007,template_release,5,0.9906630350271509,0.9906630350271509,0.0,16,0.13537614481946253,0.13537614481946253,0.8415155493855403,1.0257833,0.9906630350271509,0.14498627,0.82421875,0.75341796875,0.40822054648817674,-0.10072157394320247,0.150390625,0.3044160977581032,0.40513767170130566
two_concepts,TwoLayerCNN,2007,template_release,10,0.9796150225856888,0.9796150225856888,0.0,16,0.19935152499443776,0.19935152499443776,0.8366132923578321,1.1243404,0.9796150225856888,0.26634198,0.875,0.7575836181640625,0.4098951284734508,-0.07043804335065851,0.091796875,0.288379128722536,0.3588171720731945
two_concepts,TwoLayerCNN,2007,template_release,20,0.9732489033057452,0.9732489033057452,0.0,16,0.22696552750611576,0.22696552750611576,0.838987734324834,1.1448054,0.9732489033057452,0.31062323,0.92578125,0.7687225341796875,0.4115874527240406,-0.07368638675131867,0.044921875,0.19807491390697352,0.2717613006582922
two_concepts,TwoLayerCNN,2007,template_release,40,0.9751980186404234,0.9751980186404234,0.0,16,0.21792366306944955,0.21792366306944955,0.8353778622153729,1.1261927,0.9751980186404234,0.28829414,0.98828125,0.7695770263671875,0.4099414495276041,-0.06542298338538899,0.017578125,0.14114557406684936,0.20656855745223834
two_concepts,TwoLayerCNN,2007,template_release,80,0.959785959046739,0.959785959046739,0.0,16,0.2786824669112472,0.2786824669112472,0.8225530135311654,1.1888592,0.959785959046739,0.3852542,0.9921875,0.7649993896484375,0.39878479726538696,-0.04879012200663187,0.009765625,0.07619039182803089,0.12498051383466276
two_concepts,TwoLayerCNN,2007,template_release,120,0.9238634250221824,0.9238634250221824,0.0,16,0.38410262595065836,0.38410262595065836,0.7919392783213967,1.3557982,0.9238634250221824,0.5972424,1.0,0.7448577880859375,0.38129668095323394,-0.05572509743417088,0.009765625,0.022239939241149864,0.07796503667532075
two_concepts,TwoLayerCNN,2007,template_release,160,0.9106528663051321,0.9106528663051321,0.0,16,0.4161812559005888,0.4161812559005888,0.7810961560414519,1.430532,0.9106528663051321,0.6833931,1.0,0.7523345947265625,0.3757205123372248,-0.04362997663736953,0.009765625,0.021113996169337845,0.06474397280670738
two_concepts,TwoLayerCNN,2007,template_release,200,0.9029182903839081,0.9029182903839081,0.0,16,0.4338447256951883,0.4338447256951883,0.7752486151493656,1.4796588,0.9029182903839081,0.73808205,1.0,0.7497406005859375,0.37422864138677303,-0.03673183433376191,0.009765625,0.020690320989666056,0.05742215532342797
two_concepts,TwoLayerCNN,2008,random,0,0.16501419257706995,0.15676307257802422,0.008251119999045736,9,1.2910506019975436,1.2971504922541923,0.18234825545379496,0.57097346,1.0,0.0,,,,,,,
two_concepts,TwoLayerCNN,2008,random,1,0.16679915954475752,0.15789648679306212,0.0089026727516954,9,1.2896655045843226,1.2963726374034281,0.19135698564437997,0.57635456,0.9932497462616084,0.07146686,0.41015625,0.7412261962890625,0.1653596291738224,0.17348810494763522,0.265625,0.5495061196076801,0.3760180146600449
two_concepts,TwoLayerCNN,2008,random,5,0.22414229388810808,0.19466870895382915,0.02947358493427893,8,1.2442587466087631,1.2672935495631958,0.25166798653142386,0.68451226,0.9117885934426158,0.30357692,0.79296875,0.716156005859375,0.20719676382134278,0.11856416702042649,0.216796875,0.5095107884566978,0.39094662143627135
two_concepts,TwoLayerCNN,2008,random,10,0.2824150661949514,0.24839653277289098,0.034018533422060404,8,1.1961073331417436,1.2239486614066188,0.34017381627982324,0.9647932,0.7854661083537986,0.6460389,0.921875,0.7656097412109375,0.20987559748708814,0.09745154683025692,0.126953125,0.40728830245368874,0.3098367556234318
two_concepts,TwoLayerCNN,2008,random,20,0.29437837661852073,0.2608462542704661,0.03353212234805464,8,1.1859263760992984,1.2137983241296724,0.37495800486666453,1.325182,0.6952144048888061,1.034097,0.984375,0.8219451904296875,0.24160615182989392,0.050753924269448025,0.05859375,0.252672206412335,0.20191828214288698
two_concepts,TwoLayerCNN,2008,random,40,0.2875828946224081,0.25448823322381986,0.03309466139858824,10,1.1915402403015072,1.2187136506873437,0.38334447210304395,1.524693,0.6654515325205153,1.2400109,0.984375,0.82427978515625,0.25823335875384607,0.05279067084535738,0.0546875,0.19269381884934045,0.13990314800398307
two_concepts,TwoLayerCNN,2008,random,80,0.28216532072246575,0.2514134052426398,0.030751915479825975,10,1.1959214311457416,1.2210588802955715,0.38935264192923896,1.6549224,0.6493572654722969,1.373847,0.98828125,0.820343017578125,0.26000894983033573,0.03610817034340723,0.0625,0.14744306641116744,0.11133489606776022
two_concepts,TwoLayerCNN,2008,random,120,0.27995687546136666,0.24989276660394655,0.030064108857420113,10,1.197692541765931,1.2222046208405466,0.3926826883569271,1.7208169,0.6418580658270723,1.4414943,0.98828125,0.8191070556640625,0.260100571672463,0.03384798163576512,0.0625,0.1336161796562748,0.0997681980205097
two_concepts,TwoLayerCNN,2008,random,160,0.27893386907670487,0.2488703249291494,0.030063544147555465,10,1.1985322239784992,1.2229774033162273,0.3950175136845463,1.764871,0.6370607398752769,1.4866921,0.98828125,0.8179931640625,0.258071161127999,0.032808073153567485,0.06640625,0.125789068108895,0.09298099495532752
two_concepts,TwoLayerCNN,2008,random,200,0.27816480358958356,0.24824343089399836,0.029921372695585202,10,1.1991660674766726,1.2234098523137236,0.39709350018269995,1.7979429,0.633506991715129,1.5206742,0.98828125,0.8165283203125,0.2581106722559027,0.03226667133241999,0.064453125,0.1214989048213837,0.08923223348896371
two_concepts,TwoLayerCNN,2008,random_unitnorm,0,0.1650141922105735,0.15676307248345822,0.008251119727115286,9,1.2910506022862123,1.2971504923465607,0.18234826010158578,1.0,1.0,0.0,,,,,,,
two_concepts,TwoLayerCNN,2008,random_unitnorm,1,0.16367696011235225,0.15613172818561452,0.007545231926737728,9,1.2919271045667076,1.2975319804057457,0.18873869748789793,1.0019271,0.9977323697714755,0.07369822,0.5703125,0.78070068359375,0.17822642633040808,0.04996394278590477,0.296875,0.42768654703960607,0.3777226042537013
two_concepts,TwoLayerCNN,2008,random_unitnorm,5,0.19744242798932557,0.173856408960382,0.023586019028943583,9,1.26524496306333,1.2828529887176394,0.22375728451757726,1.0763932,0.9684554375182819,0.3060516,0.8515625,0.7479705810546875,0.20909871231561233,0.1637111010337854,0.2265625,0.5112152606326852,0.3475041595988998
two_concepts,TwoLayerCNN,2008,random_unitnorm,10,0.24071773223843176,0.21507680175633365,0.025640930482098118,9,1.2299631208426678,1.2503268434940957,0.2525140143823935,1.2913308,0.906384853989709,0.6138619,0.93359375,0.7610931396484375,0.22080654123681698,0.1203636394463008,0.119140625,0.4124739349167653,0.2921102954704645
two_concepts,TwoLayerCNN,2008,random_unitnorm,20,0.25969663820153865,0.23606954097939983,0.02362709722213882,9,1.214160389921728,1.2330248242599273,0.2772527707271397,1.6163641,0.8433439448150171,0.9789276,0.98828125,0.77264404296875,0.22639412488548563,0.09289459371989975,0.09765625,0.29538361957819914,0.2024890258582994
two_concepts,TwoLayerCNN,2008,random_unitnorm,40,0.26427120425067646,0.2421847948059614,0.02208640944471507,9,1.2101396140512004,1.227505140079828,0.2862410761797842,1.8200688,0.8115959641709853,1.2004545,0.9921875,0.7694091796875,0.2277015521178808,0.04256568465070498,0.0703125,0.18767401079053747,0.1451083261398325
two_concepts,TwoLayerCNN,2008,random_unitnorm,80,0.26829250852529646,0.24593603593592855,0.022356472589367904,9,1.2065979996357967,1.2241885960583574,0.29406609113827953,1.9552152,0.7935780264998684,1.3453319,0.9921875,0.7659149169921875,0.22533493786144512,0.040159697144567005,0.0703125,0.15281544121606383,0.11265574407149682
two_concepts,TwoLayerCNN,2008,random_unitnorm,120,0.26999957689592996,0.24734442718150212,0.022655149714427836,9,1.2050827248778624,1.2229110047572522,0.2978864094609066,2.0247145,0.7853236907109371,1.4189155,0.9921875,0.761260986328125,0.22362363886283115,0.02940955249372354,0.064453125,0.12605758719475701,0.09664803470103348
two_concepts,TwoLayerCNN,2008,random_unitnorm,160,0.2710772637396727,0.24821439831385966,0.02286286542581306,9,1.20413045051743,1.2219964389250042,0.3002975048637564,2.0712943,0.7800117492405907,1.4681764,0.9921875,0.760467529296875,0.22310893428162681,0.028697714724069942,0.06640625,0.11760160512328832,0.08890389039921838
two_concepts,TwoLayerCNN,2008,random_unitnorm,200,0.27186053243007013,0.24889033480552708,0.022970197624543054,9,1.2034351908139003,1.2213877993950324,0.3021207418266094,2.1064944,0.776148573606998,1.5052716,0.9921875,0.7596435546875,0.22253754225743444,0.028201839690618277,0.064453125,0.11204784066469842,0.08384600097408014
two_concepts,TwoLayerCNN,2008,template_init,0,1.0,1.0,0.0,16,1.3170890159654386e-09,1.3170890159654386e-09,0.8481368160118523,1.0,1.0,0.0,,,,,,,
two_concepts,TwoLayerCNN,2008,template_init,1,0.9976230758936815,0.9976230758936815,0.0,16,0.06880848355808393,0.06880848355808393,0.8486738831078806,1.0030509,0.9976230758936815,0.07389531,0.3046875,0.7869720458984375,0.4213910547784013,-0.059876119586558696,0.271484375,0.2892413352281199,0.3491174548146786
two_concepts,TwoLayerCNN,2008,template_init,5,0.9669278503509952,0.9669278503509952,0.0,16,0.25620977205988804,0.25620977205988804,0.8136009674616718,1.080364,0.9669278503509952,0.2898649,0.8515625,0.775054931640625,0.40455970844986866,-0.05578848611532289,0.12109375,0.31466697705347235,0.37045546316879524
two_concepts,TwoLayerCNN,2008,template_init,10,0.9090267285665339,0.9090267285665339,0.0,16,0.42473695300920544,0.42473695300920544,0.7605111862607101,1.3179162,0.9090267285665339,0.6004533,0.9375,0.753387451171875,0.37472193334429027,-0.034995327418386624,0.109375,0.29100791712864416,0.3260032445470308
two_concepts,TwoLayerCNN,2008,template_init,20,0.8339610735719074,0.8335389726769723,0.00042210089493510683,15,0.5739833088962624,0.5745965923365064,0.7055756161791535,1.7125831,0.8335389726769723,1.0533243,0.98046875,0.7681121826171875,0.3469333355809182,-0.012324293212196413,0.056640625,0.20444914169686101,0.21677343490905743
two_concepts,TwoLayerCNN,2008,template_init,40,0.7954478958207696,0.7944070844746037,0.0010408113461658486,14,0.6371519987289836,0.6386998315729606,0.6764259138776078,1.9548006,0.7944070844746037,1.3233197,0.98828125,0.7921905517578125,0.3370593623132646,-0.03788400069226361,0.041015625,0.11300591118426684,0.15088991187653045
two_concepts,TwoLayerCNN,2008,template_init,80,0.7759866610285442,0.774592039752246,0.0013946212762981913,14,0.6668543199470196,0.6688620655423347,0.6602359763320798,2.1131692,0.774592039752246,1.4941902,0.9921875,0.7929229736328125,0.33176556983757205,-0.03475588021111464,0.037109375,0.08410445571520053,0.11886033592631517
two_concepts,TwoLayerCNN,2008,template_init,120,0.7677768984459394,0.7662304939275237,0.0015464045184157005,14,0.6790505397726834,0.6812422685620141,0.6530754035386779,2.191313,0.7662304939275237,1.5771024,0.9921875,0.7943115234375,0.33005533827078304,-0.032446708934914345,0.037109375,0.07111127810963314,0.10355798704454748
two_concepts,TwoLayerCNN,2008,template_init,160,0.7625439739893333,0.760917416376886,0.0016265576124472325,14,0.6867037601916344,0.6889848147310464,0.6485135303112431,2.242743,0.760917416376886,1.6316137,0.9921875,0.794921875,0.32873041813644865,-0.029848274476286824,0.033203125,0.06476422678641602,0.09461250126270285
two_concepts,TwoLayerCNN,2008,template_init,200,0.7588815538937356,0.7572193366591672,0.001662217234568386,14,0.6920143736958678,0.6943272266934527,0.645383583726359,2.2810268,0.7572193366591672,1.6718631,0.9921875,0.7949981689453125,0.328504118696159,-0.027994478874606293,0.033203125,0.06095656037375641,0.0889510392483627
two_concepts,TwoLayerCNN,2008,template_retention_1,0,1.0,1.0,0.0,16,1.3170890159654386e-09,1.3170890159654386e-09,0.8481368160118523,1.0,1.0,0.0,,,,,,,
two_concepts,TwoLayerCNN,2008,template_retention_1,1,0.9980144996528777,0.9980144996528777,0.0,16,0.06287200462552986,0.06287200462552986,0.8492690752232253,1.0031905,0.9980144996528777,0.06772179,0.296875,0.7867279052734375,0.4202469580331374,-0.05917334395332752,0.271484375,0.28888501450630166,0.3480583584596292
two_concepts,TwoLayerCNN,2008,template_retention_1,5,0.9870255996558792,0.9870255996558792,0.0,16,0.159648449787844,0.159648449787844,0.8386690515409445,1.0552311,0.9870255996558792,0.18362015,0.84375,0.7716522216796875,0.4241352558065651,0.016313887280045625,0.130859375,0.3805590934673866,0.36424520618734096
two_concepts,TwoLayerCNN,2008,template_retention_1,10,0.9785341811985495,0.9785341811985495,0.0,16,0.20402278993426887,0.20402278993426887,0.8370253438000677,1.150089,0.9785341811985495,0.28478807,0.9375,0.748291015625,0.41928294742370215,0.07520750263338,0.1015625,0.3956234326234358,0.3204159299900558
two_concepts,TwoLayerCNN,2008,template_retention_1,20,0.9797041184735611,0.9797041184735611,0.0,16,0.1990908026229315,0.1990908026229315,0.8398378182907216,1.1287277,0.9797041184735611,0.26699346,0.96484375,0.763031005859375,0.41171558749435344,0.05786866051996625,0.08203125,0.3165801902945504,0.25871152977458417
two_concepts,TwoLayerCNN,2008,template_retention_1,40,0.98914328123024,0.98914328123024,0.0,16,0.14312137732295913,0.14312137732295913,0.8430820627583874,1.0739319,0.98914328123024,0.18425658,0.9921875,0.762054443359375,0.41161161927874357,0.03324234519841274,0.041015625,0.26121840285997233,0.2279760576615596
two_concepts,TwoLayerCNN,2008,template_retention_1,80,0.9954687870235981,0.9954687870235981,0.0,16,0.0895791276340149,0.0895791276340149,0.8470209641486739,1.0368102,0.9954687870235981,0.11617631,0.9921875,0.7722015380859375,0.4064890963406785,0.04331179677106817,0.05859375,0.23674786896704914,0.19343607219598097
two_concepts,TwoLayerCNN,2008,template_retention_1,120,0.9975187857112837,0.9975187857112837,0.0,16,0.06479968477569568,0.06479968477569568,0.8475307943925942,1.0237341,0.9975187857112837,0.084171124,0.9921875,0.7711944580078125,0.40759072683309094,0.051344357803063734,0.05859375,0.22087477682465995,0.1695304190215962
two_concepts,TwoLayerCNN,2008,template_retention_1,160,0.9984636707176466,0.9984636707176466,0.0,16,0.05044168996621344,0.05044168996621344,0.8477910561512028,1.0168383,0.9984636707176466,0.062832996,0.98828125,0.7703094482421875,0.4086851179754721,0.05726481412917103,0.068359375,0.21085567828309382,0.15359086415392278
two_concepts,TwoLayerCNN,2008,template_retention_1,200,0.9989989048396295,0.9989989048396295,0.0,16,0.04014189975203561,0.04014189975203561,0.8481791233753129,1.0127151,0.9989989048396295,0.05127403,0.9921875,0.7696380615234375,0.40631616087112354,0.1082660479325499,0.09765625,0.2554195651383643,0.14715351720581438
two_concepts,TwoLayerCNN,2008,template_release,0,1.0,1.0,0.0,16,1.3170890159654386e-09,1.3170890159654386e-09,0.8481368160118523,1.0,1.0,0.0,,,,,,,
two_concepts,TwoLayerCNN,2008,template_release,1,0.9980144996528777,0.9980144996528777,0.0,16,0.06287200462552986,0.06287200462552986,0.8492690752232253,1.0031905,0.9980144996528777,0.06772179,0.296875,0.7867279052734375,0.4202469580331374,-0.05917334395332752,0.271484375,0.28888501450630166,0.3480583584596292
two_concepts,TwoLayerCNN,2008,template_release,5,0.9870255996558792,0.9870255996558792,0.0,16,0.159648449787844,0.159648449787844,0.8386690515409445,1.0552311,0.9870255996558792,0.18362015,0.84375,0.7716522216796875,0.4241352558065651,0.016313887280045625,0.130859375,0.3805590934673866,0.36424520618734096
two_concepts,TwoLayerCNN,2008,template_release,10,0.9785341811985495,0.9785341811985495,0.0,16,0.20402278993426887,0.20402278993426887,0.8370253438000677,1.150089,0.9785341811985495,0.28478807,0.9375,0.748291015625,0.41928294742370215,0.07520750263338,0.1015625,0.3956234326234358,0.3204159299900558
two_concepts,TwoLayerCNN,2008,template_release,20,0.9767680708949569,0.9767680708949569,0.0,16,0.2132245646773731,0.2132245646773731,0.8381192045045605,1.1432109,0.9767680708949569,0.28858703,0.96875,0.7629241943359375,0.41000900468981305,0.05780366288336136,0.083984375,0.3142599361899038,0.2564562733065424
two_concepts,TwoLayerCNN,2008,template_release,40,0.9825153402733071,0.9825153402733071,0.0,16,0.18292808252745532,0.18292808252745532,0.8395537074767073,1.1064692,0.9825153402733071,0.23908406,0.9921875,0.762451171875,0.4099199715821912,0.02607263117668107,0.046875,0.24726889738571745,0.22119626620903637
two_concepts,TwoLayerCNN,2008,template_release,80,0.9689814725930535,0.9689814725930535,0.0,16,0.24406550883702816,0.24406550883702816,0.8308271320538181,1.1621972,0.9689814725930535,0.3297381,0.9921875,0.7950439453125,0.3956887614309132,0.028961693702946045,0.052734375,0.1798731344615353,0.15091144075858925
two_concepts,TwoLayerCNN,2008,template_release,120,0.9361115134662068,0.9361115134662068,0.0,16,0.35354938673098163,0.35354938673098163,0.8069898734741255,1.3197019,0.9361115134662068,0.536753,0.9921875,0.7867889404296875,0.3856091560531831,0.005710967667298547,0.052734375,0.1093927688241958,0.10368180115689725
two_concepts,TwoLayerCNN,2008,template_release,160,0.9241666095870256,0.9241666095870256,0.0,16,0.38586379307955254,0.38586379307955254,0.7980268709079934,1.3881491,0.9241666095870256,0.6172093,0.9921875,0.7852630615234375,0.38169199798608044,0.009399241441989503,0.05078125,0.10005551536152901,0.09065627391953951
two_concepts,TwoLayerCNN,2008,template_release,200,0.9164768545177675,0.9164768545177675,0.0,16,0.40530068056833735,0.40530068056833735,0.7924000926135326,1.4337406,0.9164768545177675,0.67015314,0.9921875,0.7851104736328125,0.3800425802351446,-0.015336072860265407,0.03515625,0.06772710041293872,0.08306317327320413
two_concepts,TwoLayerCNN,2009,random,0,0.13664004692818296,0.12243033048999827,0.014209716438184694,10,1.3131122571288618,1.3234371293497986,0.20555053131669243,0.57832146,1.0,0.0,,,,,,,
two_concepts,TwoLayerCNN,2009,random,1,0.13646590081562293,0.12206339447313674,0.014402506342486188,11,1.3130554170147888,1.323562323408678,0.210377977303699,0.58391714,0.9938914568957735,0.06914066,0.3046875,0.77069091796875,0.22469693205870722,0.0396935856619578,0.28125,0.4602528674609684,0.4205592817990106
two_concepts,TwoLayerCNN,2009,random,5,0.17585569607311344,0.15284761219848791,0.023008083874625523,9,1.2824839879289325,1.2992000874239427,0.21270453862382355,0.67552507,0.9309972045164073,0.27135563,0.78125,0.85931396484375,0.2213117371768653,0.13451190640387856,0.298828125,0.5504480970190418,0.4159361906151633
two_concepts,TwoLayerCNN,2009,random,10,0.24066823745115215,0.21100871462197446,0.029659522829177692,9,1.2292685784736097,1.2527308147782779,0.25765258872335955,0.93176967,0.8205572245750024,0.5863145,0.90625,0.866455078125,0.19620657294845142,0.14417562789491245,0.267578125,0.481192818112573,0.3370171902176605
two_concepts,TwoLayerCNN,2009,random,20,0.24930355274700805,0.22257697062285967,0.026726582124148385,8,1.2220106398258146,1.2432914402733997,0.2992749416843316,1.263812,0.7287505612014028,0.95053524,0.984375,0.853790283203125,0.17864310229191027,0.07672124143580547,0.173828125,0.29265061616810406,0.2159293747322986
two_concepts,TwoLayerCNN,2009,random,40,0.24451198412113626,0.2204097889076429,0.024102195213493355,10,1.2258077188013803,1.2447169556914321,0.30355130562788113,1.4550787,0.691253272352708,1.1533568,0.9921875,0.8580169677734375,0.17585987838943717,0.09870989013275919,0.181640625,0.2599951957430172,0.16128530561025803
two_concepts,TwoLayerCNN,2009,random,80,0.24371599785109846,0.21887397206280296,0.024842025788295502,10,1.226375788626109,1.2460343670060108,0.3055370184958648,1.6027004,0.6678575762181587,1.307595,0.9921875,0.8622589111328125,0.17501270144637526,0.061119095382251146,0.1328125,0.1834507591618355,0.12233166377958436
two_concepts,TwoLayerCNN,2009,random,120,0.24389425083510025,0.21884542217987898,0.02504882865522126,10,1.2261389862363454,1.2460324149509292,0.30568642316331923,1.6785587,0.6573630548916833,1.38643,0.9921875,0.8626861572265625,0.17519109867410354,0.06241543830866263,0.13671875,0.17669385859100206,0.11427842028233944
two_concepts,TwoLayerCNN,2009,random,160,0.2441233706961699,0.21889331898269246,0.025230051713477447,10,1.2259013327220556,1.245977404423415,0.30590803886449974,1.7290567,0.6508231927672855,1.4387474,0.9921875,0.8624420166015625,0.1749408091930305,0.06280338157617898,0.134765625,0.17242000503651222,0.10961662346033324
two_concepts,TwoLayerCNN,2009,random,200,0.2442697379227736,0.21884332882911517,0.025426409093658425,10,1.2257456257038482,1.2459998315277827,0.3062067564701736,1.766732,0.6461548426914439,1.4776809,0.9921875,0.8617706298828125,0.1747435318359145,0.06271856356826525,0.1328125,0.16722760379176982,0.10450904022350457
two_concepts,TwoLayerCNN,2009,random_unitnorm,0,0.13664004658630557,0.1224303304736121,0.014209716112693477,10,1.31311225739103,1.3234371293671428,0.2055505347775678,1.0,0.9999999999999999,0.0,,,,,,,
two_concepts,TwoLayerCNN,2009,random_unitnorm,1,0.13482377902194992,0.12175273118500629,0.013071047836943628,11,1.314413016278097,1.32381150356681,0.2073815978039411,1.0009813,0.998107133133568,0.06933229,0.40234375,0.722900390625,0.20618503727948195,-0.00018046795413917405,0.328125,0.4166761198054614,0.41685658775960055
two_concepts,TwoLayerCNN,2009,random_unitnorm,5,0.1554053808163382,0.13549959774911774,0.01990578306722046,10,1.2988050439390015,1.313510416663163,0.2208516059547474,1.0673194,0.9746567029381253,0.27725956,0.80078125,0.81292724609375,0.21028855920489184,0.13245954562545148,0.275390625,0.5401059957657859,0.4076464501403344
two_concepts,TwoLayerCNN,2009,random_unitnorm,10,0.19726638085667295,0.16412300446863173,0.03314337638804121,9,1.2659051808750963,1.2911184509932774,0.23239636021112903,1.2798097,0.9206571849698153,0.58417034,0.90234375,0.7845916748046875,0.21537255419840096,0.180899822063607,0.298828125,0.511254741434979,0.33035491937137196
two_concepts,TwoLayerCNN,2009,random_unitnorm,20,0.20594124683417392,0.17901211100176245,0.026929135832411466,11,1.2587880809033134,1.2792521631026987,0.2513967205288409,1.5960988,0.8577757954021847,0.95278215,0.9765625,0.8092498779296875,0.21412451702783325,0.13102347241374085,0.20703125,0.3481903935069497,0.21716692109320884
two_concepts,TwoLayerCNN,2009,random_unitnorm,40,0.20391713349458757,0.18170555687355133,0.022211576621036233,10,1.260225954567756,1.2770674310037282,0.257521620784148,1.8018366,0.8274252603981025,1.1763953,0.98828125,0.8097686767578125,0.20459910256601416,0.15943588583584856,0.203125,0.3170400650533477,0.15760417921749914
two_concepts,TwoLayerCNN,2009,random_unitnorm,80,0.2037621958443952,0.18288259887531896,0.020879596969076236,10,1.2602515711464957,1.2762372639944017,0.26377670314244095,1.9507275,0.8081007468601747,1.3348758,0.98828125,0.8096160888671875,0.19689270739999565,0.16047482679166203,0.201171875,0.2750478014480262,0.11457297465636417
two_concepts,TwoLayerCNN,2009,random_unitnorm,120,0.2037828518874387,0.18333028296603965,0.020452568921399045,10,1.2601872678195867,1.275851566110295,0.26720127580228237,2.0253072,0.7993219372400417,1.4137988,0.98828125,0.8108367919921875,0.19279407072608842,0.16146956496450465,0.19921875,0.2615550582710622,0.10008549330655753
two_concepts,TwoLayerCNN,2009,random_unitnorm,160,0.20370423063863996,0.1835591295104116,0.02014510112822837,10,1.2602212645246418,1.275566158234307,0.2691275547073,2.0748394,0.793772290163965,1.4661078,0.98828125,0.8115386962890625,0.19089425285876074,0.1603051388973511,0.19921875,0.25557640752468835,0.09527126862733726
two_concepts,TwoLayerCNN,2009,random_unitnorm,200,0.20368721409830198,0.18367375824815768,0.0200134558501443,9,1.2602119932022502,1.275462631379822,0.27052469458717765,2.111827,0.7897371998404465,1.5050896,0.9921875,0.812530517578125,0.1892157262642599,0.16114605354597883,0.1953125,0.25059173686087366,0.08944568331489482
two_concepts,TwoLayerCNN,2009,template_init,0,1.0,1.0,0.0,16,1.3170890159654386e-09,1.3170890159654386e-09,0.8481368160118523,1.0,1.0,0.0,,,,,,,
two_concepts,TwoLayerCNN,2009,template_init,1,0.9978694638164191,0.9978694638164191,0.0,16,0.06498801656656282,0.06498801656656282,0.8467784428077902,0.9987565,0.9978694638164191,0.07178004,0.25,0.7527313232421875,0.40036644986851294,-0.11726691161090297,0.25390625,0.2668100892777443,0.38407700088864727
two_concepts,TwoLayerCNN,2009,template_init,5,0.9733737100916375,0.9733737100916375,0.0,16,0.22954847277422338,0.22954847277422338,0.8067212661817954,1.0494922,0.9733737100916375,0.25081944,0.65234375,0.75909423828125,0.3897027501914418,-0.05961104042609122,0.1640625,0.3323103785353132,0.3919214189614044
two_concepts,TwoLayerCNN,2009,template_init,10,0.911375873055289,0.911375873055289,0.0,16,0.41947226849280483,0.41947226849280483,0.7379901431245757,1.255319,0.911375873055289,0.5498807,0.85546875,0.7662811279296875,0.36037212197922264,0.005221204155787362,0.177734375,0.3480119963551851,0.34279079219939773
two_concepts,TwoLayerCNN,2009,template_init,20,0.8338563284916325,0.8338563284916325,0.0,16,0.5746650922623496,0.5746650922623496,0.6806863714045688,1.6504653,0.8338563284916325,1.0022572,0.98046875,0.771636962890625,0.33797358029207025,0.0286946581846082,0.08984375,0.26976144657911527,0.24106678839450707
two_concepts,TwoLayerCNN,2009,template_init,40,0.7857708154109807,0.7857598873894528,1.0928021527911724e-05,15,0.6524061896296619,0.6524230174400909,0.6458534649283051,1.9578576,0.7857598873894528,1.3422251,0.9921875,0.73309326171875,0.3285118062056355,0.023690513978087024,0.060546875,0.19077704905222448,0.16708653507413745
two_concepts,TwoLayerCNN,2009,template_init,80,0.7619493061632259,0.761649438309679,0.0002998678535468535,15,0.6873980752504565,0.6878380580078786,0.6274281820810116,2.1379511,0.761649438309679,1.5384543,0.9921875,0.718414306640625,0.329344388243875,0.0014587233736188532,0.044921875,0.1181584145820116,0.11669969120839274
two_concepts,TwoLayerCNN,2009,template_init,120,0.7526727784030735,0.7523439243463591,0.000328854056714345,15,0.7005431929201913,0.7010200778683634,0.618750582606728,2.2164536,0.7523439243463591,1.6230508,0.9921875,0.7261199951171875,0.32919598302134784,-0.0036878859381130474,0.037109375,0.09391327567661478,0.09760116161472783
two_concepts,TwoLayerCNN,2009,template_init,160,0.7476422883779053,0.7473284682840433,0.00031382009386193843,15,0.7075168198528572,0.7079698073499863,0.6138935599625159,2.2647388,0.7473284682840433,1.6741008,0.9921875,0.7299652099609375,0.3275321596350028,0.014081389091282884,0.044921875,0.10267992490091093,0.08859853580962805
two_concepts,TwoLayerCNN,2009,template_init,200,0.7445722723135001,0.7442751842055614,0.00029708810793871443,15,0.7117407041530406,0.7121685332020181,0.6107047048789194,2.2994142,0.7442751842055614,1.7100679,0.9921875,0.7325592041015625,0.32724947901921464,0.022417879186217363,0.046875,0.10457822295631247,0.08216034377009511
two_concepts,TwoLayerCNN,2009,template_retention_1,0,1.0,1.0,0.0,16,1.3170890159654386e-09,1.3170890159654386e-09,0.8481368160118523,1.0,1.0,0.0,,,,,,,
two_concepts,TwoLayerCNN,2009,template_retention_1,1,0.998308449792992,0.998308449792992,0.0,16,0.05784508867955066,0.05784508867955066,0.8472291574895138,0.9984262,0.998308449792992,0.06401486,0.25,0.7536468505859375,0.40003696158678653,-0.11785674444913113,0.25390625,0.2661466822898356,0.38400342673896676
two_concepts,TwoLayerCNN,2009,template_retention_1,5,0.9914391313089442,0.9914391313089442,0.0,16,0.12942037051655278,0.12942037051655278,0.8369552712638685,1.0297722,0.9914391313089442,0.14296852,0.63671875,0.7535400390625,0.3988090430768456,-0.0405512696673378,0.16015625,0.35023736853027565,0.39078863819761345
two_concepts,TwoLayerCNN,2009,template_retention_1,10,0.9809281104695262,0.9809281104695262,0.0,16,0.19443980279369608,0.19443980279369608,0.8356224934942966,1.1232816,0.9809281104695262,0.25607836,0.859375,0.76715087890625,0.38714674787265835,0.01851186871297472,0.154296875,0.3713136212811611,0.35280175256818636
two_concepts,TwoLayerCNN,2009,template_retention_1,20,0.981381671571356,0.981381671571356,0.0,16,0.191154528808473,0.191154528808473,0.8360888941165143,1.1376443,0.981381671571356,0.26430106,0.96875,0.77374267578125,0.39658940727078196,0.057204647664163555,0.12890625,0.36373934085618087,0.3065346931920173
two_concepts,TwoLayerCNN,2009,template_retention_1,40,0.9884100569148853,0.9884100569148853,0.0,16,0.14823923269194916,0.14823923269194916,0.8407873827611798,1.0838703,0.9884100569148853,0.19440873,0.9921875,0.770751953125,0.39563222434783885,0.11612054857282555,0.099609375,0.36028715470216544,0.24416660612933988
two_concepts,TwoLayerCNN,2009,template_retention_1,80,0.9945522132896805,0.9945522132896805,0.0,16,0.09977462302726095,0.09977462302726095,0.8435688480854984,1.0394633,0.9945522132896805,0.12214729,0.9921875,0.7638092041015625,0.3915822523256984,0.11140947035357365,0.07421875,0.2928446216005639,0.18143515124699025
two_concepts,TwoLayerCNN,2009,template_retention_1,120,0.9969778651894161,0.9969778651894161,0.0,16,0.07357204725762607,0.07357204725762607,0.8461341386213461,1.0247551,0.9969778651894161,0.0893975,0.9921875,0.7664794921875,0.39348122860900825,0.10219731885716343,0.091796875,0.2692776546140976,0.16708033575693415
two_concepts,TwoLayerCNN,2009,template_retention_1,160,0.9981169635164819,0.9981169635164819,0.0,16,0.057533196455547025,0.057533196455547025,0.847479298122507,1.0177093,0.9981169635164819,0.07032856,0.9921875,0.7668609619140625,0.3937420021828485,0.09968775106452282,0.083984375,0.2538058285235548,0.154118077459032
two_concepts,TwoLayerCNN,2009,template_retention_1,200,0.9986851826960833,0.9986851826960833,0.0,16,0.047693960344146163,0.047693960344146163,0.8477570181840512,1.0133376,0.9986851826960833,0.057913996,0.9921875,0.7663116455078125,0.39280555171657255,0.10208143419547336,0.09375,0.25010277747210785,0.1480213432766345
two_concepts,TwoLayerCNN,2009,template_release,0,1.0,1.0,0.0,16,1.3170890159654386e-09,1.3170890159654386e-09,0.8481368160118523,1.0,1.0,0.0,,,,,,,
two_concepts,TwoLayerCNN,2009,template_release,1,0.998308449792992,0.998308449792992,0.0,16,0.05784508867955066,0.05784508867955066,0.8472291574895138,0.9984262,0.998308449792992,0.06401486,0.25,0.7536468505859375,0.40003696158678653,-0.11785674444913113,0.25390625,0.2661466822898356,0.38400342673896676
two_concepts,TwoLayerCNN,2009,template_release,5,0.9914391313089442,0.9914391313089442,0.0,16,0.12942037051655278,0.12942037051655278,0.8369552712638685,1.0297722,0.9914391313089442,0.14296852,0.63671875,0.7535400390625,0.3988090430768456,-0.0405512696673378,0.16015625,0.35023736853027565,0.39078863819761345
two_concepts,TwoLayerCNN,2009,template_release,10,0.9809281104695262,0.9809281104695262,0.0,16,0.19443980279369608,0.19443980279369608,0.8356224934942966,1.1232816,0.9809281104695262,0.25607836,0.859375,0.76715087890625,0.38714674787265835,0.01851186871297472,0.154296875,0.3713136212811611,0.35280175256818636
two_concepts,TwoLayerCNN,2009,template_release,20,0.978698244061903,0.978698244061903,0.0,16,0.20451433426430027,0.20451433426430027,0.8340461958401171,1.1515045,0.978698244061903,0.28558087,0.97265625,0.77349853515625,0.3935285890423376,0.05716960023381379,0.125,0.3617866359934332,0.3046170357596194
two_concepts,TwoLayerCNN,2009,template_release,40,0.9812425074275507,0.9812425074275507,0.0,16,0.1894825856143429,0.1894825856143429,0.8351587059660349,1.1218779,0.9812425074275507,0.2552796,0.9921875,0.7737579345703125,0.39269245815637566,0.09546219334757428,0.087890625,0.32969262460506765,0.23423043125749338
two_concepts,TwoLayerCNN,2009,template_release,80,0.9660302601209316,0.9660302601209316,0.0,16,0.25289256437297103,0.25289256437297103,0.8208506992960739,1.1694443,0.9660302601209316,0.34244937,0.9921875,0.8034210205078125,0.3814961545162776,0.05076531912960319,0.068359375,0.18484351361701779,0.1340781944874146
two_concepts,TwoLayerCNN,2009,template_release,120,0.9326169086339836,0.9326169086339836,0.0,16,0.3595029255933357,0.3595029255933357,0.7934021256682477,1.3243848,0.9326169086339836,0.54815257,0.9921875,0.816680908203125,0.36224682868087527,0.011552471641203127,0.03125,0.09996045538516829,0.08840798374396516
two_concepts,TwoLayerCNN,2009,template_release,160,0.9203953957203521,0.9203953957203521,0.0,16,0.3916033854657466,0.3916033854657466,0.7835369827662124,1.3901112,0.9203953957203521,0.6271335,0.9921875,0.8178558349609375,0.35653023230810915,0.012362233789027205,0.033203125,0.0882940682640817,0.0759318344750545
two_concepts,TwoLayerCNN,2009,template_release,200,0.9126017693935087,0.9126017693935087,0.0,16,0.4107041231328623,0.4107041231328623,0.7773488305821847,1.433466,0.9126017693935087,0.67860186,0.9921875,0.816986083984375,0.35465999855438424,0.014512391193622076,0.03515625,0.08381375310208805,0.06930136190846597
