task,architecture,block,condition,id_acc,test_ce,alignment,initial_alignment,semantic_auc,localization_iou,fidelity_selected,fidelity_random,cf_accuracy,cf_accuracy_random,nuisance_acc,nuisance_prediction_stability,nuisance_probability_l2,refit_test_acc,refit_val_acc,refit_converged,drift_l2,seconds,causal_usefulness,selected_kernel_alignment,best_semantic_kernel_alignment,input_effect_mean_square,counterfactual_agreement
single_shape,TinyCNN,0,frozen_random_unitnorm,0.82421875,1.174786925315857,0.15595666900821564,0.15595666900821564,0.8713989257812501,0.13845658950389195,0.5509216593992665,0.3306145959043034,0.49609375,0.19856770895421505,0.8046875,0.875,0.0007536016637459397,0.984375,0.98046875,True,0.0,1.9723069667816162,0.2203070634949631,0.17821343383013744,0.23427783006493252,0.020086344331502914,0.46875
single_shape,TinyCNN,0,frozen_spectrum,0.859375,1.1139038801193237,0.3662199392604094,0.3662199392604094,0.8607381184895834,0.06850351771649213,0.747589247896453,0.47216909136205265,0.5768229365348816,0.19449869403615594,0.86328125,0.91796875,0.00046687282156199217,0.9921875,0.984375,True,0.0,2.282853126525879,0.27542015653440033,0.4015556431106537,0.30616485713817326,0.04295573135217031,0.55078125
single_shape,TinyCNN,0,frozen_templates,0.8828125,1.0970451831817627,1.0,1.0,0.8733723958333334,0.47173987042713095,0.5525070122901394,0.287800334354124,0.6315104365348816,0.1730143204331398,0.88671875,0.97265625,0.0005574640817940235,1.0,0.9921875,True,0.0,2.194020986557007,0.26470667793601543,1.0,1.0,0.036656359831492104,0.6614583134651184
single_shape,TinyCNN,0,random,1.0,0.03419744223356247,0.30583639386016087,0.15595666950600687,0.9830525716145834,0.1162360424677574,0.5150565007125689,0.23008056318291464,0.24609375,0.07063802191987634,1.0,1.0,0.000532036239746958,1.0,1.0,True,1.6801965236663818,3.354185104370117,0.2849759375296543,0.2851149652914534,0.34987176297358746,1.834112008412679,0.24609375
single_shape,TinyCNN,0,random_unitnorm,1.0,0.039102163165807724,0.27645691180611043,0.15595666900821564,0.9810587565104167,0.1475896884077228,0.5979062140973469,0.24599168311242753,0.3515625,0.08203125,1.0,1.0,0.0007046680548228323,1.0,1.0,True,1.7380456924438477,3.217514991760254,0.35191453098491937,0.26770633498649526,0.3242057152196455,1.811111291249593,0.3515625
single_shape,TinyCNN,0,spectrum_init,1.0,0.046182192862033844,0.294614325925339,0.3662199392604094,0.9688110351562499,0.12373064083275542,0.5431454283411636,0.24837503633461905,0.3528645932674408,0.05631510476814583,1.0,1.0,0.0004857448802795261,1.0,1.0,True,1.709052562713623,5.2892138957977295,0.2947703920065446,0.27969703061633716,0.4046559036908359,1.7793270746866863,0.3528645932674408
single_shape,TinyCNN,0,spectrum_retention_1,1.0,0.326537549495697,0.3422097778711901,0.3662199392604094,0.9466756184895834,0.09332460839999139,0.6007741204088335,0.37453868551191727,0.4049479067325592,0.09293619683012366,1.0,1.0,0.0014852725435048342,1.0,1.0,True,0.4452194273471832,5.454302072525024,0.22623543489691622,0.3412078384523827,0.20266551371441588,0.8583376407623291,0.4049479067325592
single_shape,TinyCNN,0,template_init,1.0,0.04204510897397995,0.6728471439432889,1.0,0.9817911783854166,0.459169495790236,0.5637041253377837,0.25254664540676036,0.3763020932674408,0.0813802087213844,1.0,1.0,0.0006103601190261543,1.0,0.99609375,True,1.7042075395584106,4.829932928085327,0.31115747993102333,0.6691220735072905,0.6341238859642183,1.7977542877197266,0.3763020932674408
single_shape,TinyCNN,0,template_retention_0.1,1.0,0.0841909646987915,0.7690441298000718,1.0,0.9786376953125,0.5349219775322485,0.5963627288710724,0.28668433620556427,0.4583333432674408,0.08756510453531519,1.0,1.0,0.0009500517044216394,1.0,1.0,True,1.032508373260498,5.022974967956543,0.3096783926655082,0.7285363005456209,0.7486564729277089,1.6167774200439453,0.4583333432674408
single_shape,TinyCNN,0,template_retention_1,1.0,0.2909282445907593,0.9184151301848482,1.0,0.9529012044270833,0.5508264473543698,0.6670354398000817,0.3493179701118378,0.48828125,0.10091145703336224,1.0,1.0,0.0016319022979587317,1.0,1.0,True,0.4493113160133362,5.067715883255005,0.31771746968824394,0.9037227297585215,0.9067390472332846,0.9368588924407959,0.48828125
single_shape,TinyCNN,1,frozen_random_unitnorm,0.7421875,1.2284866571426392,0.14688562966276403,0.14688562966276403,0.8577677408854167,0.2879370656595761,0.4333116317465644,0.210904826992154,0.484375,0.20133463479578495,0.7890625,0.86328125,0.0007568997098132968,0.9609375,0.94140625,True,0.0,2.1606340408325195,0.2224068047544104,0.1218835311197536,0.13148999852756507,0.010213758796453476,0.4791666567325592
single_shape,TinyCNN,1,frozen_spectrum,0.84765625,1.1684013605117798,0.6616983235049809,0.6616983235049809,0.8439737955729167,0.5646161112989067,0.6004460979166348,0.34604925040096896,0.59765625,0.22412109375,0.859375,0.921875,0.00047551063471473753,0.99609375,0.9921875,True,0.0,2.1326563358306885,0.2543968475156659,0.6967482557449987,0.6763676596136219,0.02523204932610194,0.5690104365348816
single_shape,TinyCNN,1,frozen_templates,0.921875,1.0828819274902344,1.0,1.0,0.90411376953125,0.5964087233934925,0.571297685887804,0.22721859675534511,0.6471354365348816,0.15152994729578495,0.91015625,0.98046875,0.0005928194732405245,1.0,0.99609375,True,0.0,2.2968361377716064,0.34407908913245894,1.0,1.0,0.038506644467512764,0.6510416865348816
single_shape,TinyCNN,1,random,1.0,0.035176243633031845,0.3305427548564318,0.146885630442388,0.9926961263020834,0.27048738957435337,0.5550809620774904,0.23999864275988986,0.3854166567325592,0.05631510401144624,1.0,1.0,0.0005060066469013691,1.0,1.0,True,1.6524690389633179,5.47810697555542,0.3150823193176005,0.3371292923044721,0.30774263231778676,1.8289577166239421,0.3854166567325592
single_shape,TinyCNN,1,random_unitnorm,1.0,0.039317261427640915,0.32119994626640735,0.14688562966276403,0.9958292643229166,0.2770388186272808,0.5966672034181646,0.24246381251545285,0.4140625,0.056477864272892475,1.0,1.0,0.0005316153401508927,1.0,1.0,True,1.6829020977020264,4.966458082199097,0.35420339090271175,0.32771274746585755,0.30022818053159483,1.8103129069010417,0.4140625
single_shape,TinyCNN,1,spectrum_init,1.0,0.04663196578621864,0.5427365083173301,0.6616983235049809,0.9898274739583334,0.4204304535367317,0.5417586941548731,0.2388513663683955,0.31640625,0.05859375011641532,1.0,1.0,0.00039594864938408136,1.0,1.0,True,1.7601171731948853,5.131201982498169,0.3029073277864776,0.5484922632436687,0.5298853769849375,1.7771703402201335,0.31640625
single_shape,TinyCNN,1,spectrum_retention_1,1.0,0.32629677653312683,0.6439810459037332,0.6616983235049809,0.9695841471354167,0.5294104726031631,0.7423947140394364,0.3369648134285831,0.58203125,0.08544921921566129,1.0,1.0,0.001733071869239211,1.0,0.99609375,True,0.4222344756126404,5.126251935958862,0.40542990061085327,0.6496169347105434,0.5696263332244395,0.8423283894856771,0.58203125
single_shape,TinyCNN,1,template_init,1.0,0.04525488615036011,0.6644507753892606,1.0,0.9803466796875,0.41360349829656334,0.4763494427473085,0.23185067229025014,0.3203125,0.05159505225310568,1.0,1.0,0.0010791418608278036,0.99609375,1.0,True,1.6839313507080078,5.274672985076904,0.24449877045705837,0.6759750980640135,0.6612026254657963,1.7848612467447917,0.3203125
single_shape,TinyCNN,1,template_retention_0.1,1.0,0.08343340456485748,0.775566310538762,1.0,0.9740397135416667,0.4643241683535265,0.5011548651836214,0.2679757727086358,0.3072916567325592,0.05354817787883803,1.0,1.0,0.0012654616730287671,1.0,1.0,True,1.0314264297485352,5.317440986633301,0.23317909247498558,0.7669048596865968,0.7888012535443969,1.619646390279134,0.3072916567325592
single_shape,TinyCNN,1,template_retention_1,1.0,0.30394139885902405,0.9247922313667116,1.0,0.9515380859375,0.548113166087006,0.7003321821414983,0.3312943790521199,0.5169270634651184,0.06542968878056854,1.0,1.0,0.0020643151365220547,1.0,1.0,True,0.4312281608581543,5.417957782745361,0.3690378030893784,0.9057279388479784,0.9244814497143797,0.9035798708597819,0.5169270634651184
single_shape,TinyCNN,2,frozen_random_unitnorm,0.87109375,1.1676654815673828,0.1523165547602109,0.1523165547602109,0.8777058919270834,0.24862561360120933,0.6009874447137247,0.23176676248284134,0.4791666567325592,0.1708984375,0.88671875,0.8828125,0.0007682901341468096,0.9453125,0.9765625,True,0.0,2.467283248901367,0.36922068223088333,0.16168650208066104,0.17879467500222462,0.019814749558766682,0.46484375
single_shape,TinyCNN,2,frozen_spectrum,0.828125,1.0633100271224976,0.39520919398472154,0.39520919398472154,0.8228556315104166,0.1979391630503043,0.5910604806462658,0.35358147225177244,0.5208333134651184,0.17138671875,0.8203125,0.9375,0.0006509358063340187,0.99609375,0.9921875,True,0.0,2.4179799556732178,0.23747900839449337,0.40189870672651795,0.3372801992589091,0.06703471640745799,0.4986979067325592
single_shape,TinyCNN,2,frozen_templates,0.82421875,1.099176049232483,1.0,1.0,0.8723347981770833,0.5529589409502944,0.5431596757468191,0.33937449335038167,0.5299479365348816,0.21663411427289248,0.828125,0.95703125,0.0005605236510746181,1.0,1.0,True,0.0,48.7229380607605,0.20378518239643745,1.0,1.0,0.038580723106861115,0.5885416865348816
single_shape,TinyCNN,2,random,1.0,0.05542783439159393,0.30642026616597723,0.15231655628955224,0.9364827473958334,0.3374316036375433,0.46999684467503433,0.26580607521064614,0.3216145932674408,0.07779947912786156,1.0,1.0,0.0011997511610388756,1.0,1.0,True,1.6265008449554443,6.043738126754761,0.2041907694643882,0.2656532741197246,0.20908395688157566,1.7469635009765625,0.3216145932674408
single_shape,TinyCNN,2,random_unitnorm,1.0,0.057599037885665894,0.2818347836067609,0.1523165547602109,0.9358723958333334,0.32955513482151216,0.46914638603234404,0.269913202696606,0.3046875,0.0766601542418357,1.0,1.0,0.0010181341785937548,1.0,1.0,True,1.632833480834961,5.922455787658691,0.19923318333573803,0.2553046024454062,0.2652152330213315,1.7361742655436199,0.3046875
single_shape,TinyCNN,2,spectrum_init,1.0,0.0855550616979599,0.33421995657726,0.39520919398472154,0.9551595052083334,0.258892426055136,0.5499430120221187,0.2699620037636199,0.34375,0.06868489700718783,1.0,1.0,0.001296542352065444,1.0,0.99609375,True,1.648218035697937,6.850768804550171,0.2799810082584988,0.3135052905845642,0.3071628678219315,1.6201937993367512,0.34375
single_shape,TinyCNN,2,spectrum_retention_1,1.0,0.38318490982055664,0.4032836785084236,0.39520919398472154,0.9301961263020833,0.20316173711964497,0.5857357556876377,0.3429165518922582,0.4192708432674408,0.08837890447466634,1.0,1.0,0.002323517110198736,1.0,0.99609375,True,0.44014015793800354,5.497523307800293,0.24281920379537947,0.42407105299889325,0.3746893724877845,0.7374343872070312,0.4192708432674408
single_shape,TinyCNN,2,template_init,1.0,0.08140324056148529,0.644728601036681,1.0,0.96435546875,0.4575715827815132,0.559567918894247,0.2756702757170008,0.4205729067325592,0.07470703130820766,1.0,1.0,0.0017550198826938868,1.0,1.0,True,1.7319142818450928,5.96119499206543,0.28389764317724614,0.6495749024707479,0.6218729402515178,1.6417555809020996,0.4205729067325592
single_shape,TinyCNN,2,template_retention_0.1,1.0,0.13604460656642914,0.7628225829829683,1.0,0.9583129882812499,0.5098504433720948,0.604820989017054,0.3035453805397649,0.4401041567325592,0.08561197784729302,1.0,1.0,0.002297684783115983,1.0,1.0,True,1.0601037740707397,422.15968894958496,0.30127560847728907,0.7497296603641861,0.7163276031705998,1.439968744913737,0.4401041567325592
single_shape,TinyCNN,2,template_retention_1,0.99609375,0.3998431861400604,0.9301886188880002,1.0,0.9369913736979167,0.5192856012210672,0.6780023014536289,0.36070141789168336,0.5416666865348816,0.14176432299427688,1.0,0.99609375,0.002558748470619321,1.0,1.0,True,0.4233708381652832,5.106372833251953,0.3173008835619456,0.9166311547685392,0.8846780744100784,0.7127320766448975,0.5416666865348816
single_shape,TinyCNN,3,frozen_random_unitnorm,0.67578125,1.250056266784668,0.15717390314543828,0.15717390314543828,0.8432820638020833,0.18225843744555814,0.5582493630500149,0.32640569043349965,0.4140625,0.20133463386446238,0.703125,0.8046875,0.0004917402984574437,0.94921875,0.97265625,True,0.0,1.8033661842346191,0.23184367261651528,0.18184471849674405,0.18468931703198593,0.00930518408616384,0.4309895932674408
single_shape,TinyCNN,3,frozen_spectrum,0.8203125,1.193910837173462,0.3983914422045509,0.3983914422045509,0.86822509765625,0.2885877552719862,0.6395881367681053,0.3235619724898923,0.5729166865348816,0.22379557229578495,0.828125,0.8671875,0.0003750970936380327,1.0,0.9921875,True,0.0,2.070279836654663,0.316026164278213,0.36958235680513807,0.3864654064236566,0.016695807377497356,0.5768229365348816
single_shape,TinyCNN,3,frozen_templates,0.8203125,1.1692572832107544,1.0,1.0,0.8892618815104167,0.5497323708000342,0.668984713493726,0.30692317126227614,0.5963541865348816,0.21907551772892475,0.84375,0.91015625,0.00035187051980756223,1.0,0.98828125,True,0.0,2.3221681118011475,0.3620615422314499,1.0,1.0,0.020898399253686268,0.55859375
single_shape,TinyCNN,3,random,1.0,0.03646491840481758,0.30990169305486637,0.15717390173228404,0.9783935546875,0.27785395777540717,0.48992514741711835,0.2840927770139344,0.3059895932674408,0.08935546875,1.0,1.0,0.0007055229507386684,1.0,1.0,True,1.7102996110916138,5.983390808105469,0.20583237040318392,0.3223495850133773,0.31188226067834113,1.8256149291992188,0.3059895932674408
single_shape,TinyCNN,3,random_unitnorm,1.0,0.04125738888978958,0.3027024043675735,0.15717390314543828,0.9636433919270834,0.27349384136642385,0.5315399313401359,0.28478656331568825,0.3776041567325592,0.10221354209352285,1.0,1.0,0.00048649401287548244,1.0,1.0,True,1.717189908027649,422.3095898628235,0.24675336802444764,0.32057038299250423,0.31633799716943567,1.8042898178100586,0.3776041567325592
single_shape,TinyCNN,3,spectrum_init,1.0,0.06334826350212097,0.33161946139697956,0.3983914422045509,0.96417236328125,0.28242229224211274,0.5556859752951735,0.2928419955558753,0.3216145932674408,0.07796223857440054,1.0,1.0,0.0011354985181242228,1.0,1.0,True,1.8359098434448242,5.843092918395996,0.2628439797392982,0.30015983239271304,0.48623172288967437,1.7098703384399414,0.3216145932674408
single_shape,TinyCNN,3,spectrum_retention_1,1.0,0.4058074653148651,0.3789670173008126,0.3983914422045509,0.9418131510416666,0.2971707739357886,0.6288362967185546,0.3690973215996367,0.3463541567325592,0.09928385459352285,1.0,1.0,0.002561065601184964,1.0,1.0,True,0.4526422321796417,5.428909063339233,0.25973897511891786,0.371867253063995,0.4801721023771028,0.6719764073689779,0.3463541567325592
single_shape,TinyCNN,3,template_init,1.0,0.04988880082964897,0.6417025327763498,1.0,0.9794718424479167,0.30675253882710096,0.41626329954247776,0.2582306001614785,0.23828125,0.06640625,1.0,1.0,0.0007677339017391205,1.0,1.0,True,1.7663164138793945,5.121999025344849,0.1580326993809993,0.6479790227189901,0.6373271464206296,1.7717679341634114,0.23828125
single_shape,TinyCNN,3,template_retention_0.1,1.0,0.09140917658805847,0.7504786081066436,1.0,0.9706217447916666,0.4033593606186464,0.5003849808149821,0.2996376294254183,0.3255208432674408,0.07666015718132257,1.0,1.0,0.001081629074178636,1.0,1.0,True,1.064265489578247,53.79448223114014,0.2007473513895638,0.7266196022773325,0.714755836773862,1.6013031005859375,0.3255208432674408
single_shape,TinyCNN,3,template_retention_1,0.99609375,0.3112466335296631,0.9150895540858645,1.0,0.9503987630208334,0.5222208955840989,0.5622996358395534,0.36063240913435934,0.41796875,0.1054687502910383,0.99609375,1.0,0.0016795641276985407,1.0,1.0,True,0.4435032606124878,5.583001136779785,0.2016672267051941,0.8977467751133534,0.9036038923504093,0.8950724601745605,0.4192708432674408
single_shape,TinyCNN,4,frozen_random_unitnorm,0.578125,1.2514145374298096,0.16939528781759947,0.16939528781759947,0.8430379231770834,0.423627329402291,0.6011592704926829,0.31047966405160093,0.3880208432674408,0.2306315079331398,0.5859375,0.76953125,0.00031658937223255634,0.9375,0.91796875,True,0.0,2.8207831382751465,0.290679606441082,0.11121017232080395,0.06931574784431915,0.010992772877216339,0.41796875
single_shape,TinyCNN,4,frozen_spectrum,0.76171875,1.1250731945037842,0.41667566245573784,0.41667566245573784,0.8420410156249999,0.24329553151623612,0.7946457116077205,0.32278658581623865,0.5768229365348816,0.2530924454331398,0.74609375,0.8828125,0.0003434732207097113,1.0,0.9921875,True,0.0,2.489905834197998,0.4718591257914818,0.445699698942979,0.39763100326503964,0.048753867546717324,0.5169270634651184
single_shape,TinyCNN,4,frozen_templates,0.859375,1.1324468851089478,1.0,1.0,0.8847249348958334,0.6352012241270836,0.5886865564591883,0.34611043208525394,0.609375,0.2220052070915699,0.84375,0.9375,0.000480314833112061,1.0,0.9921875,True,0.0,3.252018928527832,0.2425761243739344,1.0,1.0,0.03074827293554942,0.62109375
single_shape,TinyCNN,4,random,1.0,0.044069625437259674,0.324033911645183,0.16939528768654113,0.98297119140625,0.3482755653922289,0.5390372370275776,0.2456444232834159,0.3346354067325592,0.0576171875,1.0,1.0,0.0005418185028247535,1.0,1.0,True,1.6577719449996948,6.413317918777466,0.29339281374416165,0.35399630133142723,0.24664324365718576,1.798526446024577,0.3346354067325592
single_shape,TinyCNN,4,random_unitnorm,1.0,0.05153647065162659,0.3205234193246366,0.16939528781759947,0.9863484700520834,0.3458808549860422,0.5098140284006194,0.2390590830909528,0.2317708283662796,0.06070963549427688,1.0,1.0,0.0007253560470417142,1.0,1.0,True,1.6856000423431396,6.3570191860198975,0.2707549453096666,0.33220029661565026,0.2882318003361657,1.7670796712239583,0.2317708283662796
single_shape,TinyCNN,4,spectrum_init,1.0,0.0799858421087265,0.35284808307775817,0.41667566245573784,0.9730834960937501,0.27817023324753565,0.5517071729119682,0.3053158905762117,0.4075520932674408,0.0948893225286156,1.0,1.0,0.000635187781881541,1.0,1.0,True,1.6474902629852295,6.296868085861206,0.24639128233575652,0.34875845515681175,0.2299770539417154,1.6403873761494954,0.4075520932674408
single_shape,TinyCNN,4,spectrum_retention_1,1.0,0.4023209512233734,0.4150091853293421,0.41667566245573784,0.9377034505208334,0.2918644188763646,0.6723776726301185,0.3574281818663563,0.4791666567325592,0.11067708139307797,1.0,1.0,0.0018527524080127478,1.0,1.0,True,0.4233110547065735,5.703459024429321,0.3149494907637622,0.38664262196442967,0.3182656054568939,0.7033674716949463,0.4791666567325592
single_shape,TinyCNN,4,template_init,1.0,0.07343392819166183,0.6860249085254264,1.0,0.9513142903645833,0.42221834420127935,0.5489714589056838,0.29122122591433797,0.4153645932674408,0.0836588543606922,1.0,1.0,0.0007095691980794072,1.0,1.0,True,1.7597993612289429,6.05063009262085,0.2577502329913458,0.6833044684220398,0.7010513296500791,1.667457103729248,0.4153645932674408
single_shape,TinyCNN,4,template_retention_0.1,1.0,0.12576325237751007,0.7524480706269618,1.0,0.9390869140625,0.5098934670136249,0.5721602803120283,0.3215159630090282,0.3893229067325592,0.10026041480887216,1.0,1.0,0.001014981302432716,1.0,1.0,True,1.0972936153411865,6.331125974655151,0.2506443173030001,0.723021814437972,0.7176509900435422,1.4637575149536133,0.3893229067325592
single_shape,TinyCNN,4,template_retention_1,0.99609375,0.4211188852787018,0.9255001069620399,1.0,0.9287516276041666,0.5415822149132129,0.6531702875829968,0.3651667559998987,0.5364583134651184,0.1292317706393078,0.99609375,0.9921875,0.0014880094677209854,1.0,1.0,True,0.4313562214374542,6.320048093795776,0.2880035315830981,0.9127933714082297,0.9085408701707605,0.66217573483785,0.5364583134651184
single_shape,TinyCNN,5,frozen_random_unitnorm,0.77734375,1.1903643608093262,0.17781592263599044,0.17781592263599044,0.8943277994791666,0.29441241677267466,0.4630266561922226,0.22580534918784173,0.5703125,0.17854817770421505,0.78125,0.86328125,0.0006922433385625482,0.9921875,0.98046875,True,0.0,2.828693151473999,0.23722130700438088,0.14961315172399042,0.14932159299690706,0.01671421279509862,0.4791666567325592
single_shape,TinyCNN,5,frozen_spectrum,0.90234375,1.1214783191680908,0.3781134861721553,0.3781134861721553,0.8968709309895834,0.23791409525825152,0.457138865262274,0.23746081844702338,0.6536458134651184,0.1974283866584301,0.88671875,0.9296875,0.00070572504773736,1.0,0.99609375,True,0.0,2.317125082015991,0.2196780468152506,0.35320790453168177,0.30285483432223004,0.03220042586326599,0.6263020634651184
single_shape,TinyCNN,5,frozen_templates,0.7578125,1.1125816106796265,1.0,1.0,0.8991495768229167,0.588784232910711,0.46203310742166603,0.3212472518260406,0.5846354365348816,0.2516276054084301,0.76953125,0.96484375,0.0005695350700989366,1.0,0.99609375,True,0.0,2.4858851432800293,0.14078585559562545,1.0,1.0,0.03512119998534521,0.57421875
single_shape,TinyCNN,5,random,1.0,0.027106575667858124,0.3265766866996056,0.17781592212016206,0.98626708984375,0.34306123703684166,0.4566190695139811,0.21211870657504855,0.26171875,0.05305989505723119,1.0,1.0,0.00021484147873707116,1.0,1.0,True,1.562040090560913,6.051176071166992,0.24450036293893257,0.32106681922943114,0.38053447572499544,1.8667221069335938,0.26171875
single_shape,TinyCNN,5,random_unitnorm,1.0,0.030284209176898003,0.3032707150952053,0.17781592263599044,0.9827067057291666,0.3535524465451746,0.44904892493959536,0.21748641217109632,0.2643229067325592,0.05843098842888139,1.0,1.0,0.00015489048382733017,1.0,1.0,True,1.5863573551177979,6.258356809616089,0.23156251276849904,0.2966398191669308,0.34377180305511945,1.8516801198323567,0.2643229067325592
single_shape,TinyCNN,5,spectrum_init,1.0,0.05525995045900345,0.3131524582709593,0.3781134861721553,0.9698282877604166,0.23511525698052918,0.5368422385191829,0.26915614830839457,0.3919270932674408,0.09667968796566129,1.0,1.0,0.000374663679394871,1.0,1.0,True,1.6547338962554932,5.522216081619263,0.2676860902107883,0.3112934436821022,0.18814088987528615,1.738954226175944,0.3919270932674408
single_shape,TinyCNN,5,spectrum_retention_1,1.0,0.3355759084224701,0.36785866241797305,0.3781134861721553,0.9660237630208333,0.24171690506209564,0.6364287306289642,0.35316715446958014,0.4609375,0.1292317709157942,1.0,1.0,0.00148108322173357,1.0,1.0,True,0.423631489276886,5.471081018447876,0.2832615761593841,0.34676138133881496,0.3377145133897602,0.80906081199646,0.4609375
single_shape,TinyCNN,5,template_init,1.0,0.04811776429414749,0.6616723627543477,1.0,0.9815266927083334,0.4495340853889353,0.541026616632148,0.24664655257280216,0.3658854067325592,0.056152342731365934,1.0,1.0,0.0004544026160147041,1.0,1.0,True,1.6480612754821777,6.97765588760376,0.29438006405934586,0.6157267512540947,0.6777749533738716,1.7695608139038086,0.3658854067325592
single_shape,TinyCNN,5,template_retention_0.1,1.0,0.08587940037250519,0.7668665407974744,1.0,0.9743855794270834,0.505536922789888,0.5783600404429723,0.28642069797285297,0.4453125,0.06461588540696539,1.0,1.0,0.000599117309320718,1.0,1.0,True,1.0333342552185059,6.478008031845093,0.2919393424701193,0.7494540739686624,0.7345417138887157,1.605846881866455,0.4453125
single_shape,TinyCNN,5,template_retention_1,1.0,0.3139474391937256,0.9272626333980016,1.0,0.9598185221354167,0.5805873033176956,0.5849007774530137,0.35001468444766254,0.41015625,0.09798176905314904,1.0,1.0,0.0015704925172030926,1.0,1.0,True,0.4366224706172943,5.675480842590332,0.23488609300535118,0.9233307114157969,0.9193706059571637,0.8705947399139404,0.41015625
single_shape,TinyCNN,6,frozen_random_unitnorm,0.8984375,1.1717424392700195,0.14870655518398937,0.14870655518398937,0.8805135091145833,0.18800684173286905,0.6283174479792066,0.31900479084357525,0.4817708432674408,0.20133463386446238,0.8828125,0.90625,0.0008466205908916891,0.99609375,0.984375,True,0.0,3.684293270111084,0.3093126571356314,0.18028351562846734,0.15207616247372382,0.018697301546732586,0.484375
single_shape,TinyCNN,6,frozen_spectrum,0.91796875,1.1487295627593994,0.4476232675561216,0.4476232675561216,0.862548828125,0.20010862855273467,0.5277518098203215,0.2702526522526503,0.3880208432674408,0.19889322947710752,0.9140625,0.91015625,0.0004937439225614071,0.98828125,0.98828125,True,0.0,2.59494686126709,0.2574991575676712,0.3389721112394172,0.4288561345407885,0.026215473810831707,0.37109375
single_shape,TinyCNN,6,frozen_templates,0.82421875,1.1774903535842896,1.0,1.0,0.9046427408854167,0.5777931980991071,0.5191493604003572,0.3575381317863849,0.5703125,0.2185872420668602,0.82421875,0.921875,0.0003078134614042938,1.0,0.99609375,True,0.0,2.457873821258545,0.1616112286139723,1.0,1.0,0.01809818794329961,0.5638020634651184
single_shape,TinyCNN,6,random,1.0,0.04575400799512863,0.3352853913268822,0.14870655632166246,0.981689453125,0.338224080177688,0.6135974917255145,0.24208106253471107,0.3671875,0.06901041613309644,1.0,1.0,0.0008063236018642783,1.0,1.0,True,1.6609280109405518,5.849154949188232,0.3715164291908034,0.3468886490190909,0.3979627158355864,1.7967265446980794,0.3671875
single_shape,TinyCNN,6,random_unitnorm,1.0,0.05076032504439354,0.3401806341813701,0.14870655518398937,0.9782918294270834,0.2894240228604111,0.5568457106761193,0.24694305400221572,0.3645833432674408,0.07666015718132257,1.0,1.0,0.001022213720716536,1.0,1.0,True,1.6674898862838745,5.7934510707855225,0.3099026566739036,0.35767073877707867,0.3946364086428118,1.777472972869873,0.3645833432674408
single_shape,TinyCNN,6,spectrum_init,1.0,0.07790283113718033,0.4199528565377063,0.4476232675561216,0.9741617838541666,0.3604826080729559,0.5006891506924666,0.29916546879902894,0.2408854216337204,0.1013997383415699,1.0,1.0,0.0011973381042480469,1.0,1.0,True,1.727499008178711,6.450210094451904,0.2015236818934376,0.4164703044191788,0.31916370916583214,1.6609539985656738,0.2408854216337204
single_shape,TinyCNN,6,spectrum_retention_1,0.99609375,0.36838430166244507,0.46529603890978566,0.4476232675561216,0.9425862630208333,0.2561456989525597,0.6279873465971881,0.3699728924611281,0.49609375,0.1494140625,0.99609375,1.0,0.0019873776473104954,1.0,1.0,True,0.428801953792572,6.29759407043457,0.25801445413606006,0.42000925965544045,0.30695115000388506,0.765585740407308,0.4973958432674408
single_shape,TinyCNN,6,template_init,1.0,0.0685366615653038,0.633580678065969,1.0,0.9718221028645834,0.42421452653207414,0.543304192997863,0.2694603798670696,0.3059895932674408,0.056152343517169356,1.0,1.0,0.0012551866238936782,1.0,1.0,True,1.7183146476745605,6.4860520362854,0.2738438131307934,0.6118877389507359,0.6110517569403526,1.6991469065348308,0.3059895932674408
single_shape,TinyCNN,6,template_retention_0.1,1.0,0.11884899437427521,0.7533483370764321,1.0,0.9691975911458334,0.44993374297860755,0.5987614848550491,0.3080154513898061,0.3763020932674408,0.07275390659924597,1.0,1.0,0.001569415908306837,1.0,1.0,True,1.0332176685333252,5.997732877731323,0.29074603346524297,0.7122950678420868,0.7186246496492257,1.5041907628377278,0.3763020932674408
single_shape,TinyCNN,6,template_retention_1,0.99609375,0.35307639837265015,0.9103022383391786,1.0,0.9429931640625001,0.4848651726011384,0.6883874280344582,0.3632398408000467,0.4739583432674408,0.10335286380723119,1.0,0.99609375,0.0017303784843534231,1.0,1.0,True,0.4476626217365265,7.275312185287476,0.3251475872344115,0.8751876841156897,0.8679414895604141,0.8110527197519938,0.4752604067325592
single_shape,TinyCNN,7,frozen_random_unitnorm,0.7109375,1.2314584255218506,0.15641242734099442,0.15641242734099442,0.8541870117187501,0.21642233240392938,0.4089410195094155,0.26535932779593463,0.3763020932674408,0.1767578125,0.67578125,0.859375,0.0007326854974962771,0.97265625,0.98046875,True,0.0,2.496177911758423,0.1435816917134809,0.15446908333937215,0.18704002578310802,0.009906781216462454,0.5052083134651184
single_shape,TinyCNN,7,frozen_spectrum,0.67578125,1.225736141204834,0.3254928783485188,0.3254928783485188,0.8250935872395833,0.36265321763706804,0.6298768803786126,0.26533693442244927,0.3802083432674408,0.18033854104578495,0.66796875,0.83203125,0.0002974521485157311,0.9921875,0.98828125,True,0.0,2.8666739463806152,0.3645399459561633,0.28913553880092946,0.25978148199162454,0.01535274957617124,0.5026041865348816
single_shape,TinyCNN,7,frozen_templates,0.66796875,1.146578311920166,1.0,1.0,0.8913777669270834,0.5647556437050597,0.5178741492447114,0.26877177297699034,0.515625,0.19384765718132257,0.6640625,0.9375,0.0004735034890472889,0.99609375,0.99609375,True,0.0,2.758013963699341,0.24910237626772108,1.0,1.0,0.030114491780598957,0.6419270634651184
single_shape,TinyCNN,7,random,1.0,0.042730912566185,0.23452171357876767,0.15641242763708346,0.970458984375,0.24852696236041488,0.5483089229444147,0.2208619796159053,0.3763020932674408,0.03808593725261744,1.0,1.0,0.0006359812105074525,1.0,1.0,True,1.6603273153305054,7.538453102111816,0.3274469433285094,0.23105505311028754,0.2623219042608641,1.80406920115153,0.3763020932674408
single_shape,TinyCNN,7,random_unitnorm,1.0,0.05512312054634094,0.23845163485368895,0.15641242734099442,0.9709676106770834,0.2885301235905688,0.5760969239030308,0.22577790427290761,0.3528645932674408,0.046223957324400544,1.0,1.0,0.001363927498459816,1.0,1.0,True,1.6636971235275269,5.995989084243774,0.3503190196301232,0.2250145857495115,0.34679130833638794,1.754124641418457,0.3528645932674408
single_shape,TinyCNN,7,spectrum_init,1.0,0.08176714181900024,0.31907426040924514,0.3254928783485188,0.9692179361979167,0.34014830870005663,0.5803370625633333,0.2587568843118281,0.4166666567325592,0.0515950518893078,1.0,1.0,0.0010998027864843607,1.0,1.0,True,1.759129524230957,5.949425935745239,0.3215801782515052,0.32387786609579894,0.2775326626465797,1.6428918838500977,0.4166666567325592
single_shape,TinyCNN,7,spectrum_retention_1,0.99609375,0.4227141737937927,0.34498655063321626,0.3254928783485188,0.9565836588541667,0.41177865589906315,0.6921280425220938,0.35423847076150855,0.5625,0.08610026026144624,0.9921875,0.99609375,0.0021176727022975683,1.0,1.0,True,0.4511256814002991,6.29755711555481,0.33788957176058526,0.3709812075480825,0.3158877248229549,0.6721742153167725,0.5625
single_shape,TinyCNN,7,template_init,1.0,0.07462538033723831,0.5985915610347449,1.0,0.9494222005208333,0.48784002263230886,0.42483667585434004,0.2921651795855703,0.2955729067325592,0.07470703276339918,1.0,1.0,0.0008071553311310709,1.0,0.99609375,True,1.7471857070922852,7.227566957473755,0.13267149626876973,0.5687651658501394,0.5821483720990978,1.679242451985677,0.2955729067325592
single_shape,TinyCNN,7,template_retention_0.1,1.0,0.12168325483798981,0.745596112360239,1.0,0.9485880533854166,0.5567826587374908,0.4849695977211439,0.3252147533443666,0.3046875,0.10449218680150807,1.0,1.0,0.0010289994534105062,1.0,0.99609375,True,1.0592541694641113,6.516294002532959,0.15975484437677728,0.7393978485995134,0.7410071151342393,1.5081197420756023,0.3046875
single_shape,TinyCNN,7,template_retention_1,0.9921875,0.3659523129463196,0.9205746247687776,1.0,0.9366861979166666,0.580168210661543,0.55470625115945,0.36564555078713634,0.39453125,0.11767578218132257,0.98828125,0.99609375,0.0014635429251939058,1.0,1.0,True,0.43736833333969116,6.076655149459839,0.1890607003723137,0.9091888618913119,0.9248503588584925,0.8011031150817871,0.39453125
single_shape,TinyCNN,8,frozen_random_unitnorm,0.84375,1.1609705686569214,0.11584491980741593,0.11584491980741593,0.8677571614583334,0.19194803756161333,0.5323372264852835,0.3011312257716702,0.3880208432674408,0.19010416883975267,0.859375,0.89453125,0.0009610253619030118,0.9609375,0.96484375,True,0.0,3.073572874069214,0.2312060007136133,0.1396906744964009,0.11162862838395121,0.022913729151089985,0.4036458432674408
single_shape,TinyCNN,8,frozen_spectrum,0.8359375,1.1482360363006592,0.36976878796472057,0.36976878796472057,0.8322347005208333,0.22070955471634474,0.4382479496018067,0.19480144419351003,0.4466145932674408,0.14957682322710752,0.86328125,0.90234375,0.0005247500957921147,0.99609375,1.0,True,0.0,3.0638883113861084,0.24344650540829665,0.41438015843794807,0.3346197141267638,0.026117389400800068,0.453125
single_shape,TinyCNN,8,frozen_templates,0.9375,1.066698670387268,1.0,1.0,0.8832600911458334,0.5475900176991472,0.5522076591896994,0.20943921678899452,0.6315104365348816,0.12207031296566129,0.9296875,0.984375,0.0005717466119676828,1.0,0.99609375,True,0.0,2.969977855682373,0.34276844240070486,1.0,1.0,0.04076008995374044,0.6276041865348816
single_shape,TinyCNN,8,random,1.0,0.042737238109111786,0.2717552649048312,0.11584492107386843,0.9807128906250001,0.25681185638420534,0.515466464070971,0.2270011687806333,0.35546875,0.03499348950572312,1.0,1.0,0.0012219015043228865,1.0,1.0,True,1.6465022563934326,6.5700860023498535,0.28846529529033765,0.24078961100190888,0.2691622473038915,1.8029921849568684,0.35546875
single_shape,TinyCNN,8,random_unitnorm,1.0,0.04223964735865593,0.23307806631743827,0.11584491980741593,0.9854125976562499,0.23441380137642376,0.5578869895691483,0.22239237086077301,0.390625,0.03173828146827873,1.0,1.0,0.0009175462182611227,1.0,1.0,True,1.6689724922180176,6.26788592338562,0.33549461870837527,0.2364893491568928,0.18225187037622703,1.8025228182474773,0.390625
single_shape,TinyCNN,8,spectrum_init,1.0,0.04858759045600891,0.3159188784621382,0.36976878796472057,0.9829305013020834,0.28542877185401616,0.6252440689778243,0.24069992737908963,0.4609375,0.04101562466530595,1.0,1.0,0.0006266942946240306,1.0,1.0,True,1.7128887176513672,7.429775238037109,0.3845441415987346,0.306924724902916,0.32544352728844644,1.7689110438028972,0.4609375
single_shape,TinyCNN,8,spectrum_retention_1,0.9921875,0.30847007036209106,0.37105781631430623,0.36976878796472057,0.9406534830729166,0.25428780138727364,0.655977989754135,0.3377228311387311,0.4453125,0.061035156482830644,0.9921875,1.0,0.0022471589036285877,1.0,1.0,True,0.4399840235710144,6.926677942276001,0.31825515861540393,0.3528925875032377,0.3601900312101583,0.8975602785746256,0.4453125
single_shape,TinyCNN,8,template_init,1.0,0.03955317288637161,0.6861354191512742,1.0,0.9822591145833334,0.4332951208836132,0.5234604146729344,0.2332644024592314,0.3255208432674408,0.05859375052386895,1.0,1.0,0.000518502201884985,1.0,1.0,True,1.7299118041992188,6.011910915374756,0.29019601221370295,0.6990237693990182,0.706933209076114,1.8120304743448894,0.3255208432674408
single_shape,TinyCNN,8,template_retention_0.1,1.0,0.08136622607707977,0.7810336035503042,1.0,0.97637939453125,0.5393170222947391,0.5654326819928892,0.26901040825039885,0.375,0.06250000119325705,1.0,1.0,0.0008283270872198045,1.0,1.0,True,0.9897572994232178,306.3575608730316,0.29642227374249036,0.7822177259635377,0.7768166178844365,1.6328118642171223,0.375
single_shape,TinyCNN,8,template_retention_1,1.0,0.28060951828956604,0.9220760598684451,1.0,0.9608561197916666,0.5966635700193167,0.6526765880457136,0.32387823986877734,0.4401041567325592,0.07731119834352285,1.0,1.0,0.001809002598747611,1.0,1.0,True,0.42664119601249695,9.766067028045654,0.32879834817693626,0.9155393352565919,0.9114219318925881,0.9641687075297037,0.4401041567325592
single_shape,TinyCNN,9,frozen_random_unitnorm,0.51171875,1.2826356887817383,0.14907267096527171,0.14907267096527171,0.83441162109375,0.2149904823128113,0.6921378298107677,0.35469821251691347,0.39453125,0.24690754897892475,0.51171875,0.765625,0.00029802729841321707,0.921875,0.953125,True,0.0,304.08138608932495,0.3374396172938542,0.16657546532414833,0.2298494060132949,0.006329614669084549,0.5221354365348816
single_shape,TinyCNN,9,frozen_spectrum,0.84375,1.175479769706726,0.4022641070367632,0.4022641070367632,0.8407185872395833,0.10565344428358951,0.588593705442054,0.268725074802844,0.51171875,0.2008463554084301,0.8671875,0.921875,0.0003406913601793349,0.9765625,0.98828125,True,0.0,2.882988214492798,0.31986863063921,0.38536729971670414,0.40053815704854306,0.022782504558563232,0.5299479365348816
single_shape,TinyCNN,9,frozen_templates,0.84375,1.1608036756515503,1.0,1.0,0.8754882812500001,0.5275655185067105,0.5114714388561015,0.30441535969483124,0.4739583432674408,0.20198567677289248,0.828125,0.9609375,0.00037237274227663875,0.98046875,1.0,True,0.0,3.0695719718933105,0.20705607916127022,1.0,1.0,0.021025873720645905,0.5481770634651184
single_shape,TinyCNN,9,random,1.0,0.06590918451547623,0.33216457608253563,0.1490726699057417,0.965087890625,0.22784078418122505,0.3656381761506985,0.2232776018436043,0.2005208283662796,0.0465494793606922,1.0,1.0,0.001333986409008503,1.0,1.0,True,1.5761101245880127,6.393385887145996,0.1423605743070942,0.3282888181656537,0.27048760228888075,1.7333974838256836,0.2005208283662796
single_shape,TinyCNN,9,random_unitnorm,1.0,0.07453189045190811,0.3124633371086134,0.14907267096527171,0.9644368489583333,0.23483473105662594,0.4473954298432309,0.23411694827960147,0.29296875,0.04638671799330041,1.0,1.0,0.0014446733985096216,1.0,1.0,True,1.6428776979446411,5.705041170120239,0.2132784815636294,0.32119113746487404,0.24354408320596654,1.7016833623250325,0.29296875
single_shape,TinyCNN,9,spectrum_init,1.0,0.09250138700008392,0.3085699989297799,0.4022641070367632,0.9515380859374999,0.2844328986832271,0.5578009199455174,0.24731458533444883,0.41796875,0.04899088610545732,1.0,1.0,0.0007856570882722735,1.0,1.0,True,1.6749417781829834,6.582160949707031,0.31048633461106856,0.21909893627404323,0.25908210114230573,1.6008164087931316,0.41796875
single_shape,TinyCNN,9,spectrum_retention_1,0.99609375,0.4564545452594757,0.4023177230121032,0.4022641070367632,0.9302978515625,0.15214704043221325,0.6444402869416536,0.3412095542775997,0.4739583432674408,0.09244791639503092,0.9921875,0.98828125,0.0016981191001832485,1.0,1.0,True,0.46163707971572876,6.451108694076538,0.30323073266405387,0.4204745055967555,0.31013135467355607,0.5909883975982666,0.4739583432674408
single_shape,TinyCNN,9,template_init,1.0,0.0884961187839508,0.6387564668910979,1.0,0.9654541015625,0.4171115097662598,0.5412376936939255,0.2490791378560674,0.3463541567325592,0.05208333279006183,1.0,1.0,0.001056918641552329,1.0,1.0,True,1.7026841640472412,8.628695964813232,0.2921585558378581,0.6297329940610256,0.5936261422382654,1.6307320594787598,0.3463541567325592
single_shape,TinyCNN,9,template_retention_0.1,1.0,0.138571098446846,0.7506620869746834,1.0,0.9610595703124999,0.5209202049314711,0.6021218447787211,0.27999144234050977,0.4401041567325592,0.062337240611668676,1.0,1.0,0.0011112891370430589,1.0,1.0,True,1.0532615184783936,7.137510776519775,0.32213040243821134,0.7110618578560038,0.7169721039207049,1.4399573008219402,0.4401041567325592
single_shape,TinyCNN,9,template_retention_1,1.0,0.3708275854587555,0.9120186411639633,1.0,0.93634033203125,0.5754859795198853,0.6325830812953754,0.3205826939842886,0.4401041567325592,0.07128906162688509,1.0,1.0,0.001357833738438785,1.0,1.0,True,0.4554634690284729,7.081396102905273,0.3120003873110868,0.8832635402223856,0.8911974731876475,0.7578740119934082,0.4401041567325592
single_shape,TwoLayerCNN,0,frozen_random_unitnorm,1.0,0.0318099744617939,0.16174701748066272,0.16174701748066272,0.852783203125,0.2977587467088523,0.26247278043375477,0.23651981899575053,0.009114583022892475,0.02246093789290171,1.0,1.0,0.0007009399123489857,1.0,1.0,True,0.0,13.511815071105957,0.02595296143800424,0.16055576030393448,0.15636625668410956,1.84590482711792,0.009114583022892475
single_shape,TwoLayerCNN,0,frozen_spectrum,1.0,0.020002391189336777,0.3662199392604094,0.3662199392604094,0.8607381184895834,0.06850351771649213,0.18672939493543272,0.16995989171645787,0.00390625,0.010742187674622983,0.99609375,0.99609375,0.0011507694143801928,1.0,1.0,True,0.0,11.22500491142273,0.016769503218974857,0.4015556431106537,0.30616485713817326,1.9004753430684407,0.00390625
single_shape,TwoLayerCNN,0,frozen_templates,1.0,0.02613082155585289,1.0,1.0,0.8733723958333334,0.47173987042713095,0.22368550706956147,0.20244404778250719,0.03125,0.010579427194898017,1.0,1.0,0.0004888249677605927,1.0,1.0,True,0.0,10.9895658493042,0.021241459287054287,1.0,1.0,1.869526704152425,0.03125
single_shape,TwoLayerCNN,0,random,1.0,0.0027478025294840336,0.2567197686772117,0.1617470171573085,0.85009765625,0.26800606293334917,0.2130377185313146,0.11731347744632299,0.0234375,0.01936849011690356,1.0,1.0,5.24087154190056e-05,1.0,1.0,True,1.1121985912322998,18.252077102661133,0.0957242410849916,0.31414273729394426,0.262175807292595,1.9859549204508464,0.0234375
single_shape,TwoLayerCNN,0,random_unitnorm,1.0,0.0026684151962399483,0.22357278100078024,0.16174701748066272,0.83123779296875,0.2899817439549719,0.22845188137210615,0.13342878540050063,0.0924479141831398,0.02229817697661929,1.0,1.0,0.00011597992124734446,1.0,1.0,True,1.0974191427230835,18.797456979751587,0.09502309597160552,0.26180325988339315,0.18658623678798333,1.986445426940918,0.0924479141831398
single_shape,TwoLayerCNN,0,spectrum_init,1.0,0.002162732183933258,0.3163446948963956,0.3662199392604094,0.87237548828125,0.07391087900149394,0.18264569448897017,0.11569012287396525,0.0885416641831398,0.009928385145030916,1.0,1.0,6.784861034248024e-05,1.0,1.0,True,1.066838026046753,18.586857080459595,0.06695557161500491,0.29889240194466443,0.37917649637201095,1.989144007364909,0.0885416641831398
single_shape,TwoLayerCNN,0,spectrum_retention_1,1.0,0.019032705575227737,0.36431519518205197,0.3662199392604094,0.8444010416666667,0.06910158002902579,0.21325556290507108,0.19215040377044335,0.0234375,0.010416666889796034,1.0,1.0,0.000327600835589692,1.0,1.0,True,0.10641220211982727,19.646615028381348,0.021105159134627738,0.40897536736129003,0.3988055261300981,1.904831091562907,0.0234375
single_shape,TwoLayerCNN,0,template_init,1.0,0.002517988905310631,0.8328328947812942,1.0,0.8094889322916666,0.5010278674087373,0.19034848300114537,0.12584380051182653,0.02213541604578495,0.00830078125,1.0,1.0,2.905057590396609e-05,1.0,1.0,True,1.1591355800628662,21.920359134674072,0.06450468248931884,0.8356278002395702,0.8287796827479149,1.9867496490478516,0.02213541604578495
single_shape,TwoLayerCNN,0,template_retention_0.1,1.0,0.01114274188876152,0.9535697469294899,1.0,0.796875,0.5398839208235898,0.22329670790062284,0.1851069350095092,0.014322916977107525,0.006510416525998153,1.0,1.0,0.0002489984908606857,1.0,1.0,True,0.467212438583374,20.925673961639404,0.03818977289111364,0.9510886374494232,0.9504823628808736,1.9424492518107097,0.014322916977107525
single_shape,TwoLayerCNN,0,template_retention_1,1.0,0.023696275427937508,0.9957935203274288,1.0,0.8584798177083334,0.48258706842115456,0.2390330203831279,0.21740280718565952,0.05078125,0.011555989403859712,1.0,1.0,0.0005530806956812739,1.0,1.0,True,0.11606703698635101,19.062936067581177,0.021630213197468384,0.99522425914357,0.9939952532589902,1.8802935282389324,0.05078125
single_shape,TwoLayerCNN,1,frozen_random_unitnorm,1.0,0.04195988178253174,0.09674913177260128,0.09674913177260128,0.8647054036458333,0.21173459311584752,0.21195566611593886,0.23545203076632648,0.013020833022892475,0.008138020755723119,1.0,1.0,0.00094074965454638,1.0,1.0,True,0.0,13.824795961380005,-0.023496364650387624,0.0990666362195137,0.07482960103309069,1.8051611582438152,0.013020833022892475
single_shape,TwoLayerCNN,1,frozen_spectrum,1.0,0.027000749483704567,0.6616983235049809,0.6616983235049809,0.8439737955729167,0.5646161112989067,0.25920779506755287,0.23461934993228886,0.0065104165114462376,0.018717448198003694,1.0,1.0,0.0008696345612406731,1.0,1.0,True,0.0,13.41963529586792,0.02458844513526401,0.6967482557449987,0.6763676596136219,1.8680680592854817,0.0065104165114462376
single_shape,TwoLayerCNN,1,frozen_templates,1.0,0.04029728099703789,1.0,1.0,0.90411376953125,0.5964087233934925,0.33098922194711466,0.25393342536489244,0.1614583283662796,0.01725260457897093,1.0,1.0,0.0013505653478205204,1.0,1.0,True,0.0,10.986829042434692,0.07705579658222222,1.0,1.0,1.8087692260742188,0.1614583283662796
single_shape,TwoLayerCNN,1,random,1.0,0.003361707553267479,0.23164694050474138,0.09674913111465323,0.8407389322916666,0.24534719380064046,0.13089890517820335,0.10493509001122689,0.02864583395421505,0.01334635415696539,1.0,1.0,7.069598359521478e-05,1.0,1.0,True,1.0916048288345337,19.056020975112915,0.02596381516697646,0.2964186094925927,0.4371295575600407,1.98305082321167,0.02864583395421505
single_shape,TwoLayerCNN,1,random_unitnorm,1.0,0.0023428851272910833,0.18435417916021285,0.09674913177260128,0.8851318359375,0.24080261355869667,0.12699400542972072,0.09944284472137499,0.013020833022892475,0.009602864680346102,1.0,1.0,2.835503255482763e-05,1.0,1.0,True,1.0368472337722778,21.310925006866455,0.027551160708345734,0.1956663725785312,0.11660327115223885,1.9877726236979167,0.013020833022892475
single_shape,TwoLayerCNN,1,spectrum_init,1.0,0.0038153696805238724,0.5624237656586368,0.6616983235049809,0.8541463216145834,0.4695804784051495,0.24074794074638428,0.1445856448605269,0.0442708320915699,0.019531249869032763,1.0,1.0,2.706609302549623e-05,1.0,1.0,True,1.0868444442749023,19.032241106033325,0.09616229588585737,0.5262719161429361,0.47600897534312836,1.981096585591634,0.0442708320915699
single_shape,TwoLayerCNN,1,spectrum_retention_1,1.0,0.021985413506627083,0.6627341268720071,0.6616983235049809,0.8485107421875,0.5581783039796446,0.3140498707891357,0.23493713090712445,0.0807291641831398,0.01920572940434795,1.0,1.0,0.000377042917534709,1.0,1.0,True,0.10304715484380722,19.28146195411682,0.07911273988201126,0.6876154640020218,0.678200727827511,1.8916886647542317,0.0807291641831398
single_shape,TwoLayerCNN,1,template_init,1.0,0.0030067649204283953,0.8145655697504477,1.0,0.88690185546875,0.5165621415356811,0.24014483923316143,0.15807199072557238,0.1236979141831398,0.02913411453482695,1.0,1.0,5.5495271226391196e-05,1.0,1.0,True,1.1565338373184204,20.226773977279663,0.08207284850758906,0.8183819618621258,0.8066675546878606,1.9841763178507488,0.1236979141831398
single_shape,TwoLayerCNN,1,template_retention_0.1,1.0,0.012417587451636791,0.9352313620211042,1.0,0.8546549479166667,0.5448846380721658,0.3396529461162685,0.20745999005087024,0.1796875,0.023437500203726813,1.0,1.0,0.0003636626643128693,1.0,1.0,True,0.5354192852973938,20.096125841140747,0.13219295606539827,0.9277909019836486,0.9284526019209013,1.9362719853719075,0.1796875
single_shape,TwoLayerCNN,1,template_retention_1,1.0,0.030384240671992302,0.994335500083211,1.0,0.8949381510416666,0.5646090364697639,0.3170298135404579,0.24081851719385894,0.18359375,0.012044270857586525,1.0,1.0,0.0006394301308318973,1.0,1.0,True,0.13119705021381378,18.668283700942993,0.07621129634659896,0.9941477190820407,0.9943562035431581,1.8513991038004558,0.18359375
single_shape,TwoLayerCNN,2,frozen_random_unitnorm,1.0,0.041190069168806076,0.15531703921322443,0.15531703921322443,0.8200887044270834,0.2343611343453513,0.27601422686774923,0.23519211333887166,0.02994791604578495,0.00618489584303461,1.0,1.0,0.0010728955967351794,1.0,1.0,True,0.0,11.226708889007568,0.040822113528877574,0.14926127529431613,0.11148716462496366,1.806905746459961,0.02994791604578495
single_shape,TwoLayerCNN,2,frozen_spectrum,0.99609375,0.039861954748630524,0.39520919398472154,0.39520919398472154,0.8228556315104166,0.1979391630503043,0.3600739268451867,0.22781370112606864,0.1692708283662796,0.023925781089928932,0.99609375,0.9921875,0.0023517804220318794,1.0,0.99609375,True,0.0,11.895089864730835,0.13226022571911805,0.40189870672651795,0.3372801992589091,1.8240944544474285,0.1705729216337204
single_shape,TwoLayerCNN,2,frozen_templates,1.0,0.03860441967844963,1.0,1.0,0.8723347981770833,0.5529589409502944,0.24395466192679838,0.24903579517803287,0.0416666679084301,0.03678385331295431,1.0,1.0,0.0009368894388899207,1.0,1.0,True,0.0,11.478619813919067,-0.005081133251234493,1.0,1.0,1.8224493662516277,0.0416666679084301
single_shape,TwoLayerCNN,2,random,1.0,0.004554294049739838,0.24708747046202423,0.15531703894536403,0.8100179036458334,0.30477687751246496,0.19962261407858872,0.16117638312921218,0.0455729179084301,0.03222656232537702,1.0,1.0,6.367971946019679e-05,1.0,1.0,True,1.084760308265686,18.224588871002197,0.03844623094937655,0.24373238552922058,0.3097511050751963,1.9766610463460286,0.0455729179084301
single_shape,TwoLayerCNN,2,random_unitnorm,1.0,0.005456986371427774,0.22177253408023298,0.15531703921322443,0.8334757486979166,0.25003915477203065,0.20374830571166558,0.1283058264984278,0.05859375,0.011230468837311491,1.0,1.0,7.52174382796511e-05,1.0,1.0,True,1.0473592281341553,17.554923057556152,0.07544247921323777,0.1778122557230453,0.13757018718886335,1.9724114735921223,0.05859375
single_shape,TwoLayerCNN,2,spectrum_init,1.0,0.007484627887606621,0.35325898507521303,0.39520919398472154,0.8535359700520834,0.21956120768146659,0.32459417739390717,0.13789646689050858,0.2018229216337204,0.020182291700621136,1.0,1.0,0.0006188612896949053,1.0,1.0,True,1.1491963863372803,19.10691785812378,0.1866977105033986,0.3504583169340156,0.35985219905414695,1.9660701751708984,0.2018229216337204
single_shape,TwoLayerCNN,2,spectrum_retention_1,0.99609375,0.036915674805641174,0.3926801459324792,0.39520919398472154,0.82293701171875,0.19917676871153728,0.39266436176720965,0.23430311125058156,0.171875,0.02018229159875773,1.0,0.99609375,0.0012315516360104084,0.99609375,1.0,True,0.11545763164758682,19.2279269695282,0.15836125051662808,0.39779131621191577,0.3369163067276278,1.8355755805969238,0.1731770783662796
single_shape,TwoLayerCNN,2,template_init,1.0,0.006510128267109394,0.8234076558598469,1.0,0.8212483723958333,0.4176779834349741,0.1620171483119257,0.15538670306204622,0.01692708395421505,0.015950520944898017,1.0,1.0,0.0001694665988907218,1.0,1.0,True,1.1043765544891357,19.783638954162598,0.006630445249879491,0.80260289856707,0.8037256882629262,1.967450459798177,0.01692708395421505
single_shape,TwoLayerCNN,2,template_retention_0.1,1.0,0.01958164945244789,0.9462519075108122,1.0,0.8201700846354166,0.49613813077592384,0.1597667106977304,0.2130513206108328,0.01953125,0.030110676569165662,1.0,1.0,0.0005102305440232158,1.0,1.0,True,0.4726479947566986,18.569951057434082,-0.05328460991310238,0.9457953053224856,0.9522176300678267,1.9058826764424641,0.01953125
single_shape,TwoLayerCNN,2,template_retention_1,1.0,0.0362781397998333,0.9957153617583985,1.0,0.8661702473958334,0.5207089796106215,0.22134373463866142,0.25372049668667906,0.03125,0.050781249068677425,1.0,1.0,0.0007084013777785003,1.0,0.99609375,True,0.1119183897972107,18.55011773109436,-0.03237676204801765,0.9953468137740666,0.993463405147474,1.8320881525675456,0.03125
single_shape,TwoLayerCNN,3,frozen_random_unitnorm,1.0,0.025561930611729622,0.12178014543818994,0.12178014543818994,0.8388468424479166,0.22156849837245635,0.17939927552911328,0.2124913366330345,0.0013020833721384406,0.009277343793655746,1.0,1.0,0.0008705597720108926,1.0,1.0,True,0.0,11.884430170059204,-0.03309206110392121,0.11463844504149753,0.10925114744206083,1.8768854141235352,0.0013020833721384406
single_shape,TwoLayerCNN,3,frozen_spectrum,1.0,0.02152758464217186,0.3983914422045509,0.3983914422045509,0.86822509765625,0.2885877552719862,0.28259435015130907,0.19902588396266988,0.0416666679084301,0.010904947732342407,1.0,1.0,0.0004536255728453398,1.0,0.99609375,True,0.0,11.820453882217407,0.0835684661886392,0.36958235680513807,0.3864654064236566,1.894891897837321,0.0416666679084301
single_shape,TwoLayerCNN,3,frozen_templates,1.0,0.02881312556564808,1.0,1.0,0.8892618815104167,0.5497323708000342,0.23080284254299532,0.21854243187688271,0.0729166641831398,0.029785155958961695,1.0,1.0,0.0012038275599479675,1.0,1.0,True,0.0,11.141872882843018,0.012260410666112609,1.0,1.0,1.86826753616333,0.0729166641831398
single_shape,TwoLayerCNN,3,random,1.0,0.0023191741202026606,0.2641501358727698,0.12178014617549215,0.8774820963541666,0.2965329393051435,0.0930352583842774,0.09680615336470079,0.0065104165114462376,0.005045572979724966,1.0,1.0,2.858982225006912e-05,1.0,1.0,True,1.114227294921875,17.521916151046753,-0.003770894980423392,0.260484075828702,0.24831019331650156,1.9879358609517415,0.0065104165114462376
single_shape,TwoLayerCNN,3,random_unitnorm,1.0,0.0022236653603613377,0.25106280130702935,0.12178014543818994,0.8546142578125,0.29958512139492066,0.09467047332678713,0.10418654742236695,0.010416666977107525,0.007649739534826949,1.0,1.0,2.838576983776875e-05,1.0,1.0,True,1.0599225759506226,19.062857389450073,-0.009516074095579821,0.25403272376064767,0.18759841469755056,1.988411585489909,0.010416666977107525
single_shape,TwoLayerCNN,3,spectrum_init,1.0,0.0023477193899452686,0.40734255240262895,0.3983914422045509,0.8421223958333334,0.2662593379296558,0.14937946367314903,0.11397153484307795,0.02994791604578495,0.020182291642413475,1.0,1.0,1.5170166079769842e-05,1.0,1.0,True,1.0846965312957764,19.364970922470093,0.03540792883007107,0.3624302053855082,0.3313417991950012,1.9877681732177734,0.02994791604578495
single_shape,TwoLayerCNN,3,spectrum_retention_1,1.0,0.021313101053237915,0.40179766588742666,0.3983914422045509,0.8606770833333333,0.2763462456003451,0.2638925470787017,0.21953688029740476,0.0364583320915699,0.031087239447515458,1.0,1.0,0.0005266652442514896,1.0,1.0,True,0.10425058007240295,19.80386519432068,0.04435566678129693,0.37186329701820364,0.3845402860457747,1.895474910736084,0.0364583320915699
single_shape,TwoLayerCNN,3,template_init,1.0,0.004099864512681961,0.8230811750451935,1.0,0.8435465494791666,0.48077021992805546,0.18912917490404435,0.10550340278414064,0.0807291641831398,0.006998697892413475,1.0,1.0,0.0001351999817416072,1.0,1.0,True,1.1326062679290771,18.41446304321289,0.08362577211990371,0.8277931750531384,0.8515294493590361,1.979333718617757,0.0807291641831398
single_shape,TwoLayerCNN,3,template_retention_0.1,1.0,0.013320593163371086,0.9455558008942226,1.0,0.8709920247395833,0.4831139660323697,0.1871641405718436,0.16837012606086046,0.0065104165114462376,0.012695312354480848,1.0,1.0,0.0004750380467157811,1.0,0.99609375,True,0.4974927604198456,18.35226607322693,0.018794014510983142,0.9508120984624071,0.9520594652670507,1.935654640197754,0.0065104165114462376
single_shape,TwoLayerCNN,3,template_retention_1,1.0,0.02807246893644333,0.9947654398398587,1.0,0.885986328125,0.5298789249930207,0.19195454400986867,0.20941728707036375,0.03125,0.013020833241171204,1.0,1.0,0.0010112354066222906,1.0,1.0,True,0.1279662698507309,19.2636559009552,-0.017462743060495084,0.9955043529225153,0.9966556834207748,1.8703680038452148,0.03125
single_shape,TwoLayerCNN,4,frozen_random_unitnorm,1.0,0.03548594191670418,0.16579535255105737,0.16579535255105737,0.8927001953125,0.24267063933441205,0.22613169116792708,0.2125874792113583,0.0052083334885537624,0.004231770886690356,1.0,1.0,0.0004800689057447016,1.0,1.0,True,0.0,12.079294919967651,0.013544211956568797,0.16089522997032352,0.18149110882198588,1.8330796559651692,0.0052083334885537624
single_shape,TwoLayerCNN,4,frozen_spectrum,1.0,0.02270890586078167,0.41667566245573784,0.41667566245573784,0.8420410156249999,0.24329553151623612,0.2727839091562688,0.20173921524615973,0.03515625,0.01529947918606922,1.0,1.0,0.00033050187630578876,1.0,1.0,True,0.0,11.661815881729126,0.07104469391010909,0.445699698942979,0.39763100326503964,1.8899976412455242,0.03515625
single_shape,TwoLayerCNN,4,frozen_templates,0.99609375,0.03850843757390976,1.0,1.0,0.8847249348958334,0.6352012241270836,0.32501906977631156,0.2361435592263912,0.15234375,0.016764322746894322,0.99609375,1.0,0.0006009255303069949,1.0,1.0,True,0.0,13.6231689453125,0.08887551054992038,1.0,1.0,1.8336900075276692,0.1536458283662796
single_shape,TwoLayerCNN,4,random,1.0,0.0022560616489499807,0.3467812216981487,0.16579535266628828,0.8740030924479166,0.33484807316727644,0.10354248831554835,0.10039722938698048,0.0013020833721384406,0.003906250058207661,1.0,1.0,5.230139322520699e-06,1.0,1.0,True,1.1388194561004639,18.74585795402527,0.0031452589285678734,0.33041698666475783,0.25961622004976054,1.9882750511169434,0.0013020833721384406
single_shape,TwoLayerCNN,4,random_unitnorm,1.0,0.0021343757398426533,0.2934732147798227,0.16579535255105737,0.87945556640625,0.33530006556407244,0.08921837483052752,0.0865839746281795,0.0052083334885537624,0.0016276041860692203,1.0,1.0,4.4758289732271805e-06,1.0,1.0,True,1.0733721256256104,18.299983978271484,0.0026344002023480223,0.2719083124501447,0.27334305988670526,1.9889028867085774,0.0052083334885537624
single_shape,TwoLayerCNN,4,spectrum_init,1.0,0.0031925798393785954,0.3548864634630885,0.41667566245573784,0.8540852864583334,0.27239366290860045,0.10389477643115741,0.11187019441239107,0.0065104165114462376,0.011555989389307797,1.0,1.0,0.00012069543299730867,1.0,1.0,True,1.0607460737228394,22.409522771835327,-0.007975417981233662,0.3545376638578796,0.3663229471242357,1.9842012723286946,0.0065104165114462376
single_shape,TwoLayerCNN,4,spectrum_retention_1,1.0,0.020560551434755325,0.41129507845430857,0.41667566245573784,0.8460489908854166,0.26018911675174006,0.2136818499121853,0.20374980114343988,0.014322916977107525,0.023763020464684814,1.0,1.0,0.00028127437690272927,1.0,1.0,True,0.10721531510353088,20.133506059646606,0.009932048768745427,0.43686179235325,0.3850103445868493,1.9003318150838215,0.014322916977107525
single_shape,TwoLayerCNN,4,template_init,0.99609375,0.011268161237239838,0.8167500225952737,1.0,0.86968994140625,0.5306057069344683,0.23506449817226704,0.11777343145549433,0.09375,0.004394531293655746,0.99609375,1.0,0.00034470128593966365,1.0,1.0,True,1.1500968933105469,21.36398482322693,0.11729106671677271,0.814747708107231,0.8062149823096654,1.9773284594217937,0.0950520858168602
single_shape,TwoLayerCNN,4,template_retention_0.1,0.99609375,0.016680873930454254,0.9450375744656312,1.0,0.8486531575520834,0.5727618530844022,0.31997238627913005,0.18432479540844143,0.09375,0.011230468619032763,1.0,0.99609375,0.0003782359417527914,1.0,1.0,True,0.4973755180835724,20.771443843841553,0.13564759087068862,0.9398381522269688,0.9423149799023285,1.931957721710205,0.0950520858168602
single_shape,TwoLayerCNN,4,template_retention_1,0.99609375,0.03362388536334038,0.995854191650468,1.0,0.8530476888020834,0.6399777849590811,0.33578025161431824,0.23569692671730627,0.14453125,0.013346353967790492,0.99609375,1.0,0.00044206465827301145,1.0,1.0,True,0.12450140714645386,21.123734951019287,0.10008332489701197,0.9944774522187038,0.9949618487411631,1.8573733965555828,0.1458333283662796
single_shape,TwoLayerCNN,5,frozen_random_unitnorm,1.0,0.02123977430164814,0.13192035503574884,0.13192035503574884,0.8523356119791667,0.28084407193162625,0.22447039552018977,0.22140058347095942,0.0065104165114462376,0.006673177224001847,1.0,1.0,0.0005243688938207924,1.0,1.0,True,0.0,13.145142078399658,0.003069812049230347,0.14272908978459828,0.20884265009867678,1.8928966522216797,0.0065104165114462376
single_shape,TwoLayerCNN,5,frozen_spectrum,1.0,0.01407435443252325,0.3781134861721553,0.3781134861721553,0.8968709309895834,0.23791409525825152,0.23939419385094673,0.19866278747333474,0.014322916977107525,0.019531250232830644,1.0,1.0,0.0001657078682910651,1.0,1.0,True,0.0,12.583356857299805,0.040731406377611995,0.35320790453168177,0.30285483432223004,1.9288331667582195,0.014322916977107525
single_shape,TwoLayerCNN,5,frozen_templates,1.0,0.015143483877182007,1.0,1.0,0.8991495768229167,0.588784232910711,0.19775155437798353,0.18742564653017416,0.02473958395421505,0.008138020915794186,1.0,1.0,0.0001894100132631138,1.0,1.0,True,0.0,13.663235902786255,0.010325907847809374,1.0,1.0,1.923399289449056,0.02473958395421505
single_shape,TwoLayerCNN,5,random,1.0,0.001676150131970644,0.3107250273899146,0.1319203543680162,0.84173583984375,0.3469005782161347,0.1437555348544992,0.10855948687628934,0.0338541679084301,0.016927083182963543,1.0,1.0,0.00011122341675218195,1.0,1.0,True,1.090895175933838,18.48823308944702,0.03519604797820987,0.33774130213461895,0.3942331914055541,1.9915402730305989,0.0338541679084301
single_shape,TwoLayerCNN,5,random_unitnorm,1.0,0.001201894716359675,0.25148006570605613,0.13192035503574884,0.8564860026041667,0.32468286412586816,0.12611591624879936,0.105436914656205,0.010416666977107525,0.017252604011446238,1.0,1.0,1.2683602108154446e-05,1.0,1.0,True,1.0724387168884277,19.927740812301636,0.020679001592594365,0.24435553663129447,0.3023345730712468,1.993665059407552,0.010416666977107525
single_shape,TwoLayerCNN,5,spectrum_init,1.0,0.0011823609238490462,0.3122104655990447,0.3781134861721553,0.8647257486979166,0.3129850912850072,0.13714067368735905,0.10249167668631906,0.0559895820915699,0.013834635668899864,1.0,1.0,5.017990588385146e-06,1.0,1.0,True,1.092117428779602,20.5815110206604,0.03464899700103999,0.35567600856197246,0.27347083649437953,1.9937645594278972,0.0559895820915699
single_shape,TwoLayerCNN,5,spectrum_retention_1,1.0,0.014273255132138729,0.3688196961811598,0.3781134861721553,0.8899943033854166,0.24962654478292456,0.2197339031137966,0.2119800095077003,0.0403645820915699,0.02197265658469405,1.0,1.0,0.00020694275735877454,1.0,1.0,True,0.10397454351186752,20.015841007232666,0.007753893606096296,0.3764958839185565,0.2713106527721363,1.9278710683186848,0.0403645820915699
single_shape,TwoLayerCNN,5,template_init,1.0,0.00152297830209136,0.8230026451585235,1.0,0.8478800455729166,0.5007863334871139,0.1402056355598723,0.09257036350684969,0.0065104165114462376,0.0032552083575865254,1.0,1.0,3.921611096302513e-06,1.0,1.0,True,1.1071690320968628,20.463521718978882,0.04763527205302262,0.8171556583893642,0.7830769905991513,1.9919349352518718,0.0065104165114462376
single_shape,TwoLayerCNN,5,template_retention_0.1,1.0,0.0071088410913944244,0.9528749404312479,1.0,0.85650634765625,0.5841185843455685,0.22195961273138798,0.1605446194613579,0.010416666977107525,0.005696614578482695,1.0,1.0,4.570119199343026e-05,1.0,1.0,True,0.4437904357910156,21.181243896484375,0.06141499327003008,0.9516471325803082,0.9367417969040066,1.962976614634196,0.010416666977107525
single_shape,TwoLayerCNN,5,template_retention_1,1.0,0.012468286789953709,0.9974504577074178,1.0,0.8888142903645834,0.5817405154095071,0.24336564122283544,0.19221785996572405,0.0455729179084301,0.008951822848757729,1.0,1.0,0.00014387784176506102,1.0,1.0,True,0.08909489959478378,22.110033988952637,0.05114778125711139,0.9968071020725824,0.9958958178795876,1.9361387888590496,0.0455729179084301
single_shape,TwoLayerCNN,6,frozen_random_unitnorm,0.99609375,0.05023077875375748,0.19019775284710294,0.19019775284710294,0.9047444661458334,0.3047300636303141,0.2630001100020226,0.21673804969962351,0.02734375,0.0193684896803461,1.0,0.99609375,0.0014397030463442206,1.0,1.0,True,0.0,12.939200162887573,0.0462620603023991,0.18023168593109,0.21329025409698105,1.7917188008626301,0.02864583395421505
single_shape,TwoLayerCNN,6,frozen_spectrum,1.0,0.029171280562877655,0.4476232675561216,0.4476232675561216,0.862548828125,0.20010862855273467,0.20294250239495093,0.22085178285095636,0.0065104165114462376,0.014485677224001847,1.0,1.0,0.0006872532540000975,1.0,1.0,True,0.0,15.759999990463257,-0.017909280456005428,0.3389721112394172,0.4288561345407885,1.861594518025716,0.0065104165114462376
single_shape,TwoLayerCNN,6,frozen_templates,1.0,0.04248417913913727,1.0,1.0,0.9046427408854167,0.5777931980991071,0.28760137176012435,0.2620343012734562,0.0546875,0.03645833395421505,1.0,1.0,0.002045414876192808,1.0,1.0,True,0.0,12.26207423210144,0.02556707048666812,1.0,1.0,1.8036309878031414,0.0546875
single_shape,TwoLayerCNN,6,random,1.0,0.006725568789988756,0.28549070564852796,0.1901977536524076,0.8756306966145834,0.3819859128254313,0.17474331135476373,0.11560565087567294,0.0611979179084301,0.008951823008828796,1.0,1.0,0.00021002905850764364,1.0,1.0,True,1.07508385181427,21.037970781326294,0.05913766047909079,0.2433010035463386,0.35446826428563066,1.96896759668986,0.0611979179084301
single_shape,TwoLayerCNN,6,random_unitnorm,1.0,0.008527424186468124,0.2556763943604466,0.19019775284710294,0.8492635091145834,0.3942939595417827,0.17286989059735824,0.12082416192549686,0.0416666679084301,0.017578124985448085,0.99609375,0.99609375,0.001106885727494955,1.0,1.0,True,1.0619416236877441,25.565229892730713,0.052045728671861385,0.2295274354494305,0.29022963277653224,1.9629758199055989,0.0416666679084301
single_shape,TwoLayerCNN,6,spectrum_init,1.0,0.005434016231447458,0.43714775905883874,0.4476232675561216,0.8718668619791666,0.27884425866992246,0.12795600390260942,0.09707798243503593,0.0052083334885537624,0.002766927078482695,1.0,1.0,0.00012487384083215147,1.0,1.0,True,1.145736575126648,22.806631803512573,0.030878021467573485,0.3950973483112419,0.3231230306565058,1.9733560880025227,0.0052083334885537624
single_shape,TwoLayerCNN,6,spectrum_retention_1,1.0,0.02853812836110592,0.4546112583570922,0.4476232675561216,0.8606363932291666,0.23412635002737406,0.28593792095216664,0.21902467495088457,0.0833333358168602,0.0063476562791038305,1.0,1.0,0.0006773947970941663,1.0,1.0,True,0.09938795864582062,21.696565866470337,0.06691324600128207,0.4230524856726099,0.4269851516950315,1.8649217287699382,0.0833333358168602
single_shape,TwoLayerCNN,6,template_init,1.0,0.0058301412500441074,0.8083640806632126,1.0,0.8450113932291666,0.42486721747228384,0.1373578364787622,0.13225611755562716,0.01953125,0.010091145988553762,1.0,1.0,0.00017047044821083546,1.0,1.0,True,1.1539363861083984,24.245463132858276,0.005101718923135046,0.8047781950872143,0.8278870211210443,1.9713571866353352,0.01953125
single_shape,TwoLayerCNN,6,template_retention_0.1,1.0,0.01872028037905693,0.9499476439653765,1.0,0.8384806315104166,0.47799102891208134,0.22684974569522232,0.19879375995679,0.0338541679084301,0.015462239825865254,1.0,1.0,0.00046509940875694156,1.0,1.0,True,0.46250852942466736,23.129642963409424,0.02805598573843232,0.9494417868987182,0.9527689627872469,1.9104379018147786,0.0338541679084301
single_shape,TwoLayerCNN,6,template_retention_1,1.0,0.03248433768749237,0.9966416263888171,1.0,0.9009602864583334,0.5604897796762179,0.23704977847097197,0.24258200504649086,0.0494791679084301,0.024088542064419016,1.0,1.0,0.0008368809358216822,1.0,1.0,True,0.10535386204719543,21.58416509628296,-0.005532226575518884,0.9964617992986564,0.9970835386085799,1.8480130831400554,0.0494791679084301
single_shape,TwoLayerCNN,7,frozen_random_unitnorm,1.0,0.03245696797966957,0.1673608094702742,0.1673608094702742,0.8778889973958333,0.2617246643931807,0.2035271363575203,0.2273673544686728,0.02083333395421505,0.01399739587213844,1.0,1.0,0.0005536805838346481,1.0,1.0,True,0.0,15.451705694198608,-0.0238402181111525,0.17514491438374577,0.20831386649771771,1.846357822418213,0.02083333395421505
single_shape,TwoLayerCNN,7,frozen_spectrum,1.0,0.02963157556951046,0.3254928783485188,0.3254928783485188,0.8250935872395833,0.36265321763706804,0.3801612308591824,0.2305049493377631,0.1197916641831398,0.025553385727107525,1.0,1.0,0.0009528602240607142,1.0,1.0,True,0.0,18.494170904159546,0.1496562815214193,0.28913553880092946,0.25978148199162454,1.861615816752116,0.1197916641831398
single_shape,TwoLayerCNN,7,frozen_templates,1.0,0.03239743411540985,1.0,1.0,0.8913777669270834,0.5647556437050597,0.30911765409587244,0.18757163318560693,0.0911458358168602,0.004394531191792339,0.99609375,0.99609375,0.000809671706520021,1.0,0.99609375,True,0.0,13.692222356796265,0.1215460209102655,1.0,1.0,1.8534614245096843,0.0911458358168602
single_shape,TwoLayerCNN,7,random,1.0,0.0029945755377411842,0.2952506301520934,0.16736081033456252,0.8381551106770833,0.3515675464502651,0.15893479295116075,0.11989948708337539,0.01692708395421505,0.010416666540550068,1.0,1.0,0.0001624179567443207,1.0,1.0,True,1.1742650270462036,23.92989182472229,0.039035305867785364,0.2668289428854872,0.29521112996412124,1.9845104217529297,0.01692708395421505
single_shape,TwoLayerCNN,7,random_unitnorm,1.0,0.003010287182405591,0.26452622904961376,0.1673608094702742,0.8332722981770834,0.32734655410266017,0.11819249574608581,0.13636995942001312,0.014322916977107525,0.019042968371650204,1.0,1.0,3.53190116584301e-05,1.0,1.0,True,1.1560137271881104,23.079880237579346,-0.018177463673927308,0.3121510291251457,0.22771199441034387,1.984432856241862,0.014322916977107525
single_shape,TwoLayerCNN,7,spectrum_init,1.0,0.0034963246434926987,0.2838693107187785,0.3254928783485188,0.8388671875,0.32776705801805994,0.16738587638286273,0.1324856595132246,0.014322916977107525,0.014485676947515458,1.0,1.0,0.00011606096086325124,1.0,1.0,True,1.1202048063278198,21.59803080558777,0.03490021686963812,0.2581138199460695,0.17611356627462377,1.9819326400756836,0.014322916977107525
single_shape,TwoLayerCNN,7,spectrum_retention_1,1.0,0.024210773408412933,0.3207657229094186,0.3254928783485188,0.8150634765625,0.3538593218993366,0.38724406245146303,0.230787664265986,0.1223958358168602,0.023763021163176745,1.0,1.0,0.0008685149950906634,1.0,1.0,True,0.1086837649345398,24.95089101791382,0.15645639818547705,0.28444886751466625,0.22043864734323906,1.8829727172851562,0.1223958358168602
single_shape,TwoLayerCNN,7,template_init,1.0,0.0048887403681874275,0.8319312218441008,1.0,0.8276570638020834,0.4948760070553006,0.10955049583365906,0.10080356031310528,0.01171875,0.003417968677240424,1.0,1.0,0.0001382873160764575,1.0,1.0,True,1.1500134468078613,22.930960178375244,0.008746935520553778,0.835982677171492,0.8512155108315578,1.9763965606689453,0.01171875
single_shape,TwoLayerCNN,7,template_retention_0.1,1.0,0.015541932545602322,0.9534903340431221,1.0,0.8122355143229166,0.5407493150990975,0.2094942423138454,0.15132370600557554,0.04296875,0.004231770726619288,1.0,1.0,0.0004167030565440655,1.0,1.0,True,0.4535974860191345,22.07356595993042,0.05817053630826985,0.9506628228779006,0.9460496034801406,1.926666259765625,0.04296875
single_shape,TwoLayerCNN,7,template_retention_1,0.99609375,0.029085135087370872,0.996430217662883,1.0,0.87518310546875,0.5524891721584694,0.3254775452610481,0.18482838756676345,0.1119791641831398,0.0039062499854480848,0.99609375,1.0,0.0006171184359118342,1.0,0.99609375,True,0.10610325634479523,21.002865076065063,0.14064915769428465,0.9954545315499224,0.9963325614245615,1.868991216023763,0.11328125
single_shape,TwoLayerCNN,8,frozen_random_unitnorm,1.0,0.03186332806944847,0.14179658263327513,0.14179658263327513,0.881591796875,0.1595060973063431,0.2423487670954455,0.23937051733554354,0.0013020833721384406,0.008626302005723119,1.0,1.0,0.0006192750297486782,1.0,1.0,True,0.0,618.1912262439728,0.002978249759901963,0.14659008161114773,0.15623775237268261,1.8471554120381672,0.0013020833721384406
single_shape,TwoLayerCNN,8,frozen_spectrum,1.0,0.036928195506334305,0.36976878796472057,0.36976878796472057,0.8322347005208333,0.22070955471634474,0.24774362941603956,0.2314085255471483,0.0234375,0.04622395848855376,0.99609375,0.99609375,0.0012788604944944382,1.0,1.0,True,0.0,14.332324981689453,0.016335103868891254,0.41438015843794807,0.3346197141267638,1.8442001342773438,0.0234375
single_shape,TwoLayerCNN,8,frozen_templates,1.0,0.03427641838788986,1.0,1.0,0.8832600911458334,0.5475900176991472,0.36972429496817927,0.2429149119796713,0.23828125,0.021972656177240424,1.0,1.0,0.0006314887432381511,1.0,1.0,True,0.0,615.0062510967255,0.12680938298850797,1.0,1.0,1.8359769185384114,0.23828125
single_shape,TwoLayerCNN,8,random,1.0,0.002637615194544196,0.2754872526121744,0.14179658234331807,0.8490193684895833,0.2464486847587522,0.18008516575162414,0.11418873541738497,0.0846354141831398,0.008789062427240424,1.0,1.0,3.8323843909893185e-05,1.0,1.0,True,1.0957913398742676,625.9078071117401,0.06589643033423917,0.32774257338573026,0.3970717447862284,1.986873944600423,0.0846354141831398
single_shape,TwoLayerCNN,8,random_unitnorm,1.0,0.0034059896133840084,0.24381733021120056,0.14179658263327513,0.84893798828125,0.22247415060332318,0.1872806644667241,0.11066689340235993,0.0403645820915699,0.006184895901242271,1.0,1.0,3.2398176699643955e-05,1.0,1.0,True,1.0512207746505737,22.593055963516235,0.07661377106436416,0.2791301937064651,0.3059090051546035,1.9836462338765461,0.0403645820915699
single_shape,TwoLayerCNN,8,spectrum_init,1.0,0.003963136579841375,0.319725610755869,0.36976878796472057,0.8255411783854166,0.31046765775349267,0.13570195570819665,0.12392322122177267,0.013020833022892475,0.013183593691792339,1.0,1.0,0.00011254380660830066,1.0,1.0,True,1.127342939376831,22.701122045516968,0.011778734486423983,0.36713795736599975,0.38465627791865226,1.9804210662841797,0.013020833022892475
single_shape,TwoLayerCNN,8,spectrum_retention_1,1.0,0.03265407308936119,0.3760615220150476,0.36976878796472057,0.8245239257812499,0.24658967404943732,0.21442968093479775,0.23567548603189492,0.0065104165114462376,0.04557291674427688,1.0,1.0,0.0011755756568163633,1.0,1.0,True,0.11602826416492462,116.44551086425781,-0.02124580509709717,0.3934287849575874,0.4895661442125506,1.8626823425292969,0.0065104165114462376
single_shape,TwoLayerCNN,8,template_init,1.0,0.004932301118969917,0.8201051808871376,1.0,0.8662923177083334,0.48351778914308424,0.2579760023856591,0.1564329600608732,0.1419270783662796,0.021484375043655746,1.0,1.0,0.0005216540303081274,1.0,1.0,True,1.1274585723876953,26.743041038513184,0.10154304232478589,0.8212116995278832,0.8146761433715449,1.9769117037455242,0.1419270783662796
single_shape,TwoLayerCNN,8,template_retention_0.1,1.0,0.01499123778194189,0.9518088256257783,1.0,0.8607991536458334,0.4985817849266488,0.3676760390573921,0.22131834961273628,0.2122395783662796,0.03759765671566129,1.0,1.0,0.0006404228624887764,1.0,1.0,True,0.4709090292453766,629.4664149284363,0.14635768944465583,0.9550471599624867,0.9447322291344753,1.9302654266357422,0.2122395783662796
single_shape,TwoLayerCNN,8,template_retention_1,1.0,0.030315009877085686,0.995977741637135,1.0,0.8756510416666667,0.5425668103961812,0.3663847361860557,0.25399605105979345,0.23828125,0.03238932287786156,1.0,1.0,0.0011434005573391914,1.0,0.99609375,True,0.11863473057746887,25.287423849105835,0.11238868512626227,0.9954525064262572,0.9963438799194416,1.860687255859375,0.23828125
single_shape,TwoLayerCNN,9,frozen_random_unitnorm,0.99609375,0.04523082450032234,0.17271698547153935,0.17271698547153935,0.8211466471354166,0.24714370045694387,0.23686504441220135,0.22179681324677464,0.0078125,0.0043945312208961695,1.0,0.99609375,0.0014818115159869194,1.0,1.0,True,0.0,15.462498188018799,0.015068231165426715,0.18262807208165974,0.1704915992865326,1.8115728696187336,0.009114583022892475
single_shape,TwoLayerCNN,9,frozen_spectrum,1.0,0.042210038751363754,0.4022641070367632,0.4022641070367632,0.8407185872395833,0.10565344428358951,0.30281627925282495,0.205705967196717,0.1119791641831398,0.011230468691792339,1.0,1.0,0.0010304638417437673,1.0,1.0,True,0.0,16.28184723854065,0.09711031205610796,0.38536729971670414,0.40053815704854306,1.8153176307678223,0.1119791641831398
single_shape,TwoLayerCNN,9,frozen_templates,1.0,0.0405706986784935,1.0,1.0,0.8754882812500001,0.5275655185067105,0.2621196711399796,0.2551185400145493,0.0768229141831398,0.03710937517462298,1.0,1.0,0.0010500798234716058,1.0,1.0,True,0.0,13.515016317367554,0.007001131125430271,1.0,1.0,1.8113025029500325,0.0768229141831398
single_shape,TwoLayerCNN,9,random,1.0,0.010608872398734093,0.3027815478447927,0.1727169853187056,0.8565877278645834,0.2708480574753255,0.14899487785625964,0.12000505629805822,0.0494791679084301,0.008789062601863407,1.0,1.0,0.00021370983449742198,1.0,1.0,True,1.0767109394073486,625.5741119384766,0.02898982155820143,0.3202295082630636,0.30172580610650457,1.95526917775472,0.0494791679084301
single_shape,TwoLayerCNN,9,random_unitnorm,1.0,0.01194151584059,0.26419620128425514,0.17271698547153935,0.8365681966145833,0.25350542998648395,0.08628790200800696,0.12056693666886165,0.0,0.007161458284826949,1.0,1.0,0.00024001847486943007,1.0,1.0,True,1.0278193950653076,627.3218193054199,-0.03427903466085469,0.25510090222970283,0.31512037426608946,1.953466256459554,0.0
single_shape,TwoLayerCNN,9,spectrum_init,1.0,0.006912231910973787,0.3675192883201328,0.4022641070367632,0.83740234375,0.16703408337544234,0.22169876317030524,0.10014317157639992,0.0677083358168602,0.004394531206344254,1.0,1.0,7.494536839658394e-05,1.0,1.0,True,1.0361814498901367,22.406939268112183,0.12155559159390532,0.3998496323734742,0.5189031599397183,1.9655952453613281,0.0677083358168602
single_shape,TwoLayerCNN,9,spectrum_retention_1,1.0,0.038074295967817307,0.40029049739971584,0.4022641070367632,0.83966064453125,0.09840831026257882,0.27488419507541906,0.20579768805083506,0.0442708320915699,0.008463541598757729,1.0,1.0,0.0008222030010074377,1.0,1.0,True,0.10134764760732651,117.06895709037781,0.06908650702458399,0.4100094156826461,0.4435633808770557,1.8272147178649902,0.0442708320915699
single_shape,TwoLayerCNN,9,template_init,1.0,0.008843227289617062,0.8491069869801962,1.0,0.8132120768229166,0.44476905122069393,0.2020612779491342,0.13529858513464565,0.02864583395421505,0.013509114345652051,1.0,1.0,0.00011562331928871572,1.0,1.0,True,1.087007999420166,27.58880877494812,0.06676269281448854,0.8435691837472439,0.8312429775815087,1.9576449394226074,0.02864583395421505
single_shape,TwoLayerCNN,9,template_retention_0.1,1.0,0.024616817012429237,0.9621916190049609,1.0,0.8236897786458334,0.485868869101888,0.25800298533217125,0.19949143949764997,0.03125,0.016438802500488237,1.0,1.0,0.00042221444891765714,1.0,1.0,True,0.44297516345977783,628.1721591949463,0.058511545834521284,0.9615227461241568,0.9687386619821772,1.8864784240722656,0.03125
single_shape,TwoLayerCNN,9,template_retention_1,1.0,0.041114918887615204,0.997445337348936,1.0,0.86859130859375,0.5157691515704963,0.2871233462939975,0.24171470409246298,0.07421875,0.022460937456344254,1.0,1.0,0.0008155979448929429,1.0,1.0,True,0.10169453918933868,625.2913551330566,0.04540864220153451,0.997485828439465,0.9980696834365406,1.8154775301615398,0.07421875
two_concepts,TinyCNN,0,frozen_random_unitnorm,0.421875,1.3450534343719482,0.18754057809245897,0.18754057809245897,0.734710693359375,0.1944659849061441,0.6453468621017129,0.33410256049262715,0.3671875,0.273681640625,0.44140625,0.5859375,0.000694204296451062,0.6796875,0.6640625,True,0.0,2.743309736251831,0.3112443016090857,0.1723526790473784,0.18252255135766482,0.001910107908770442,0.65234375
two_concepts,TinyCNN,0,frozen_spectrum,0.46484375,1.2689541578292847,0.3662199392604094,0.3662199392604094,0.7481689453125,0.099291077719983,0.7841633924434449,0.27085975586004746,0.412109375,0.2529296875,0.44921875,0.8046875,0.001137318555265665,0.78515625,0.6953125,True,0.0,2.4927947521209717,0.5133036365833974,0.383878356588194,0.2976083992204125,0.012767598032951355,0.78125
two_concepts,TinyCNN,0,frozen_templates,0.609375,1.2214903831481934,1.0,1.0,0.7631072998046875,0.4001465303159306,0.8734790676269691,0.23715941112327737,0.515625,0.24462890625,0.671875,0.7734375,0.0008727632230147719,0.8125,0.78515625,True,0.0,3.6487631797790527,0.6363196565036917,1.0,1.0000000000000002,0.020540831610560417,0.697265625
two_concepts,TinyCNN,0,random,0.98828125,0.13745439052581787,0.22233220767609563,0.18754057816724573,0.99505615234375,0.15239887430533056,0.8432304097263225,0.27928955372512493,0.734375,0.10302734375,0.98046875,0.96875,0.007821965962648392,0.9921875,0.99609375,True,1.7603468894958496,6.338874816894531,0.5639408560011976,0.2778258458639659,0.3302500641199209,1.4335036277770996,0.7421875
two_concepts,TinyCNN,0,random_unitnorm,0.984375,0.15358564257621765,0.2180725863758954,0.18754057809245897,0.99395751953125,0.14253278336379238,0.8050194888950342,0.2901001347952455,0.6484375,0.112548828125,0.984375,0.96875,0.008532253094017506,0.9921875,0.99609375,True,1.766106128692627,6.612308025360107,0.5149193540997887,0.28845663234157337,0.2937522280918307,1.3660911321640015,0.650390625
two_concepts,TinyCNN,0,spectrum_init,0.96484375,0.2269228994846344,0.26788451492518095,0.3662199392604094,0.9862518310546875,0.13862725330368514,0.899640822262203,0.2875266298268059,0.794921875,0.129638671875,0.95703125,0.9765625,0.007574144750833511,0.98828125,0.98828125,True,1.7387527227401733,5.533860683441162,0.6121141924353971,0.2928465099362123,0.33527224723364124,1.1751737594604492,0.8203125
two_concepts,TinyCNN,0,spectrum_retention_1,0.84765625,0.7297595739364624,0.33503886034269514,0.3662199392604094,0.95172119140625,0.16144223337086339,0.9114802267088569,0.2912049945887245,0.75390625,0.22998046875,0.84375,0.93359375,0.004569783341139555,0.9765625,0.96484375,True,0.3509179651737213,5.522172212600708,0.6202752321201324,0.36797222187845025,0.45906977556711626,0.2564818859100342,0.87109375
two_concepts,TinyCNN,0,template_init,0.98046875,0.2784069776535034,0.6516560402334903,1.0,0.97607421875,0.29057913779678235,0.7983916799238224,0.2665254298732207,0.638671875,0.09423828125,0.9765625,0.98828125,0.0061268797144293785,0.984375,1.0,True,1.6908299922943115,7.002223253250122,0.5318662500506017,0.6241625904516603,0.6565595136585621,0.9865051507949829,0.650390625
two_concepts,TinyCNN,0,template_retention_0.1,0.98828125,0.3878977298736572,0.7760590244039157,1.0,0.9586944580078125,0.31347374136948153,0.8813500267951744,0.29170516001423624,0.826171875,0.115478515625,0.9765625,0.98046875,0.005651792511343956,0.98828125,1.0,True,1.0349838733673096,7.123577833175659,0.5896448667809382,0.7151548516902753,0.7357269706545921,0.7285088300704956,0.833984375
two_concepts,TinyCNN,0,template_retention_1,0.93359375,0.73061203956604,0.9485347017621601,1.0,0.9307861328125,0.3431645017132007,0.8944899714831283,0.27896546469191197,0.783203125,0.1357421875,0.953125,0.94140625,0.0029959450475871563,0.9921875,0.984375,True,0.33782076835632324,6.228200912475586,0.6155245067912163,0.9234725392737961,0.8581106874069762,0.24943894147872925,0.8203125
two_concepts,TinyCNN,1,frozen_random_unitnorm,0.46484375,1.3365432024002075,0.15616344573608254,0.15616344573608254,0.7498321533203125,0.14827323778778226,0.577342754589526,0.3571286406032518,0.318359375,0.280517578125,0.47265625,0.640625,0.0005497132078744471,0.73046875,0.76171875,True,0.0,2.5056686401367188,0.22021411398627422,0.15311367747045795,0.1880088472850185,0.0019435059512034059,0.5625
two_concepts,TinyCNN,1,frozen_spectrum,0.46875,1.3471699953079224,0.6616983235049809,0.6616983235049809,0.6988677978515625,0.31886318243140394,0.46163082346861606,0.12617507004254835,0.45703125,0.232421875,0.45703125,0.625,0.00028550432762131095,0.8515625,0.8828125,False,0.0,2.410963773727417,0.3354557534260677,0.6823136420900612,0.5872879296823558,0.0013683371944352984,0.63671875
two_concepts,TinyCNN,1,frozen_templates,0.62109375,1.2102644443511963,1.0,1.0,0.7686614990234375,0.4019261691116063,0.9010783397692563,0.2309540913674057,0.560546875,0.263427734375,0.6171875,0.85546875,0.0010672338539734483,0.7890625,0.85546875,True,0.0,2.4492039680480957,0.6701242484018506,1.0,1.0000000000000002,0.023932112380862236,0.798828125
two_concepts,TinyCNN,1,random,0.97265625,0.1597069352865219,0.27772297766686593,0.15616344609454325,0.9923095703125,0.1459930674178817,0.8190590008245457,0.3340305992673466,0.701171875,0.166748046875,0.97265625,0.9765625,0.0070885056629776955,0.98046875,0.99609375,True,1.8265347480773926,6.935912847518921,0.4850284015571992,0.2336904663784626,0.21845322139917644,1.381854772567749,0.71484375
two_concepts,TinyCNN,1,random_unitnorm,0.97265625,0.17834368348121643,0.2665756945761108,0.15616344573608254,0.98516845703125,0.1653643130703475,0.8393080624667459,0.3032636460275996,0.720703125,0.143310546875,0.9765625,0.96875,0.009976455010473728,0.9921875,0.99609375,True,1.7648006677627563,6.9927659034729,0.5360444164391464,0.2701660775002036,0.21390029263969595,1.3093514442443848,0.736328125
two_concepts,TinyCNN,1,spectrum_init,0.96875,0.3073948621749878,0.4980452175845003,0.6616983235049809,0.970428466796875,0.20743340601124863,0.8628758040710212,0.3809496157612786,0.755859375,0.18701171875,0.97265625,0.98046875,0.010688379406929016,0.984375,1.0,True,1.7747619152069092,5.393661975860596,0.48192618830974254,0.5235268324921017,0.6259762531748652,0.922196626663208,0.77734375
two_concepts,TinyCNN,1,spectrum_retention_1,0.86328125,0.8024073839187622,0.6567679805445552,0.6616983235049809,0.9116058349609375,0.26740530554629044,0.9539156141485239,0.4098094995397461,0.818359375,0.228271484375,0.87890625,0.92578125,0.0036757925990968943,0.95703125,0.984375,True,0.3799089193344116,5.602961778640747,0.5441061146087778,0.6194627196737424,0.7079997259914504,0.18637220561504364,0.91796875
two_concepts,TinyCNN,1,template_init,0.9765625,0.3006405532360077,0.6622984524353253,1.0,0.9772796630859375,0.2524579754443093,0.8487783577428697,0.33435933440461585,0.755859375,0.180908203125,0.96484375,0.97265625,0.00891595333814621,0.98828125,0.9921875,True,1.7436470985412598,7.35464072227478,0.5144190233382538,0.6231433136137005,0.5402624946738153,0.9470058083534241,0.7734375
two_concepts,TinyCNN,1,template_retention_0.1,0.9765625,0.39211106300354004,0.7753898377304009,1.0,0.960174560546875,0.27467207877017663,0.8288821050636245,0.34998035996864874,0.751953125,0.1884765625,0.94921875,0.95703125,0.007365322206169367,0.984375,0.9921875,True,1.0754237174987793,5.624905824661255,0.47890174509497574,0.7168788446831232,0.6059047687318105,0.7370524406433105,0.76171875
two_concepts,TinyCNN,1,template_retention_1,0.8984375,0.7790712118148804,0.948335210982984,1.0,0.91363525390625,0.3490573888419023,0.8651464154991009,0.36775049593615977,0.662109375,0.207275390625,0.88671875,0.90234375,0.002985335886478424,0.9609375,0.9765625,True,0.3584984838962555,5.491926193237305,0.4973959195629411,0.9347665781157618,0.917757858427307,0.2196100950241089,0.705078125
two_concepts,TinyCNN,2,frozen_random_unitnorm,0.6171875,1.2623558044433594,0.13655835075410264,0.13655835075410264,0.7918701171875,0.19034276309263387,0.8070662713465975,0.34104429821567367,0.564453125,0.265625,0.6796875,0.75,0.0012952792458236217,0.76171875,0.81640625,True,0.0,2.448390007019043,0.4660219731309238,0.16113818138177177,0.1510268687206821,0.007565011736005545,0.70703125
two_concepts,TinyCNN,2,frozen_spectrum,0.5,1.3033993244171143,0.39520919398472154,0.39520919398472154,0.703399658203125,0.1724898437817457,0.7820643171938124,0.4089544712843054,0.462890625,0.28857421875,0.48828125,0.796875,0.0005027572042308748,0.7734375,0.76171875,True,0.0,2.454751968383789,0.373109845909507,0.43359100111741866,0.5386798472623072,0.005192277487367392,0.775390625
two_concepts,TinyCNN,2,frozen_templates,0.4609375,1.2098983526229858,1.0,1.0,0.768402099609375,0.40069556313253535,0.9486171662399524,0.4787431621829707,0.56640625,0.338134765625,0.46484375,0.85546875,0.0008124804589897394,0.80859375,0.83203125,True,0.0,2.248178005218506,0.4698740040569817,1.0,1.0000000000000002,0.024526698514819145,0.77734375
two_concepts,TinyCNN,2,random,0.9921875,0.12379910796880722,0.22676558585527062,0.1365583521541667,0.98583984375,0.17677434394095493,0.8628311786730585,0.2545036454961771,0.771484375,0.095703125,0.984375,0.9921875,0.0053637148812413216,0.9921875,1.0,True,1.8686861991882324,5.792273998260498,0.6083275331768814,0.20653409765748,0.22429313732055164,1.4619871377944946,0.779296875
two_concepts,TinyCNN,2,random_unitnorm,1.0,0.1231209859251976,0.2175162135596635,0.13655835075410264,0.9859619140625,0.1608400573628624,0.8439066579559585,0.2601989604180091,0.75390625,0.0888671875,0.98046875,0.98046875,0.006805053912103176,1.0,1.0,True,1.8651764392852783,5.882145166397095,0.5837076975379494,0.2005729040958685,0.210094601206099,1.4548463821411133,0.75390625
two_concepts,TinyCNN,2,spectrum_init,0.9921875,0.19252823293209076,0.3608554326071055,0.39520919398472154,0.98870849609375,0.20131696644384617,0.9172690843826062,0.27510445799592775,0.875,0.091552734375,0.95703125,0.96484375,0.011085787788033485,0.98046875,1.0,True,1.8640743494033813,5.307462930679321,0.6421646263866785,0.3084892093281295,0.2943842729026129,1.2224578857421875,0.876953125
two_concepts,TinyCNN,2,spectrum_retention_1,0.84375,0.7048485279083252,0.40331578334803164,0.39520919398472154,0.94915771484375,0.17485267841523988,0.939816262970226,0.3155375346665811,0.76953125,0.19921875,0.81640625,0.921875,0.005249624140560627,0.9921875,1.0,True,0.3936690390110016,7.316926002502441,0.624278728303645,0.3628799115028116,0.38954728620814716,0.26929616928100586,0.875
two_concepts,TinyCNN,2,template_init,0.9921875,0.19816496968269348,0.5969129815423075,1.0,0.992401123046875,0.29028242149183836,0.9039235257893551,0.29876003365603204,0.828125,0.110595703125,0.984375,0.984375,0.008517098613083363,0.9921875,1.0,True,2.0001916885375977,5.706563234329224,0.6051634921333231,0.5463961268718385,0.5821013414382947,1.197688102722168,0.833984375
two_concepts,TinyCNN,2,template_retention_0.1,0.984375,0.3111499547958374,0.7210808726923986,1.0,0.9881744384765625,0.2851521952019687,0.8845360312402999,0.3259065459866656,0.78125,0.118896484375,0.97265625,0.96484375,0.009705624543130398,0.98828125,0.9921875,True,1.2131035327911377,6.215832948684692,0.5586294852536343,0.6649639678147288,0.6602455762336457,0.86564040184021,0.79296875
two_concepts,TinyCNN,2,template_retention_1,0.9375,0.7877730131149292,0.9447448872663535,1.0,0.868377685546875,0.3447717251632636,0.9147417824131142,0.43856541742752947,0.716796875,0.18994140625,0.9296875,0.9296875,0.0032566343434154987,0.9765625,0.98828125,True,0.3676178455352783,5.6371071338653564,0.47617636498558474,0.93072568387169,0.9178311655153909,0.20822463929653168,0.755859375
two_concepts,TinyCNN,3,frozen_random_unitnorm,0.42578125,1.3348355293273926,0.14126722998061342,0.14126722998061342,0.748077392578125,0.2048024814701665,0.6462639967608921,0.24243006942587172,0.412109375,0.28271484375,0.4609375,0.6015625,0.0006275636842474341,0.76171875,0.6875,True,0.0,2.691309928894043,0.4038339273350203,0.1782817831417809,0.15327328420167147,0.0020667253993451595,0.693359375
two_concepts,TinyCNN,3,frozen_spectrum,0.2578125,1.3882893323898315,0.3983914422045509,0.3983914422045509,0.7282867431640625,0.16741234133036093,-0.144195959034634,-0.09767362471999659,0.271484375,0.261474609375,0.2578125,0.74609375,0.00027967538335360587,0.81640625,0.76953125,True,0.0,2.217500925064087,-0.04652233431463741,0.40942930509972,0.36408539526678574,0.0004439059994183481,0.66015625
two_concepts,TinyCNN,3,frozen_templates,0.54296875,1.2513059377670288,1.0,1.0,0.7692108154296875,0.39080330100426286,0.9016039160422902,0.3342133151904125,0.49609375,0.2685546875,0.55859375,0.87109375,0.0004446222446858883,0.828125,0.828125,True,0.0,2.59743595123291,0.5673906008518776,1.0,1.0000000000000002,0.012616858817636967,0.8046875
two_concepts,TinyCNN,3,random,0.99609375,0.15820135176181793,0.2147326591227899,0.1412672307345014,0.99365234375,0.20270397794525963,0.953526435690713,0.3693113655412673,0.91015625,0.197265625,0.99609375,0.99609375,0.006182392127811909,1.0,1.0,True,1.6283327341079712,5.387500047683716,0.5842150701494457,0.208692190078275,0.1114650979921725,1.3272695541381836,0.912109375
two_concepts,TinyCNN,3,random_unitnorm,0.98046875,0.23629319667816162,0.17909944493801336,0.14126722998061342,0.98773193359375,0.2424706905470722,0.9370219594456649,0.36573678948930066,0.87890625,0.17529296875,0.98046875,0.96875,0.006685113534331322,0.9921875,0.99609375,True,1.470403790473938,6.298694849014282,0.5712851699563642,0.20731220382350565,0.12320061743768938,1.0948151350021362,0.896484375
two_concepts,TinyCNN,3,spectrum_init,0.9609375,0.4402649700641632,0.36204976653047194,0.3983914422045509,0.98602294921875,0.1550670743566763,0.9649263691990064,0.46270200263034844,0.8984375,0.251220703125,0.94921875,0.96875,0.007202776148915291,0.9921875,1.0,True,1.3317745923995972,5.371317148208618,0.502224366568658,0.36801256697157847,0.3846447213445895,0.610832691192627,0.921875
two_concepts,TinyCNN,3,spectrum_retention_1,0.8203125,0.9300640225410461,0.3966576006486131,0.3983914422045509,0.93414306640625,0.15064214247752417,0.9535517199746383,0.41657153123848023,0.7890625,0.263427734375,0.83984375,0.9296875,0.0025348877534270287,0.97265625,0.98046875,True,0.34479600191116333,5.184478998184204,0.536980188736158,0.39745963655706895,0.4142941680981264,0.09275005012750626,0.921875
two_concepts,TinyCNN,3,template_init,0.9140625,0.5287519097328186,0.7335397430583492,1.0,0.97509765625,0.29953169605010466,0.8285106213976312,0.46066279387302767,0.607421875,0.22998046875,0.921875,0.921875,0.004350387025624514,0.984375,0.984375,True,1.342179298400879,5.47561502456665,0.36784782752460354,0.6568836678580725,0.6105684831594558,0.5714250206947327,0.666015625
two_concepts,TinyCNN,3,template_retention_0.1,0.87890625,0.6207204461097717,0.8050458334488391,1.0,0.945068359375,0.31176606360834225,0.8262728381383722,0.4568484738726016,0.58203125,0.21630859375,0.87890625,0.89453125,0.0033109283540397882,0.9921875,0.9765625,True,0.8822113871574402,5.317706108093262,0.3694243642657706,0.7483451645732458,0.6503293348699448,0.4406118392944336,0.65234375
two_concepts,TinyCNN,3,template_retention_1,0.68359375,0.9244703650474548,0.9600540708842921,1.0,0.83172607421875,0.3670058038565617,0.9336900939027848,0.40904191810353485,0.630859375,0.2421875,0.6875,0.89453125,0.0017601505387574434,0.93359375,0.9296875,True,0.29919737577438354,7.247334003448486,0.5246481757992499,0.9366682980507842,0.8936601548177429,0.14841687679290771,0.794921875
two_concepts,TinyCNN,4,frozen_random_unitnorm,0.390625,1.3538808822631836,0.13766490400574852,0.13766490400574852,0.6972808837890625,0.16277540917920852,0.5580353040951221,0.3374992326168923,0.24609375,0.23876953125,0.390625,0.55078125,0.0005313968285918236,0.6796875,0.71875,True,0.0,2.978555917739868,0.22053607147822984,0.12078838673462337,0.1021890330053628,0.0011453675106167793,0.58203125
two_concepts,TinyCNN,4,frozen_spectrum,0.5625,1.3123102188110352,0.41667566245573784,0.41667566245573784,0.72509765625,0.1942434432615358,0.5841641679863702,0.17787620110217128,0.478515625,0.26513671875,0.55078125,0.76171875,0.0004764560144394636,0.84375,0.87109375,True,0.0,2.6075730323791504,0.4062879668841989,0.37542105823159316,0.5258283362978081,0.0029780790209770203,0.6640625
two_concepts,TinyCNN,4,frozen_templates,0.61328125,1.213018774986267,1.0,1.0,0.77001953125,0.3964659171275529,0.9311563640109435,0.06384929558898522,0.59765625,0.243408203125,0.6015625,0.84375,0.0009588733082637191,0.81640625,0.80859375,True,0.0,2.3309760093688965,0.8673070684219583,1.0,1.0000000000000002,0.023597367107868195,0.83984375
two_concepts,TinyCNN,4,random,0.96875,0.14579987525939941,0.2846189633301771,0.13766490219565825,0.9722747802734375,0.14173772093244819,0.832091415605304,0.23027205149650726,0.7421875,0.061767578125,0.97265625,0.98046875,0.006526237819343805,1.0,1.0,True,1.813908338546753,5.9354212284088135,0.6018193641087968,0.30649332102182725,0.36624240321805657,1.4579428434371948,0.76171875
two_concepts,TinyCNN,4,random_unitnorm,0.96484375,0.1852170079946518,0.2599193073554508,0.13766490400574852,0.9680938720703125,0.13473759652075798,0.849635521336972,0.25654148379961716,0.75390625,0.07568359375,0.9609375,0.98046875,0.008129812777042389,0.98828125,0.9921875,True,1.7550450563430786,5.921420097351074,0.5930940375373548,0.28442692801038605,0.29330091031958855,1.3483539819717407,0.78125
two_concepts,TinyCNN,4,spectrum_init,0.9609375,0.23940542340278625,0.29479161182099467,0.41667566245573784,0.9842529296875,0.20092508869332842,0.8875910126704128,0.18861267942303986,0.798828125,0.063720703125,0.9609375,0.97265625,0.007256878074258566,0.98046875,0.984375,True,1.6086020469665527,5.814300298690796,0.698978333247373,0.296126074852487,0.33123423481256736,1.141793966293335,0.828125
two_concepts,TinyCNN,4,spectrum_retention_1,0.921875,0.6550736427307129,0.38590575148278283,0.41667566245573784,0.9556732177734375,0.20017420412016562,0.9343606278751414,0.17166365391443345,0.822265625,0.089111328125,0.90625,0.9375,0.005094824358820915,0.9765625,0.984375,True,0.3785429000854492,6.022762060165405,0.7626969739607079,0.32296477820333347,0.35872557650991177,0.3119955360889435,0.87109375
two_concepts,TinyCNN,4,template_init,0.96875,0.2896170914173126,0.6781516605928356,1.0,0.9620361328125,0.24972167114210225,0.8883030600531958,0.24402766158475542,0.818359375,0.1298828125,0.9609375,0.984375,0.006209554150700569,0.98828125,0.99609375,True,1.5826843976974487,5.8434062004089355,0.6442753984684404,0.633742157581053,0.6817849314921921,1.018691897392273,0.8359375
two_concepts,TinyCNN,4,template_retention_0.1,0.9609375,0.37868690490722656,0.8014005375588662,1.0,0.9493865966796875,0.3225599312856956,0.9117880562930719,0.2333340241566722,0.83203125,0.137451171875,0.95703125,0.97265625,0.006800286006182432,0.98828125,0.99609375,True,0.9861345291137695,5.584420919418335,0.6784540321363997,0.7356355431064907,0.5994512190083406,0.7783228158950806,0.86328125
two_concepts,TinyCNN,4,template_retention_1,0.94921875,0.7201396822929382,0.9477029533956589,1.0,0.9112091064453125,0.37256516524139993,0.9439062622000893,0.21803415811622295,0.90625,0.150390625,0.94140625,0.97265625,0.003826866624876857,0.96875,0.9921875,True,0.34534531831741333,5.90505313873291,0.7258721040838664,0.9220292500654595,0.8561814685173446,0.24790556728839874,0.943359375
two_concepts,TinyCNN,5,frozen_random_unitnorm,0.4375,1.3395916223526,0.15402479952973908,0.15402479952973908,0.71435546875,0.15591791440873884,0.6120668872447329,0.37386664357968974,0.416015625,0.300048828125,0.40625,0.60546875,0.0006429784698411822,0.73046875,0.7578125,True,0.0,2.257821798324585,0.23820024366504317,0.18184915182712946,0.13276123144361826,0.0017065389547497034,0.689453125
two_concepts,TinyCNN,5,frozen_spectrum,0.55078125,1.245492696762085,0.3781134861721553,0.3781134861721553,0.7978668212890625,0.16090454878755034,0.6738548454965259,0.2628562086633076,0.455078125,0.25537109375,0.53125,0.82421875,0.0011246321955695748,0.80859375,0.875,True,0.0,2.2359399795532227,0.41099863683321824,0.3963991126052542,0.5149145416647171,0.013810992240905762,0.73046875
two_concepts,TinyCNN,5,frozen_templates,0.4921875,1.2608544826507568,1.0,1.0,0.763824462890625,0.3827250342945483,0.8615806572325386,0.08395916578585833,0.482421875,0.248779296875,0.5234375,0.78515625,0.0005153216188773513,0.85546875,0.85546875,True,0.0,2.6199240684509277,0.7776214914466804,1.0,1.0000000000000002,0.012085508555173874,0.666015625
two_concepts,TinyCNN,5,random,0.9921875,0.13968868553638458,0.23936160772222712,0.15402479947873085,0.98992919921875,0.18743654838980472,0.879808700296088,0.2443029101405178,0.8203125,0.1064453125,1.0,0.9921875,0.006307306233793497,1.0,0.99609375,True,1.6952450275421143,5.842944860458374,0.6355057901555703,0.27996397963555264,0.3087863662694649,1.391314148902893,0.826171875
two_concepts,TinyCNN,5,random_unitnorm,0.9921875,0.16227568686008453,0.222891994672269,0.15402479952973908,0.9869384765625,0.19512110051144543,0.8325960885520971,0.26277129942830024,0.751953125,0.1201171875,0.99609375,0.99609375,0.00756265502423048,1.0,0.9921875,True,1.696570634841919,5.583878993988037,0.5698247891237969,0.2473910538120801,0.30291664356720005,1.3113653659820557,0.75390625
two_concepts,TinyCNN,5,spectrum_init,0.9921875,0.26521381735801697,0.2638929442605836,0.3781134861721553,0.98443603515625,0.1372301327628787,0.8371047797012917,0.28798752281560125,0.767578125,0.138671875,0.984375,0.984375,0.008105210959911346,0.99609375,0.9921875,True,1.670807957649231,5.5059778690338135,0.5491172568856905,0.2986821955035874,0.3727254028115622,1.0028547048568726,0.771484375
two_concepts,TinyCNN,5,spectrum_retention_1,0.8671875,0.7562446594238281,0.363700528966995,0.3781134861721553,0.912689208984375,0.17323646198162132,0.7838811209483828,0.3368231649957105,0.626953125,0.213623046875,0.875,0.91015625,0.005336466245353222,0.9921875,0.984375,True,0.3965364098548889,5.373260021209717,0.4470579559526723,0.40244103822234284,0.2956350407405926,0.22027722001075745,0.724609375
two_concepts,TinyCNN,5,template_init,0.98046875,0.2596670985221863,0.6374143816864681,1.0,0.97760009765625,0.311870057007164,0.8465999889029356,0.30880457454423976,0.763671875,0.126953125,0.98828125,0.9765625,0.008092387579381466,0.9921875,0.98828125,True,1.697646975517273,5.872936964035034,0.5377954143586958,0.5814160117055407,0.6122883236931478,1.0269750356674194,0.7734375
two_concepts,TinyCNN,5,template_retention_0.1,0.98046875,0.3422212302684784,0.7555148120563449,1.0,0.957916259765625,0.33105575066876725,0.8578784236901486,0.32437166399366935,0.76171875,0.14013671875,0.984375,0.97265625,0.007525890599936247,0.99609375,0.98828125,True,1.0919387340545654,5.56642484664917,0.5335067596964792,0.6588387733959578,0.5455355870543506,0.7985573410987854,0.765625
two_concepts,TinyCNN,5,template_retention_1,0.9609375,0.7628929615020752,0.9286943734406559,1.0,0.947998046875,0.37037513590601656,0.8356800007452865,0.336823539952798,0.703125,0.1552734375,0.97265625,0.96484375,0.004298007115721703,0.99609375,0.98828125,True,0.40035781264305115,6.258054256439209,0.49885646079248847,0.8863109544948842,0.8280068751914341,0.19034163653850555,0.71484375
two_concepts,TinyCNN,6,frozen_random_unitnorm,0.39453125,1.3497602939605713,0.15214654144567108,0.15214654144567108,0.7601776123046875,0.22594317807769956,0.3092555017529791,0.23494993281574655,0.279296875,0.250244140625,0.41015625,0.73046875,0.0005344878882169724,0.7109375,0.66796875,True,0.0,4.011037111282349,0.07430556893723256,0.11981737926911584,0.16305631226513073,0.0012566098012030125,0.66015625
two_concepts,TinyCNN,6,frozen_spectrum,0.36328125,1.3404728174209595,0.4476232675561216,0.4476232675561216,0.68280029296875,0.11450788437369835,0.33405330094320773,0.10492132285125559,0.396484375,0.281005859375,0.37890625,0.7265625,0.00039736120379529893,0.8203125,0.8203125,True,0.0,4.077762126922607,0.22913197809195213,0.5021858118606828,0.46965623808153867,0.0020516428630799055,0.62890625
two_concepts,TinyCNN,6,frozen_templates,0.4375,1.221554160118103,1.0,1.0,0.768951416015625,0.397078358075374,0.9085148893804059,0.12451704103491759,0.533203125,0.280029296875,0.48046875,0.84765625,0.0007556128548458219,0.81640625,0.81640625,True,0.0,3.781291961669922,0.7839978483454884,1.0,1.0000000000000002,0.02273666299879551,0.666015625
two_concepts,TinyCNN,6,random,0.96484375,0.168159618973732,0.2783460645998773,0.1521465403201037,0.986328125,0.22480215186110153,0.8718718062286985,0.3245732819431422,0.765625,0.127197265625,0.9765625,0.95703125,0.013857254758477211,0.9921875,0.99609375,True,1.7678356170654297,9.47092580795288,0.5472985242855564,0.31687518032178486,0.2775360050895418,1.3613330125808716,0.7890625
two_concepts,TinyCNN,6,random_unitnorm,0.9453125,0.22131675481796265,0.25069007218036754,0.15214654144567108,0.95556640625,0.22338503357850975,0.933641349249985,0.32144241591554457,0.84375,0.14013671875,0.953125,0.96875,0.008952802047133446,0.99609375,0.99609375,True,1.7118815183639526,8.164947986602783,0.6121989333344404,0.2339830243786734,0.2162003189524236,1.2059447765350342,0.880859375
two_concepts,TinyCNN,6,spectrum_init,0.9296875,0.33262595534324646,0.35465897787386397,0.4476232675561216,0.9636688232421875,0.2176968501541362,0.9491436814058761,0.3057764165936638,0.849609375,0.12255859375,0.9375,0.94921875,0.009343469515442848,0.984375,0.9921875,True,1.6264750957489014,8.555174112319946,0.6433672648122124,0.25561180855684246,0.38595726026363636,0.9175752401351929,0.90625
two_concepts,TinyCNN,6,spectrum_retention_1,0.83203125,0.785507082939148,0.4524367654004156,0.4476232675561216,0.899261474609375,0.12168671404438791,0.9619786246342499,0.3001696677603153,0.771484375,0.172607421875,0.83984375,0.94921875,0.0044571151956915855,0.9609375,0.9765625,True,0.36184677481651306,9.77854323387146,0.6618089568739346,0.3828122234805491,0.17588928435718823,0.19513076543807983,0.923828125
two_concepts,TinyCNN,6,template_init,0.9375,0.3078024983406067,0.6834455214557267,1.0,0.9798126220703125,0.30872906538396566,0.9233887877312472,0.27322818104315083,0.8203125,0.16357421875,0.9453125,0.96875,0.010080771520733833,0.98046875,0.984375,True,1.6362265348434448,9.597146034240723,0.6501606066880964,0.6653035402316562,0.6841290119746744,0.9488819241523743,0.86328125
two_concepts,TinyCNN,6,template_retention_0.1,0.9375,0.3946663439273834,0.7950352518184043,1.0,0.9687347412109375,0.3203448880763131,0.9400439143216178,0.2784760111119925,0.859375,0.170166015625,0.92578125,0.94140625,0.010444717481732368,0.96875,0.984375,True,1.0085227489471436,9.251041889190674,0.6615679032096253,0.7371185815700538,0.7531630010552537,0.726617157459259,0.904296875
two_concepts,TinyCNN,6,template_retention_1,0.90234375,0.75496506690979,0.9490099482824662,1.0,0.938262939453125,0.3391548201612775,0.9542411887790658,0.2520221182211804,0.865234375,0.205810546875,0.90234375,0.94140625,0.003837166354060173,0.96875,0.96484375,True,0.34467223286628723,11.844059944152832,0.7022190705578855,0.9258289459539472,0.8706105439841927,0.2132866531610489,0.927734375
two_concepts,TinyCNN,7,frozen_random_unitnorm,0.46875,1.3501183986663818,0.15222703481437558,0.15222703481437558,0.6922607421875,0.181145797579169,0.39001462346786575,0.18398180239917417,0.3359375,0.269287109375,0.46875,0.60546875,0.0005996479303576052,0.6328125,0.6171875,True,0.0,4.122837066650391,0.20603282106869159,0.15059659158433814,0.17563767500908767,0.0010767853818833828,0.53515625
two_concepts,TinyCNN,7,frozen_spectrum,0.5078125,1.343676209449768,0.3254928783485188,0.3254928783485188,0.6488800048828125,0.21001270319912368,0.5980701433804175,0.12089504771402397,0.396484375,0.24853515625,0.51171875,0.7421875,0.0003556263691280037,0.70703125,0.7734375,True,0.0,4.550969123840332,0.47717509566639355,0.3035252361536931,0.3015689106339985,0.0013480689376592636,0.720703125
two_concepts,TinyCNN,7,frozen_templates,0.5546875,1.2209705114364624,1.0,1.0,0.7937469482421875,0.39076746163230314,0.9002703672663138,0.16588814686127956,0.603515625,0.275634765625,0.54296875,0.79296875,0.0006899280706420541,0.84765625,0.80859375,True,0.0,3.646641969680786,0.7343822204050343,1.0,1.0,0.0187310129404068,0.74609375
two_concepts,TinyCNN,7,random,0.99609375,0.14253422617912292,0.2587368437288577,0.15222703373966673,0.9574432373046875,0.14435117745221754,0.9126918956549648,0.25449650165324045,0.88671875,0.112060546875,0.9921875,0.99609375,0.00862889364361763,0.99609375,0.9921875,True,1.8189606666564941,9.31676197052002,0.6581953940017243,0.24811140629475797,0.2646900512050407,1.3995139598846436,0.890625
two_concepts,TinyCNN,7,random_unitnorm,0.99609375,0.16380801796913147,0.2478997397056065,0.15222703481437558,0.964111328125,0.1624422288324566,0.8851235880493495,0.23839582047444396,0.83984375,0.10693359375,0.984375,0.984375,0.011847042478621006,0.99609375,0.98828125,True,1.7902212142944336,9.261372327804565,0.6467277675749056,0.25279237807770766,0.18770653517174207,1.336507797241211,0.83984375
two_concepts,TinyCNN,7,spectrum_init,0.98828125,0.18673306703567505,0.30135840795397006,0.3254928783485188,0.98541259765625,0.2530897215989024,0.8667945104747913,0.23520889192525796,0.802734375,0.089111328125,0.98828125,0.98828125,0.007932469248771667,0.9921875,0.98828125,True,1.8379536867141724,9.43317699432373,0.6315856185495333,0.30732633536878895,0.35478853202339566,1.252496361732483,0.80859375
two_concepts,TinyCNN,7,spectrum_retention_1,0.94140625,0.6267856955528259,0.3204206048519346,0.3254928783485188,0.9678955078125,0.22220729080278856,0.9475425461088374,0.26262605791920307,0.91015625,0.128173828125,0.92578125,0.97265625,0.005089391954243183,0.9921875,0.96875,True,0.39580196142196655,8.605832815170288,0.6849164881896344,0.31453243348263604,0.194357385980293,0.3281182050704956,0.919921875
two_concepts,TinyCNN,7,template_init,0.9921875,0.23490425944328308,0.6440754594294659,1.0,0.9823760986328125,0.2570366454936674,0.8875330893482186,0.21917879363545717,0.837890625,0.053466796875,0.98828125,0.99609375,0.006934497505426407,0.99609375,0.9921875,True,1.8335931301116943,11.554318189620972,0.6683542957127615,0.6421468667498826,0.6246659881200753,1.071923017501831,0.833984375
two_concepts,TinyCNN,7,template_retention_0.1,0.98828125,0.33802512288093567,0.7763726654760641,1.0,0.9750213623046875,0.26077095856604604,0.9109030004835839,0.23044127137125583,0.880859375,0.05859375,0.984375,0.98828125,0.007073789369314909,0.99609375,0.9921875,True,1.085416316986084,8.08830213546753,0.680461729112328,0.7457678784495265,0.7045199957546029,0.8004249334335327,0.875
two_concepts,TinyCNN,7,template_retention_1,0.953125,0.7258149981498718,0.9458649316387464,1.0,0.9586639404296875,0.37252183344553114,0.9411642004965537,0.24676974876083596,0.892578125,0.078369140625,0.9375,0.9453125,0.0034503997303545475,0.9921875,0.984375,True,0.35865336656570435,9.873212814331055,0.6943944517357177,0.9242954064913742,0.8868925783617599,0.2349117398262024,0.890625
two_concepts,TinyCNN,8,frozen_random_unitnorm,0.40234375,1.3352488279342651,0.16051711533488838,0.16051711533488838,0.70361328125,0.21988216982763592,0.6094067642965257,0.27119352496932936,0.322265625,0.260498046875,0.41796875,0.703125,0.0008135023526847363,0.7265625,0.68359375,True,0.0,2.5585250854492188,0.3382132393271964,0.1728108943579538,0.14767520751359536,0.002026501577347517,0.69921875
two_concepts,TinyCNN,8,frozen_spectrum,0.625,1.2893757820129395,0.36976878796472057,0.36976878796472057,0.732513427734375,0.17283899646368342,0.827439964024004,0.2782815881263869,0.5625,0.281005859375,0.625,0.7265625,0.0008510412299074233,0.79296875,0.8125,True,0.0,2.3884589672088623,0.5491583758976171,0.4057244019814023,0.5410340389831241,0.00473427539691329,0.7265625
two_concepts,TinyCNN,8,frozen_templates,0.48046875,1.246824026107788,1.0,1.0,0.7597503662109375,0.4101173443757018,0.865186832853529,0.14507260380695675,0.5703125,0.281982421875,0.44140625,0.84375,0.0007664025761187077,0.77734375,0.83984375,True,0.0,2.2558319568634033,0.7201142290465723,1.0,1.0,0.016525426879525185,0.65625
two_concepts,TinyCNN,8,random,0.984375,0.1451616883277893,0.2018783103480078,0.16051711672422922,0.9857177734375,0.1701450077876397,0.8094248248154502,0.30126147604182657,0.701171875,0.112060546875,0.984375,0.984375,0.0067801708355546,0.9921875,1.0,True,1.780482292175293,9.104382038116455,0.5081633487736237,0.24359132853232135,0.22438848265013314,1.4103593826293945,0.7109375
two_concepts,TinyCNN,8,random_unitnorm,0.9765625,0.16820183396339417,0.21365621824745623,0.16051711533488838,0.97906494140625,0.1797649391107335,0.8103287194729044,0.30861520362053174,0.677734375,0.129638671875,0.98828125,0.98046875,0.010492926463484764,0.98828125,0.99609375,True,1.7785687446594238,6.895473003387451,0.5017135158523727,0.2523729316105532,0.3571901717981284,1.3349742889404297,0.693359375
two_concepts,TinyCNN,8,spectrum_init,0.9765625,0.2351418137550354,0.3268953996087451,0.36976878796472057,0.987548828125,0.22719903371289973,0.9237997946217738,0.3534985967790045,0.86328125,0.180908203125,0.98046875,0.99609375,0.004918999969959259,0.9921875,0.9921875,True,1.8672611713409424,5.680160760879517,0.5703011978427692,0.3437398674553998,0.4072440334540144,1.1302285194396973,0.876953125
two_concepts,TinyCNN,8,spectrum_retention_1,0.90625,0.7102265357971191,0.37676899968915656,0.36976878796472057,0.9438934326171875,0.18758665271576416,0.9620618036726721,0.4107798996826746,0.849609375,0.27001953125,0.9140625,0.9453125,0.005278827156871557,0.97265625,0.97265625,True,0.36154690384864807,5.678063154220581,0.5512819039899975,0.3904900929713305,0.3661866449033342,0.2535671293735504,0.912109375
two_concepts,TinyCNN,8,template_init,0.98828125,0.24427106976509094,0.6444547495039695,1.0,0.9727783203125,0.2986040700139381,0.9009765537648595,0.3472537312327254,0.830078125,0.13427734375,0.98828125,0.9765625,0.006379134487360716,0.99609375,0.99609375,True,1.7857463359832764,6.357967853546143,0.5537228225321341,0.5861192244373173,0.5686167336030159,1.0661792755126953,0.833984375
two_concepts,TinyCNN,8,template_retention_0.1,0.98828125,0.33999985456466675,0.753154274918775,1.0,0.951171875,0.30094643796894427,0.9014341167756184,0.3675383252437746,0.833984375,0.142333984375,0.98828125,0.984375,0.006798148155212402,0.9921875,0.9921875,True,1.133859395980835,5.6787450313568115,0.5338957915318437,0.6870855099641946,0.7118807352577686,0.8041171431541443,0.837890625
two_concepts,TinyCNN,8,template_retention_1,0.9296875,0.8273235559463501,0.9484926229840003,1.0,0.86468505859375,0.3613166499570793,0.9205115936672311,0.33329165078922474,0.673828125,0.16015625,0.9296875,0.96484375,0.002924302127212286,0.9921875,0.9921875,True,0.34888604283332825,5.551831007003784,0.5872199428780064,0.9283307296235406,0.9183296126494908,0.18222764134407043,0.708984375
two_concepts,TinyCNN,9,frozen_random_unitnorm,0.4765625,1.334822177886963,0.1487672452643286,0.1487672452643286,0.820648193359375,0.22720795245331504,0.6186079239238196,0.3260744952875273,0.482421875,0.309326171875,0.54296875,0.57421875,0.0007460139458999038,0.71875,0.76171875,True,0.0,2.1767830848693848,0.2925334286362923,0.13485711971125963,0.12113588166955605,0.0018306646961718798,0.66015625
two_concepts,TinyCNN,9,frozen_spectrum,0.41796875,1.3306241035461426,0.4022641070367632,0.4022641070367632,0.787261962890625,0.12658227320650006,0.7258583539194164,0.24125479261573946,0.40625,0.267822265625,0.42578125,0.65625,0.00048544557648710907,0.875,0.87109375,True,0.0,2.2405858039855957,0.484603561303677,0.40530192856526936,0.38173698979427617,0.0025591927114874125,0.65234375
two_concepts,TinyCNN,9,frozen_templates,0.41796875,1.2802950143814087,1.0,1.0,0.7636566162109375,0.41584431617646544,0.7978471450382384,0.23564157613445919,0.388671875,0.301513671875,0.41015625,0.8125,0.0008909530006349087,0.828125,0.859375,False,0.0,2.261018753051758,0.5622055689037793,1.0,1.0000000000000002,0.010490111075341702,0.6796875
two_concepts,TinyCNN,9,random,0.96484375,0.18876516819000244,0.2614653324434865,0.14876724507553823,0.986328125,0.19233480575674775,0.895233588535999,0.3079193239861887,0.798828125,0.1728515625,0.94921875,0.96875,0.013897166587412357,0.984375,1.0,True,1.7185646295547485,6.7629780769348145,0.5873142645498103,0.26191534509593606,0.29681652338639797,1.382944107055664,0.828125
two_concepts,TinyCNN,9,random_unitnorm,0.9453125,0.23712502419948578,0.25074153064145077,0.1487672452643286,0.98193359375,0.19350850984913265,0.8798314645817074,0.3068173641632217,0.76171875,0.177978515625,0.9453125,0.96484375,0.015911266207695007,0.96484375,0.98828125,True,1.6720973253250122,5.727843999862671,0.5730141004184857,0.2623954177523558,0.29474934064581143,1.2545750141143799,0.79296875
two_concepts,TinyCNN,9,spectrum_init,0.9453125,0.3039869964122772,0.2727154956817375,0.4022641070367632,0.961181640625,0.13566733933693897,0.8692745863777859,0.31909856136974535,0.759765625,0.217529296875,0.94921875,0.98046875,0.009079037234187126,0.9765625,0.984375,True,1.6326661109924316,6.187833070755005,0.5501760250080405,0.3076933791343892,0.3605969971753241,1.0048304796218872,0.78125
two_concepts,TinyCNN,9,spectrum_retention_1,0.8671875,0.8520827889442444,0.39373643001907843,0.4022641070367632,0.9241790771484375,0.12827713421300485,0.9268633888083649,0.35942183620368795,0.796875,0.2109375,0.88671875,0.90234375,0.004284308757632971,0.97265625,0.984375,True,0.3472304940223694,5.497908353805542,0.567441552604677,0.3667167386740566,0.3981732258164908,0.15481708943843842,0.875
two_concepts,TinyCNN,9,template_init,0.96875,0.2429930567741394,0.6345151077406075,1.0,0.97900390625,0.2129986919555265,0.833374692141001,0.35654776432233054,0.712890625,0.148681640625,0.96484375,0.96875,0.013655244372785091,0.984375,0.9921875,True,1.7633256912231445,5.538749933242798,0.4768269278186705,0.6382150669470028,0.7609477621733135,1.0926392078399658,0.736328125
two_concepts,TinyCNN,9,template_retention_0.1,0.97265625,0.3404834270477295,0.757208923692971,1.0,0.96697998046875,0.3018488837758007,0.8776510944332336,0.38677552667702575,0.7734375,0.161376953125,0.95703125,0.95703125,0.012449678033590317,0.9765625,0.98828125,True,1.1117770671844482,5.666077136993408,0.4908755677562079,0.708816596368014,0.6721763565768724,0.8376447558403015,0.796875
two_concepts,TinyCNN,9,template_retention_1,0.9375,0.779187798500061,0.9377802239599596,1.0,0.9268798828125,0.33169880698323684,0.9061930562452236,0.4256375268350966,0.806640625,0.218994140625,0.95703125,0.9375,0.005024801939725876,0.9765625,0.984375,True,0.3780583143234253,5.672603130340576,0.480555529410127,0.9159331098082932,0.8885454032246385,0.18839475512504578,0.83203125
two_concepts,TwoLayerCNN,0,frozen_random_unitnorm,0.9921875,0.0882173627614975,0.12178708961716929,0.12178708961716929,0.7509765625,0.1582756891800574,0.23638047914250004,0.1935933857177304,0.03515625,0.027099609375,0.9921875,0.984375,0.007733379956334829,0.9921875,0.99609375,True,0.0,11.195629119873047,0.042787093424769634,0.11508231812395725,0.1546174583536295,1.6087124347686768,0.0390625
two_concepts,TwoLayerCNN,0,frozen_spectrum,0.97265625,0.20148643851280212,0.3662199392604094,0.3662199392604094,0.7481689453125,0.099291077719983,0.33294546395872315,0.302044573737406,0.1328125,0.1083984375,0.96875,0.98828125,0.013410218991339207,0.984375,0.98828125,True,0.0,11.119776010513306,0.030900890221317145,0.383878356588194,0.2976083992204125,1.2535021305084229,0.1484375
two_concepts,TwoLayerCNN,0,frozen_templates,0.98828125,0.13446733355522156,1.0,1.0,0.7631072998046875,0.4001465303159306,0.39150544150672695,0.26651720051460226,0.173828125,0.098388671875,0.9921875,0.98046875,0.016447655856609344,0.99609375,0.96484375,True,0.0,12.112567901611328,0.12498824099212469,1.0,1.0000000000000002,1.4420877695083618,0.1796875
two_concepts,TwoLayerCNN,0,random,1.0,0.018189912661910057,0.22827541637729237,0.12178708933518745,0.83660888671875,0.22474612673291483,0.32788733146615645,0.08291800679700966,0.140625,0.017822265625,0.99609375,0.99609375,0.006969523150473833,1.0,0.9921875,True,1.2439980506896973,18.600493907928467,0.24496932466914678,0.23398372140574702,0.25648121238946586,1.9105730056762695,0.140625
two_concepts,TwoLayerCNN,0,random_unitnorm,1.0,0.017051665112376213,0.22806728989104152,0.12178708961716929,0.740509033203125,0.25798911671222213,0.16350880563544745,0.08703045663329997,0.05078125,0.014404296875,1.0,1.0,0.003908183425664902,1.0,0.99609375,True,1.2238104343414307,18.21912908554077,0.07647834900214748,0.23836467072190423,0.2720512816230696,1.916064739227295,0.05078125
two_concepts,TwoLayerCNN,0,spectrum_init,1.0,0.022706996649503708,0.3117428014145762,0.3662199392604094,0.7286529541015625,0.10003829272507345,0.1391322309618913,0.15972567803916893,0.02734375,0.0244140625,1.0,1.0,0.006468462757766247,1.0,0.984375,True,1.2633861303329468,18.83136773109436,-0.020593447077277616,0.2515135165687262,0.21671679277415007,1.8900525569915771,0.02734375
two_concepts,TwoLayerCNN,0,spectrum_retention_1,0.984375,0.09729558229446411,0.3622677232872191,0.3662199392604094,0.702362060546875,0.1028235639298054,0.2642262944571938,0.2589660651769987,0.04296875,0.046142578125,0.98828125,0.97265625,0.014257160946726799,0.99609375,0.96484375,True,0.23445945978164673,18.371657133102417,0.0052602292801950945,0.3097100793769507,0.29435339175959496,1.574052095413208,0.05078125
two_concepts,TwoLayerCNN,0,template_init,0.99609375,0.02263703942298889,0.8047544887966351,1.0,0.822418212890625,0.31307829023108535,0.09148193530638771,0.1174123942497636,0.01171875,0.029052734375,0.9921875,0.98828125,0.013831224292516708,0.99609375,0.9921875,True,1.2751922607421875,19.67251181602478,-0.025930458943375895,0.8117281802886649,0.8277171763465799,1.8988616466522217,0.013671875
two_concepts,TwoLayerCNN,0,template_retention_0.1,0.99609375,0.038639843463897705,0.9127592845223857,1.0,0.76007080078125,0.3285150636686076,0.18510153010546837,0.16563798404139102,0.02734375,0.038818359375,0.9921875,0.98828125,0.015615922398865223,0.99609375,0.9921875,True,0.6595016121864319,17.884021997451782,0.019463546064077353,0.9115173974398814,0.929762335652143,1.817995548248291,0.029296875
two_concepts,TwoLayerCNN,0,template_retention_1,1.0,0.0813472718000412,0.9879261294631521,1.0,0.784759521484375,0.37887924798929073,0.3273422448162766,0.2365314481125524,0.091796875,0.06298828125,0.984375,0.984375,0.017227845266461372,0.99609375,0.984375,True,0.1883048415184021,17.402096033096313,0.09081079670372422,0.98643530743777,0.9857348407028159,1.6238303184509277,0.091796875
two_concepts,TwoLayerCNN,1,frozen_random_unitnorm,0.98828125,0.12011144310235977,0.1115578320643936,0.1115578320643936,0.7290191650390625,0.11664681718914721,0.28915610393898505,0.2682519275975135,0.130859375,0.090087890625,1.0,0.98828125,0.008656375110149384,0.99609375,0.99609375,True,0.0,10.671836853027344,0.02090417634147157,0.11715574488677771,0.11736115553626009,1.4759249687194824,0.138671875
two_concepts,TwoLayerCNN,1,frozen_spectrum,0.984375,0.16621863842010498,0.6616983235049809,0.6616983235049809,0.6988677978515625,0.31886318243140394,0.22759237871581828,0.3014265452867754,0.056640625,0.081787109375,0.97265625,0.96484375,0.014795413240790367,0.98828125,0.99609375,True,0.0,11.279484987258911,-0.07383416657095715,0.6823136420900612,0.5872879296823558,1.3368711471557617,0.064453125
two_concepts,TwoLayerCNN,1,frozen_templates,0.98828125,0.14333567023277283,1.0,1.0,0.7686614990234375,0.4019261691116063,0.3395659860991639,0.27589405860991806,0.12890625,0.076171875,0.984375,0.98828125,0.015701565891504288,0.984375,0.9921875,True,0.0,11.00462007522583,0.06367192748924583,1.0,1.0000000000000002,1.429207682609558,0.134765625
two_concepts,TwoLayerCNN,1,random,0.984375,0.03475157171487808,0.20172022076423324,0.1115578319769416,0.845916748046875,0.20524399554798606,0.39423494848294005,0.18107237163892342,0.21484375,0.0751953125,0.99609375,0.98828125,0.008539346978068352,0.9921875,1.0,True,1.2756288051605225,18.137460947036743,0.21316257684401663,0.20181629917209773,0.27566531515598475,1.8644869327545166,0.2265625
two_concepts,TwoLayerCNN,1,random_unitnorm,0.9921875,0.031102586537599564,0.15254499103449243,0.1115578320643936,0.837860107421875,0.1837624552754784,0.4480939771813186,0.20788354596269976,0.283203125,0.09619140625,0.99609375,0.99609375,0.0039013302884995937,1.0,1.0,True,1.2189812660217285,19.289437294006348,0.24021043121861885,0.15466896166913952,0.21087739664309543,1.8689147233963013,0.291015625
two_concepts,TwoLayerCNN,1,spectrum_init,0.99609375,0.030096398666501045,0.5620690102646597,0.6616983235049809,0.7397918701171875,0.2970780270835422,0.13851913849728115,0.15401389298270862,0.015625,0.027099609375,0.99609375,0.9921875,0.005731484387069941,0.9921875,1.0,True,1.3269473314285278,18.340473890304565,-0.015494754485427475,0.5661495476608963,0.5895827080321872,1.8652548789978027,0.017578125
two_concepts,TwoLayerCNN,1,spectrum_retention_1,0.98828125,0.11105118691921234,0.6521503062390306,0.6616983235049809,0.687469482421875,0.33078827717043624,0.11917319007835614,0.296593460484764,0.01953125,0.073486328125,0.9921875,0.98046875,0.01111255306750536,0.98828125,0.9921875,True,0.1952485591173172,18.887437105178833,-0.17742027040640784,0.65532572374566,0.5732474341718733,1.521742820739746,0.025390625
two_concepts,TwoLayerCNN,1,template_init,0.98828125,0.053185611963272095,0.7894358968678195,1.0,0.7909393310546875,0.32417450905969325,0.1532093753203757,0.15350741375355584,0.05078125,0.047607421875,0.98828125,1.0,0.006311546079814434,0.9921875,1.0,True,1.3503680229187012,18.995379209518433,-0.0002980384331801311,0.8091110217313203,0.7761239463799798,1.8418560028076172,0.05859375
two_concepts,TwoLayerCNN,1,template_retention_0.1,0.984375,0.08004581183195114,0.9105800340119359,1.0,0.7866363525390625,0.36537785680231694,0.1732225761432602,0.2232120984911073,0.046875,0.063720703125,0.98828125,0.99609375,0.009553054347634315,0.984375,0.99609375,True,0.6962674856185913,17.470169067382812,-0.04998952234784709,0.9126888514854968,0.9128426977148142,1.7216973304748535,0.0546875
two_concepts,TwoLayerCNN,1,template_retention_1,0.9921875,0.09374032914638519,0.9916495847013738,1.0,0.760498046875,0.3883382761753027,0.3171830220194991,0.28097989360606673,0.10546875,0.06103515625,0.9921875,0.9921875,0.00982747133821249,0.9921875,0.9921875,True,0.1697801947593689,19.65286421775818,0.03620312841343237,0.9915625996450383,0.9923472899853905,1.581383466720581,0.109375
two_concepts,TwoLayerCNN,2,frozen_random_unitnorm,0.99609375,0.10977403074502945,0.16626132329529736,0.16626132329529736,0.7848968505859375,0.18219688906619425,0.38658795568263604,0.22703656089622315,0.154296875,0.0498046875,0.98828125,0.9921875,0.011809147894382477,1.0,1.0,True,0.0,10.909273147583008,0.1595513947864129,0.1834659395980322,0.23033380042554044,1.514155626296997,0.15625
two_concepts,TwoLayerCNN,2,frozen_spectrum,0.9765625,0.1700858324766159,0.39520919398472154,0.39520919398472154,0.703399658203125,0.1724898437817457,0.32193273482793494,0.32774922893488445,0.12890625,0.13916015625,0.96484375,0.97265625,0.018389662727713585,1.0,1.0,True,0.0,11.87630581855774,-0.00581649410694951,0.43359100111741866,0.5386798472623072,1.3246419429779053,0.138671875
two_concepts,TwoLayerCNN,2,frozen_templates,0.8984375,0.35506466031074524,1.0,1.0,0.768402099609375,0.40069556313253535,0.3332640057271268,0.2249205891663778,0.119140625,0.135986328125,0.9140625,0.9453125,0.005260170437395573,0.95703125,0.95703125,True,0.0,11.505189895629883,0.10834341656074897,1.0,1.0000000000000002,1.0314174890518188,0.166015625
two_concepts,TwoLayerCNN,2,random,0.99609375,0.027141965925693512,0.22572661052250664,0.166261323741361,0.813079833984375,0.19623738511494948,0.28597792356300267,0.09964730451934972,0.1171875,0.02978515625,0.984375,0.98046875,0.014018495567142963,0.9921875,1.0,True,1.2414793968200684,18.09710121154785,0.18633061904365295,0.27345230421472544,0.2674240057981968,1.8792856931686401,0.119140625
two_concepts,TwoLayerCNN,2,random_unitnorm,0.9921875,0.03123331069946289,0.22487431552530998,0.16626132329529736,0.827423095703125,0.19088383491514593,0.3318076502598837,0.12699873192455277,0.1875,0.037109375,0.98828125,0.98828125,0.014395840466022491,1.0,1.0,True,1.1809501647949219,18.06032371520996,0.2048089183353309,0.26263221025970296,0.2507773734381258,1.875084400177002,0.19140625
two_concepts,TwoLayerCNN,2,spectrum_init,0.9921875,0.036932580173015594,0.30002403654345156,0.39520919398472154,0.7966461181640625,0.22016579009078796,0.17521523435481368,0.16160568252286706,0.037109375,0.047607421875,0.9921875,0.9921875,0.007427171804010868,0.99609375,1.0,True,1.3180128335952759,24.435802936553955,0.01360955183194662,0.2411827854519682,0.27122763013505213,1.8454551696777344,0.041015625
two_concepts,TwoLayerCNN,2,spectrum_retention_1,0.98046875,0.1230502799153328,0.37467433635752284,0.39520919398472154,0.724090576171875,0.1993607894704612,0.2591627203377921,0.2912321132216097,0.076171875,0.094970703125,0.98046875,0.984375,0.009733523242175579,0.9921875,0.99609375,True,0.22919070720672607,20.515126943588257,-0.032069392883817605,0.32667792038077587,0.4049644483653313,1.5098786354064941,0.0859375
two_concepts,TwoLayerCNN,2,template_init,0.9921875,0.07175301760435104,0.7900197902659756,1.0,0.745391845703125,0.32886351539504255,0.24691263326386748,0.17304453282729854,0.076171875,0.055908203125,0.984375,0.9921875,0.012804383412003517,0.99609375,0.99609375,True,1.3105727434158325,21.365073919296265,0.07386810043656894,0.8018121566090346,0.7776794886115537,1.7157418727874756,0.080078125
two_concepts,TwoLayerCNN,2,template_retention_0.1,0.9921875,0.10397286713123322,0.88637894133944,1.0,0.73797607421875,0.35409244266851614,0.27478815833178527,0.19854741445314844,0.109375,0.05712890625,0.9765625,0.984375,0.012641675770282745,0.99609375,1.0,True,0.7701565027236938,19.335692882537842,0.07624074387863683,0.8866199755257491,0.8870402350440144,1.5927741527557373,0.11328125
two_concepts,TwoLayerCNN,2,template_retention_1,0.98828125,0.1945650726556778,0.9822143853465037,1.0,0.7649688720703125,0.3842040609870655,0.33940938446048396,0.2536181840570447,0.09765625,0.097412109375,0.96875,0.97265625,0.014323193579912186,0.99609375,0.9921875,True,0.22703728079795837,19.426215887069702,0.08579120040343924,0.98809027856785,0.9875744008451603,1.2987052202224731,0.103515625
two_concepts,TwoLayerCNN,3,frozen_random_unitnorm,0.9921875,0.09913914650678635,0.16492754442048305,0.16492754442048305,0.795166015625,0.19524968308583845,0.3049745210412572,0.2054844642888349,0.12890625,0.04638671875,0.9921875,1.0,0.006913335062563419,0.99609375,1.0,True,0.0,13.400927066802979,0.09949005675242231,0.16874226332001985,0.19036075715878342,1.555305004119873,0.130859375
two_concepts,TwoLayerCNN,3,frozen_spectrum,0.98828125,0.18656398355960846,0.3983914422045509,0.3983914422045509,0.7282867431640625,0.16741234133036093,0.3443929577377214,0.25298264474727084,0.1484375,0.095458984375,0.98046875,0.984375,0.012336076237261295,0.9921875,0.9921875,True,0.0,12.16335415840149,0.09141031299045055,0.40942930509972,0.36408539526678574,1.3037171363830566,0.154296875
two_concepts,TwoLayerCNN,3,frozen_templates,0.984375,0.1621718853712082,1.0,1.0,0.7692108154296875,0.39080330100426286,0.37202197573564644,0.25700778043783934,0.134765625,0.096923828125,0.97265625,0.98046875,0.00922432541847229,0.9921875,0.98828125,True,0.0,14.856247901916504,0.1150141952978071,1.0,1.0000000000000002,1.353347659111023,0.146484375
two_concepts,TwoLayerCNN,3,random,0.99609375,0.021951038390398026,0.2859416954905271,0.1649275445623956,0.7421722412109375,0.20352967683959783,0.33267589466947156,0.13241069050140603,0.1953125,0.035400390625,0.99609375,1.0,0.002185668097808957,0.9921875,1.0,True,1.2910075187683105,18.059354782104492,0.20026520416806554,0.30326615374030996,0.2959717624547079,1.911757469177246,0.19921875
two_concepts,TwoLayerCNN,3,random_unitnorm,0.9921875,0.025929847732186317,0.2486332088857361,0.16492754442048305,0.772064208984375,0.2569609897283017,0.3950969945527054,0.12900336839059492,0.228515625,0.033935546875,0.9921875,1.0,0.0022172252647578716,0.9921875,1.0,True,1.241750717163086,18.96712303161621,0.2660936261621105,0.27109932140325793,0.23955585225052076,1.8951654434204102,0.232421875
two_concepts,TwoLayerCNN,3,spectrum_init,0.99609375,0.022730572149157524,0.36037147724945817,0.3983914422045509,0.750213623046875,0.1626248852522143,0.1535363670209049,0.15006971466815763,0.037109375,0.04833984375,0.99609375,1.0,0.002372379880398512,1.0,1.0,True,1.3138189315795898,21.340073823928833,0.0034666523527472626,0.42993445816914766,0.45405791989343725,1.9054938554763794,0.0390625
two_concepts,TwoLayerCNN,3,spectrum_retention_1,0.9921875,0.10332685708999634,0.4021620904179195,0.3983914422045509,0.68145751953125,0.18001844472551792,0.17125927126031804,0.22532282826894554,0.021484375,0.065185546875,0.99609375,0.99609375,0.006223092786967754,0.9921875,1.0,True,0.2310023307800293,20.457252979278564,-0.0540635570086275,0.4183022166768388,0.3792938411545822,1.5716578960418701,0.025390625
two_concepts,TwoLayerCNN,3,template_init,0.9921875,0.032960422337055206,0.793305853251473,1.0,0.7747955322265625,0.3281992175257715,0.28414982841382874,0.15793482976153866,0.107421875,0.045166015625,1.0,0.9921875,0.006807447876781225,1.0,1.0,True,1.319509506225586,19.294820070266724,0.12621499865229008,0.7731858230554787,0.7455603289824149,1.8592867851257324,0.111328125
two_concepts,TwoLayerCNN,3,template_retention_0.1,0.98828125,0.061742328107357025,0.9020323419224529,1.0,0.7510528564453125,0.3582489179289486,0.24236436923931803,0.19890609548960125,0.05859375,0.054443359375,0.99609375,0.98828125,0.00741464551538229,0.9921875,1.0,True,0.719578742980957,19.003262042999268,0.04345827374971678,0.8972167599446126,0.8589701356228492,1.7402806282043457,0.06640625
two_concepts,TwoLayerCNN,3,template_retention_1,0.984375,0.12409698218107224,0.9861188016946303,1.0,0.7820892333984375,0.3866671992504234,0.40053192862181763,0.2513364181879648,0.150390625,0.08349609375,0.99609375,0.98828125,0.008659224957227707,0.99609375,1.0,True,0.21550090610980988,20.450422048568726,0.14919551043385282,0.9879721063773712,0.9829905952147472,1.4965238571166992,0.162109375
two_concepts,TwoLayerCNN,4,frozen_random_unitnorm,0.98828125,0.11514264345169067,0.16011098754711495,0.16011098754711495,0.75592041015625,0.1612638951899995,0.14504275047842863,0.21646855508731083,0.025390625,0.048828125,0.98828125,1.0,0.00460877176374197,0.9921875,0.99609375,True,0.0,15.254487037658691,-0.0714258046088822,0.19359053893980116,0.16708270316631357,1.5379917621612549,0.03125
two_concepts,TwoLayerCNN,4,frozen_spectrum,0.96484375,0.2063070684671402,0.41667566245573784,0.41667566245573784,0.72509765625,0.1942434432615358,0.21242740712887365,0.23521895973968032,0.041015625,0.073486328125,0.95703125,0.984375,0.01030769944190979,0.9921875,0.9921875,True,0.0,12.259788036346436,-0.022791552610806676,0.37542105823159316,0.5258283362978081,1.27825927734375,0.05859375
two_concepts,TwoLayerCNN,4,frozen_templates,0.97265625,0.14408043026924133,1.0,1.0,0.77001953125,0.3964659171275529,0.43210949838159807,0.25291013265624773,0.158203125,0.0791015625,0.97265625,0.984375,0.010957935824990273,0.9921875,0.9921875,True,0.0,12.126085042953491,0.17919936572535033,1.0,1.0000000000000002,1.438405990600586,0.171875
two_concepts,TwoLayerCNN,4,random,0.984375,0.04572071135044098,0.2513987506851236,0.16011098820372793,0.7730865478515625,0.2123081558896805,0.22010186647997243,0.14235340270643554,0.109375,0.054931640625,0.98828125,0.98828125,0.006636885926127434,0.99609375,0.99609375,True,1.2486371994018555,18.477554082870483,0.07774846377353689,0.2594049822271591,0.2273545851645129,1.8382761478424072,0.1171875
two_concepts,TwoLayerCNN,4,random_unitnorm,0.984375,0.042607322335243225,0.218648174405781,0.16011098754711495,0.7342987060546875,0.2092047171283038,0.2908799875128857,0.12414672785662767,0.12109375,0.0361328125,1.0,0.984375,0.004930599592626095,0.99609375,0.99609375,True,1.2031128406524658,20.17728590965271,0.16673325965625801,0.23349423616372467,0.1927309808543963,1.8451638221740723,0.12890625
two_concepts,TwoLayerCNN,4,spectrum_init,0.98828125,0.04000464081764221,0.29550319541927583,0.41667566245573784,0.7419891357421875,0.2048293426773084,0.06929023394015144,0.11926289182285438,0.025390625,0.0322265625,1.0,0.98828125,0.005200415384024382,0.99609375,0.99609375,True,1.27754807472229,22.203240871429443,-0.04997265788270294,0.26152559100357764,0.2258033560848933,1.8435897827148438,0.03125
two_concepts,TwoLayerCNN,4,spectrum_retention_1,0.97265625,0.1551835685968399,0.37920083784788783,0.41667566245573784,0.699066162109375,0.21268610672353083,0.2002096703423012,0.21403763363094208,0.0546875,0.05908203125,0.98046875,0.9921875,0.008194037713110447,0.9765625,0.98046875,True,0.23762592673301697,21.43827795982361,-0.013827963288640888,0.3110253335179791,0.4106644738582141,1.4768805503845215,0.068359375
two_concepts,TwoLayerCNN,4,template_init,0.98046875,0.04808303713798523,0.7995822221287716,1.0,0.7768096923828125,0.31859663987150694,0.3729422210341652,0.13939060606033027,0.17578125,0.03662109375,0.98828125,0.9921875,0.004703332670032978,0.9921875,0.98828125,True,1.249284029006958,21.772160053253174,0.23355161497383492,0.799755732139547,0.8134857071040138,1.833763837814331,0.189453125
two_concepts,TwoLayerCNN,4,template_retention_0.1,0.98046875,0.07861022651195526,0.9068918343800065,1.0,0.7843780517578125,0.3520769358544484,0.38216498686702516,0.16861890317599,0.185546875,0.044677734375,0.984375,0.99609375,0.006167133338749409,0.984375,0.98828125,True,0.6888145804405212,21.255014896392822,0.21354608369103517,0.9110851361350698,0.9165102319496908,1.7305032014846802,0.19921875
two_concepts,TwoLayerCNN,4,template_retention_1,0.9765625,0.12117089331150055,0.989645171839589,1.0,0.7777099609375,0.381357496399008,0.41480202011083933,0.20312918789046402,0.19921875,0.05908203125,0.97265625,0.99609375,0.007499029394239187,0.98828125,0.98828125,True,0.19263838231563568,19.47480607032776,0.2116728322203753,0.9905644290542279,0.9910800958279353,1.5424599647521973,0.216796875
two_concepts,TwoLayerCNN,5,frozen_random_unitnorm,1.0,0.09899581968784332,0.15604915268232536,0.15604915268232536,0.73199462890625,0.1323354288351036,0.32111212526216537,0.2523321353527996,0.078125,0.0546875,0.99609375,0.99609375,0.00522528076544404,1.0,0.9921875,True,0.0,13.287935018539429,0.06877998990936579,0.17637999845964625,0.09362506389299892,1.5308393239974976,0.078125
two_concepts,TwoLayerCNN,5,frozen_spectrum,0.9765625,0.21179990470409393,0.3781134861721553,0.3781134861721553,0.7978668212890625,0.16090454878755034,0.5072193834842593,0.33165551639133084,0.3125,0.1630859375,0.9921875,0.984375,0.011699995025992393,0.99609375,0.9921875,True,0.0,11.223414182662964,0.17556386709292848,0.3963991126052542,0.5149145416647171,1.1891233921051025,0.3203125
two_concepts,TwoLayerCNN,5,frozen_templates,0.98828125,0.14936107397079468,1.0,1.0,0.763824462890625,0.3827250342945483,0.3552687094355036,0.27025392769323603,0.0859375,0.097900390625,0.96875,0.98046875,0.01436912827193737,1.0,0.99609375,True,0.0,12.77293586730957,0.08501478174226756,1.0,1.0000000000000002,1.3635475635528564,0.08984375
two_concepts,TwoLayerCNN,5,random,0.99609375,0.01896468736231327,0.25874242501256783,0.15604915129755192,0.787200927734375,0.23965853615473573,0.20820849782552642,0.15431360662395371,0.078125,0.049560546875,1.0,0.99609375,0.0021713855676352978,1.0,0.99609375,True,1.2524631023406982,18.44900608062744,0.0538948912015727,0.30229368961799297,0.26130238932232736,1.9138407707214355,0.080078125
two_concepts,TwoLayerCNN,5,random_unitnorm,1.0,0.014632739126682281,0.21882618416804742,0.15604915268232536,0.7540740966796875,0.19612122428996173,0.09868632373189634,0.14333983497473896,0.01953125,0.0361328125,0.99609375,0.99609375,0.004773691762238741,1.0,1.0,True,1.2314212322235107,24.777575969696045,-0.044653511242842614,0.177848262636397,0.06952801722813703,1.9228187799453735,0.01953125
two_concepts,TwoLayerCNN,5,spectrum_init,1.0,0.02373015321791172,0.27693232636275533,0.3781134861721553,0.89349365234375,0.18831208303188823,0.22046884403005707,0.2330338089517631,0.072265625,0.07470703125,1.0,1.0,0.0020610138308256865,1.0,0.9921875,True,1.3698912858963013,21.595391035079956,-0.012564964921706029,0.22559165413669688,0.2394335222486159,1.876312255859375,0.072265625
two_concepts,TwoLayerCNN,5,spectrum_retention_1,0.9921875,0.10419648885726929,0.37199576197679385,0.3781134861721553,0.8382568359375,0.1810953368189402,0.3223861058911408,0.3000546822643302,0.140625,0.130615234375,1.0,0.9921875,0.010134764015674591,1.0,0.98828125,True,0.23135042190551758,21.018985986709595,0.02233142362681062,0.3892443630210755,0.3528986817239129,1.5397319793701172,0.14453125
two_concepts,TwoLayerCNN,5,template_init,1.0,0.027341194450855255,0.789928241768294,1.0,0.8404541015625,0.33107771994342916,0.30545017781215344,0.12324933390779551,0.09765625,0.036865234375,1.0,1.0,0.004338408354669809,1.0,1.0,True,1.3313645124435425,20.941706895828247,0.18220084390435792,0.7904092309140895,0.7942745231291755,1.8643112182617188,0.09765625
two_concepts,TwoLayerCNN,5,template_retention_0.1,1.0,0.050067778676748276,0.8985888204446012,1.0,0.8338470458984375,0.33433874641605715,0.21537154067675168,0.15815041677628391,0.05078125,0.043212890625,1.0,1.0,0.0051723807118833065,1.0,1.0,True,0.7349087595939636,19.49345302581787,0.05722112390046777,0.9016433726542559,0.8805508076183437,1.7563204765319824,0.05078125
two_concepts,TwoLayerCNN,5,template_retention_1,0.99609375,0.10468102991580963,0.9858609982152984,1.0,0.7826080322265625,0.37509888520699397,0.30101360882083783,0.22464740590453686,0.0625,0.06591796875,0.99609375,0.9921875,0.008763035759329796,1.0,0.99609375,True,0.21234191954135895,21.264791011810303,0.07636620291630097,0.9898380146389005,0.9883483427941413,1.5246095657348633,0.064453125
two_concepts,TwoLayerCNN,6,frozen_random_unitnorm,0.984375,0.13273710012435913,0.1561988064189151,0.1561988064189151,0.7133941650390625,0.21565572490661672,0.23757491234940242,0.21499336179830864,0.068359375,0.0625,0.9921875,0.984375,0.011103307828307152,0.99609375,1.0,True,0.0,16.546926021575928,0.022581550551093788,0.18015787467687633,0.23923723515342254,1.457566738128662,0.076171875
two_concepts,TwoLayerCNN,6,frozen_spectrum,0.9375,0.2296162098646164,0.4476232675561216,0.4476232675561216,0.68280029296875,0.11450788437369835,0.227496480365301,0.32547206810956253,0.107421875,0.181884765625,0.9375,0.9453125,0.019152788445353508,0.98046875,0.984375,True,0.0,11.72733998298645,-0.09797558774426152,0.5021858118606828,0.46965623808153867,1.235569953918457,0.142578125
two_concepts,TwoLayerCNN,6,frozen_templates,0.96484375,0.16761514544487,1.0,1.0,0.768951416015625,0.397078358075374,0.3511353543604834,0.24611561239882943,0.12109375,0.1044921875,0.98828125,0.96875,0.022873828187584877,0.98046875,0.98828125,True,0.0,14.786132097244263,0.10501974196165395,1.0,1.0000000000000002,1.361260175704956,0.138671875
two_concepts,TwoLayerCNN,6,random,0.9765625,0.06132727861404419,0.26693537901890074,0.15619880790596094,0.7783355712890625,0.26376138306556796,0.3613454698086247,0.1589490920164422,0.259765625,0.07861328125,0.98828125,0.98046875,0.01977343112230301,0.984375,1.0,True,1.2941908836364746,30.5880708694458,0.2023963777921825,0.28017138935824387,0.3236126722110271,1.8261802196502686,0.275390625
two_concepts,TwoLayerCNN,6,random_unitnorm,0.99609375,0.02533772960305214,0.2329518974568322,0.1561988064189151,0.7880096435546875,0.22704616144349732,0.5176784936370638,0.1443173288990765,0.427734375,0.0546875,1.0,0.99609375,0.005427529104053974,0.99609375,0.9921875,True,1.2012717723846436,29.39027714729309,0.37336116473798725,0.23824392547048226,0.2262400672092713,1.8835088014602661,0.4296875
two_concepts,TwoLayerCNN,6,spectrum_init,0.984375,0.05322737619280815,0.3998538881071602,0.4476232675561216,0.8122406005859375,0.16037080489205882,0.2803039852930653,0.14066487490494342,0.11328125,0.055908203125,0.99609375,0.98046875,0.014649034477770329,0.9921875,1.0,True,1.3478879928588867,22.099967002868652,0.1396391103881219,0.17051461867678658,0.21513150182129542,1.8024375438690186,0.119140625
two_concepts,TwoLayerCNN,6,spectrum_retention_1,0.95703125,0.1694173961877823,0.45516499745965167,0.4476232675561216,0.72900390625,0.12480570695128745,0.39239573066029454,0.2790486268395045,0.1796875,0.1328125,0.96484375,0.94140625,0.03131284937262535,0.98828125,0.9921875,True,0.2062642127275467,19.8971209526062,0.11334710382079005,0.35549305000738485,0.4895761839830585,1.4537405967712402,0.20703125
two_concepts,TwoLayerCNN,6,template_init,0.984375,0.06452204287052155,0.7676873387517262,1.0,0.7459869384765625,0.344642572629672,0.20530820337806532,0.12144305629795923,0.1015625,0.051513671875,0.9921875,0.9921875,0.01600952446460724,0.98828125,0.98828125,True,1.3295587301254272,24.026434659957886,0.08386514708010609,0.7542856298829878,0.7882245286646088,1.8410032987594604,0.109375
two_concepts,TwoLayerCNN,6,template_retention_0.1,0.984375,0.08004104346036911,0.8982013582516986,1.0,0.7341156005859375,0.38529931036590603,0.17640653848170063,0.15537946026073016,0.0546875,0.05322265625,0.9921875,0.9921875,0.01650216430425644,0.984375,0.98828125,True,0.7073853015899658,18.77756094932556,0.02102707822097047,0.8964810674623389,0.9033842393913237,1.7373738288879395,0.0625
two_concepts,TwoLayerCNN,6,template_retention_1,0.9765625,0.13654665648937225,0.9862792417655919,1.0,0.754608154296875,0.4030503497587513,0.2168139141384331,0.20537120273088577,0.060546875,0.083984375,0.984375,0.984375,0.019539251923561096,0.984375,0.9921875,True,0.20259518921375275,19.26996874809265,0.011442711407547324,0.9855003359026384,0.9809059326977746,1.514732837677002,0.072265625
two_concepts,TwoLayerCNN,7,frozen_random_unitnorm,1.0,0.07114309817552567,0.16488783830261927,0.16488783830261927,0.77197265625,0.15541294925951343,0.22272909236166116,0.22694801338539788,0.05859375,0.05517578125,1.0,1.0,0.003913338296115398,1.0,0.98828125,True,0.0,15.479109287261963,-0.004218921023736721,0.16440159822078723,0.08377268289908149,1.6580686569213867,0.05859375
two_concepts,TwoLayerCNN,7,frozen_spectrum,0.96875,0.1603195071220398,0.3254928783485188,0.3254928783485188,0.6488800048828125,0.21001270319912368,0.6557422293915856,0.19235693111554508,0.478515625,0.065185546875,0.97265625,0.97265625,0.015678172931075096,0.9765625,0.9609375,True,0.0,12.497140169143677,0.46338529827604047,0.3035252361536931,0.3015689106339985,1.3868155479431152,0.49609375
two_concepts,TwoLayerCNN,7,frozen_templates,0.98046875,0.1489861011505127,1.0,1.0,0.7937469482421875,0.39076746163230314,0.30696009594715723,0.2945218631756209,0.11328125,0.111328125,0.9921875,0.98046875,0.009710066020488739,0.98046875,0.96484375,True,0.0,13.340245008468628,0.012438232771536328,1.0,1.0,1.387266993522644,0.12109375
two_concepts,TwoLayerCNN,7,random,0.9921875,0.02967349998652935,0.1869982765756228,0.16488783985115357,0.72528076171875,0.2075821163025926,0.39399265930590854,0.14869577725409588,0.185546875,0.0322265625,0.9921875,0.99609375,0.0042935870587825775,0.99609375,0.9921875,True,1.219658613204956,28.438992977142334,0.24529688205181266,0.20653626199345526,0.25803723352924135,1.9171068668365479,0.19140625
two_concepts,TwoLayerCNN,7,random_unitnorm,1.0,0.018501220270991325,0.2124788975009783,0.16488783830261927,0.6700286865234375,0.2135487447216777,0.08517196489312562,0.17336220022987753,0.015625,0.044921875,0.99609375,0.99609375,0.003911389969289303,1.0,0.9921875,True,1.1015220880508423,29.674965858459473,-0.08819023533675191,0.19477277741716248,0.17615030007266202,1.9161432981491089,0.015625
two_concepts,TwoLayerCNN,7,spectrum_init,1.0,0.024909788742661476,0.2956217629375699,0.3254928783485188,0.8127288818359375,0.23327574073405755,0.25051475305492554,0.11898863053713142,0.087890625,0.024658203125,1.0,1.0,0.004303342662751675,0.98828125,0.984375,True,1.2588661909103394,19.98798108100891,0.1315261225177941,0.2787382214770032,0.30226745712849645,1.8878841400146484,0.087890625
two_concepts,TwoLayerCNN,7,spectrum_retention_1,0.98046875,0.09598270058631897,0.32380418747348627,0.3254928783485188,0.6818084716796875,0.2282348012302997,0.6067682010302455,0.19574717997223146,0.3515625,0.04931640625,0.9921875,0.98828125,0.007636085618287325,0.98828125,0.9765625,True,0.20957547426223755,20.00316095352173,0.4110210210580141,0.29774091277591447,0.21101678729672646,1.596722960472107,0.36328125
two_concepts,TwoLayerCNN,7,template_init,0.99609375,0.028085127472877502,0.7942642814952642,1.0,0.8413543701171875,0.31779467407736517,0.28189402732594315,0.161835032104502,0.123046875,0.04443359375,1.0,0.99609375,0.0053502037189900875,1.0,0.99609375,True,1.2720284461975098,19.38545513153076,0.12005899522144114,0.7886575958786521,0.8270718928049265,1.874869465827942,0.126953125
two_concepts,TwoLayerCNN,7,template_retention_0.1,0.99609375,0.04850801080465317,0.9004465455823687,1.0,0.791961669921875,0.335074016486422,0.341512837577733,0.2050915661993564,0.13671875,0.046142578125,1.0,0.99609375,0.0057436684146523476,0.99609375,0.98046875,True,0.7160866260528564,18.691762924194336,0.1364212713783766,0.8996955243103621,0.8946032207856949,1.779367208480835,0.140625
two_concepts,TwoLayerCNN,7,template_retention_1,0.9921875,0.10483803600072861,0.9862630874456554,1.0,0.7563323974609375,0.3745424688368837,0.29737468501362796,0.2647914550686786,0.087890625,0.0732421875,0.99609375,0.98828125,0.007797404192388058,0.98828125,0.984375,True,0.20867158472537994,23.712347745895386,0.03258322994494933,0.9868009248140023,0.986029497641558,1.5577354431152344,0.09375
two_concepts,TwoLayerCNN,8,frozen_random_unitnorm,0.98828125,0.12438204139471054,0.1652687937849343,0.1652687937849343,0.76397705078125,0.1970028328010126,0.35233762980901684,0.23294005229450984,0.146484375,0.08154296875,0.9921875,0.98828125,0.008750658482313156,0.99609375,1.0,True,0.0,10.931337833404541,0.119397577514507,0.16589998189322608,0.17220990667037106,1.4768458604812622,0.150390625
two_concepts,TwoLayerCNN,8,frozen_spectrum,0.96484375,0.21486429870128632,0.36976878796472057,0.36976878796472057,0.732513427734375,0.17283899646368342,0.3283131555866834,0.25025459591937926,0.185546875,0.101318359375,0.96875,0.98046875,0.010508416220545769,0.98046875,0.98046875,True,0.0,613.9379079341888,0.07805855966730413,0.4057244019814023,0.5410340389831241,1.275193452835083,0.208984375
two_concepts,TwoLayerCNN,8,frozen_templates,0.98828125,0.11555472016334534,1.0,1.0,0.7597503662109375,0.4101173443757018,0.440973569103304,0.2205025800189244,0.150390625,0.055908203125,0.98828125,0.9921875,0.008867049589753151,0.9921875,1.0,True,0.0,611.1425788402557,0.2204709890843796,1.0,1.0,1.5018643140792847,0.154296875
two_concepts,TwoLayerCNN,8,random,0.9921875,0.03293831646442413,0.28098444166693926,0.16526879369267636,0.81146240234375,0.2175625660168561,0.33231264252821324,0.14276340496937065,0.15625,0.035400390625,0.984375,0.9921875,0.0036632707342505455,0.9921875,1.0,True,1.2785911560058594,18.767102003097534,0.1895492375588426,0.2942360321365674,0.3482678603971027,1.8673993349075317,0.16015625
two_concepts,TwoLayerCNN,8,random_unitnorm,0.9921875,0.038061197847127914,0.22957066885503968,0.1652687937849343,0.7887115478515625,0.23794360422683208,0.2623051571920455,0.14247112335905837,0.109375,0.042236328125,0.984375,0.9921875,0.004845953546464443,0.9921875,0.99609375,True,1.2191966772079468,19.16804814338684,0.11983403383298713,0.2865138911566022,0.3904734612309875,1.8616852760314941,0.11328125
two_concepts,TwoLayerCNN,8,spectrum_init,0.98046875,0.09047195315361023,0.32050475749536805,0.36976878796472057,0.7836761474609375,0.2292710045156404,0.20145793150205515,0.16640599129454933,0.080078125,0.066650390625,0.98046875,1.0,0.0024209930561482906,0.98046875,0.98828125,True,1.3027565479278564,23.745815992355347,0.03505194020750582,0.3217820376652947,0.24103857304995177,1.8230066299438477,0.095703125
two_concepts,TwoLayerCNN,8,spectrum_retention_1,0.96875,0.160252183675766,0.36445293640062804,0.36976878796472057,0.7806243896484375,0.20074891499627773,0.2625241243178009,0.23792094898755228,0.125,0.095458984375,0.96875,0.9921875,0.0074354251846671104,0.96875,0.984375,True,0.22655528783798218,20.871673822402954,0.02460317533024864,0.3858046431420139,0.48922736737214934,1.4639067649841309,0.146484375
two_concepts,TwoLayerCNN,8,template_init,0.99609375,0.027160488069057465,0.7949839609096967,1.0,0.7743988037109375,0.32591691670201056,0.23609480014238948,0.11038123685022218,0.064453125,0.024169921875,0.99609375,1.0,0.0016177160432562232,0.99609375,1.0,True,1.2424054145812988,18.08470892906189,0.12571356329216732,0.8050790477719537,0.864942106422401,1.881034255027771,0.064453125
two_concepts,TwoLayerCNN,8,template_retention_0.1,0.99609375,0.04857936128973961,0.907636392259627,1.0,0.782196044921875,0.35343791352852055,0.26099591116795107,0.15679066750370954,0.0546875,0.030029296875,0.99609375,1.0,0.002612118609249592,0.99609375,1.0,True,0.6716450452804565,17.628891944885254,0.10420524366424153,0.9171710481368712,0.9307781934599342,1.7777462005615234,0.056640625
two_concepts,TwoLayerCNN,8,template_retention_1,0.99609375,0.08677314221858978,0.9888737006792179,1.0,0.7727508544921875,0.3934521482980392,0.3147537164260914,0.19865333648133804,0.0859375,0.035400390625,0.99609375,1.0,0.00439448980614543,0.99609375,1.0,True,0.18526025116443634,17.589951992034912,0.11610037994475336,0.9888573785706963,0.9896291591621025,1.6046020984649658,0.087890625
two_concepts,TwoLayerCNN,9,frozen_random_unitnorm,0.97265625,0.1350623518228531,0.16887240054209252,0.16887240054209252,0.784027099609375,0.1954591991450875,0.37445119756482714,0.1931385561346491,0.2578125,0.078125,0.9765625,0.97265625,0.01660958305001259,0.98046875,1.0,True,0.0,10.678311109542847,0.18131264143017806,0.1880580488238245,0.18572706812211848,1.5307834148406982,0.26953125
two_concepts,TwoLayerCNN,9,frozen_spectrum,0.93359375,0.22400812804698944,0.4022641070367632,0.4022641070367632,0.787261962890625,0.12658227320650006,0.21867237440390375,0.29317625041588113,0.115234375,0.162109375,0.9453125,0.94921875,0.021467776969075203,0.984375,0.9921875,True,0.0,309.1547031402588,-0.07450387601197739,0.40530192856526936,0.38173698979427617,1.3436377048492432,0.150390625
two_concepts,TwoLayerCNN,9,frozen_templates,0.92578125,0.26322469115257263,1.0,1.0,0.7636566162109375,0.41584431617646544,0.2982912642014024,0.2924737096683826,0.12890625,0.17578125,0.92578125,0.9453125,0.02226838283240795,0.96875,0.984375,True,0.0,14.486907958984375,0.0058175545330197975,1.0,1.0000000000000002,1.1744732856750488,0.16796875
two_concepts,TwoLayerCNN,9,random,0.96484375,0.09479190409183502,0.21269225601991038,0.16887240004683868,0.84918212890625,0.25348952656880147,0.28075536937876955,0.1655463833367532,0.185546875,0.0947265625,0.9609375,0.9765625,0.020148441195487976,0.9765625,0.984375,True,1.2073535919189453,18.1124427318573,0.11520898604201635,0.2190455026969324,0.1817208070244442,1.7475395202636719,0.208984375
two_concepts,TwoLayerCNN,9,random_unitnorm,0.96875,0.06932258605957031,0.22059948351200032,0.16887240054209252,0.818084716796875,0.24127279377774796,0.38797098041294664,0.12562381522511346,0.26953125,0.0712890625,0.97265625,0.96875,0.025223026052117348,0.98828125,1.0,True,1.1703287363052368,19.542619228363037,0.2623471651878332,0.2598018579832805,0.2205161879049633,1.8169035911560059,0.291015625
two_concepts,TwoLayerCNN,9,spectrum_init,0.98046875,0.05626455694437027,0.3244695795609157,0.4022641070367632,0.718719482421875,0.19459069523699046,0.16621193286367109,0.16940660493069068,0.076171875,0.094970703125,0.9765625,0.97265625,0.026601340621709824,0.99609375,1.0,True,1.3920975923538208,21.05976438522339,-0.003194672067019594,0.3424474574714894,0.5187838729425878,1.8132166862487793,0.087890625
two_concepts,TwoLayerCNN,9,spectrum_retention_1,0.9453125,0.17786164581775665,0.3919054122277918,0.4022641070367632,0.73431396484375,0.15464909574837749,0.1774766648665944,0.26886968498407815,0.078125,0.1484375,0.9453125,0.97265625,0.021113086491823196,0.984375,1.0,True,0.22960378229618073,622.8887939453125,-0.09139302011748374,0.39035204385001393,0.3330634321188032,1.458268404006958,0.107421875
two_concepts,TwoLayerCNN,9,template_init,0.953125,0.09832355380058289,0.7614346354441408,1.0,0.764068603515625,0.330465466922669,0.22563923379521,0.1952162207377793,0.1171875,0.107177734375,0.96484375,0.98046875,0.010219426825642586,0.9765625,0.9921875,True,1.363490104675293,17.68967604637146,0.030423013057430698,0.7553956189513935,0.7688297713915302,1.7300890684127808,0.13671875
two_concepts,TwoLayerCNN,9,template_retention_0.1,0.953125,0.13068239390850067,0.8708264436637276,1.0,0.803741455078125,0.3371253957157573,0.36880268538835326,0.2493631383021035,0.26171875,0.134033203125,0.96484375,0.97265625,0.013209890574216843,0.9765625,0.984375,True,0.8029834032058716,17.62244176864624,0.11943954708624976,0.8590944566420858,0.8622951895807012,1.5900441408157349,0.2890625
two_concepts,TwoLayerCNN,9,template_retention_1,0.9375,0.18785825371742249,0.9855413990472897,1.0,0.7430267333984375,0.3882547926638187,0.3423234099824032,0.27706392973009075,0.197265625,0.1396484375,0.95703125,0.96875,0.015619154088199139,0.96484375,0.98046875,True,0.21990785002708435,618.8140799999237,0.06525948025231243,0.987057736513365,0.9848064667081216,1.393985390663147,0.23828125
