task,architecture,profile,method,block,B
single_shape,TinyCNN,template_init,contrast,5000,0.11418167792335876
single_shape,TinyCNN,template_init,contrast,5001,-0.0045011459118545205
single_shape,TinyCNN,template_init,contrast,5002,0.06907012998439943
single_shape,TinyCNN,template_init,contrast,5003,0.08398468464680775
single_shape,TinyCNN,template_init,contrast,5004,0.06867048501099138
single_shape,TinyCNN,template_init,contrast,5005,0.0011448168622431587
single_shape,TinyCNN,template_init,contrast,5006,0.04796128956988677
single_shape,TinyCNN,template_init,contrast,5007,0.1231136913875176
single_shape,TinyCNN,template_init,contrast,5008,0.08831479290535821
single_shape,TinyCNN,template_init,contrast,5009,0.06237818050436633
single_shape,TinyCNN,template_init,contrast,5010,0.057083273004741975
single_shape,TinyCNN,template_init,contrast,5011,0.007506120949730133
single_shape,TinyCNN,template_init,contrast,5012,0.14908388367491027
single_shape,TinyCNN,template_init,contrast,5013,0.06611420618231012
single_shape,TinyCNN,template_init,contrast,5014,0.03544961994155443
single_shape,TinyCNN,template_init,contrast,5015,0.04688270625194668
single_shape,TinyCNN,template_init,contrast,5016,0.09734702082039931
single_shape,TinyCNN,template_init,contrast,5017,0.05886538425059362
single_shape,TinyCNN,template_init,contrast,5018,0.1426283471338221
single_shape,TinyCNN,template_init,contrast,5019,0.023721324014986056
single_shape,TinyCNN,template_init,contrast,5020,0.04839915537414635
single_shape,TinyCNN,template_init,contrast,5021,0.07628644307661991
single_shape,TinyCNN,template_init,contrast,5022,0.08814994602266935
single_shape,TinyCNN,template_init,contrast,5023,0.04570527339968922
single_shape,TinyCNN,template_init,contrast,5024,0.09566230460931452
single_shape,TinyCNN,template_init,contrast,5025,0.09674941973872486
single_shape,TinyCNN,template_init,contrast,5026,0.04985039605107311
single_shape,TinyCNN,template_init,contrast,5027,0.09899940698455284
single_shape,TinyCNN,template_init,contrast,5028,0.07657758707175888
single_shape,TinyCNN,template_init,contrast,5029,0.13383448231277556
single_shape,TinyCNN,template_init,contrast,5030,0.10823107467220405
single_shape,TinyCNN,template_init,contrast,5031,0.10677264169231926
single_shape,TinyCNN,template_init,contrast,5032,-0.11964380022176574
single_shape,TinyCNN,template_init,contrast,5033,0.027086561404538745
single_shape,TinyCNN,template_init,contrast,5034,0.12501043713996363
single_shape,TinyCNN,template_init,contrast,5035,0.1350792778682363
single_shape,TinyCNN,template_init,contrast,5036,0.07885402646935535
single_shape,TinyCNN,template_init,contrast,5037,0.1323359579387588
single_shape,TinyCNN,template_init,contrast,5038,0.08482595967796736
single_shape,TinyCNN,template_init,contrast,5039,0.12922395510190793
single_shape,TinyCNN,template_init,contrast,5040,-0.05115513115449294
single_shape,TinyCNN,template_init,contrast,5041,0.08159960050871534
single_shape,TinyCNN,template_init,contrast,5042,0.04615025361901004
single_shape,TinyCNN,template_init,contrast,5043,0.03762048344578445
single_shape,TinyCNN,template_init,contrast,5044,0.061354239309473924
single_shape,TinyCNN,template_init,contrast,5045,0.11541067568610919
single_shape,TinyCNN,template_init,contrast,5046,0.06146976505644752
single_shape,TinyCNN,template_init,contrast,5047,0.09467133133932643
single_shape,TinyCNN,template_init,contrast,5048,-0.005410811820377448
single_shape,TinyCNN,template_init,contrast,5049,0.0030815408641761133
single_shape,TinyCNN,retention_0p1,contrast,5000,0.06299300249699796
single_shape,TinyCNN,retention_0p1,contrast,5001,-0.014977661728485248
single_shape,TinyCNN,retention_0p1,contrast,5002,0.026439462400498492
single_shape,TinyCNN,retention_0p1,contrast,5003,0.07590139602271495
single_shape,TinyCNN,retention_0p1,contrast,5004,0.024788047792276557
single_shape,TinyCNN,retention_0p1,contrast,5005,-0.024215067425589598
single_shape,TinyCNN,retention_0p1,contrast,5006,-0.019307848457876087
single_shape,TinyCNN,retention_0p1,contrast,5007,0.11630364035321783
single_shape,TinyCNN,retention_0p1,contrast,5008,0.030217776824334186
single_shape,TinyCNN,retention_0p1,contrast,5009,0.03038568029750993
single_shape,TinyCNN,retention_0p1,contrast,5010,-0.012540046611983047
single_shape,TinyCNN,retention_0p1,contrast,5011,0.01223012244242555
single_shape,TinyCNN,retention_0p1,contrast,5012,0.09568659643916322
single_shape,TinyCNN,retention_0p1,contrast,5013,0.05587739851717427
single_shape,TinyCNN,retention_0p1,contrast,5014,-0.0321872676451706
single_shape,TinyCNN,retention_0p1,contrast,5015,0.06311223269786753
single_shape,TinyCNN,retention_0p1,contrast,5016,0.09282227088962913
single_shape,TinyCNN,retention_0p1,contrast,5017,0.03034815401838653
single_shape,TinyCNN,retention_0p1,contrast,5018,0.10982147188023417
single_shape,TinyCNN,retention_0p1,contrast,5019,0.04932212202185626
single_shape,TinyCNN,retention_0p1,contrast,5020,0.005271531354005099
single_shape,TinyCNN,retention_0p1,contrast,5021,0.08269972827868721
single_shape,TinyCNN,retention_0p1,contrast,5022,0.11309893689391048
single_shape,TinyCNN,retention_0p1,contrast,5023,0.019808776136577333
single_shape,TinyCNN,retention_0p1,contrast,5024,-0.00854122802681434
single_shape,TinyCNN,retention_0p1,contrast,5025,0.06079492399445541
single_shape,TinyCNN,retention_0p1,contrast,5026,-0.010397296192292405
single_shape,TinyCNN,retention_0p1,contrast,5027,0.013093134013538121
single_shape,TinyCNN,retention_0p1,contrast,5028,0.039431880341895265
single_shape,TinyCNN,retention_0p1,contrast,5029,0.027767532456615895
single_shape,TinyCNN,retention_0p1,contrast,5030,0.04439751671069503
single_shape,TinyCNN,retention_0p1,contrast,5031,0.07649786101254014
single_shape,TinyCNN,retention_0p1,contrast,5032,-0.044614648336676
single_shape,TinyCNN,retention_0p1,contrast,5033,0.00888298653656644
single_shape,TinyCNN,retention_0p1,contrast,5034,0.09979486178004554
single_shape,TinyCNN,retention_0p1,contrast,5035,0.13832342273141407
single_shape,TinyCNN,retention_0p1,contrast,5036,0.06606399797759516
single_shape,TinyCNN,retention_0p1,contrast,5037,0.12762010173163496
single_shape,TinyCNN,retention_0p1,contrast,5038,0.0956278292234386
single_shape,TinyCNN,retention_0p1,contrast,5039,0.08077191195757472
single_shape,TinyCNN,retention_0p1,contrast,5040,-0.006987527650040015
single_shape,TinyCNN,retention_0p1,contrast,5041,0.0013791587665033522
single_shape,TinyCNN,retention_0p1,contrast,5042,0.05226971295303373
single_shape,TinyCNN,retention_0p1,contrast,5043,-0.0469633862517988
single_shape,TinyCNN,retention_0p1,contrast,5044,0.0006289171770562652
single_shape,TinyCNN,retention_0p1,contrast,5045,0.07156872834509348
single_shape,TinyCNN,retention_0p1,contrast,5046,0.01640815636693732
single_shape,TinyCNN,retention_0p1,contrast,5047,0.04932643495372446
single_shape,TinyCNN,retention_0p1,contrast,5048,-0.02901653820626421
single_shape,TinyCNN,retention_0p1,contrast,5049,0.017639759777499264
single_shape,TinyCNN,release_early,contrast,5000,0.1495189321402135
single_shape,TinyCNN,release_early,contrast,5001,0.025742200847105046
single_shape,TinyCNN,release_early,contrast,5002,0.06396061111000612
single_shape,TinyCNN,release_early,contrast,5003,-0.020412627449314713
single_shape,TinyCNN,release_early,contrast,5004,0.09555127430794841
single_shape,TinyCNN,release_early,contrast,5005,0.017446683844698385
single_shape,TinyCNN,release_early,contrast,5006,0.027453774489217708
single_shape,TinyCNN,release_early,contrast,5007,0.1906567372027036
single_shape,TinyCNN,release_early,contrast,5008,0.02679808859121996
single_shape,TinyCNN,release_early,contrast,5009,0.10359841369431733
single_shape,TinyCNN,release_early,contrast,5010,0.07263638230378078
single_shape,TinyCNN,release_early,contrast,5011,0.009908110732631092
single_shape,TinyCNN,release_early,contrast,5012,0.0527947315282945
single_shape,TinyCNN,release_early,contrast,5013,0.07374262385265734
single_shape,TinyCNN,release_early,contrast,5014,0.03845288944834374
single_shape,TinyCNN,release_early,contrast,5015,0.06195935060227564
single_shape,TinyCNN,release_early,contrast,5016,0.13707153246484527
single_shape,TinyCNN,release_early,contrast,5017,0.043902601681306774
single_shape,TinyCNN,release_early,contrast,5018,0.16737554587383902
single_shape,TinyCNN,release_early,contrast,5019,0.02888862542616466
single_shape,TinyCNN,release_early,contrast,5020,0.08690674433345086
single_shape,TinyCNN,release_early,contrast,5021,0.13614584205417601
single_shape,TinyCNN,release_early,contrast,5022,0.11936982681499997
single_shape,TinyCNN,release_early,contrast,5023,0.02101929955931836
single_shape,TinyCNN,release_early,contrast,5024,0.046173875427300004
single_shape,TinyCNN,release_early,contrast,5025,0.08269595771818278
single_shape,TinyCNN,release_early,contrast,5026,0.06170222280448234
single_shape,TinyCNN,release_early,contrast,5027,0.011489175557040543
single_shape,TinyCNN,release_early,contrast,5028,0.08135695153061773
single_shape,TinyCNN,release_early,contrast,5029,0.07576970295721569
single_shape,TinyCNN,release_early,contrast,5030,0.0913475191819233
single_shape,TinyCNN,release_early,contrast,5031,0.0781778434815002
single_shape,TinyCNN,release_early,contrast,5032,-0.020050970055090045
single_shape,TinyCNN,release_early,contrast,5033,0.04042355193802466
single_shape,TinyCNN,release_early,contrast,5034,0.12974414368984566
single_shape,TinyCNN,release_early,contrast,5035,0.2396133790324534
single_shape,TinyCNN,release_early,contrast,5036,0.10096206015151421
single_shape,TinyCNN,release_early,contrast,5037,0.10699289021058217
single_shape,TinyCNN,release_early,contrast,5038,0.0700955222359469
single_shape,TinyCNN,release_early,contrast,5039,0.08051764386952526
single_shape,TinyCNN,release_early,contrast,5040,-0.04536960351874131
single_shape,TinyCNN,release_early,contrast,5041,0.0403448977972381
single_shape,TinyCNN,release_early,contrast,5042,0.07133283701240906
single_shape,TinyCNN,release_early,contrast,5043,0.02193721752648975
single_shape,TinyCNN,release_early,contrast,5044,0.04096439477057523
single_shape,TinyCNN,release_early,contrast,5045,0.13088213429735873
single_shape,TinyCNN,release_early,contrast,5046,-0.010205140161918425
single_shape,TinyCNN,release_early,contrast,5047,0.14417016590744713
single_shape,TinyCNN,release_early,contrast,5048,-0.0215642510522836
single_shape,TinyCNN,release_early,contrast,5049,0.04759007163096002
single_shape,TinyCNN,release_default,contrast,5000,0.1428147028547826
single_shape,TinyCNN,release_default,contrast,5001,0.029009288157991087
single_shape,TinyCNN,release_default,contrast,5002,0.039038941969575636
single_shape,TinyCNN,release_default,contrast,5003,0.1714997926704354
single_shape,TinyCNN,release_default,contrast,5004,0.1286802252737922
single_shape,TinyCNN,release_default,contrast,5005,-0.005554238331240635
single_shape,TinyCNN,release_default,contrast,5006,0.010203350536979627
single_shape,TinyCNN,release_default,contrast,5007,0.18253180795084756
single_shape,TinyCNN,release_default,contrast,5008,0.09251250754946144
single_shape,TinyCNN,release_default,contrast,5009,0.09796397469056922
single_shape,TinyCNN,release_default,contrast,5010,0.032210015964205474
single_shape,TinyCNN,release_default,contrast,5011,0.0177269660346151
single_shape,TinyCNN,release_default,contrast,5012,0.03755239026580365
single_shape,TinyCNN,release_default,contrast,5013,0.051922555515331814
single_shape,TinyCNN,release_default,contrast,5014,-0.04580020741199736
single_shape,TinyCNN,release_default,contrast,5015,0.11612164409271847
single_shape,TinyCNN,release_default,contrast,5016,0.1214450206712166
single_shape,TinyCNN,release_default,contrast,5017,0.035781767196192305
single_shape,TinyCNN,release_default,contrast,5018,0.1705952386077748
single_shape,TinyCNN,release_default,contrast,5019,0.06279731659873466
single_shape,TinyCNN,release_default,contrast,5020,0.07211502456496766
single_shape,TinyCNN,release_default,contrast,5021,0.10924240469419721
single_shape,TinyCNN,release_default,contrast,5022,0.1557033063765707
single_shape,TinyCNN,release_default,contrast,5023,0.00699158796588073
single_shape,TinyCNN,release_default,contrast,5024,0.024649058882055486
single_shape,TinyCNN,release_default,contrast,5025,0.10163549085304424
single_shape,TinyCNN,release_default,contrast,5026,0.07531975219190379
single_shape,TinyCNN,release_default,contrast,5027,0.03965724118877828
single_shape,TinyCNN,release_default,contrast,5028,0.0435519989815652
single_shape,TinyCNN,release_default,contrast,5029,0.08853458891140986
single_shape,TinyCNN,release_default,contrast,5030,0.058768016696915504
single_shape,TinyCNN,release_default,contrast,5031,0.084909304684604
single_shape,TinyCNN,release_default,contrast,5032,-0.019708853230223422
single_shape,TinyCNN,release_default,contrast,5033,0.039212452364205674
single_shape,TinyCNN,release_default,contrast,5034,0.12434779385343842
single_shape,TinyCNN,release_default,contrast,5035,0.21746318850621477
single_shape,TinyCNN,release_default,contrast,5036,0.051795535360719014
single_shape,TinyCNN,release_default,contrast,5037,0.10317260387940658
single_shape,TinyCNN,release_default,contrast,5038,0.14552347284250627
single_shape,TinyCNN,release_default,contrast,5039,0.08550818963127843
single_shape,TinyCNN,release_default,contrast,5040,-0.04913442701624021
single_shape,TinyCNN,release_default,contrast,5041,0.02418433307843909
single_shape,TinyCNN,release_default,contrast,5042,0.09632136289657012
single_shape,TinyCNN,release_default,contrast,5043,0.05312055828865464
single_shape,TinyCNN,release_default,contrast,5044,0.06737120816973052
single_shape,TinyCNN,release_default,contrast,5045,0.14093992813981193
single_shape,TinyCNN,release_default,contrast,5046,-0.026461684651027162
single_shape,TinyCNN,release_default,contrast,5047,0.15884350674068803
single_shape,TinyCNN,release_default,contrast,5048,0.02568056442180594
single_shape,TinyCNN,release_default,contrast,5049,0.0061378854541797034
single_shape,TinyCNN,release_late,contrast,5000,0.15231921326669434
single_shape,TinyCNN,release_late,contrast,5001,0.042290148355692836
single_shape,TinyCNN,release_late,contrast,5002,0.0425346889739146
single_shape,TinyCNN,release_late,contrast,5003,0.16357433076153288
single_shape,TinyCNN,release_late,contrast,5004,0.13506106618519964
single_shape,TinyCNN,release_late,contrast,5005,0.07625954041257016
single_shape,TinyCNN,release_late,contrast,5006,0.03284882277713025
single_shape,TinyCNN,release_late,contrast,5007,0.17249652581007985
single_shape,TinyCNN,release_late,contrast,5008,0.13159714556348706
single_shape,TinyCNN,release_late,contrast,5009,0.04711989293415886
single_shape,TinyCNN,release_late,contrast,5010,0.08025416004786345
single_shape,TinyCNN,release_late,contrast,5011,0.0028892506638882876
single_shape,TinyCNN,release_late,contrast,5012,0.11721051772480912
single_shape,TinyCNN,release_late,contrast,5013,0.00422869683882432
single_shape,TinyCNN,release_late,contrast,5014,-0.026847699997249952
single_shape,TinyCNN,release_late,contrast,5015,0.11315178392735414
single_shape,TinyCNN,release_late,contrast,5016,0.12132916827600432
single_shape,TinyCNN,release_late,contrast,5017,0.07211587644091316
single_shape,TinyCNN,release_late,contrast,5018,0.2026662650348398
single_shape,TinyCNN,release_late,contrast,5019,0.0873454860343309
single_shape,TinyCNN,release_late,contrast,5020,0.03827356617618749
single_shape,TinyCNN,release_late,contrast,5021,0.09160782819600011
single_shape,TinyCNN,release_late,contrast,5022,0.11517618436376581
single_shape,TinyCNN,release_late,contrast,5023,0.03678732240253779
single_shape,TinyCNN,release_late,contrast,5024,-0.006684947708559985
single_shape,TinyCNN,release_late,contrast,5025,0.12050426182976304
single_shape,TinyCNN,release_late,contrast,5026,0.055932916808732414
single_shape,TinyCNN,release_late,contrast,5027,0.06308220376726564
single_shape,TinyCNN,release_late,contrast,5028,0.07756872385394165
single_shape,TinyCNN,release_late,contrast,5029,0.0827308343214253
single_shape,TinyCNN,release_late,contrast,5030,0.056122624475823224
single_shape,TinyCNN,release_late,contrast,5031,0.11314279493598173
single_shape,TinyCNN,release_late,contrast,5032,0.003230003450806429
single_shape,TinyCNN,release_late,contrast,5033,0.03002271033051468
single_shape,TinyCNN,release_late,contrast,5034,0.1317869486747022
single_shape,TinyCNN,release_late,contrast,5035,0.21999092409272392
single_shape,TinyCNN,release_late,contrast,5036,0.09449671336569393
single_shape,TinyCNN,release_late,contrast,5037,0.08462930164373389
single_shape,TinyCNN,release_late,contrast,5038,0.1352056818659173
single_shape,TinyCNN,release_late,contrast,5039,0.04762388034445042
single_shape,TinyCNN,release_late,contrast,5040,0.051895160315979294
single_shape,TinyCNN,release_late,contrast,5041,0.01035607326862864
single_shape,TinyCNN,release_late,contrast,5042,0.08871237100706775
single_shape,TinyCNN,release_late,contrast,5043,0.03394229391314646
single_shape,TinyCNN,release_late,contrast,5044,0.07951605533473105
single_shape,TinyCNN,release_late,contrast,5045,0.10198194164486635
single_shape,TinyCNN,release_late,contrast,5046,0.060620221435734034
single_shape,TinyCNN,release_late,contrast,5047,0.13352801701113087
single_shape,TinyCNN,release_late,contrast,5048,-0.004283019246837105
single_shape,TinyCNN,release_late,contrast,5049,0.05934686366045988
single_shape,TinyCNN,template_init,auroc,5000,0.15273214258809648
single_shape,TinyCNN,template_init,auroc,5001,0.08262073526132785
single_shape,TinyCNN,template_init,auroc,5002,0.11870890303361914
single_shape,TinyCNN,template_init,auroc,5003,0.053334910508955224
single_shape,TinyCNN,template_init,auroc,5004,0.07128929653206073
single_shape,TinyCNN,template_init,auroc,5005,0.05012831117113409
single_shape,TinyCNN,template_init,auroc,5006,0.12886215246047084
single_shape,TinyCNN,template_init,auroc,5007,0.10407093433794168
single_shape,TinyCNN,template_init,auroc,5008,0.1641066926762077
single_shape,TinyCNN,template_init,auroc,5009,0.0680099045416096
single_shape,TinyCNN,template_init,auroc,5010,0.06495198406732794
single_shape,TinyCNN,template_init,auroc,5011,0.018562711711800073
single_shape,TinyCNN,template_init,auroc,5012,0.13150723787736568
single_shape,TinyCNN,template_init,auroc,5013,0.06264376509933867
single_shape,TinyCNN,template_init,auroc,5014,0.05840932510730057
single_shape,TinyCNN,template_init,auroc,5015,0.15357133901612047
single_shape,TinyCNN,template_init,auroc,5016,0.11715040772020108
single_shape,TinyCNN,template_init,auroc,5017,0.10106089149853797
single_shape,TinyCNN,template_init,auroc,5018,0.14800367423224353
single_shape,TinyCNN,template_init,auroc,5019,0.08368830159268525
single_shape,TinyCNN,template_init,auroc,5020,0.0822866355885899
single_shape,TinyCNN,template_init,auroc,5021,0.04843317675849135
single_shape,TinyCNN,template_init,auroc,5022,0.1074539937702183
single_shape,TinyCNN,template_init,auroc,5023,-0.02670861414294745
single_shape,TinyCNN,template_init,auroc,5024,0.07337266700585682
single_shape,TinyCNN,template_init,auroc,5025,0.14953556105152138
single_shape,TinyCNN,template_init,auroc,5026,0.04985674253238387
single_shape,TinyCNN,template_init,auroc,5027,0.055641233127984024
single_shape,TinyCNN,template_init,auroc,5028,0.03838377793007691
single_shape,TinyCNN,template_init,auroc,5029,0.0949330395059757
single_shape,TinyCNN,template_init,auroc,5030,0.109013924498152
single_shape,TinyCNN,template_init,auroc,5031,0.11854406789224753
single_shape,TinyCNN,template_init,auroc,5032,-0.10413108018175254
single_shape,TinyCNN,template_init,auroc,5033,0.11025269363732754
single_shape,TinyCNN,template_init,auroc,5034,0.15223383208352081
single_shape,TinyCNN,template_init,auroc,5035,0.14701521601034356
single_shape,TinyCNN,template_init,auroc,5036,0.10457735632487292
single_shape,TinyCNN,template_init,auroc,5037,0.14168122500508057
single_shape,TinyCNN,template_init,auroc,5038,0.10877518885180792
single_shape,TinyCNN,template_init,auroc,5039,0.10089208714340897
single_shape,TinyCNN,template_init,auroc,5040,-0.039523481597897314
single_shape,TinyCNN,template_init,auroc,5041,0.07428180499115344
single_shape,TinyCNN,template_init,auroc,5042,0.107887374813326
single_shape,TinyCNN,template_init,auroc,5043,0.029768749599546285
single_shape,TinyCNN,template_init,auroc,5044,0.04987076223433062
single_shape,TinyCNN,template_init,auroc,5045,0.21054337569673665
single_shape,TinyCNN,template_init,auroc,5046,0.10498108825582797
single_shape,TinyCNN,template_init,auroc,5047,0.07925056293738508
single_shape,TinyCNN,template_init,auroc,5048,0.04813779514832933
single_shape,TinyCNN,template_init,auroc,5049,-0.010479584692817234
single_shape,TinyCNN,retention_0p1,auroc,5000,0.05590967746698278
single_shape,TinyCNN,retention_0p1,auroc,5001,0.07042749339930798
single_shape,TinyCNN,retention_0p1,auroc,5002,0.07510655161182156
single_shape,TinyCNN,retention_0p1,auroc,5003,0.055090322517769685
single_shape,TinyCNN,retention_0p1,auroc,5004,0.060240076539283205
single_shape,TinyCNN,retention_0p1,auroc,5005,0.02887552417667677
single_shape,TinyCNN,retention_0p1,auroc,5006,0.05972107639826674
single_shape,TinyCNN,retention_0p1,auroc,5007,0.07229225172623677
single_shape,TinyCNN,retention_0p1,auroc,5008,0.07474064552877663
single_shape,TinyCNN,retention_0p1,auroc,5009,-0.0129716047016748
single_shape,TinyCNN,retention_0p1,auroc,5010,-0.010073012528949599
single_shape,TinyCNN,retention_0p1,auroc,5011,0.021067668297296838
single_shape,TinyCNN,retention_0p1,auroc,5012,0.08960736162899613
single_shape,TinyCNN,retention_0p1,auroc,5013,0.055932940702825396
single_shape,TinyCNN,retention_0p1,auroc,5014,0.05755518365440426
single_shape,TinyCNN,retention_0p1,auroc,5015,0.06057414036873232
single_shape,TinyCNN,retention_0p1,auroc,5016,0.11261169427125012
single_shape,TinyCNN,retention_0p1,auroc,5017,0.06870201065740578
single_shape,TinyCNN,retention_0p1,auroc,5018,0.1329546545987984
single_shape,TinyCNN,retention_0p1,auroc,5019,0.05269866063602513
single_shape,TinyCNN,retention_0p1,auroc,5020,-0.021744309152823715
single_shape,TinyCNN,retention_0p1,auroc,5021,0.011147843203516028
single_shape,TinyCNN,retention_0p1,auroc,5022,0.04865056331674905
single_shape,TinyCNN,retention_0p1,auroc,5023,0.004700908332329945
single_shape,TinyCNN,retention_0p1,auroc,5024,0.03078141091496278
single_shape,TinyCNN,retention_0p1,auroc,5025,0.04109294755559734
single_shape,TinyCNN,retention_0p1,auroc,5026,0.04353413973286996
single_shape,TinyCNN,retention_0p1,auroc,5027,-0.004302109211956007
single_shape,TinyCNN,retention_0p1,auroc,5028,0.01678525139645415
single_shape,TinyCNN,retention_0p1,auroc,5029,0.03953872304650541
single_shape,TinyCNN,retention_0p1,auroc,5030,0.06928585080667637
single_shape,TinyCNN,retention_0p1,auroc,5031,0.054213819235856664
single_shape,TinyCNN,retention_0p1,auroc,5032,-0.03976812624352127
single_shape,TinyCNN,retention_0p1,auroc,5033,0.06774895312438933
single_shape,TinyCNN,retention_0p1,auroc,5034,0.12511900997130598
single_shape,TinyCNN,retention_0p1,auroc,5035,0.14517430456348418
single_shape,TinyCNN,retention_0p1,auroc,5036,0.13074730710937343
single_shape,TinyCNN,retention_0p1,auroc,5037,0.12776444900140266
single_shape,TinyCNN,retention_0p1,auroc,5038,0.10975434773177345
single_shape,TinyCNN,retention_0p1,auroc,5039,0.037178627175197154
single_shape,TinyCNN,retention_0p1,auroc,5040,0.008941968819012325
single_shape,TinyCNN,retention_0p1,auroc,5041,0.03604011001268759
single_shape,TinyCNN,retention_0p1,auroc,5042,0.08075016250342398
single_shape,TinyCNN,retention_0p1,auroc,5043,-0.027826257568512258
single_shape,TinyCNN,retention_0p1,auroc,5044,0.024486137564401378
single_shape,TinyCNN,retention_0p1,auroc,5045,0.09382689809630129
single_shape,TinyCNN,retention_0p1,auroc,5046,0.05049005710119436
single_shape,TinyCNN,retention_0p1,auroc,5047,0.0423551056836699
single_shape,TinyCNN,retention_0p1,auroc,5048,0.01785273874427451
single_shape,TinyCNN,retention_0p1,auroc,5049,0.01962813796865792
single_shape,TinyCNN,release_early,auroc,5000,0.1888249981077052
single_shape,TinyCNN,release_early,auroc,5001,0.11491749112356353
single_shape,TinyCNN,release_early,auroc,5002,0.12242752334095347
single_shape,TinyCNN,release_early,auroc,5003,0.09883353787534133
single_shape,TinyCNN,release_early,auroc,5004,0.09214698871048138
single_shape,TinyCNN,release_early,auroc,5005,0.05430573642731673
single_shape,TinyCNN,release_early,auroc,5006,0.09582528551989994
single_shape,TinyCNN,release_early,auroc,5007,0.10546637451154672
single_shape,TinyCNN,release_early,auroc,5008,0.1360269488129045
single_shape,TinyCNN,release_early,auroc,5009,0.06202823519526396
single_shape,TinyCNN,release_early,auroc,5010,0.11158274977231625
single_shape,TinyCNN,release_early,auroc,5011,0.008736800147710666
single_shape,TinyCNN,release_early,auroc,5012,0.08284226779384407
single_shape,TinyCNN,release_early,auroc,5013,0.06964921917536915
single_shape,TinyCNN,release_early,auroc,5014,0.0803038641969751
single_shape,TinyCNN,release_early,auroc,5015,0.15225902792615242
single_shape,TinyCNN,release_early,auroc,5016,0.1374810290869145
single_shape,TinyCNN,release_early,auroc,5017,0.07835772193142215
single_shape,TinyCNN,release_early,auroc,5018,0.17699296338986603
single_shape,TinyCNN,release_early,auroc,5019,0.0583214665154842
single_shape,TinyCNN,release_early,auroc,5020,0.082839121925054
single_shape,TinyCNN,release_early,auroc,5021,0.10159110213197148
single_shape,TinyCNN,release_early,auroc,5022,0.08664287583568786
single_shape,TinyCNN,release_early,auroc,5023,-0.0009090378518818443
single_shape,TinyCNN,release_early,auroc,5024,0.0881979437151762
single_shape,TinyCNN,release_early,auroc,5025,0.08566229287061594
single_shape,TinyCNN,release_early,auroc,5026,0.07068046165369674
single_shape,TinyCNN,release_early,auroc,5027,0.09708329257271286
single_shape,TinyCNN,release_early,auroc,5028,0.05254901544461371
single_shape,TinyCNN,release_early,auroc,5029,0.062229463529267504
single_shape,TinyCNN,release_early,auroc,5030,0.17264737978822414
single_shape,TinyCNN,release_early,auroc,5031,0.09133421541756193
single_shape,TinyCNN,release_early,auroc,5032,-0.09346282838444808
single_shape,TinyCNN,release_early,auroc,5033,0.09022656029036058
single_shape,TinyCNN,release_early,auroc,5034,0.19196468123861432
single_shape,TinyCNN,release_early,auroc,5035,0.15726411628653036
single_shape,TinyCNN,release_early,auroc,5036,0.08785073563899443
single_shape,TinyCNN,release_early,auroc,5037,0.09906373393621498
single_shape,TinyCNN,release_early,auroc,5038,0.08858783427753175
single_shape,TinyCNN,release_early,auroc,5039,0.09865660031624551
single_shape,TinyCNN,release_early,auroc,5040,-0.03778242546045585
single_shape,TinyCNN,release_early,auroc,5041,0.06655429393336254
single_shape,TinyCNN,release_early,auroc,5042,0.1155531164948444
single_shape,TinyCNN,release_early,auroc,5043,0.05817597177054851
single_shape,TinyCNN,release_early,auroc,5044,0.053497829371949135
single_shape,TinyCNN,release_early,auroc,5045,0.22488810977530727
single_shape,TinyCNN,release_early,auroc,5046,0.11528903206329322
single_shape,TinyCNN,release_early,auroc,5047,0.13104113916208882
single_shape,TinyCNN,release_early,auroc,5048,0.03255856679367769
single_shape,TinyCNN,release_early,auroc,5049,0.061082865994879
single_shape,TinyCNN,release_default,auroc,5000,0.1760086065096444
single_shape,TinyCNN,release_default,auroc,5001,0.07893663719427663
single_shape,TinyCNN,release_default,auroc,5002,0.12146124621870125
single_shape,TinyCNN,release_default,auroc,5003,0.08109077987364566
single_shape,TinyCNN,release_default,auroc,5004,0.09266785598649724
single_shape,TinyCNN,release_default,auroc,5005,0.0806189332397293
single_shape,TinyCNN,release_default,auroc,5006,0.09213562410121356
single_shape,TinyCNN,release_default,auroc,5007,0.12639953185491593
single_shape,TinyCNN,release_default,auroc,5008,0.11168767978977456
single_shape,TinyCNN,release_default,auroc,5009,0.03879065359207451
single_shape,TinyCNN,release_default,auroc,5010,0.03942685943558066
single_shape,TinyCNN,release_default,auroc,5011,0.011814027660946191
single_shape,TinyCNN,release_default,auroc,5012,0.05261657639681683
single_shape,TinyCNN,release_default,auroc,5013,0.08645438203416278
single_shape,TinyCNN,release_default,auroc,5014,0.014834486590610096
single_shape,TinyCNN,release_default,auroc,5015,0.1567234151529338
single_shape,TinyCNN,release_default,auroc,5016,0.1626364488418756
single_shape,TinyCNN,release_default,auroc,5017,0.05397759565233018
single_shape,TinyCNN,release_default,auroc,5018,0.17419680180316138
single_shape,TinyCNN,release_default,auroc,5019,0.1184536792361029
single_shape,TinyCNN,release_default,auroc,5020,0.1135555643858629
single_shape,TinyCNN,release_default,auroc,5021,0.07417461776859158
single_shape,TinyCNN,release_default,auroc,5022,0.08681994141463695
single_shape,TinyCNN,release_default,auroc,5023,0.0055125438820796124
single_shape,TinyCNN,release_default,auroc,5024,0.06355779925894223
single_shape,TinyCNN,release_default,auroc,5025,0.09980854865589472
single_shape,TinyCNN,release_default,auroc,5026,0.08359091266110208
single_shape,TinyCNN,release_default,auroc,5027,0.044228940033437913
single_shape,TinyCNN,release_default,auroc,5028,0.048595799478666823
single_shape,TinyCNN,release_default,auroc,5029,0.08235156712893504
single_shape,TinyCNN,release_default,auroc,5030,0.116596535006605
single_shape,TinyCNN,release_default,auroc,5031,0.10987407297012736
single_shape,TinyCNN,release_default,auroc,5032,-0.09675850058357416
single_shape,TinyCNN,release_default,auroc,5033,0.056444551418718125
single_shape,TinyCNN,release_default,auroc,5034,0.17316098264251156
single_shape,TinyCNN,release_default,auroc,5035,0.16454794576194998
single_shape,TinyCNN,release_default,auroc,5036,0.12563402414018193
single_shape,TinyCNN,release_default,auroc,5037,0.1442047078048977
single_shape,TinyCNN,release_default,auroc,5038,0.15166618517186314
single_shape,TinyCNN,release_default,auroc,5039,0.12137301616638946
single_shape,TinyCNN,release_default,auroc,5040,-0.0172314418230069
single_shape,TinyCNN,release_default,auroc,5041,0.006421414161812133
single_shape,TinyCNN,release_default,auroc,5042,0.10764250095230082
single_shape,TinyCNN,release_default,auroc,5043,0.04218085003826155
single_shape,TinyCNN,release_default,auroc,5044,0.08426362676974797
single_shape,TinyCNN,release_default,auroc,5045,0.2600131826982063
single_shape,TinyCNN,release_default,auroc,5046,0.07298483245583354
single_shape,TinyCNN,release_default,auroc,5047,0.12440944860964398
single_shape,TinyCNN,release_default,auroc,5048,0.013793268141134407
single_shape,TinyCNN,release_default,auroc,5049,0.054214863685613734
single_shape,TinyCNN,release_late,auroc,5000,0.10697497151519458
single_shape,TinyCNN,release_late,auroc,5001,0.10429575512627143
single_shape,TinyCNN,release_late,auroc,5002,0.09332177112961715
single_shape,TinyCNN,release_late,auroc,5003,0.050802221559586136
single_shape,TinyCNN,release_late,auroc,5004,0.10127165094542867
single_shape,TinyCNN,release_late,auroc,5005,0.09687161202076139
single_shape,TinyCNN,release_late,auroc,5006,0.07145069274400784
single_shape,TinyCNN,release_late,auroc,5007,0.12035787708333878
single_shape,TinyCNN,release_late,auroc,5008,0.12768418283011002
single_shape,TinyCNN,release_late,auroc,5009,-0.022199282348125904
single_shape,TinyCNN,release_late,auroc,5010,0.09272513423695805
single_shape,TinyCNN,release_late,auroc,5011,0.023230369790332328
single_shape,TinyCNN,release_late,auroc,5012,0.12434629242232775
single_shape,TinyCNN,release_late,auroc,5013,0.05440065204872252
single_shape,TinyCNN,release_late,auroc,5014,0.09869438130387675
single_shape,TinyCNN,release_late,auroc,5015,0.1488743553930591
single_shape,TinyCNN,release_late,auroc,5016,0.13577057820336214
single_shape,TinyCNN,release_late,auroc,5017,0.03424488997798747
single_shape,TinyCNN,release_late,auroc,5018,0.19408664101106848
single_shape,TinyCNN,release_late,auroc,5019,0.11658080181258651
single_shape,TinyCNN,release_late,auroc,5020,0.0692657576846552
single_shape,TinyCNN,release_late,auroc,5021,0.04335666182498993
single_shape,TinyCNN,release_late,auroc,5022,0.10648940682047686
single_shape,TinyCNN,release_late,auroc,5023,0.027905121699614566
single_shape,TinyCNN,release_late,auroc,5024,0.03797708439481157
single_shape,TinyCNN,release_late,auroc,5025,0.0689574165994789
single_shape,TinyCNN,release_late,auroc,5026,0.08645427778445841
single_shape,TinyCNN,release_late,auroc,5027,0.08317637075133477
single_shape,TinyCNN,release_late,auroc,5028,0.07717253514954248
single_shape,TinyCNN,release_late,auroc,5029,0.08841664912562464
single_shape,TinyCNN,release_late,auroc,5030,0.07790685522485719
single_shape,TinyCNN,release_late,auroc,5031,0.07504947255601457
single_shape,TinyCNN,release_late,auroc,5032,-0.02856389140505161
single_shape,TinyCNN,release_late,auroc,5033,0.094981059296528
single_shape,TinyCNN,release_late,auroc,5034,0.16731993623225683
single_shape,TinyCNN,release_late,auroc,5035,0.18034278314324753
single_shape,TinyCNN,release_late,auroc,5036,0.2101077465953745
single_shape,TinyCNN,release_late,auroc,5037,0.09460248015417694
single_shape,TinyCNN,release_late,auroc,5038,0.14837030677506025
single_shape,TinyCNN,release_late,auroc,5039,0.0819655487168609
single_shape,TinyCNN,release_late,auroc,5040,0.0451537000658197
single_shape,TinyCNN,release_late,auroc,5041,-0.005954831002887462
single_shape,TinyCNN,release_late,auroc,5042,0.0808266043057348
single_shape,TinyCNN,release_late,auroc,5043,0.023090890642164963
single_shape,TinyCNN,release_late,auroc,5044,0.09143575383975483
single_shape,TinyCNN,release_late,auroc,5045,0.16471377119531289
single_shape,TinyCNN,release_late,auroc,5046,0.08249343191017022
single_shape,TinyCNN,release_late,auroc,5047,0.10323730600954145
single_shape,TinyCNN,release_late,auroc,5048,0.04077895393654679
single_shape,TinyCNN,release_late,auroc,5049,0.041946321331110425
single_shape,TinyCNN,template_init,validation_patch,5000,0.11280584542553623
single_shape,TinyCNN,template_init,validation_patch,5001,0.13194616616925087
single_shape,TinyCNN,template_init,validation_patch,5002,0.08190977039471231
single_shape,TinyCNN,template_init,validation_patch,5003,0.13966090103189577
single_shape,TinyCNN,template_init,validation_patch,5004,0.06195701470857018
single_shape,TinyCNN,template_init,validation_patch,5005,0.0710556701338364
single_shape,TinyCNN,template_init,validation_patch,5006,0.09561934398219546
single_shape,TinyCNN,template_init,validation_patch,5007,0.05521496371278528
single_shape,TinyCNN,template_init,validation_patch,5008,0.178496633096614
single_shape,TinyCNN,template_init,validation_patch,5009,0.08030317184007763
single_shape,TinyCNN,template_init,validation_patch,5010,0.07231812262041837
single_shape,TinyCNN,template_init,validation_patch,5011,0.009843439940363685
single_shape,TinyCNN,template_init,validation_patch,5012,0.16727007764841395
single_shape,TinyCNN,template_init,validation_patch,5013,-0.009675989441740307
single_shape,TinyCNN,template_init,validation_patch,5014,0.12239471951654246
single_shape,TinyCNN,template_init,validation_patch,5015,0.09517671186609244
single_shape,TinyCNN,template_init,validation_patch,5016,0.08216076029332864
single_shape,TinyCNN,template_init,validation_patch,5017,0.036905422569966595
single_shape,TinyCNN,template_init,validation_patch,5018,0.09716796621089013
single_shape,TinyCNN,template_init,validation_patch,5019,0.06511022454906007
single_shape,TinyCNN,template_init,validation_patch,5020,0.08578139276544577
single_shape,TinyCNN,template_init,validation_patch,5021,0.1483500263152044
single_shape,TinyCNN,template_init,validation_patch,5022,0.035655610660181025
single_shape,TinyCNN,template_init,validation_patch,5023,0.05001171785174929
single_shape,TinyCNN,template_init,validation_patch,5024,0.07142415512480604
single_shape,TinyCNN,template_init,validation_patch,5025,0.014144288493438906
single_shape,TinyCNN,template_init,validation_patch,5026,0.09719920184836156
single_shape,TinyCNN,template_init,validation_patch,5027,0.08617592030186244
single_shape,TinyCNN,template_init,validation_patch,5028,-0.04485017021191634
single_shape,TinyCNN,template_init,validation_patch,5029,0.11139669251258039
single_shape,TinyCNN,template_init,validation_patch,5030,0.09293447508469777
single_shape,TinyCNN,template_init,validation_patch,5031,0.056162043636082626
single_shape,TinyCNN,template_init,validation_patch,5032,0.050575998363471986
single_shape,TinyCNN,template_init,validation_patch,5033,0.13339129790650034
single_shape,TinyCNN,template_init,validation_patch,5034,0.11495261869506168
single_shape,TinyCNN,template_init,validation_patch,5035,0.1836242610772551
single_shape,TinyCNN,template_init,validation_patch,5036,-0.0011265507388372176
single_shape,TinyCNN,template_init,validation_patch,5037,0.16284108665558517
single_shape,TinyCNN,template_init,validation_patch,5038,0.05017078979252537
single_shape,TinyCNN,template_init,validation_patch,5039,0.0846807681634838
single_shape,TinyCNN,template_init,validation_patch,5040,0.0279717286854258
single_shape,TinyCNN,template_init,validation_patch,5041,0.14275830714047882
single_shape,TinyCNN,template_init,validation_patch,5042,0.06282789234097125
single_shape,TinyCNN,template_init,validation_patch,5043,0.10954687192559343
single_shape,TinyCNN,template_init,validation_patch,5044,0.02088947944144115
single_shape,TinyCNN,template_init,validation_patch,5045,0.15218886106505614
single_shape,TinyCNN,template_init,validation_patch,5046,-0.017218670281572424
single_shape,TinyCNN,template_init,validation_patch,5047,0.06911706285728952
single_shape,TinyCNN,template_init,validation_patch,5048,0.037563155974960294
single_shape,TinyCNN,template_init,validation_patch,5049,0.13509928674250238
single_shape,TinyCNN,retention_0p1,validation_patch,5000,0.08006355890002653
single_shape,TinyCNN,retention_0p1,validation_patch,5001,0.15519883853603478
single_shape,TinyCNN,retention_0p1,validation_patch,5002,-0.006908118158713006
single_shape,TinyCNN,retention_0p1,validation_patch,5003,0.0516642246389547
single_shape,TinyCNN,retention_0p1,validation_patch,5004,0.08586214465388636
single_shape,TinyCNN,retention_0p1,validation_patch,5005,0.032581164975092614
single_shape,TinyCNN,retention_0p1,validation_patch,5006,0.0018000965990619955
single_shape,TinyCNN,retention_0p1,validation_patch,5007,0.06800665058322003
single_shape,TinyCNN,retention_0p1,validation_patch,5008,0.09936603406778144
single_shape,TinyCNN,retention_0p1,validation_patch,5009,0.07057718972739868
single_shape,TinyCNN,retention_0p1,validation_patch,5010,0.025115723566659642
single_shape,TinyCNN,retention_0p1,validation_patch,5011,-0.0009638633070529479
single_shape,TinyCNN,retention_0p1,validation_patch,5012,0.06797610246225988
single_shape,TinyCNN,retention_0p1,validation_patch,5013,0.06496974644917192
single_shape,TinyCNN,retention_0p1,validation_patch,5014,-0.00601112102675283
single_shape,TinyCNN,retention_0p1,validation_patch,5015,0.11606237151056614
single_shape,TinyCNN,retention_0p1,validation_patch,5016,0.05246867145241174
single_shape,TinyCNN,retention_0p1,validation_patch,5017,0.0884666581310925
single_shape,TinyCNN,retention_0p1,validation_patch,5018,0.04636945916142987
single_shape,TinyCNN,retention_0p1,validation_patch,5019,0.025209964560393983
single_shape,TinyCNN,retention_0p1,validation_patch,5020,0.02374196808790069
single_shape,TinyCNN,retention_0p1,validation_patch,5021,0.07511560263420403
single_shape,TinyCNN,retention_0p1,validation_patch,5022,0.017015389451051854
single_shape,TinyCNN,retention_0p1,validation_patch,5023,0.02566859663440124
single_shape,TinyCNN,retention_0p1,validation_patch,5024,0.06524552988206966
single_shape,TinyCNN,retention_0p1,validation_patch,5025,0.01804370529085303
single_shape,TinyCNN,retention_0p1,validation_patch,5026,0.05380154578949753
single_shape,TinyCNN,retention_0p1,validation_patch,5027,0.11674213804810613
single_shape,TinyCNN,retention_0p1,validation_patch,5028,0.024121115118418968
single_shape,TinyCNN,retention_0p1,validation_patch,5029,0.06413239628784156
single_shape,TinyCNN,retention_0p1,validation_patch,5030,0.008890160700400995
single_shape,TinyCNN,retention_0p1,validation_patch,5031,0.07629219479165061
single_shape,TinyCNN,retention_0p1,validation_patch,5032,0.06214644705893163
single_shape,TinyCNN,retention_0p1,validation_patch,5033,0.09612433457522213
single_shape,TinyCNN,retention_0p1,validation_patch,5034,0.10895822898745489
single_shape,TinyCNN,retention_0p1,validation_patch,5035,0.12242596765978747
single_shape,TinyCNN,retention_0p1,validation_patch,5036,-0.02160039669127678
single_shape,TinyCNN,retention_0p1,validation_patch,5037,0.15364212651478354
single_shape,TinyCNN,retention_0p1,validation_patch,5038,0.04704531187918437
single_shape,TinyCNN,retention_0p1,validation_patch,5039,0.0635162991183823
single_shape,TinyCNN,retention_0p1,validation_patch,5040,0.011987991680650456
single_shape,TinyCNN,retention_0p1,validation_patch,5041,0.08140959562967492
single_shape,TinyCNN,retention_0p1,validation_patch,5042,0.030275798111432883
single_shape,TinyCNN,retention_0p1,validation_patch,5043,0.010610995456976635
single_shape,TinyCNN,retention_0p1,validation_patch,5044,0.03398550609506801
single_shape,TinyCNN,retention_0p1,validation_patch,5045,0.04039953041481681
single_shape,TinyCNN,retention_0p1,validation_patch,5046,-0.04626231681746962
single_shape,TinyCNN,retention_0p1,validation_patch,5047,0.04954882046695924
single_shape,TinyCNN,retention_0p1,validation_patch,5048,0.07913743707713394
single_shape,TinyCNN,retention_0p1,validation_patch,5049,0.09828800863463338
single_shape,TinyCNN,release_early,validation_patch,5000,0.10832668959876302
single_shape,TinyCNN,release_early,validation_patch,5001,0.1269803165268248
single_shape,TinyCNN,release_early,validation_patch,5002,0.06536379962566774
single_shape,TinyCNN,release_early,validation_patch,5003,-0.04138806619581764
single_shape,TinyCNN,release_early,validation_patch,5004,0.06849883913353694
single_shape,TinyCNN,release_early,validation_patch,5005,0.09073117902052813
single_shape,TinyCNN,release_early,validation_patch,5006,0.09215883192751029
single_shape,TinyCNN,release_early,validation_patch,5007,0.07255091220584164
single_shape,TinyCNN,release_early,validation_patch,5008,0.14419115502148933
single_shape,TinyCNN,release_early,validation_patch,5009,0.07431879982020057
single_shape,TinyCNN,release_early,validation_patch,5010,0.09477211424576215
single_shape,TinyCNN,release_early,validation_patch,5011,0.004696345581186145
single_shape,TinyCNN,release_early,validation_patch,5012,0.10811468741831881
single_shape,TinyCNN,release_early,validation_patch,5013,0.006146918060167872
single_shape,TinyCNN,release_early,validation_patch,5014,0.09566550027380122
single_shape,TinyCNN,release_early,validation_patch,5015,0.11092936266460879
single_shape,TinyCNN,release_early,validation_patch,5016,0.057531645118042096
single_shape,TinyCNN,release_early,validation_patch,5017,0.07818100533169803
single_shape,TinyCNN,release_early,validation_patch,5018,0.13770426932949797
single_shape,TinyCNN,release_early,validation_patch,5019,0.10717579791410248
single_shape,TinyCNN,release_early,validation_patch,5020,0.07480203451399808
single_shape,TinyCNN,release_early,validation_patch,5021,0.14223557809504378
single_shape,TinyCNN,release_early,validation_patch,5022,0.10215470700431528
single_shape,TinyCNN,release_early,validation_patch,5023,0.02564651841230814
single_shape,TinyCNN,release_early,validation_patch,5024,0.022556623195991943
single_shape,TinyCNN,release_early,validation_patch,5025,0.06750126651713717
single_shape,TinyCNN,release_early,validation_patch,5026,0.12385450441001994
single_shape,TinyCNN,release_early,validation_patch,5027,0.08398506131160366
single_shape,TinyCNN,release_early,validation_patch,5028,0.002322660656210729
single_shape,TinyCNN,release_early,validation_patch,5029,0.08405250329141872
single_shape,TinyCNN,release_early,validation_patch,5030,0.034564780684804064
single_shape,TinyCNN,release_early,validation_patch,5031,0.027199105014366398
single_shape,TinyCNN,release_early,validation_patch,5032,0.051840872014161765
single_shape,TinyCNN,release_early,validation_patch,5033,0.10928821336134042
single_shape,TinyCNN,release_early,validation_patch,5034,0.13992722746896213
single_shape,TinyCNN,release_early,validation_patch,5035,0.168474109810833
single_shape,TinyCNN,release_early,validation_patch,5036,-0.012838696103358582
single_shape,TinyCNN,release_early,validation_patch,5037,0.17257770222378488
single_shape,TinyCNN,release_early,validation_patch,5038,0.03768608024428982
single_shape,TinyCNN,release_early,validation_patch,5039,0.12132719463050956
single_shape,TinyCNN,release_early,validation_patch,5040,0.038709830007249646
single_shape,TinyCNN,release_early,validation_patch,5041,0.1682796924783308
single_shape,TinyCNN,release_early,validation_patch,5042,0.06252029344121396
single_shape,TinyCNN,release_early,validation_patch,5043,0.09258886526422666
single_shape,TinyCNN,release_early,validation_patch,5044,0.025957564464371252
single_shape,TinyCNN,release_early,validation_patch,5045,0.16559145598572667
single_shape,TinyCNN,release_early,validation_patch,5046,0.02074896895658107
single_shape,TinyCNN,release_early,validation_patch,5047,0.1155095720796625
single_shape,TinyCNN,release_early,validation_patch,5048,0.03315480627609524
single_shape,TinyCNN,release_early,validation_patch,5049,0.13125155977029546
single_shape,TinyCNN,release_default,validation_patch,5000,0.10945910530654684
single_shape,TinyCNN,release_default,validation_patch,5001,0.14383499625264928
single_shape,TinyCNN,release_default,validation_patch,5002,0.055499657579767214
single_shape,TinyCNN,release_default,validation_patch,5003,-0.03264478655396158
single_shape,TinyCNN,release_default,validation_patch,5004,0.03180390543944683
single_shape,TinyCNN,release_default,validation_patch,5005,0.08943492197390668
single_shape,TinyCNN,release_default,validation_patch,5006,0.07482056142273602
single_shape,TinyCNN,release_default,validation_patch,5007,0.07495085573599203
single_shape,TinyCNN,release_default,validation_patch,5008,0.16319024699588008
single_shape,TinyCNN,release_default,validation_patch,5009,0.09797055056964676
single_shape,TinyCNN,release_default,validation_patch,5010,0.07764590245370451
single_shape,TinyCNN,release_default,validation_patch,5011,-0.01689632004649111
single_shape,TinyCNN,release_default,validation_patch,5012,0.094155567157791
single_shape,TinyCNN,release_default,validation_patch,5013,0.01919738386986325
single_shape,TinyCNN,release_default,validation_patch,5014,0.12122543961276394
single_shape,TinyCNN,release_default,validation_patch,5015,0.14991333600603518
single_shape,TinyCNN,release_default,validation_patch,5016,0.004997736516146878
single_shape,TinyCNN,release_default,validation_patch,5017,0.0758810349982667
single_shape,TinyCNN,release_default,validation_patch,5018,0.13358863610170718
single_shape,TinyCNN,release_default,validation_patch,5019,0.0991843616978973
single_shape,TinyCNN,release_default,validation_patch,5020,0.07473896059954604
single_shape,TinyCNN,release_default,validation_patch,5021,0.059650749708754336
single_shape,TinyCNN,release_default,validation_patch,5022,0.06776331142170011
single_shape,TinyCNN,release_default,validation_patch,5023,0.031091803165053167
single_shape,TinyCNN,release_default,validation_patch,5024,0.07066953767719197
single_shape,TinyCNN,release_default,validation_patch,5025,0.04923400487254215
single_shape,TinyCNN,release_default,validation_patch,5026,0.08871880186728459
single_shape,TinyCNN,release_default,validation_patch,5027,0.09899078470382128
single_shape,TinyCNN,release_default,validation_patch,5028,0.060040246614229575
single_shape,TinyCNN,release_default,validation_patch,5029,0.10254813636084825
single_shape,TinyCNN,release_default,validation_patch,5030,0.07853487346670196
single_shape,TinyCNN,release_default,validation_patch,5031,0.06053376751817241
single_shape,TinyCNN,release_default,validation_patch,5032,0.082257962133375
single_shape,TinyCNN,release_default,validation_patch,5033,0.0664171132172614
single_shape,TinyCNN,release_default,validation_patch,5034,0.12095203250992131
single_shape,TinyCNN,release_default,validation_patch,5035,0.1680610780929342
single_shape,TinyCNN,release_default,validation_patch,5036,0.015192432132131894
single_shape,TinyCNN,release_default,validation_patch,5037,0.09969185980029677
single_shape,TinyCNN,release_default,validation_patch,5038,0.06644886388131388
single_shape,TinyCNN,release_default,validation_patch,5039,0.10812051475830792
single_shape,TinyCNN,release_default,validation_patch,5040,-0.01868844466454206
single_shape,TinyCNN,release_default,validation_patch,5041,0.10668185011011094
single_shape,TinyCNN,release_default,validation_patch,5042,0.040523325600338056
single_shape,TinyCNN,release_default,validation_patch,5043,0.10596428398533186
single_shape,TinyCNN,release_default,validation_patch,5044,0.039888534462655556
single_shape,TinyCNN,release_default,validation_patch,5045,0.1420716318686312
single_shape,TinyCNN,release_default,validation_patch,5046,-0.028689240413023953
single_shape,TinyCNN,release_default,validation_patch,5047,0.07606847307282705
single_shape,TinyCNN,release_default,validation_patch,5048,0.03291879026425826
single_shape,TinyCNN,release_default,validation_patch,5049,0.08962703805677291
single_shape,TinyCNN,release_late,validation_patch,5000,0.10894576639452158
single_shape,TinyCNN,release_late,validation_patch,5001,0.0829131565876482
single_shape,TinyCNN,release_late,validation_patch,5002,0.07044827173624235
single_shape,TinyCNN,release_late,validation_patch,5003,0.07032723030141202
single_shape,TinyCNN,release_late,validation_patch,5004,0.08519695617603279
single_shape,TinyCNN,release_late,validation_patch,5005,0.1348281744086534
single_shape,TinyCNN,release_late,validation_patch,5006,0.029344709403136104
single_shape,TinyCNN,release_late,validation_patch,5007,0.11624200387894512
single_shape,TinyCNN,release_late,validation_patch,5008,0.15033217189176695
single_shape,TinyCNN,release_late,validation_patch,5009,0.06235601466571261
single_shape,TinyCNN,release_late,validation_patch,5010,0.1009182200530877
single_shape,TinyCNN,release_late,validation_patch,5011,0.0035075010482141233
single_shape,TinyCNN,release_late,validation_patch,5012,0.053435965240094974
single_shape,TinyCNN,release_late,validation_patch,5013,-0.03128573612604291
single_shape,TinyCNN,release_late,validation_patch,5014,0.08919918612310057
single_shape,TinyCNN,release_late,validation_patch,5015,0.09014830332886553
single_shape,TinyCNN,release_late,validation_patch,5016,0.08267533953130207
single_shape,TinyCNN,release_late,validation_patch,5017,0.13013864007327536
single_shape,TinyCNN,release_late,validation_patch,5018,0.0955658512821026
single_shape,TinyCNN,release_late,validation_patch,5019,0.1277910827144415
single_shape,TinyCNN,release_late,validation_patch,5020,0.07901722574565678
single_shape,TinyCNN,release_late,validation_patch,5021,0.06485820962896832
single_shape,TinyCNN,release_late,validation_patch,5022,0.0716497122384665
single_shape,TinyCNN,release_late,validation_patch,5023,0.026819329304230588
single_shape,TinyCNN,release_late,validation_patch,5024,0.05205887305111234
single_shape,TinyCNN,release_late,validation_patch,5025,0.06511131164607958
single_shape,TinyCNN,release_late,validation_patch,5026,0.0547216301687527
single_shape,TinyCNN,release_late,validation_patch,5027,0.10879938299349301
single_shape,TinyCNN,release_late,validation_patch,5028,0.03333101360553842
single_shape,TinyCNN,release_late,validation_patch,5029,0.13307661098201956
single_shape,TinyCNN,release_late,validation_patch,5030,0.05891140510625653
single_shape,TinyCNN,release_late,validation_patch,5031,0.09884508663967079
single_shape,TinyCNN,release_late,validation_patch,5032,0.0035063996483903903
single_shape,TinyCNN,release_late,validation_patch,5033,0.03488106013710823
single_shape,TinyCNN,release_late,validation_patch,5034,0.15911490472617157
single_shape,TinyCNN,release_late,validation_patch,5035,0.09485396124592915
single_shape,TinyCNN,release_late,validation_patch,5036,0.03452941008901139
single_shape,TinyCNN,release_late,validation_patch,5037,0.09066097625506941
single_shape,TinyCNN,release_late,validation_patch,5038,0.06113429094411238
single_shape,TinyCNN,release_late,validation_patch,5039,0.08668857294590954
single_shape,TinyCNN,release_late,validation_patch,5040,0.015622381965626375
single_shape,TinyCNN,release_late,validation_patch,5041,0.10359570445411992
single_shape,TinyCNN,release_late,validation_patch,5042,0.05480852178814788
single_shape,TinyCNN,release_late,validation_patch,5043,0.0510143959682009
single_shape,TinyCNN,release_late,validation_patch,5044,0.047171579861103874
single_shape,TinyCNN,release_late,validation_patch,5045,0.09399271830724021
single_shape,TinyCNN,release_late,validation_patch,5046,-0.011835490303932661
single_shape,TinyCNN,release_late,validation_patch,5047,0.047052880399218955
single_shape,TinyCNN,release_late,validation_patch,5048,0.07199825534161808
single_shape,TinyCNN,release_late,validation_patch,5049,0.11074532131278825
single_shape,TwoLayerCNN,template_init,contrast,5000,0.042150578433745256
single_shape,TwoLayerCNN,template_init,contrast,5001,0.07836306388669584
single_shape,TwoLayerCNN,template_init,contrast,5002,-0.10740329630668805
single_shape,TwoLayerCNN,template_init,contrast,5003,-0.007361358862724043
single_shape,TwoLayerCNN,template_init,contrast,5004,-0.04145597298364079
single_shape,TwoLayerCNN,template_init,contrast,5005,0.05479156693216042
single_shape,TwoLayerCNN,template_init,contrast,5006,0.03390906133080879
single_shape,TwoLayerCNN,template_init,contrast,5007,0.020884731206112617
single_shape,TwoLayerCNN,template_init,contrast,5008,-0.009824979148978064
single_shape,TwoLayerCNN,template_init,contrast,5009,-0.03317636967126064
single_shape,TwoLayerCNN,template_init,contrast,5010,0.006043040114139142
single_shape,TwoLayerCNN,template_init,contrast,5011,-0.029972318720271673
single_shape,TwoLayerCNN,template_init,contrast,5012,-0.0003570970745951363
single_shape,TwoLayerCNN,template_init,contrast,5013,0.13269384694105335
single_shape,TwoLayerCNN,template_init,contrast,5014,-0.0270764290192686
single_shape,TwoLayerCNN,template_init,contrast,5015,0.013356072718093581
single_shape,TwoLayerCNN,template_init,contrast,5016,-0.0107283929388573
single_shape,TwoLayerCNN,template_init,contrast,5017,-0.06924812804402952
single_shape,TwoLayerCNN,template_init,contrast,5018,0.0528736003590643
single_shape,TwoLayerCNN,template_init,contrast,5019,0.02119936563385766
single_shape,TwoLayerCNN,template_init,contrast,5020,0.07637614446765828
single_shape,TwoLayerCNN,template_init,contrast,5021,-0.041107730388860786
single_shape,TwoLayerCNN,template_init,contrast,5022,0.013934846119431687
single_shape,TwoLayerCNN,template_init,contrast,5023,0.06528776534213931
single_shape,TwoLayerCNN,template_init,contrast,5024,0.05713024555086266
single_shape,TwoLayerCNN,template_init,contrast,5025,0.131327641471844
single_shape,TwoLayerCNN,template_init,contrast,5026,-0.0318713908352124
single_shape,TwoLayerCNN,template_init,contrast,5027,-0.052525517792362586
single_shape,TwoLayerCNN,template_init,contrast,5028,-0.06105001163583251
single_shape,TwoLayerCNN,template_init,contrast,5029,-0.0028757629784334493
single_shape,TwoLayerCNN,template_init,contrast,5030,0.03025380429995267
single_shape,TwoLayerCNN,template_init,contrast,5031,-0.017088862602472443
single_shape,TwoLayerCNN,template_init,contrast,5032,-0.041986578475255776
single_shape,TwoLayerCNN,template_init,contrast,5033,0.006454612671851767
single_shape,TwoLayerCNN,template_init,contrast,5034,0.019620601008406235
single_shape,TwoLayerCNN,template_init,contrast,5035,0.005801351930906695
single_shape,TwoLayerCNN,template_init,contrast,5036,0.013022332090858568
single_shape,TwoLayerCNN,template_init,contrast,5037,-0.02821170249480731
single_shape,TwoLayerCNN,template_init,contrast,5038,0.04148802240080596
single_shape,TwoLayerCNN,template_init,contrast,5039,-0.04098203205530121
single_shape,TwoLayerCNN,template_init,contrast,5040,0.12176343517458516
single_shape,TwoLayerCNN,template_init,contrast,5041,0.040295609619450945
single_shape,TwoLayerCNN,template_init,contrast,5042,-0.055191403657181115
single_shape,TwoLayerCNN,template_init,contrast,5043,-0.0052187373779872814
single_shape,TwoLayerCNN,template_init,contrast,5044,-0.06749467022702421
single_shape,TwoLayerCNN,template_init,contrast,5045,-0.025071872792806982
single_shape,TwoLayerCNN,template_init,contrast,5046,0.10988014196370183
single_shape,TwoLayerCNN,template_init,contrast,5047,0.046480576694554465
single_shape,TwoLayerCNN,template_init,contrast,5048,0.036340987093012755
single_shape,TwoLayerCNN,template_init,contrast,5049,-0.08334880178086201
single_shape,TwoLayerCNN,retention_0p1,contrast,5000,-0.017417459407950697
single_shape,TwoLayerCNN,retention_0p1,contrast,5001,-0.02818620335546068
single_shape,TwoLayerCNN,retention_0p1,contrast,5002,-0.0695290554513675
single_shape,TwoLayerCNN,retention_0p1,contrast,5003,0.004737170339859154
single_shape,TwoLayerCNN,retention_0p1,contrast,5004,-0.024122514791799887
single_shape,TwoLayerCNN,retention_0p1,contrast,5005,0.012345358355052849
single_shape,TwoLayerCNN,retention_0p1,contrast,5006,0.00549764596496799
single_shape,TwoLayerCNN,retention_0p1,contrast,5007,0.024093162725108253
single_shape,TwoLayerCNN,retention_0p1,contrast,5008,0.030093254119287483
single_shape,TwoLayerCNN,retention_0p1,contrast,5009,-0.010945883850750071
single_shape,TwoLayerCNN,retention_0p1,contrast,5010,0.039351509841076104
single_shape,TwoLayerCNN,retention_0p1,contrast,5011,-0.04679504844205695
single_shape,TwoLayerCNN,retention_0p1,contrast,5012,0.023789505582024806
single_shape,TwoLayerCNN,retention_0p1,contrast,5013,-0.01580232989094371
single_shape,TwoLayerCNN,retention_0p1,contrast,5014,0.023082405108654724
single_shape,TwoLayerCNN,retention_0p1,contrast,5015,0.025078105157072594
single_shape,TwoLayerCNN,retention_0p1,contrast,5016,-0.011578732289155902
single_shape,TwoLayerCNN,retention_0p1,contrast,5017,-0.013178018781124623
single_shape,TwoLayerCNN,retention_0p1,contrast,5018,-0.02010128057541266
single_shape,TwoLayerCNN,retention_0p1,contrast,5019,-0.049309519828789006
single_shape,TwoLayerCNN,retention_0p1,contrast,5020,-0.041668202049585434
single_shape,TwoLayerCNN,retention_0p1,contrast,5021,-0.04893335516565678
single_shape,TwoLayerCNN,retention_0p1,contrast,5022,0.042200402509458945
single_shape,TwoLayerCNN,retention_0p1,contrast,5023,0.025089130725663655
single_shape,TwoLayerCNN,retention_0p1,contrast,5024,0.012492137667578618
single_shape,TwoLayerCNN,retention_0p1,contrast,5025,0.13013755634562607
single_shape,TwoLayerCNN,retention_0p1,contrast,5026,-0.056551158071601215
single_shape,TwoLayerCNN,retention_0p1,contrast,5027,-0.07561676296883213
single_shape,TwoLayerCNN,retention_0p1,contrast,5028,-0.04326065284490149
single_shape,TwoLayerCNN,retention_0p1,contrast,5029,0.02854872995664859
single_shape,TwoLayerCNN,retention_0p1,contrast,5030,0.020096084230998235
single_shape,TwoLayerCNN,retention_0p1,contrast,5031,0.007124667759167536
single_shape,TwoLayerCNN,retention_0p1,contrast,5032,0.042876240657860165
single_shape,TwoLayerCNN,retention_0p1,contrast,5033,-0.0133547009090208
single_shape,TwoLayerCNN,retention_0p1,contrast,5034,0.02698517336870443
single_shape,TwoLayerCNN,retention_0p1,contrast,5035,-0.0006480312193642979
single_shape,TwoLayerCNN,retention_0p1,contrast,5036,-0.034262275839331
single_shape,TwoLayerCNN,retention_0p1,contrast,5037,-0.002601882772423292
single_shape,TwoLayerCNN,retention_0p1,contrast,5038,0.005505325831644758
single_shape,TwoLayerCNN,retention_0p1,contrast,5039,0.004344418289718377
single_shape,TwoLayerCNN,retention_0p1,contrast,5040,0.07420944363419513
single_shape,TwoLayerCNN,retention_0p1,contrast,5041,0.026215150823168498
single_shape,TwoLayerCNN,retention_0p1,contrast,5042,-0.022675880178813668
single_shape,TwoLayerCNN,retention_0p1,contrast,5043,0.000667539149006191
single_shape,TwoLayerCNN,retention_0p1,contrast,5044,-0.033246989470576416
single_shape,TwoLayerCNN,retention_0p1,contrast,5045,0.02118640037755737
single_shape,TwoLayerCNN,retention_0p1,contrast,5046,0.03734074879609128
single_shape,TwoLayerCNN,retention_0p1,contrast,5047,0.048648513547770666
single_shape,TwoLayerCNN,retention_0p1,contrast,5048,0.003342648647336466
single_shape,TwoLayerCNN,retention_0p1,contrast,5049,-0.04961495804256544
single_shape,TwoLayerCNN,release_early,contrast,5000,0.06267128529885291
single_shape,TwoLayerCNN,release_early,contrast,5001,-0.006422802695448981
single_shape,TwoLayerCNN,release_early,contrast,5002,-0.01722977861759578
single_shape,TwoLayerCNN,release_early,contrast,5003,0.02094495979747446
single_shape,TwoLayerCNN,release_early,contrast,5004,-0.02742942778819485
single_shape,TwoLayerCNN,release_early,contrast,5005,0.06580032441707284
single_shape,TwoLayerCNN,release_early,contrast,5006,0.051525203299462585
single_shape,TwoLayerCNN,release_early,contrast,5007,0.008786826277764503
single_shape,TwoLayerCNN,release_early,contrast,5008,0.026515909188305764
single_shape,TwoLayerCNN,release_early,contrast,5009,-0.049974050458785835
single_shape,TwoLayerCNN,release_early,contrast,5010,-0.0036737433521417118
single_shape,TwoLayerCNN,release_early,contrast,5011,-0.06279475379723726
single_shape,TwoLayerCNN,release_early,contrast,5012,0.0014459362748157623
single_shape,TwoLayerCNN,release_early,contrast,5013,0.06416222408973454
single_shape,TwoLayerCNN,release_early,contrast,5014,-0.06238456801131981
single_shape,TwoLayerCNN,release_early,contrast,5015,0.06666158514832138
single_shape,TwoLayerCNN,release_early,contrast,5016,-0.05541480426562734
single_shape,TwoLayerCNN,release_early,contrast,5017,-0.016615983998329364
single_shape,TwoLayerCNN,release_early,contrast,5018,-0.007617765903744134
single_shape,TwoLayerCNN,release_early,contrast,5019,0.100037867037512
single_shape,TwoLayerCNN,release_early,contrast,5020,0.0538155969282359
single_shape,TwoLayerCNN,release_early,contrast,5021,-0.09064651580916655
single_shape,TwoLayerCNN,release_early,contrast,5022,-0.0645332009276336
single_shape,TwoLayerCNN,release_early,contrast,5023,-0.003444348843505751
single_shape,TwoLayerCNN,release_early,contrast,5024,-0.012243272956907303
single_shape,TwoLayerCNN,release_early,contrast,5025,0.12241504113225637
single_shape,TwoLayerCNN,release_early,contrast,5026,-0.003492444210933421
single_shape,TwoLayerCNN,release_early,contrast,5027,-0.06342592246700096
single_shape,TwoLayerCNN,release_early,contrast,5028,0.011303140515985466
single_shape,TwoLayerCNN,release_early,contrast,5029,-0.0015036598946217006
single_shape,TwoLayerCNN,release_early,contrast,5030,0.031372043314088605
single_shape,TwoLayerCNN,release_early,contrast,5031,0.030009188775980244
single_shape,TwoLayerCNN,release_early,contrast,5032,-0.007236581942658027
single_shape,TwoLayerCNN,release_early,contrast,5033,-0.01305919695540575
single_shape,TwoLayerCNN,release_early,contrast,5034,0.02267324824494088
single_shape,TwoLayerCNN,release_early,contrast,5035,0.02774264838399587
single_shape,TwoLayerCNN,release_early,contrast,5036,-0.061353952164843406
single_shape,TwoLayerCNN,release_early,contrast,5037,-0.022756173249893707
single_shape,TwoLayerCNN,release_early,contrast,5038,-0.03409845051532939
single_shape,TwoLayerCNN,release_early,contrast,5039,-0.029984347116430277
single_shape,TwoLayerCNN,release_early,contrast,5040,0.10159773138425765
single_shape,TwoLayerCNN,release_early,contrast,5041,0.05762890113251645
single_shape,TwoLayerCNN,release_early,contrast,5042,-0.14007747804971676
single_shape,TwoLayerCNN,release_early,contrast,5043,-0.07151870069773969
single_shape,TwoLayerCNN,release_early,contrast,5044,-0.038737856246117364
single_shape,TwoLayerCNN,release_early,contrast,5045,-0.007148717897408119
single_shape,TwoLayerCNN,release_early,contrast,5046,0.05783779545802714
single_shape,TwoLayerCNN,release_early,contrast,5047,0.03538310431132663
single_shape,TwoLayerCNN,release_early,contrast,5048,0.006639919329484212
single_shape,TwoLayerCNN,release_early,contrast,5049,-0.05057729600261607
single_shape,TwoLayerCNN,release_default,contrast,5000,0.018240066662338683
single_shape,TwoLayerCNN,release_default,contrast,5001,-0.007464762335942898
single_shape,TwoLayerCNN,release_default,contrast,5002,-0.011657705647330208
single_shape,TwoLayerCNN,release_default,contrast,5003,-0.021979260500108733
single_shape,TwoLayerCNN,release_default,contrast,5004,-0.07910253005335854
single_shape,TwoLayerCNN,release_default,contrast,5005,0.02739834548517822
single_shape,TwoLayerCNN,release_default,contrast,5006,-0.01748813464669674
single_shape,TwoLayerCNN,release_default,contrast,5007,0.02864767598709861
single_shape,TwoLayerCNN,release_default,contrast,5008,0.025375524846416753
single_shape,TwoLayerCNN,release_default,contrast,5009,-0.0023554149856071516
single_shape,TwoLayerCNN,release_default,contrast,5010,0.03790013622887001
single_shape,TwoLayerCNN,release_default,contrast,5011,-0.08188645838846931
single_shape,TwoLayerCNN,release_default,contrast,5012,0.0017920957198562237
single_shape,TwoLayerCNN,release_default,contrast,5013,0.043772470235687366
single_shape,TwoLayerCNN,release_default,contrast,5014,-0.04238826780599597
single_shape,TwoLayerCNN,release_default,contrast,5015,0.032632578416129876
single_shape,TwoLayerCNN,release_default,contrast,5016,-0.08120493734192652
single_shape,TwoLayerCNN,release_default,contrast,5017,0.004646043963107638
single_shape,TwoLayerCNN,release_default,contrast,5018,0.0022894606357879987
single_shape,TwoLayerCNN,release_default,contrast,5019,0.0864441308136859
single_shape,TwoLayerCNN,release_default,contrast,5020,0.06049299079659609
single_shape,TwoLayerCNN,release_default,contrast,5021,-0.10330935626410126
single_shape,TwoLayerCNN,release_default,contrast,5022,-0.01917851011077737
single_shape,TwoLayerCNN,release_default,contrast,5023,0.01287625108026541
single_shape,TwoLayerCNN,release_default,contrast,5024,-0.02279238182455373
single_shape,TwoLayerCNN,release_default,contrast,5025,0.03310198606729858
single_shape,TwoLayerCNN,release_default,contrast,5026,-0.0952518392847968
single_shape,TwoLayerCNN,release_default,contrast,5027,-0.05334507224245344
single_shape,TwoLayerCNN,release_default,contrast,5028,-0.0032554954857628715
single_shape,TwoLayerCNN,release_default,contrast,5029,0.006255463643629389
single_shape,TwoLayerCNN,release_default,contrast,5030,0.011945620847775285
single_shape,TwoLayerCNN,release_default,contrast,5031,0.01380083298929008
single_shape,TwoLayerCNN,release_default,contrast,5032,0.02014308551320948
single_shape,TwoLayerCNN,release_default,contrast,5033,0.002523907331154318
single_shape,TwoLayerCNN,release_default,contrast,5034,0.010302899153702416
single_shape,TwoLayerCNN,release_default,contrast,5035,-0.06261154397003615
single_shape,TwoLayerCNN,release_default,contrast,5036,-0.022379650038020393
single_shape,TwoLayerCNN,release_default,contrast,5037,-0.07910464918666343
single_shape,TwoLayerCNN,release_default,contrast,5038,0.0016636941402926597
single_shape,TwoLayerCNN,release_default,contrast,5039,-0.03805671162970453
single_shape,TwoLayerCNN,release_default,contrast,5040,0.04728917557104895
single_shape,TwoLayerCNN,release_default,contrast,5041,0.05287637622559893
single_shape,TwoLayerCNN,release_default,contrast,5042,-0.10125048806429837
single_shape,TwoLayerCNN,release_default,contrast,5043,-0.01413772765213106
single_shape,TwoLayerCNN,release_default,contrast,5044,-0.07078618677817705
single_shape,TwoLayerCNN,release_default,contrast,5045,-0.02264661601948237
single_shape,TwoLayerCNN,release_default,contrast,5046,0.03125649854708168
single_shape,TwoLayerCNN,release_default,contrast,5047,-0.016018154386897854
single_shape,TwoLayerCNN,release_default,contrast,5048,0.0007282941862035708
single_shape,TwoLayerCNN,release_default,contrast,5049,-0.053791292557114345
single_shape,TwoLayerCNN,release_late,contrast,5000,-0.007520696555695983
single_shape,TwoLayerCNN,release_late,contrast,5001,-0.034027026739442356
single_shape,TwoLayerCNN,release_late,contrast,5002,-0.0287099872178459
single_shape,TwoLayerCNN,release_late,contrast,5003,-0.05882952054149981
single_shape,TwoLayerCNN,release_late,contrast,5004,-0.04318016929630597
single_shape,TwoLayerCNN,release_late,contrast,5005,-0.013992515918204829
single_shape,TwoLayerCNN,release_late,contrast,5006,-0.016082120427009627
single_shape,TwoLayerCNN,release_late,contrast,5007,-0.012837257592740292
single_shape,TwoLayerCNN,release_late,contrast,5008,0.05080316099184323
single_shape,TwoLayerCNN,release_late,contrast,5009,-0.005488838836173071
single_shape,TwoLayerCNN,release_late,contrast,5010,0.047930242467782824
single_shape,TwoLayerCNN,release_late,contrast,5011,-0.04448148856235834
single_shape,TwoLayerCNN,release_late,contrast,5012,0.006352144239177293
single_shape,TwoLayerCNN,release_late,contrast,5013,-0.03739635504557204
single_shape,TwoLayerCNN,release_late,contrast,5014,0.038674549707286066
single_shape,TwoLayerCNN,release_late,contrast,5015,-0.056045120755046196
single_shape,TwoLayerCNN,release_late,contrast,5016,-0.021448088139469412
single_shape,TwoLayerCNN,release_late,contrast,5017,0.054374835648121955
single_shape,TwoLayerCNN,release_late,contrast,5018,0.01683775072082183
single_shape,TwoLayerCNN,release_late,contrast,5019,0.0269912009104209
single_shape,TwoLayerCNN,release_late,contrast,5020,0.046537755081551335
single_shape,TwoLayerCNN,release_late,contrast,5021,-0.06288665403741328
single_shape,TwoLayerCNN,release_late,contrast,5022,-0.018168508948115947
single_shape,TwoLayerCNN,release_late,contrast,5023,-0.024861159607756922
single_shape,TwoLayerCNN,release_late,contrast,5024,-0.021105024911564796
single_shape,TwoLayerCNN,release_late,contrast,5025,0.03022318941807639
single_shape,TwoLayerCNN,release_late,contrast,5026,-0.0543148192388469
single_shape,TwoLayerCNN,release_late,contrast,5027,-0.07270781537889398
single_shape,TwoLayerCNN,release_late,contrast,5028,-0.058041567640259806
single_shape,TwoLayerCNN,release_late,contrast,5029,0.04324168292612662
single_shape,TwoLayerCNN,release_late,contrast,5030,-0.026895385210754907
single_shape,TwoLayerCNN,release_late,contrast,5031,0.016329675035607283
single_shape,TwoLayerCNN,release_late,contrast,5032,0.020177492748933046
single_shape,TwoLayerCNN,release_late,contrast,5033,-0.01880609426411628
single_shape,TwoLayerCNN,release_late,contrast,5034,0.00015507550712801077
single_shape,TwoLayerCNN,release_late,contrast,5035,0.0005057765054380381
single_shape,TwoLayerCNN,release_late,contrast,5036,-0.047676456419350366
single_shape,TwoLayerCNN,release_late,contrast,5037,-0.06305156996914923
single_shape,TwoLayerCNN,release_late,contrast,5038,-0.005636846291872888
single_shape,TwoLayerCNN,release_late,contrast,5039,-0.005362945204562597
single_shape,TwoLayerCNN,release_late,contrast,5040,-0.007102028558008566
single_shape,TwoLayerCNN,release_late,contrast,5041,0.003986359162999775
single_shape,TwoLayerCNN,release_late,contrast,5042,-0.005564260815573707
single_shape,TwoLayerCNN,release_late,contrast,5043,-0.010018573145281595
single_shape,TwoLayerCNN,release_late,contrast,5044,-0.07697150038155803
single_shape,TwoLayerCNN,release_late,contrast,5045,-0.00864086306504408
single_shape,TwoLayerCNN,release_late,contrast,5046,0.011942975136557232
single_shape,TwoLayerCNN,release_late,contrast,5047,-0.02967292872415478
single_shape,TwoLayerCNN,release_late,contrast,5048,-0.012434355949820786
single_shape,TwoLayerCNN,release_late,contrast,5049,-0.0234485499549415
single_shape,TwoLayerCNN,template_init,auroc,5000,0.13628082043231315
single_shape,TwoLayerCNN,template_init,auroc,5001,0.062329979768938004
single_shape,TwoLayerCNN,template_init,auroc,5002,-0.07087427857131723
single_shape,TwoLayerCNN,template_init,auroc,5003,0.02121035071036409
single_shape,TwoLayerCNN,template_init,auroc,5004,-0.034299732044881515
single_shape,TwoLayerCNN,template_init,auroc,5005,0.05940138244200749
single_shape,TwoLayerCNN,template_init,auroc,5006,0.05297372763369157
single_shape,TwoLayerCNN,template_init,auroc,5007,0.08210418639968264
single_shape,TwoLayerCNN,template_init,auroc,5008,0.011060945748246731
single_shape,TwoLayerCNN,template_init,auroc,5009,-0.05458416431517438
single_shape,TwoLayerCNN,template_init,auroc,5010,-0.055491449400965065
single_shape,TwoLayerCNN,template_init,auroc,5011,0.012988355994353606
single_shape,TwoLayerCNN,template_init,auroc,5012,-0.0036509828855683657
single_shape,TwoLayerCNN,template_init,auroc,5013,0.13062529949242568
single_shape,TwoLayerCNN,template_init,auroc,5014,-0.008542247683036686
single_shape,TwoLayerCNN,template_init,auroc,5015,0.05491673719879259
single_shape,TwoLayerCNN,template_init,auroc,5016,0.0018502571194028428
single_shape,TwoLayerCNN,template_init,auroc,5017,-0.08741672934864936
single_shape,TwoLayerCNN,template_init,auroc,5018,0.06965825892443883
single_shape,TwoLayerCNN,template_init,auroc,5019,0.005987079957448238
single_shape,TwoLayerCNN,template_init,auroc,5020,0.09935374628932575
single_shape,TwoLayerCNN,template_init,auroc,5021,-0.0986433421894089
single_shape,TwoLayerCNN,template_init,auroc,5022,-0.03593740504012233
single_shape,TwoLayerCNN,template_init,auroc,5023,0.06894664795380118
single_shape,TwoLayerCNN,template_init,auroc,5024,0.01835058502489978
single_shape,TwoLayerCNN,template_init,auroc,5025,0.11680717957453196
single_shape,TwoLayerCNN,template_init,auroc,5026,-0.012839381971665953
single_shape,TwoLayerCNN,template_init,auroc,5027,-0.05272222323265574
single_shape,TwoLayerCNN,template_init,auroc,5028,-0.12061489468024061
single_shape,TwoLayerCNN,template_init,auroc,5029,-0.00526116504646873
single_shape,TwoLayerCNN,template_init,auroc,5030,0.02745595336838913
single_shape,TwoLayerCNN,template_init,auroc,5031,0.0025754006273575047
single_shape,TwoLayerCNN,template_init,auroc,5032,-0.06160885954413431
single_shape,TwoLayerCNN,template_init,auroc,5033,-0.010357408512062072
single_shape,TwoLayerCNN,template_init,auroc,5034,0.01428875754139003
single_shape,TwoLayerCNN,template_init,auroc,5035,0.007819245260238028
single_shape,TwoLayerCNN,template_init,auroc,5036,0.05588089719666689
single_shape,TwoLayerCNN,template_init,auroc,5037,-0.04248941985399568
single_shape,TwoLayerCNN,template_init,auroc,5038,0.01021152574953077
single_shape,TwoLayerCNN,template_init,auroc,5039,-0.04282460822579698
single_shape,TwoLayerCNN,template_init,auroc,5040,0.06281462133987914
single_shape,TwoLayerCNN,template_init,auroc,5041,0.007842007918512472
single_shape,TwoLayerCNN,template_init,auroc,5042,-0.07691549572699208
single_shape,TwoLayerCNN,template_init,auroc,5043,0.0065874133551329095
single_shape,TwoLayerCNN,template_init,auroc,5044,-0.06896067502331332
single_shape,TwoLayerCNN,template_init,auroc,5045,-0.02254873579466904
single_shape,TwoLayerCNN,template_init,auroc,5046,0.09096675463754877
single_shape,TwoLayerCNN,template_init,auroc,5047,0.0474549555015501
single_shape,TwoLayerCNN,template_init,auroc,5048,0.02766271691881511
single_shape,TwoLayerCNN,template_init,auroc,5049,-0.06186322686447193
single_shape,TwoLayerCNN,retention_0p1,auroc,5000,0.05848738520584118
single_shape,TwoLayerCNN,retention_0p1,auroc,5001,-0.027613110530762763
single_shape,TwoLayerCNN,retention_0p1,auroc,5002,-0.06400727702012043
single_shape,TwoLayerCNN,retention_0p1,auroc,5003,-0.0045961914062283005
single_shape,TwoLayerCNN,retention_0p1,auroc,5004,-0.022575027912735135
single_shape,TwoLayerCNN,retention_0p1,auroc,5005,0.018620903290708812
single_shape,TwoLayerCNN,retention_0p1,auroc,5006,-0.03806386895958053
single_shape,TwoLayerCNN,retention_0p1,auroc,5007,0.03713092187712819
single_shape,TwoLayerCNN,retention_0p1,auroc,5008,0.031796840032491946
single_shape,TwoLayerCNN,retention_0p1,auroc,5009,-0.0603892952125748
single_shape,TwoLayerCNN,retention_0p1,auroc,5010,0.017064669561944634
single_shape,TwoLayerCNN,retention_0p1,auroc,5011,-0.02836518229864221
single_shape,TwoLayerCNN,retention_0p1,auroc,5012,0.020420285201242006
single_shape,TwoLayerCNN,retention_0p1,auroc,5013,0.004692153305033253
single_shape,TwoLayerCNN,retention_0p1,auroc,5014,0.007571515362195469
single_shape,TwoLayerCNN,retention_0p1,auroc,5015,-0.0001723149091048537
single_shape,TwoLayerCNN,retention_0p1,auroc,5016,0.0035721926075544808
single_shape,TwoLayerCNN,retention_0p1,auroc,5017,-0.05689690381709017
single_shape,TwoLayerCNN,retention_0p1,auroc,5018,-0.020272745021559124
single_shape,TwoLayerCNN,retention_0p1,auroc,5019,-0.04873775788596618
single_shape,TwoLayerCNN,retention_0p1,auroc,5020,-0.021038964523660164
single_shape,TwoLayerCNN,retention_0p1,auroc,5021,-0.053128535482292016
single_shape,TwoLayerCNN,retention_0p1,auroc,5022,0.05066065438325695
single_shape,TwoLayerCNN,retention_0p1,auroc,5023,0.027742859149014365
single_shape,TwoLayerCNN,retention_0p1,auroc,5024,0.0018149338517415847
single_shape,TwoLayerCNN,retention_0p1,auroc,5025,0.0515855509086493
single_shape,TwoLayerCNN,retention_0p1,auroc,5026,0.003516062007487608
single_shape,TwoLayerCNN,retention_0p1,auroc,5027,-0.08771476402243478
single_shape,TwoLayerCNN,retention_0p1,auroc,5028,-0.07160411253260623
single_shape,TwoLayerCNN,retention_0p1,auroc,5029,-0.028291798935078494
single_shape,TwoLayerCNN,retention_0p1,auroc,5030,0.028368869596647805
single_shape,TwoLayerCNN,retention_0p1,auroc,5031,0.0006573677075544238
single_shape,TwoLayerCNN,retention_0p1,auroc,5032,-0.02490403620542675
single_shape,TwoLayerCNN,retention_0p1,auroc,5033,-0.010207491359584542
single_shape,TwoLayerCNN,retention_0p1,auroc,5034,0.004684969727513699
single_shape,TwoLayerCNN,retention_0p1,auroc,5035,-0.006370068405208207
single_shape,TwoLayerCNN,retention_0p1,auroc,5036,0.0037350734359216653
single_shape,TwoLayerCNN,retention_0p1,auroc,5037,0.004918001143853268
single_shape,TwoLayerCNN,retention_0p1,auroc,5038,-0.011260615584743894
single_shape,TwoLayerCNN,retention_0p1,auroc,5039,0.00798938938363497
single_shape,TwoLayerCNN,retention_0p1,auroc,5040,0.06618301260379933
single_shape,TwoLayerCNN,retention_0p1,auroc,5041,-0.02008671429796205
single_shape,TwoLayerCNN,retention_0p1,auroc,5042,-0.04297690807240445
single_shape,TwoLayerCNN,retention_0p1,auroc,5043,-0.02503338718570619
single_shape,TwoLayerCNN,retention_0p1,auroc,5044,-0.025200433977341508
single_shape,TwoLayerCNN,retention_0p1,auroc,5045,0.006839397341061038
single_shape,TwoLayerCNN,retention_0p1,auroc,5046,0.0070225766027589565
single_shape,TwoLayerCNN,retention_0p1,auroc,5047,0.03920975386514264
single_shape,TwoLayerCNN,retention_0p1,auroc,5048,-0.0020905204515413445
single_shape,TwoLayerCNN,retention_0p1,auroc,5049,-0.03390779622614659
single_shape,TwoLayerCNN,release_early,auroc,5000,0.14006361545001622
single_shape,TwoLayerCNN,release_early,auroc,5001,-0.009555420184904073
single_shape,TwoLayerCNN,release_early,auroc,5002,-0.02027375960319605
single_shape,TwoLayerCNN,release_early,auroc,5003,0.024413084799936757
single_shape,TwoLayerCNN,release_early,auroc,5004,-0.0298267176122472
single_shape,TwoLayerCNN,release_early,auroc,5005,0.005639420815024887
single_shape,TwoLayerCNN,release_early,auroc,5006,-0.0033079674285017013
single_shape,TwoLayerCNN,release_early,auroc,5007,0.036708905851882634
single_shape,TwoLayerCNN,release_early,auroc,5008,0.06865869565714999
single_shape,TwoLayerCNN,release_early,auroc,5009,-0.08790039565285757
single_shape,TwoLayerCNN,release_early,auroc,5010,-0.025356559514549237
single_shape,TwoLayerCNN,release_early,auroc,5011,-0.08540033344265013
single_shape,TwoLayerCNN,release_early,auroc,5012,0.04603191322744171
single_shape,TwoLayerCNN,release_early,auroc,5013,0.09352732865977931
single_shape,TwoLayerCNN,release_early,auroc,5014,-0.0691214496712369
single_shape,TwoLayerCNN,release_early,auroc,5015,0.07478835165801001
single_shape,TwoLayerCNN,release_early,auroc,5016,-0.06307696592508244
single_shape,TwoLayerCNN,release_early,auroc,5017,-0.053385747011327256
single_shape,TwoLayerCNN,release_early,auroc,5018,-0.021014525095813752
single_shape,TwoLayerCNN,release_early,auroc,5019,0.0843940152782175
single_shape,TwoLayerCNN,release_early,auroc,5020,0.07214091437037784
single_shape,TwoLayerCNN,release_early,auroc,5021,-0.08335459592209365
single_shape,TwoLayerCNN,release_early,auroc,5022,-0.06823141926074172
single_shape,TwoLayerCNN,release_early,auroc,5023,0.04438469676779083
single_shape,TwoLayerCNN,release_early,auroc,5024,-0.0034828450247745835
single_shape,TwoLayerCNN,release_early,auroc,5025,0.10467421366870361
single_shape,TwoLayerCNN,release_early,auroc,5026,-0.0341160287792609
single_shape,TwoLayerCNN,release_early,auroc,5027,-0.06547351998731793
single_shape,TwoLayerCNN,release_early,auroc,5028,-0.008277894758602744
single_shape,TwoLayerCNN,release_early,auroc,5029,0.017496924475844
single_shape,TwoLayerCNN,release_early,auroc,5030,0.024199905532597155
single_shape,TwoLayerCNN,release_early,auroc,5031,0.03799373705423004
single_shape,TwoLayerCNN,release_early,auroc,5032,-0.013312615809912498
single_shape,TwoLayerCNN,release_early,auroc,5033,-0.07051486725337663
single_shape,TwoLayerCNN,release_early,auroc,5034,0.035315157640703476
single_shape,TwoLayerCNN,release_early,auroc,5035,-0.002981064277152612
single_shape,TwoLayerCNN,release_early,auroc,5036,-0.03272490425993513
single_shape,TwoLayerCNN,release_early,auroc,5037,-0.030609350895978327
single_shape,TwoLayerCNN,release_early,auroc,5038,-0.07394208752530868
single_shape,TwoLayerCNN,release_early,auroc,5039,-0.029990016441581502
single_shape,TwoLayerCNN,release_early,auroc,5040,0.0760964995853276
single_shape,TwoLayerCNN,release_early,auroc,5041,0.0006213739564042697
single_shape,TwoLayerCNN,release_early,auroc,5042,-0.1056968311042138
single_shape,TwoLayerCNN,release_early,auroc,5043,-0.0658990998783831
single_shape,TwoLayerCNN,release_early,auroc,5044,-0.06221400989065695
single_shape,TwoLayerCNN,release_early,auroc,5045,-0.0374257721490131
single_shape,TwoLayerCNN,release_early,auroc,5046,0.04729658677261417
single_shape,TwoLayerCNN,release_early,auroc,5047,0.0452689689833195
single_shape,TwoLayerCNN,release_early,auroc,5048,0.019075906170918366
single_shape,TwoLayerCNN,release_early,auroc,5049,-0.07262319736849265
single_shape,TwoLayerCNN,release_default,auroc,5000,0.11423166807269353
single_shape,TwoLayerCNN,release_default,auroc,5001,-0.008220825786955377
single_shape,TwoLayerCNN,release_default,auroc,5002,-0.01050413998356492
single_shape,TwoLayerCNN,release_default,auroc,5003,-0.02205526853287354
single_shape,TwoLayerCNN,release_default,auroc,5004,-0.029139286483564286
single_shape,TwoLayerCNN,release_default,auroc,5005,-0.023941878614983703
single_shape,TwoLayerCNN,release_default,auroc,5006,-0.0023032189006722548
single_shape,TwoLayerCNN,release_default,auroc,5007,0.04539346416733964
single_shape,TwoLayerCNN,release_default,auroc,5008,0.01601277554468894
single_shape,TwoLayerCNN,release_default,auroc,5009,-0.08778826901309134
single_shape,TwoLayerCNN,release_default,auroc,5010,-0.005944832700284619
single_shape,TwoLayerCNN,release_default,auroc,5011,-0.08437665026951452
single_shape,TwoLayerCNN,release_default,auroc,5012,0.015606365877179618
single_shape,TwoLayerCNN,release_default,auroc,5013,0.043883207944159675
single_shape,TwoLayerCNN,release_default,auroc,5014,-0.011749041146239592
single_shape,TwoLayerCNN,release_default,auroc,5015,0.014819314384654891
single_shape,TwoLayerCNN,release_default,auroc,5016,-0.0604672241941987
single_shape,TwoLayerCNN,release_default,auroc,5017,-0.027713557003238798
single_shape,TwoLayerCNN,release_default,auroc,5018,0.009044058384814258
single_shape,TwoLayerCNN,release_default,auroc,5019,0.06938793039791391
single_shape,TwoLayerCNN,release_default,auroc,5020,0.0866981271616763
single_shape,TwoLayerCNN,release_default,auroc,5021,-0.13614095324972092
single_shape,TwoLayerCNN,release_default,auroc,5022,-0.005224282178794559
single_shape,TwoLayerCNN,release_default,auroc,5023,0.034088805127927724
single_shape,TwoLayerCNN,release_default,auroc,5024,-0.010995033207888527
single_shape,TwoLayerCNN,release_default,auroc,5025,-0.01594971045868243
single_shape,TwoLayerCNN,release_default,auroc,5026,-0.08114102552735508
single_shape,TwoLayerCNN,release_default,auroc,5027,-0.0765114743425801
single_shape,TwoLayerCNN,release_default,auroc,5028,-0.03672460643173908
single_shape,TwoLayerCNN,release_default,auroc,5029,-0.008128826358657304
single_shape,TwoLayerCNN,release_default,auroc,5030,0.017348638191364896
single_shape,TwoLayerCNN,release_default,auroc,5031,-0.008398375684700254
single_shape,TwoLayerCNN,release_default,auroc,5032,0.004172172270281327
single_shape,TwoLayerCNN,release_default,auroc,5033,0.02788013509183629
single_shape,TwoLayerCNN,release_default,auroc,5034,-0.005061367125435978
single_shape,TwoLayerCNN,release_default,auroc,5035,-0.049976940320847985
single_shape,TwoLayerCNN,release_default,auroc,5036,-0.028541614749623967
single_shape,TwoLayerCNN,release_default,auroc,5037,-0.07746939442825906
single_shape,TwoLayerCNN,release_default,auroc,5038,-0.031543028749075164
single_shape,TwoLayerCNN,release_default,auroc,5039,-0.016851006832455273
single_shape,TwoLayerCNN,release_default,auroc,5040,-0.002633004109901582
single_shape,TwoLayerCNN,release_default,auroc,5041,-0.005694311014688536
single_shape,TwoLayerCNN,release_default,auroc,5042,-0.107405517575699
single_shape,TwoLayerCNN,release_default,auroc,5043,-0.02972087349637975
single_shape,TwoLayerCNN,release_default,auroc,5044,-0.08654473553575254
single_shape,TwoLayerCNN,release_default,auroc,5045,-0.01750214198640687
single_shape,TwoLayerCNN,release_default,auroc,5046,0.017345283974603665
single_shape,TwoLayerCNN,release_default,auroc,5047,0.007058156777331348
single_shape,TwoLayerCNN,release_default,auroc,5048,0.01634676574087024
single_shape,TwoLayerCNN,release_default,auroc,5049,-0.04649839498936004
single_shape,TwoLayerCNN,release_late,auroc,5000,0.07348956202827922
single_shape,TwoLayerCNN,release_late,auroc,5001,-0.0237460606837831
single_shape,TwoLayerCNN,release_late,auroc,5002,-0.0196845881154859
single_shape,TwoLayerCNN,release_late,auroc,5003,-0.027366488127478994
single_shape,TwoLayerCNN,release_late,auroc,5004,-0.04081424965671815
single_shape,TwoLayerCNN,release_late,auroc,5005,-0.014185580383899665
single_shape,TwoLayerCNN,release_late,auroc,5006,-0.0062248653263352605
single_shape,TwoLayerCNN,release_late,auroc,5007,0.013492373937846802
single_shape,TwoLayerCNN,release_late,auroc,5008,0.04207778982068622
single_shape,TwoLayerCNN,release_late,auroc,5009,-0.051546836971081145
single_shape,TwoLayerCNN,release_late,auroc,5010,0.017880786223597678
single_shape,TwoLayerCNN,release_late,auroc,5011,-0.028440008782584403
single_shape,TwoLayerCNN,release_late,auroc,5012,0.03759507595662753
single_shape,TwoLayerCNN,release_late,auroc,5013,-0.02486145765339215
single_shape,TwoLayerCNN,release_late,auroc,5014,0.05219754378663971
single_shape,TwoLayerCNN,release_late,auroc,5015,-0.02027746609480302
single_shape,TwoLayerCNN,release_late,auroc,5016,-0.04332748217418164
single_shape,TwoLayerCNN,release_late,auroc,5017,0.0030314153105332475
single_shape,TwoLayerCNN,release_late,auroc,5018,-0.027488486562213865
single_shape,TwoLayerCNN,release_late,auroc,5019,0.015608953506689893
single_shape,TwoLayerCNN,release_late,auroc,5020,0.000631496661663622
single_shape,TwoLayerCNN,release_late,auroc,5021,-0.05420509142906477
single_shape,TwoLayerCNN,release_late,auroc,5022,-0.005211486006581889
single_shape,TwoLayerCNN,release_late,auroc,5023,-0.040917799175684166
single_shape,TwoLayerCNN,release_late,auroc,5024,-0.05472009351222379
single_shape,TwoLayerCNN,release_late,auroc,5025,-0.030953401368722044
single_shape,TwoLayerCNN,release_late,auroc,5026,-0.02996037138913732
single_shape,TwoLayerCNN,release_late,auroc,5027,-0.06098856880899339
single_shape,TwoLayerCNN,release_late,auroc,5028,-0.09486876481443551
single_shape,TwoLayerCNN,release_late,auroc,5029,0.03841159900064928
single_shape,TwoLayerCNN,release_late,auroc,5030,-0.008456105558294125
single_shape,TwoLayerCNN,release_late,auroc,5031,-0.01992053870547733
single_shape,TwoLayerCNN,release_late,auroc,5032,0.021327975344856587
single_shape,TwoLayerCNN,release_late,auroc,5033,-0.024076730099042376
single_shape,TwoLayerCNN,release_late,auroc,5034,-0.023033590704844398
single_shape,TwoLayerCNN,release_late,auroc,5035,-0.023132929310197115
single_shape,TwoLayerCNN,release_late,auroc,5036,0.011133696536250237
single_shape,TwoLayerCNN,release_late,auroc,5037,-0.09406499364781146
single_shape,TwoLayerCNN,release_late,auroc,5038,-0.04007654951623524
single_shape,TwoLayerCNN,release_late,auroc,5039,-0.04180650188846147
single_shape,TwoLayerCNN,release_late,auroc,5040,-0.009834379533549376
single_shape,TwoLayerCNN,release_late,auroc,5041,-0.02644395312856379
single_shape,TwoLayerCNN,release_late,auroc,5042,-0.007425792202891801
single_shape,TwoLayerCNN,release_late,auroc,5043,-0.018669722038516634
single_shape,TwoLayerCNN,release_late,auroc,5044,-0.07421474220171137
single_shape,TwoLayerCNN,release_late,auroc,5045,-0.018922935304478417
single_shape,TwoLayerCNN,release_late,auroc,5046,0.01330964386401956
single_shape,TwoLayerCNN,release_late,auroc,5047,0.014023701202858785
single_shape,TwoLayerCNN,release_late,auroc,5048,-0.031044823033175573
single_shape,TwoLayerCNN,release_late,auroc,5049,-0.020223054569425747
single_shape,TwoLayerCNN,template_init,validation_patch,5000,-0.04887146200738551
single_shape,TwoLayerCNN,template_init,validation_patch,5001,0.059773192531938635
single_shape,TwoLayerCNN,template_init,validation_patch,5002,-0.10716030285040479
single_shape,TwoLayerCNN,template_init,validation_patch,5003,0.02055024411455514
single_shape,TwoLayerCNN,template_init,validation_patch,5004,-0.005361286374962082
single_shape,TwoLayerCNN,template_init,validation_patch,5005,-0.006091438752807765
single_shape,TwoLayerCNN,template_init,validation_patch,5006,0.009151361044825557
single_shape,TwoLayerCNN,template_init,validation_patch,5007,-0.07112934801531073
single_shape,TwoLayerCNN,template_init,validation_patch,5008,-0.08102456826371746
single_shape,TwoLayerCNN,template_init,validation_patch,5009,0.0007035994669126189
single_shape,TwoLayerCNN,template_init,validation_patch,5010,-0.02854968858592344
single_shape,TwoLayerCNN,template_init,validation_patch,5011,-0.00043390057718628583
single_shape,TwoLayerCNN,template_init,validation_patch,5012,-0.03778936249961562
single_shape,TwoLayerCNN,template_init,validation_patch,5013,-0.13178010101628646
single_shape,TwoLayerCNN,template_init,validation_patch,5014,-0.07417871183051117
single_shape,TwoLayerCNN,template_init,validation_patch,5015,-0.06716006281477532
single_shape,TwoLayerCNN,template_init,validation_patch,5016,0.021523873703421736
single_shape,TwoLayerCNN,template_init,validation_patch,5017,0.012452584394338218
single_shape,TwoLayerCNN,template_init,validation_patch,5018,-0.13645131015660894
single_shape,TwoLayerCNN,template_init,validation_patch,5019,-0.08531424812277527
single_shape,TwoLayerCNN,template_init,validation_patch,5020,-0.002148312442352307
single_shape,TwoLayerCNN,template_init,validation_patch,5021,0.06674356010887034
single_shape,TwoLayerCNN,template_init,validation_patch,5022,0.022566542056634775
single_shape,TwoLayerCNN,template_init,validation_patch,5023,-0.07569291255836869
single_shape,TwoLayerCNN,template_init,validation_patch,5024,0.03730542573073198
single_shape,TwoLayerCNN,template_init,validation_patch,5025,0.007527132856785801
single_shape,TwoLayerCNN,template_init,validation_patch,5026,0.015811023791986123
single_shape,TwoLayerCNN,template_init,validation_patch,5027,-0.003953384402759108
single_shape,TwoLayerCNN,template_init,validation_patch,5028,-0.006725548360548783
single_shape,TwoLayerCNN,template_init,validation_patch,5029,-0.18366304705657305
single_shape,TwoLayerCNN,template_init,validation_patch,5030,-0.017516623160362732
single_shape,TwoLayerCNN,template_init,validation_patch,5031,-0.1052541389408263
single_shape,TwoLayerCNN,template_init,validation_patch,5032,-0.010442071445951495
single_shape,TwoLayerCNN,template_init,validation_patch,5033,0.14629199162580359
single_shape,TwoLayerCNN,template_init,validation_patch,5034,0.02575416528857255
single_shape,TwoLayerCNN,template_init,validation_patch,5035,-0.14080214049368733
single_shape,TwoLayerCNN,template_init,validation_patch,5036,-0.14572169711488187
single_shape,TwoLayerCNN,template_init,validation_patch,5037,-0.06187445267853181
single_shape,TwoLayerCNN,template_init,validation_patch,5038,0.09206132530400046
single_shape,TwoLayerCNN,template_init,validation_patch,5039,-0.07443218293108345
single_shape,TwoLayerCNN,template_init,validation_patch,5040,0.07389535612040221
single_shape,TwoLayerCNN,template_init,validation_patch,5041,-0.04275826583071629
single_shape,TwoLayerCNN,template_init,validation_patch,5042,-0.021616690870307043
single_shape,TwoLayerCNN,template_init,validation_patch,5043,-0.14030437867347434
single_shape,TwoLayerCNN,template_init,validation_patch,5044,0.03642749344371177
single_shape,TwoLayerCNN,template_init,validation_patch,5045,0.005467746433922893
single_shape,TwoLayerCNN,template_init,validation_patch,5046,-0.0901994735546427
single_shape,TwoLayerCNN,template_init,validation_patch,5047,0.07317010413169511
single_shape,TwoLayerCNN,template_init,validation_patch,5048,0.07207255021580355
single_shape,TwoLayerCNN,template_init,validation_patch,5049,0.011658366481820115
single_shape,TwoLayerCNN,retention_0p1,validation_patch,5000,-0.08087890755948185
single_shape,TwoLayerCNN,retention_0p1,validation_patch,5001,0.12726358726464992
single_shape,TwoLayerCNN,retention_0p1,validation_patch,5002,0.0876771652451463
single_shape,TwoLayerCNN,retention_0p1,validation_patch,5003,0.06886469771240505
single_shape,TwoLayerCNN,retention_0p1,validation_patch,5004,-0.033714200733248934
single_shape,TwoLayerCNN,retention_0p1,validation_patch,5005,0.004108046571805635
single_shape,TwoLayerCNN,retention_0p1,validation_patch,5006,0.056710842657547444
single_shape,TwoLayerCNN,retention_0p1,validation_patch,5007,0.006578609847809558
single_shape,TwoLayerCNN,retention_0p1,validation_patch,5008,-0.002291952893416105
single_shape,TwoLayerCNN,retention_0p1,validation_patch,5009,-0.03960346765371037
single_shape,TwoLayerCNN,retention_0p1,validation_patch,5010,-0.08950006291727153
single_shape,TwoLayerCNN,retention_0p1,validation_patch,5011,-0.06791980188434199
single_shape,TwoLayerCNN,retention_0p1,validation_patch,5012,-0.07788500695980083
single_shape,TwoLayerCNN,retention_0p1,validation_patch,5013,-0.03475416606713666
single_shape,TwoLayerCNN,retention_0p1,validation_patch,5014,-0.06079442193319068
single_shape,TwoLayerCNN,retention_0p1,validation_patch,5015,-0.012621812986439274
single_shape,TwoLayerCNN,retention_0p1,validation_patch,5016,-0.14251607669111532
single_shape,TwoLayerCNN,retention_0p1,validation_patch,5017,-0.052344944434237095
single_shape,TwoLayerCNN,retention_0p1,validation_patch,5018,-0.046781443789073285
single_shape,TwoLayerCNN,retention_0p1,validation_patch,5019,-0.005475501567379026
single_shape,TwoLayerCNN,retention_0p1,validation_patch,5020,0.00287477501212291
single_shape,TwoLayerCNN,retention_0p1,validation_patch,5021,0.05008056746248152
single_shape,TwoLayerCNN,retention_0p1,validation_patch,5022,-0.028721969751859477
single_shape,TwoLayerCNN,retention_0p1,validation_patch,5023,-0.07970977980476263
single_shape,TwoLayerCNN,retention_0p1,validation_patch,5024,-0.040045179263653974
single_shape,TwoLayerCNN,retention_0p1,validation_patch,5025,0.03636831449888517
single_shape,TwoLayerCNN,retention_0p1,validation_patch,5026,-0.06744803982587266
single_shape,TwoLayerCNN,retention_0p1,validation_patch,5027,-0.015238658615632006
single_shape,TwoLayerCNN,retention_0p1,validation_patch,5028,0.06750019087616171
single_shape,TwoLayerCNN,retention_0p1,validation_patch,5029,-0.09616043110013245
single_shape,TwoLayerCNN,retention_0p1,validation_patch,5030,-0.011568122681695603
single_shape,TwoLayerCNN,retention_0p1,validation_patch,5031,-0.04134864524570975
single_shape,TwoLayerCNN,retention_0p1,validation_patch,5032,-0.03559572907813158
single_shape,TwoLayerCNN,retention_0p1,validation_patch,5033,0.10031415881507971
single_shape,TwoLayerCNN,retention_0p1,validation_patch,5034,0.048364551636428776
single_shape,TwoLayerCNN,retention_0p1,validation_patch,5035,-0.0319865956341846
single_shape,TwoLayerCNN,retention_0p1,validation_patch,5036,0.012601726771409583
single_shape,TwoLayerCNN,retention_0p1,validation_patch,5037,0.03259585705966278
single_shape,TwoLayerCNN,retention_0p1,validation_patch,5038,0.12059650172832614
single_shape,TwoLayerCNN,retention_0p1,validation_patch,5039,0.08213998652999438
single_shape,TwoLayerCNN,retention_0p1,validation_patch,5040,-0.06406291362901229
single_shape,TwoLayerCNN,retention_0p1,validation_patch,5041,0.039802728369001616
single_shape,TwoLayerCNN,retention_0p1,validation_patch,5042,0.021785712319002393
single_shape,TwoLayerCNN,retention_0p1,validation_patch,5043,0.030340800826986702
single_shape,TwoLayerCNN,retention_0p1,validation_patch,5044,0.024307984537557392
single_shape,TwoLayerCNN,retention_0p1,validation_patch,5045,-0.015153275514685594
single_shape,TwoLayerCNN,retention_0p1,validation_patch,5046,-0.018997246042326832
single_shape,TwoLayerCNN,retention_0p1,validation_patch,5047,-0.01124357729231501
single_shape,TwoLayerCNN,retention_0p1,validation_patch,5048,0.10345871203495455
single_shape,TwoLayerCNN,retention_0p1,validation_patch,5049,0.008289001725263256
single_shape,TwoLayerCNN,release_early,validation_patch,5000,0.01202737767910056
single_shape,TwoLayerCNN,release_early,validation_patch,5001,0.07146601776279166
single_shape,TwoLayerCNN,release_early,validation_patch,5002,-0.05366045454187546
single_shape,TwoLayerCNN,release_early,validation_patch,5003,0.06362577275902243
single_shape,TwoLayerCNN,release_early,validation_patch,5004,-0.030513281883792487
single_shape,TwoLayerCNN,release_early,validation_patch,5005,-0.006094237367185507
single_shape,TwoLayerCNN,release_early,validation_patch,5006,-0.008273922169338033
single_shape,TwoLayerCNN,release_early,validation_patch,5007,0.0027672615600873307
single_shape,TwoLayerCNN,release_early,validation_patch,5008,-0.11130175315913315
single_shape,TwoLayerCNN,release_early,validation_patch,5009,0.021123696579229134
single_shape,TwoLayerCNN,release_early,validation_patch,5010,0.0026080386064487593
single_shape,TwoLayerCNN,release_early,validation_patch,5011,-0.058484910733602846
single_shape,TwoLayerCNN,release_early,validation_patch,5012,-0.058562754794379446
single_shape,TwoLayerCNN,release_early,validation_patch,5013,-0.0929683858172623
single_shape,TwoLayerCNN,release_early,validation_patch,5014,-0.07872530199130001
single_shape,TwoLayerCNN,release_early,validation_patch,5015,-0.13069745649553438
single_shape,TwoLayerCNN,release_early,validation_patch,5016,-0.029717192979059726
single_shape,TwoLayerCNN,release_early,validation_patch,5017,-0.034033796403491856
single_shape,TwoLayerCNN,release_early,validation_patch,5018,-0.0799445247937361
single_shape,TwoLayerCNN,release_early,validation_patch,5019,-0.0687236768411269
single_shape,TwoLayerCNN,release_early,validation_patch,5020,-0.06805684315185706
single_shape,TwoLayerCNN,release_early,validation_patch,5021,0.03567238874612727
single_shape,TwoLayerCNN,release_early,validation_patch,5022,0.0320979958400231
single_shape,TwoLayerCNN,release_early,validation_patch,5023,-0.05153963991887772
single_shape,TwoLayerCNN,release_early,validation_patch,5024,-0.011661269996740553
single_shape,TwoLayerCNN,release_early,validation_patch,5025,0.029972471555623104
single_shape,TwoLayerCNN,release_early,validation_patch,5026,0.0007919317222932487
single_shape,TwoLayerCNN,release_early,validation_patch,5027,0.04569932403243643
single_shape,TwoLayerCNN,release_early,validation_patch,5028,-0.07436634722330149
single_shape,TwoLayerCNN,release_early,validation_patch,5029,-0.17246195928800623
single_shape,TwoLayerCNN,release_early,validation_patch,5030,-0.015074117436402856
single_shape,TwoLayerCNN,release_early,validation_patch,5031,-0.0926513612468885
single_shape,TwoLayerCNN,release_early,validation_patch,5032,0.0007396782274380342
single_shape,TwoLayerCNN,release_early,validation_patch,5033,0.25804324217895663
single_shape,TwoLayerCNN,release_early,validation_patch,5034,-0.025864705394884058
single_shape,TwoLayerCNN,release_early,validation_patch,5035,-0.05330908392476846
single_shape,TwoLayerCNN,release_early,validation_patch,5036,-0.07720562491649041
single_shape,TwoLayerCNN,release_early,validation_patch,5037,0.010308417383518842
single_shape,TwoLayerCNN,release_early,validation_patch,5038,0.02086763948644893
single_shape,TwoLayerCNN,release_early,validation_patch,5039,0.03014864836007569
single_shape,TwoLayerCNN,release_early,validation_patch,5040,0.0010810542366320175
single_shape,TwoLayerCNN,release_early,validation_patch,5041,-0.043587028446233966
single_shape,TwoLayerCNN,release_early,validation_patch,5042,-0.06821381835774726
single_shape,TwoLayerCNN,release_early,validation_patch,5043,0.0007534152194290655
single_shape,TwoLayerCNN,release_early,validation_patch,5044,0.07834361333676976
single_shape,TwoLayerCNN,release_early,validation_patch,5045,0.015924837762538835
single_shape,TwoLayerCNN,release_early,validation_patch,5046,-0.10634993982898638
single_shape,TwoLayerCNN,release_early,validation_patch,5047,0.06876962745141846
single_shape,TwoLayerCNN,release_early,validation_patch,5048,0.08498509684467365
single_shape,TwoLayerCNN,release_early,validation_patch,5049,-0.05176385448569454
single_shape,TwoLayerCNN,release_default,validation_patch,5000,-0.038088694198991246
single_shape,TwoLayerCNN,release_default,validation_patch,5001,0.0508918165961289
single_shape,TwoLayerCNN,release_default,validation_patch,5002,-0.06862071140376891
single_shape,TwoLayerCNN,release_default,validation_patch,5003,0.011096946490861681
single_shape,TwoLayerCNN,release_default,validation_patch,5004,-0.07782742168543844
single_shape,TwoLayerCNN,release_default,validation_patch,5005,0.020594757342472014
single_shape,TwoLayerCNN,release_default,validation_patch,5006,-0.07995258216641637
single_shape,TwoLayerCNN,release_default,validation_patch,5007,-0.05182770568508421
single_shape,TwoLayerCNN,release_default,validation_patch,5008,-0.10299303835840723
single_shape,TwoLayerCNN,release_default,validation_patch,5009,0.03156199083874017
single_shape,TwoLayerCNN,release_default,validation_patch,5010,-0.032172449265185865
single_shape,TwoLayerCNN,release_default,validation_patch,5011,-0.03654541901367492
single_shape,TwoLayerCNN,release_default,validation_patch,5012,-0.005749769292044404
single_shape,TwoLayerCNN,release_default,validation_patch,5013,-0.05491945696709516
single_shape,TwoLayerCNN,release_default,validation_patch,5014,-0.09667677632552202
single_shape,TwoLayerCNN,release_default,validation_patch,5015,-0.09577456034327941
single_shape,TwoLayerCNN,release_default,validation_patch,5016,0.01225850279929469
single_shape,TwoLayerCNN,release_default,validation_patch,5017,-0.033927594242792236
single_shape,TwoLayerCNN,release_default,validation_patch,5018,-0.039194410665941426
single_shape,TwoLayerCNN,release_default,validation_patch,5019,-0.06713385357988438
single_shape,TwoLayerCNN,release_default,validation_patch,5020,-0.08799981821519098
single_shape,TwoLayerCNN,release_default,validation_patch,5021,0.04512043459969728
single_shape,TwoLayerCNN,release_default,validation_patch,5022,-0.0001407333982462733
single_shape,TwoLayerCNN,release_default,validation_patch,5023,-0.05984663518201133
single_shape,TwoLayerCNN,release_default,validation_patch,5024,-0.020148146964931724
single_shape,TwoLayerCNN,release_default,validation_patch,5025,0.05215194022430292
single_shape,TwoLayerCNN,release_default,validation_patch,5026,-0.015851026537672064
single_shape,TwoLayerCNN,release_default,validation_patch,5027,-0.02489470981844938
single_shape,TwoLayerCNN,release_default,validation_patch,5028,-0.06294441510991666
single_shape,TwoLayerCNN,release_default,validation_patch,5029,-0.12216697509544039
single_shape,TwoLayerCNN,release_default,validation_patch,5030,-0.06763309690383429
single_shape,TwoLayerCNN,release_default,validation_patch,5031,-0.045570780224658214
single_shape,TwoLayerCNN,release_default,validation_patch,5032,-0.0155102859439753
single_shape,TwoLayerCNN,release_default,validation_patch,5033,0.1706340828871094
single_shape,TwoLayerCNN,release_default,validation_patch,5034,-0.038721825151363465
single_shape,TwoLayerCNN,release_default,validation_patch,5035,-0.0665715011140105
single_shape,TwoLayerCNN,release_default,validation_patch,5036,-0.09122061376352941
single_shape,TwoLayerCNN,release_default,validation_patch,5037,-0.004912874287880953
single_shape,TwoLayerCNN,release_default,validation_patch,5038,0.01604168442211923
single_shape,TwoLayerCNN,release_default,validation_patch,5039,0.09009122002382064
single_shape,TwoLayerCNN,release_default,validation_patch,5040,-0.06440122046301305
single_shape,TwoLayerCNN,release_default,validation_patch,5041,-0.014604350952744094
single_shape,TwoLayerCNN,release_default,validation_patch,5042,-0.0007843301842551109
single_shape,TwoLayerCNN,release_default,validation_patch,5043,0.03823069335395535
single_shape,TwoLayerCNN,release_default,validation_patch,5044,0.083750238726708
single_shape,TwoLayerCNN,release_default,validation_patch,5045,-0.030557622840552967
single_shape,TwoLayerCNN,release_default,validation_patch,5046,-0.09875608429844718
single_shape,TwoLayerCNN,release_default,validation_patch,5047,0.007939014009009704
single_shape,TwoLayerCNN,release_default,validation_patch,5048,0.08370492405123453
single_shape,TwoLayerCNN,release_default,validation_patch,5049,-0.026020844974288748
single_shape,TwoLayerCNN,release_late,validation_patch,5000,-0.06430497827311094
single_shape,TwoLayerCNN,release_late,validation_patch,5001,0.055453118571572924
single_shape,TwoLayerCNN,release_late,validation_patch,5002,-0.03182548822059539
single_shape,TwoLayerCNN,release_late,validation_patch,5003,0.0549605262864864
single_shape,TwoLayerCNN,release_late,validation_patch,5004,-0.015569782278265776
single_shape,TwoLayerCNN,release_late,validation_patch,5005,0.031313060307959995
single_shape,TwoLayerCNN,release_late,validation_patch,5006,-0.07040333570452789
single_shape,TwoLayerCNN,release_late,validation_patch,5007,0.011566283971946978
single_shape,TwoLayerCNN,release_late,validation_patch,5008,-0.006474869460674881
single_shape,TwoLayerCNN,release_late,validation_patch,5009,-0.0005575534392099901
single_shape,TwoLayerCNN,release_late,validation_patch,5010,0.007243466310569213
single_shape,TwoLayerCNN,release_late,validation_patch,5011,-0.09907944889891562
single_shape,TwoLayerCNN,release_late,validation_patch,5012,-0.02927496595361967
single_shape,TwoLayerCNN,release_late,validation_patch,5013,-0.058045843007647535
single_shape,TwoLayerCNN,release_late,validation_patch,5014,-0.07706410669019809
single_shape,TwoLayerCNN,release_late,validation_patch,5015,-0.03983972060515151
single_shape,TwoLayerCNN,release_late,validation_patch,5016,-0.030526907498779843
single_shape,TwoLayerCNN,release_late,validation_patch,5017,-0.02834808423156493
single_shape,TwoLayerCNN,release_late,validation_patch,5018,-0.011535195596339087
single_shape,TwoLayerCNN,release_late,validation_patch,5019,-0.0923347451601666
single_shape,TwoLayerCNN,release_late,validation_patch,5020,-0.07309636590665969
single_shape,TwoLayerCNN,release_late,validation_patch,5021,-0.006416398646161614
single_shape,TwoLayerCNN,release_late,validation_patch,5022,-0.061584823214367146
single_shape,TwoLayerCNN,release_late,validation_patch,5023,-0.03560384590697657
single_shape,TwoLayerCNN,release_late,validation_patch,5024,-0.019242340247890344
single_shape,TwoLayerCNN,release_late,validation_patch,5025,-0.020333390104062155
single_shape,TwoLayerCNN,release_late,validation_patch,5026,0.018746430994481533
single_shape,TwoLayerCNN,release_late,validation_patch,5027,-0.0131432963691408
single_shape,TwoLayerCNN,release_late,validation_patch,5028,-0.03889756685147561
single_shape,TwoLayerCNN,release_late,validation_patch,5029,-0.06940165981576196
single_shape,TwoLayerCNN,release_late,validation_patch,5030,-0.015850599941089616
single_shape,TwoLayerCNN,release_late,validation_patch,5031,-0.0708764501293227
single_shape,TwoLayerCNN,release_late,validation_patch,5032,-0.018967696254592326
single_shape,TwoLayerCNN,release_late,validation_patch,5033,0.036482244669810204
single_shape,TwoLayerCNN,release_late,validation_patch,5034,-0.013370015202014918
single_shape,TwoLayerCNN,release_late,validation_patch,5035,-0.07846248659610067
single_shape,TwoLayerCNN,release_late,validation_patch,5036,-0.07192409872784011
single_shape,TwoLayerCNN,release_late,validation_patch,5037,0.003912460482291824
single_shape,TwoLayerCNN,release_late,validation_patch,5038,-0.002933554531015292
single_shape,TwoLayerCNN,release_late,validation_patch,5039,0.09024173339099717
single_shape,TwoLayerCNN,release_late,validation_patch,5040,-0.09329933175776783
single_shape,TwoLayerCNN,release_late,validation_patch,5041,-0.012276033639630424
single_shape,TwoLayerCNN,release_late,validation_patch,5042,0.04711665524100439
single_shape,TwoLayerCNN,release_late,validation_patch,5043,0.013494014125031373
single_shape,TwoLayerCNN,release_late,validation_patch,5044,0.04465729321135525
single_shape,TwoLayerCNN,release_late,validation_patch,5045,-0.05452116300792892
single_shape,TwoLayerCNN,release_late,validation_patch,5046,0.013903480146755853
single_shape,TwoLayerCNN,release_late,validation_patch,5047,-0.027196381893723365
single_shape,TwoLayerCNN,release_late,validation_patch,5048,0.052696281969171366
single_shape,TwoLayerCNN,release_late,validation_patch,5049,-0.018082676655309216
two_concepts,TinyCNN,template_init,contrast,5000,0.1621942203053674
two_concepts,TinyCNN,template_init,contrast,5001,0.41662581843688956
two_concepts,TinyCNN,template_init,contrast,5002,0.28853373094056245
two_concepts,TinyCNN,template_init,contrast,5003,0.272970930373621
two_concepts,TinyCNN,template_init,contrast,5004,0.21679369391965053
two_concepts,TinyCNN,template_init,contrast,5005,0.16516512056833088
two_concepts,TinyCNN,template_init,contrast,5006,0.2343322973523168
two_concepts,TinyCNN,template_init,contrast,5007,0.4005788597551108
two_concepts,TinyCNN,template_init,contrast,5008,0.35382539322465445
two_concepts,TinyCNN,template_init,contrast,5009,0.26306073966133586
two_concepts,TinyCNN,template_init,contrast,5010,0.4218054587270222
two_concepts,TinyCNN,template_init,contrast,5011,0.3879177701995554
two_concepts,TinyCNN,template_init,contrast,5012,0.3694964702539489
two_concepts,TinyCNN,template_init,contrast,5013,0.3855326808712053
two_concepts,TinyCNN,template_init,contrast,5014,0.2711942448408861
two_concepts,TinyCNN,template_init,contrast,5015,0.41112106528861136
two_concepts,TinyCNN,template_init,contrast,5016,0.25153992921203505
two_concepts,TinyCNN,template_init,contrast,5017,0.3526597988355902
two_concepts,TinyCNN,template_init,contrast,5018,0.42029299958772187
two_concepts,TinyCNN,template_init,contrast,5019,0.44676125328130534
two_concepts,TinyCNN,template_init,contrast,5020,0.3173338184319396
two_concepts,TinyCNN,template_init,contrast,5021,0.43946540495596315
two_concepts,TinyCNN,template_init,contrast,5022,0.3291915380041164
two_concepts,TinyCNN,template_init,contrast,5023,0.48986009019561016
two_concepts,TinyCNN,template_init,contrast,5024,0.2808884239979928
two_concepts,TinyCNN,template_init,contrast,5025,0.2880813536252635
two_concepts,TinyCNN,template_init,contrast,5026,0.33146404589437733
two_concepts,TinyCNN,template_init,contrast,5027,0.38501745556362765
two_concepts,TinyCNN,template_init,contrast,5028,0.322614531096382
two_concepts,TinyCNN,template_init,contrast,5029,0.22103401488368796
two_concepts,TinyCNN,template_init,contrast,5030,0.2910737853519357
two_concepts,TinyCNN,template_init,contrast,5031,0.2835386866255096
two_concepts,TinyCNN,template_init,contrast,5032,0.5596133639484705
two_concepts,TinyCNN,template_init,contrast,5033,0.542954304463432
two_concepts,TinyCNN,template_init,contrast,5034,0.3399610066371228
two_concepts,TinyCNN,template_init,contrast,5035,0.25119526202578063
two_concepts,TinyCNN,template_init,contrast,5036,0.49962338304093995
two_concepts,TinyCNN,template_init,contrast,5037,0.285690026299017
two_concepts,TinyCNN,template_init,contrast,5038,0.313052609698481
two_concepts,TinyCNN,template_init,contrast,5039,0.3191113736539815
two_concepts,TinyCNN,template_init,contrast,5040,0.33431721708518825
two_concepts,TinyCNN,template_init,contrast,5041,0.2600488019968407
two_concepts,TinyCNN,template_init,contrast,5042,0.14490426767462133
two_concepts,TinyCNN,template_init,contrast,5043,0.40146362557206255
two_concepts,TinyCNN,template_init,contrast,5044,0.48326426016165575
two_concepts,TinyCNN,template_init,contrast,5045,0.43456447744589743
two_concepts,TinyCNN,template_init,contrast,5046,0.5019530960116001
two_concepts,TinyCNN,template_init,contrast,5047,0.4305035608040285
two_concepts,TinyCNN,template_init,contrast,5048,0.3068037593787691
two_concepts,TinyCNN,template_init,contrast,5049,0.39745775399455174
two_concepts,TinyCNN,retention_0p1,contrast,5000,0.10995473621768476
two_concepts,TinyCNN,retention_0p1,contrast,5001,0.30947880141803413
two_concepts,TinyCNN,retention_0p1,contrast,5002,0.015435791548378208
two_concepts,TinyCNN,retention_0p1,contrast,5003,0.08074234103808076
two_concepts,TinyCNN,retention_0p1,contrast,5004,0.0823993997097131
two_concepts,TinyCNN,retention_0p1,contrast,5005,0.033801690382412486
two_concepts,TinyCNN,retention_0p1,contrast,5006,0.0916233700054978
two_concepts,TinyCNN,retention_0p1,contrast,5007,0.20565234182744857
two_concepts,TinyCNN,retention_0p1,contrast,5008,0.22606614611893205
two_concepts,TinyCNN,retention_0p1,contrast,5009,0.09762606239520305
two_concepts,TinyCNN,retention_0p1,contrast,5010,0.2057182480402001
two_concepts,TinyCNN,retention_0p1,contrast,5011,0.32212157020727744
two_concepts,TinyCNN,retention_0p1,contrast,5012,0.2102538327056137
two_concepts,TinyCNN,retention_0p1,contrast,5013,0.24781969088679334
two_concepts,TinyCNN,retention_0p1,contrast,5014,0.16246926169918124
two_concepts,TinyCNN,retention_0p1,contrast,5015,0.3532312886826587
two_concepts,TinyCNN,retention_0p1,contrast,5016,0.156594334553863
two_concepts,TinyCNN,retention_0p1,contrast,5017,0.17267160893417693
two_concepts,TinyCNN,retention_0p1,contrast,5018,0.1315205972257621
two_concepts,TinyCNN,retention_0p1,contrast,5019,0.1685923636174399
two_concepts,TinyCNN,retention_0p1,contrast,5020,0.03169622963508839
two_concepts,TinyCNN,retention_0p1,contrast,5021,0.2262125270084176
two_concepts,TinyCNN,retention_0p1,contrast,5022,0.22358899392903303
two_concepts,TinyCNN,retention_0p1,contrast,5023,0.41749958746296456
two_concepts,TinyCNN,retention_0p1,contrast,5024,0.03205845989929956
two_concepts,TinyCNN,retention_0p1,contrast,5025,0.21952111524505014
two_concepts,TinyCNN,retention_0p1,contrast,5026,0.19782901616773085
two_concepts,TinyCNN,retention_0p1,contrast,5027,0.27985435396138575
two_concepts,TinyCNN,retention_0p1,contrast,5028,0.09602067303226852
two_concepts,TinyCNN,retention_0p1,contrast,5029,0.06493864474148509
two_concepts,TinyCNN,retention_0p1,contrast,5030,0.18189103992804578
two_concepts,TinyCNN,retention_0p1,contrast,5031,0.1282936890545729
two_concepts,TinyCNN,retention_0p1,contrast,5032,0.22137146398085544
two_concepts,TinyCNN,retention_0p1,contrast,5033,0.23451325732296913
two_concepts,TinyCNN,retention_0p1,contrast,5034,0.19556024842856934
two_concepts,TinyCNN,retention_0p1,contrast,5035,0.16696099539057851
two_concepts,TinyCNN,retention_0p1,contrast,5036,0.3105718158589851
two_concepts,TinyCNN,retention_0p1,contrast,5037,0.09726045978145459
two_concepts,TinyCNN,retention_0p1,contrast,5038,0.0918600599349032
two_concepts,TinyCNN,retention_0p1,contrast,5039,0.13463015196507366
two_concepts,TinyCNN,retention_0p1,contrast,5040,0.11768473491786435
two_concepts,TinyCNN,retention_0p1,contrast,5041,0.09074681517539113
two_concepts,TinyCNN,retention_0p1,contrast,5042,-0.011214556087254635
two_concepts,TinyCNN,retention_0p1,contrast,5043,0.08818949420857136
two_concepts,TinyCNN,retention_0p1,contrast,5044,0.15993710966098706
two_concepts,TinyCNN,retention_0p1,contrast,5045,0.21405727374811123
two_concepts,TinyCNN,retention_0p1,contrast,5046,0.07369700568663184
two_concepts,TinyCNN,retention_0p1,contrast,5047,0.2873294019930052
two_concepts,TinyCNN,retention_0p1,contrast,5048,0.1517738085015578
two_concepts,TinyCNN,retention_0p1,contrast,5049,0.20503689247629148
two_concepts,TinyCNN,release_early,contrast,5000,0.1772635770855826
two_concepts,TinyCNN,release_early,contrast,5001,0.445977889043286
two_concepts,TinyCNN,release_early,contrast,5002,0.15833041847913493
two_concepts,TinyCNN,release_early,contrast,5003,0.19517392670194922
two_concepts,TinyCNN,release_early,contrast,5004,0.17668132575054785
two_concepts,TinyCNN,release_early,contrast,5005,0.19604151223760985
two_concepts,TinyCNN,release_early,contrast,5006,0.17620890882279178
two_concepts,TinyCNN,release_early,contrast,5007,0.4471682515527536
two_concepts,TinyCNN,release_early,contrast,5008,0.2645083033356816
two_concepts,TinyCNN,release_early,contrast,5009,0.18446557991583157
two_concepts,TinyCNN,release_early,contrast,5010,0.35406320112227846
two_concepts,TinyCNN,release_early,contrast,5011,0.4074424302791007
two_concepts,TinyCNN,release_early,contrast,5012,0.28341096012273803
two_concepts,TinyCNN,release_early,contrast,5013,0.4736243649994283
two_concepts,TinyCNN,release_early,contrast,5014,0.3310457269595225
two_concepts,TinyCNN,release_early,contrast,5015,0.40925785774042683
two_concepts,TinyCNN,release_early,contrast,5016,0.30824399668694596
two_concepts,TinyCNN,release_early,contrast,5017,0.5101104358500106
two_concepts,TinyCNN,release_early,contrast,5018,0.33260214726167076
two_concepts,TinyCNN,release_early,contrast,5019,0.4358888363364238
two_concepts,TinyCNN,release_early,contrast,5020,0.3648728872581753
two_concepts,TinyCNN,release_early,contrast,5021,0.2550631865455011
two_concepts,TinyCNN,release_early,contrast,5022,0.23290845984349018
two_concepts,TinyCNN,release_early,contrast,5023,0.5623806691600709
two_concepts,TinyCNN,release_early,contrast,5024,0.09974062532683103
two_concepts,TinyCNN,release_early,contrast,5025,0.2752392644149328
two_concepts,TinyCNN,release_early,contrast,5026,0.28899076088138387
two_concepts,TinyCNN,release_early,contrast,5027,0.3968442539745749
two_concepts,TinyCNN,release_early,contrast,5028,0.18466523422758246
two_concepts,TinyCNN,release_early,contrast,5029,0.28496549340979704
two_concepts,TinyCNN,release_early,contrast,5030,0.322665847225977
two_concepts,TinyCNN,release_early,contrast,5031,0.30050986479418773
two_concepts,TinyCNN,release_early,contrast,5032,0.5465802846098295
two_concepts,TinyCNN,release_early,contrast,5033,0.6005247864424756
two_concepts,TinyCNN,release_early,contrast,5034,0.33226122461320856
two_concepts,TinyCNN,release_early,contrast,5035,0.19941595283950708
two_concepts,TinyCNN,release_early,contrast,5036,0.5252162058396048
two_concepts,TinyCNN,release_early,contrast,5037,0.20468996383689503
two_concepts,TinyCNN,release_early,contrast,5038,0.18735691234639296
two_concepts,TinyCNN,release_early,contrast,5039,0.22498005331817594
two_concepts,TinyCNN,release_early,contrast,5040,0.276310042668149
two_concepts,TinyCNN,release_early,contrast,5041,0.17343017047204712
two_concepts,TinyCNN,release_early,contrast,5042,0.1426125165683353
two_concepts,TinyCNN,release_early,contrast,5043,0.36789841832237485
two_concepts,TinyCNN,release_early,contrast,5044,0.739509725215749
two_concepts,TinyCNN,release_early,contrast,5045,0.34705587421609707
two_concepts,TinyCNN,release_early,contrast,5046,0.43965963458082374
two_concepts,TinyCNN,release_early,contrast,5047,0.3144116565257347
two_concepts,TinyCNN,release_early,contrast,5048,0.3553988769668099
two_concepts,TinyCNN,release_early,contrast,5049,0.308699367846937
two_concepts,TinyCNN,release_default,contrast,5000,0.1886572422817171
two_concepts,TinyCNN,release_default,contrast,5001,0.44566090668251124
two_concepts,TinyCNN,release_default,contrast,5002,0.04914015361175128
two_concepts,TinyCNN,release_default,contrast,5003,0.28297884806058315
two_concepts,TinyCNN,release_default,contrast,5004,0.1131262075661088
two_concepts,TinyCNN,release_default,contrast,5005,0.19967105272759023
two_concepts,TinyCNN,release_default,contrast,5006,0.14789400722504503
two_concepts,TinyCNN,release_default,contrast,5007,0.2699290834526444
two_concepts,TinyCNN,release_default,contrast,5008,0.27544106184820155
two_concepts,TinyCNN,release_default,contrast,5009,0.17210352026553372
two_concepts,TinyCNN,release_default,contrast,5010,0.38270539501746403
two_concepts,TinyCNN,release_default,contrast,5011,0.42058461276459624
two_concepts,TinyCNN,release_default,contrast,5012,0.24441120459866322
two_concepts,TinyCNN,release_default,contrast,5013,0.5121565309794134
two_concepts,TinyCNN,release_default,contrast,5014,0.2691277574421487
two_concepts,TinyCNN,release_default,contrast,5015,0.4970874349022262
two_concepts,TinyCNN,release_default,contrast,5016,0.27637784921201475
two_concepts,TinyCNN,release_default,contrast,5017,0.376772872967901
two_concepts,TinyCNN,release_default,contrast,5018,0.3083581116785289
two_concepts,TinyCNN,release_default,contrast,5019,0.2539003833842006
two_concepts,TinyCNN,release_default,contrast,5020,0.2993366522590356
two_concepts,TinyCNN,release_default,contrast,5021,0.19714866062644648
two_concepts,TinyCNN,release_default,contrast,5022,0.37915380028177775
two_concepts,TinyCNN,release_default,contrast,5023,0.5503538859268723
two_concepts,TinyCNN,release_default,contrast,5024,0.07716087917348591
two_concepts,TinyCNN,release_default,contrast,5025,0.2688655925853778
two_concepts,TinyCNN,release_default,contrast,5026,0.30445931191060716
two_concepts,TinyCNN,release_default,contrast,5027,0.34704644186415357
two_concepts,TinyCNN,release_default,contrast,5028,0.18682770344511873
two_concepts,TinyCNN,release_default,contrast,5029,0.26904519491866513
two_concepts,TinyCNN,release_default,contrast,5030,0.30893979421127676
two_concepts,TinyCNN,release_default,contrast,5031,0.27661198272498955
two_concepts,TinyCNN,release_default,contrast,5032,0.2726878230391862
two_concepts,TinyCNN,release_default,contrast,5033,0.45685074277935306
two_concepts,TinyCNN,release_default,contrast,5034,0.35981587377822605
two_concepts,TinyCNN,release_default,contrast,5035,0.2403556409510591
two_concepts,TinyCNN,release_default,contrast,5036,0.5150716801775499
two_concepts,TinyCNN,release_default,contrast,5037,0.1733299569386581
two_concepts,TinyCNN,release_default,contrast,5038,0.265894640639915
two_concepts,TinyCNN,release_default,contrast,5039,0.21325912535305935
two_concepts,TinyCNN,release_default,contrast,5040,0.20342137184090298
two_concepts,TinyCNN,release_default,contrast,5041,0.16568284676436856
two_concepts,TinyCNN,release_default,contrast,5042,0.11201027843126843
two_concepts,TinyCNN,release_default,contrast,5043,0.2693618097521345
two_concepts,TinyCNN,release_default,contrast,5044,0.39303370420176825
two_concepts,TinyCNN,release_default,contrast,5045,0.25606480186347114
two_concepts,TinyCNN,release_default,contrast,5046,0.25610291707559135
two_concepts,TinyCNN,release_default,contrast,5047,0.28553236303240936
two_concepts,TinyCNN,release_default,contrast,5048,0.4231589963468566
two_concepts,TinyCNN,release_default,contrast,5049,0.297021917153944
two_concepts,TinyCNN,release_late,contrast,5000,0.10756553855063611
two_concepts,TinyCNN,release_late,contrast,5001,0.24644653425719903
two_concepts,TinyCNN,release_late,contrast,5002,0.07364488556433924
two_concepts,TinyCNN,release_late,contrast,5003,0.10236872902657868
two_concepts,TinyCNN,release_late,contrast,5004,0.0749376864258181
two_concepts,TinyCNN,release_late,contrast,5005,0.11744630734261902
two_concepts,TinyCNN,release_late,contrast,5006,0.24017313381055921
two_concepts,TinyCNN,release_late,contrast,5007,0.19959241992913096
two_concepts,TinyCNN,release_late,contrast,5008,0.1329252268512242
two_concepts,TinyCNN,release_late,contrast,5009,0.10200405498082082
two_concepts,TinyCNN,release_late,contrast,5010,0.2236361572660594
two_concepts,TinyCNN,release_late,contrast,5011,0.37709263017007355
two_concepts,TinyCNN,release_late,contrast,5012,0.11867168702565895
two_concepts,TinyCNN,release_late,contrast,5013,0.5846727209733462
two_concepts,TinyCNN,release_late,contrast,5014,0.2773241561079229
two_concepts,TinyCNN,release_late,contrast,5015,0.2814880610437668
two_concepts,TinyCNN,release_late,contrast,5016,0.14929252143464578
two_concepts,TinyCNN,release_late,contrast,5017,0.25027421901709723
two_concepts,TinyCNN,release_late,contrast,5018,0.236685954817767
two_concepts,TinyCNN,release_late,contrast,5019,0.200905981901367
two_concepts,TinyCNN,release_late,contrast,5020,0.10690855397676124
two_concepts,TinyCNN,release_late,contrast,5021,0.19120354989628657
two_concepts,TinyCNN,release_late,contrast,5022,0.34973400710910213
two_concepts,TinyCNN,release_late,contrast,5023,0.35726169094878135
two_concepts,TinyCNN,release_late,contrast,5024,0.05905117211781802
two_concepts,TinyCNN,release_late,contrast,5025,0.14844558320447743
two_concepts,TinyCNN,release_late,contrast,5026,0.19033883549783015
two_concepts,TinyCNN,release_late,contrast,5027,0.2571339252185525
two_concepts,TinyCNN,release_late,contrast,5028,0.1990598062671204
two_concepts,TinyCNN,release_late,contrast,5029,0.13002552281919777
two_concepts,TinyCNN,release_late,contrast,5030,0.2591193114715276
two_concepts,TinyCNN,release_late,contrast,5031,0.1711990721597429
two_concepts,TinyCNN,release_late,contrast,5032,0.1501893803875723
two_concepts,TinyCNN,release_late,contrast,5033,0.21665755506378248
two_concepts,TinyCNN,release_late,contrast,5034,0.33640532909448123
two_concepts,TinyCNN,release_late,contrast,5035,0.1468411264295189
two_concepts,TinyCNN,release_late,contrast,5036,0.3469031314574204
two_concepts,TinyCNN,release_late,contrast,5037,0.0446572334581225
two_concepts,TinyCNN,release_late,contrast,5038,0.1945180090683678
two_concepts,TinyCNN,release_late,contrast,5039,0.1378893941877728
two_concepts,TinyCNN,release_late,contrast,5040,0.09744119069841262
two_concepts,TinyCNN,release_late,contrast,5041,0.11376251383123742
two_concepts,TinyCNN,release_late,contrast,5042,0.08819655899890205
two_concepts,TinyCNN,release_late,contrast,5043,0.2050925251875489
two_concepts,TinyCNN,release_late,contrast,5044,0.18961353877874998
two_concepts,TinyCNN,release_late,contrast,5045,0.11467030954195773
two_concepts,TinyCNN,release_late,contrast,5046,0.05690703396441282
two_concepts,TinyCNN,release_late,contrast,5047,0.30987248368729126
two_concepts,TinyCNN,release_late,contrast,5048,0.1799004036405375
two_concepts,TinyCNN,release_late,contrast,5049,0.22509007626210392
two_concepts,TinyCNN,template_init,auroc,5000,0.25580312779748726
two_concepts,TinyCNN,template_init,auroc,5001,0.41662581843688956
two_concepts,TinyCNN,template_init,auroc,5002,0.2561276505037565
two_concepts,TinyCNN,template_init,auroc,5003,0.16392079382300323
two_concepts,TinyCNN,template_init,auroc,5004,0.21679369391965053
two_concepts,TinyCNN,template_init,auroc,5005,0.18180957261009117
two_concepts,TinyCNN,template_init,auroc,5006,0.23436079271495536
two_concepts,TinyCNN,template_init,auroc,5007,0.4005788597551108
two_concepts,TinyCNN,template_init,auroc,5008,0.3524394926363578
two_concepts,TinyCNN,template_init,auroc,5009,0.20840761201855512
two_concepts,TinyCNN,template_init,auroc,5010,0.4369371828322734
two_concepts,TinyCNN,template_init,auroc,5011,0.38477539889773327
two_concepts,TinyCNN,template_init,auroc,5012,0.3694964702539489
two_concepts,TinyCNN,template_init,auroc,5013,0.3874879022581115
two_concepts,TinyCNN,template_init,auroc,5014,0.3350669710125377
two_concepts,TinyCNN,template_init,auroc,5015,0.4580974839582863
two_concepts,TinyCNN,template_init,auroc,5016,0.251904475333959
two_concepts,TinyCNN,template_init,auroc,5017,0.4203020301572917
two_concepts,TinyCNN,template_init,auroc,5018,0.42427011069474013
two_concepts,TinyCNN,template_init,auroc,5019,0.26287146763121505
two_concepts,TinyCNN,template_init,auroc,5020,0.16799839990100818
two_concepts,TinyCNN,template_init,auroc,5021,0.48824409222486087
two_concepts,TinyCNN,template_init,auroc,5022,0.33033575412047333
two_concepts,TinyCNN,template_init,auroc,5023,0.47841581756184004
two_concepts,TinyCNN,template_init,auroc,5024,0.23160285753994053
two_concepts,TinyCNN,template_init,auroc,5025,0.2880813536252635
two_concepts,TinyCNN,template_init,auroc,5026,0.3924706621473703
two_concepts,TinyCNN,template_init,auroc,5027,0.3106966505749199
two_concepts,TinyCNN,template_init,auroc,5028,0.25909732367001476
two_concepts,TinyCNN,template_init,auroc,5029,0.24295246277251314
two_concepts,TinyCNN,template_init,auroc,5030,0.189172702310419
two_concepts,TinyCNN,template_init,auroc,5031,0.2246494482942995
two_concepts,TinyCNN,template_init,auroc,5032,0.4303194926506447
two_concepts,TinyCNN,template_init,auroc,5033,0.5425808872907794
two_concepts,TinyCNN,template_init,auroc,5034,0.3539763184080705
two_concepts,TinyCNN,template_init,auroc,5035,0.25119526202578063
two_concepts,TinyCNN,template_init,auroc,5036,0.4901603023514081
two_concepts,TinyCNN,template_init,auroc,5037,0.3491894004068631
two_concepts,TinyCNN,template_init,auroc,5038,0.3056232791488458
two_concepts,TinyCNN,template_init,auroc,5039,0.3664469172486825
two_concepts,TinyCNN,template_init,auroc,5040,0.3313889807999331
two_concepts,TinyCNN,template_init,auroc,5041,0.2586710752828304
two_concepts,TinyCNN,template_init,auroc,5042,0.13487732994671792
two_concepts,TinyCNN,template_init,auroc,5043,0.2600541861013354
two_concepts,TinyCNN,template_init,auroc,5044,0.47060555489217454
two_concepts,TinyCNN,template_init,auroc,5045,0.4331815734655152
two_concepts,TinyCNN,template_init,auroc,5046,0.5666733660539217
two_concepts,TinyCNN,template_init,auroc,5047,0.42405980651988084
two_concepts,TinyCNN,template_init,auroc,5048,0.32478023255719096
two_concepts,TinyCNN,template_init,auroc,5049,0.38746821193083786
two_concepts,TinyCNN,retention_0p1,auroc,5000,0.24310209479213796
two_concepts,TinyCNN,retention_0p1,auroc,5001,0.3094588896232308
two_concepts,TinyCNN,retention_0p1,auroc,5002,0.07274156670266207
two_concepts,TinyCNN,retention_0p1,auroc,5003,0.03583392822018394
two_concepts,TinyCNN,retention_0p1,auroc,5004,0.26030242873850057
two_concepts,TinyCNN,retention_0p1,auroc,5005,0.07712159052667417
two_concepts,TinyCNN,retention_0p1,auroc,5006,0.08845414396057744
two_concepts,TinyCNN,retention_0p1,auroc,5007,0.20565234182744857
two_concepts,TinyCNN,retention_0p1,auroc,5008,0.28399862203300047
two_concepts,TinyCNN,retention_0p1,auroc,5009,0.1126469800296418
two_concepts,TinyCNN,retention_0p1,auroc,5010,0.2057182480402001
two_concepts,TinyCNN,retention_0p1,auroc,5011,0.2439654379283363
two_concepts,TinyCNN,retention_0p1,auroc,5012,0.2090216658830209
two_concepts,TinyCNN,retention_0p1,auroc,5013,0.13874200512333668
two_concepts,TinyCNN,retention_0p1,auroc,5014,0.1680537071583248
two_concepts,TinyCNN,retention_0p1,auroc,5015,0.3532312886826587
two_concepts,TinyCNN,retention_0p1,auroc,5016,0.161419662969903
two_concepts,TinyCNN,retention_0p1,auroc,5017,0.17892090401429256
two_concepts,TinyCNN,retention_0p1,auroc,5018,0.1315205972257621
two_concepts,TinyCNN,retention_0p1,auroc,5019,0.04194529637932143
two_concepts,TinyCNN,retention_0p1,auroc,5020,0.04166484671191811
two_concepts,TinyCNN,retention_0p1,auroc,5021,0.22851138266890741
two_concepts,TinyCNN,retention_0p1,auroc,5022,0.22473321004539
two_concepts,TinyCNN,retention_0p1,auroc,5023,0.33715144435058086
two_concepts,TinyCNN,retention_0p1,auroc,5024,0.04709662036408774
two_concepts,TinyCNN,retention_0p1,auroc,5025,0.18556091101942312
two_concepts,TinyCNN,retention_0p1,auroc,5026,0.1965957691040645
two_concepts,TinyCNN,retention_0p1,auroc,5027,0.1376629874503073
two_concepts,TinyCNN,retention_0p1,auroc,5028,0.053732646973089604
two_concepts,TinyCNN,retention_0p1,auroc,5029,0.11080299203730859
two_concepts,TinyCNN,retention_0p1,auroc,5030,0.06239295653197763
two_concepts,TinyCNN,retention_0p1,auroc,5031,0.059980066219797235
two_concepts,TinyCNN,retention_0p1,auroc,5032,0.20191369035553114
two_concepts,TinyCNN,retention_0p1,auroc,5033,0.3224986544497041
two_concepts,TinyCNN,retention_0p1,auroc,5034,0.209575560199517
two_concepts,TinyCNN,retention_0p1,auroc,5035,0.20154733015044501
two_concepts,TinyCNN,retention_0p1,auroc,5036,0.27185796741808244
two_concepts,TinyCNN,retention_0p1,auroc,5037,0.09726045978145459
two_concepts,TinyCNN,retention_0p1,auroc,5038,0.10176601435537908
two_concepts,TinyCNN,retention_0p1,auroc,5039,0.17596798253851714
two_concepts,TinyCNN,retention_0p1,auroc,5040,0.11487929975308575
two_concepts,TinyCNN,retention_0p1,auroc,5041,0.08936908846138081
two_concepts,TinyCNN,retention_0p1,auroc,5042,-0.010352747715005328
two_concepts,TinyCNN,retention_0p1,auroc,5043,-0.03006217135126904
two_concepts,TinyCNN,retention_0p1,auroc,5044,0.15993710966098706
two_concepts,TinyCNN,retention_0p1,auroc,5045,0.21747622850392867
two_concepts,TinyCNN,retention_0p1,auroc,5046,0.21828573895677134
two_concepts,TinyCNN,retention_0p1,auroc,5047,0.20158446351722464
two_concepts,TinyCNN,retention_0p1,auroc,5048,0.14878782586577805
two_concepts,TinyCNN,retention_0p1,auroc,5049,0.20503689247629148
two_concepts,TinyCNN,release_early,auroc,5000,0.2604827288091309
two_concepts,TinyCNN,release_early,auroc,5001,0.3503861120339695
two_concepts,TinyCNN,release_early,auroc,5002,0.13199359026656104
two_concepts,TinyCNN,release_early,auroc,5003,0.08196034047550566
two_concepts,TinyCNN,release_early,auroc,5004,0.27038398710361816
two_concepts,TinyCNN,release_early,auroc,5005,0.18471920825916727
two_concepts,TinyCNN,release_early,auroc,5006,0.27690431915685354
two_concepts,TinyCNN,release_early,auroc,5007,0.45708495219825845
two_concepts,TinyCNN,release_early,auroc,5008,0.30289442033887876
two_concepts,TinyCNN,release_early,auroc,5009,0.21689872514890574
two_concepts,TinyCNN,release_early,auroc,5010,0.44846203751407726
two_concepts,TinyCNN,release_early,auroc,5011,0.412688787860372
two_concepts,TinyCNN,release_early,auroc,5012,0.32069159341702175
two_concepts,TinyCNN,release_early,auroc,5013,0.312006921841344
two_concepts,TinyCNN,release_early,auroc,5014,0.35512348219258977
two_concepts,TinyCNN,release_early,auroc,5015,0.3945563350435992
two_concepts,TinyCNN,release_early,auroc,5016,0.23482374585377647
two_concepts,TinyCNN,release_early,auroc,5017,0.4896728936779226
two_concepts,TinyCNN,release_early,auroc,5018,0.3632693232133815
two_concepts,TinyCNN,release_early,auroc,5019,0.2703719339076196
two_concepts,TinyCNN,release_early,auroc,5020,0.2356222703453374
two_concepts,TinyCNN,release_early,auroc,5021,0.3133744052013984
two_concepts,TinyCNN,release_early,auroc,5022,0.24375261878900473
two_concepts,TinyCNN,release_early,auroc,5023,0.5623806691600709
two_concepts,TinyCNN,release_early,auroc,5024,0.09783383030366011
two_concepts,TinyCNN,release_early,auroc,5025,0.2760363955960649
two_concepts,TinyCNN,release_early,auroc,5026,0.27295651939759047
two_concepts,TinyCNN,release_early,auroc,5027,0.2445552336117316
two_concepts,TinyCNN,release_early,auroc,5028,0.13688703966239735
two_concepts,TinyCNN,release_early,auroc,5029,0.3038673705421362
two_concepts,TinyCNN,release_early,auroc,5030,0.21956293675322286
two_concepts,TinyCNN,release_early,auroc,5031,0.22550318071036796
two_concepts,TinyCNN,release_early,auroc,5032,0.40042484654764215
two_concepts,TinyCNN,release_early,auroc,5033,0.580871729165793
two_concepts,TinyCNN,release_early,auroc,5034,0.32721143451320805
two_concepts,TinyCNN,release_early,auroc,5035,0.24464024327044276
two_concepts,TinyCNN,release_early,auroc,5036,0.5252162058396048
two_concepts,TinyCNN,release_early,auroc,5037,0.20468996383689503
two_concepts,TinyCNN,release_early,auroc,5038,0.26799093479470393
two_concepts,TinyCNN,release_early,auroc,5039,0.25422416840681294
two_concepts,TinyCNN,release_early,auroc,5040,0.28361653835366407
two_concepts,TinyCNN,release_early,auroc,5041,0.2071601813050487
two_concepts,TinyCNN,release_early,auroc,5042,0.15753608553940357
two_concepts,TinyCNN,release_early,auroc,5043,0.24964675276253445
two_concepts,TinyCNN,release_early,auroc,5044,0.7077981927413486
two_concepts,TinyCNN,release_early,auroc,5045,0.4410372511122049
two_concepts,TinyCNN,release_early,auroc,5046,0.44007799406076414
two_concepts,TinyCNN,release_early,auroc,5047,0.31125928343570747
two_concepts,TinyCNN,release_early,auroc,5048,0.4328437212363113
two_concepts,TinyCNN,release_early,auroc,5049,0.2972506666212099
two_concepts,TinyCNN,release_default,auroc,5000,0.2718763940052654
two_concepts,TinyCNN,release_default,auroc,5001,0.3391801600783317
two_concepts,TinyCNN,release_default,auroc,5002,0.04892882279072053
two_concepts,TinyCNN,release_default,auroc,5003,0.1252170480789272
two_concepts,TinyCNN,release_default,auroc,5004,0.1646037479943257
two_concepts,TinyCNN,release_default,auroc,5005,0.18770746732787286
two_concepts,TinyCNN,release_default,auroc,5006,0.15582818170140972
two_concepts,TinyCNN,release_default,auroc,5007,0.2699290834526444
two_concepts,TinyCNN,release_default,auroc,5008,0.3156379214915016
two_concepts,TinyCNN,release_default,auroc,5009,0.18786321020391777
two_concepts,TinyCNN,release_default,auroc,5010,0.2763110353146984
two_concepts,TinyCNN,release_default,auroc,5011,0.30554329122113816
two_concepts,TinyCNN,release_default,auroc,5012,0.3099772146445444
two_concepts,TinyCNN,release_default,auroc,5013,0.3793654453415253
two_concepts,TinyCNN,release_default,auroc,5014,0.2747122029012922
two_concepts,TinyCNN,release_default,auroc,5015,0.4720126913093306
two_concepts,TinyCNN,release_default,auroc,5016,0.20053510989119572
two_concepts,TinyCNN,release_default,auroc,5017,0.46533801593427665
two_concepts,TinyCNN,release_default,auroc,5018,0.34731891758138095
two_concepts,TinyCNN,release_default,auroc,5019,0.18252551523545202
two_concepts,TinyCNN,release_default,auroc,5020,0.13843654951805717
two_concepts,TinyCNN,release_default,auroc,5021,0.23105657523797918
two_concepts,TinyCNN,release_default,auroc,5022,0.3228694641254727
two_concepts,TinyCNN,release_default,auroc,5023,0.5503538859268723
two_concepts,TinyCNN,release_default,auroc,5024,0.07525408415031498
two_concepts,TinyCNN,release_default,auroc,5025,0.31953808752045015
two_concepts,TinyCNN,release_default,auroc,5026,0.2453381687830557
two_concepts,TinyCNN,release_default,auroc,5027,0.2726025389544094
two_concepts,TinyCNN,release_default,auroc,5028,0.1982900111196758
two_concepts,TinyCNN,release_default,auroc,5029,0.28556175036087267
two_concepts,TinyCNN,release_default,auroc,5030,0.2239839651330453
two_concepts,TinyCNN,release_default,auroc,5031,0.21548645162136315
two_concepts,TinyCNN,release_default,auroc,5032,0.2339071846705939
two_concepts,TinyCNN,release_default,auroc,5033,0.4517959708907842
two_concepts,TinyCNN,release_default,auroc,5034,0.3162206790791691
two_concepts,TinyCNN,release_default,auroc,5035,0.29298187234158224
two_concepts,TinyCNN,release_default,auroc,5036,0.4574813793350138
two_concepts,TinyCNN,release_default,auroc,5037,0.14230623120453084
two_concepts,TinyCNN,release_default,auroc,5038,0.33723576094561936
two_concepts,TinyCNN,release_default,auroc,5039,0.25221150654852753
two_concepts,TinyCNN,release_default,auroc,5040,0.20501996897129227
two_concepts,TinyCNN,release_default,auroc,5041,0.16430512005035824
two_concepts,TinyCNN,release_default,auroc,5042,0.18998896590539305
two_concepts,TinyCNN,release_default,auroc,5043,0.15111014419229407
two_concepts,TinyCNN,release_default,auroc,5044,0.39303370420176825
two_concepts,TinyCNN,release_default,auroc,5045,0.26781941932591746
two_concepts,TinyCNN,release_default,auroc,5046,0.21357109975537947
two_concepts,TinyCNN,release_default,auroc,5047,0.2205627398160534
two_concepts,TinyCNN,release_default,auroc,5048,0.4231589963468566
two_concepts,TinyCNN,release_default,auroc,5049,0.297021917153944
two_concepts,TinyCNN,release_late,auroc,5000,0.19078469027418443
two_concepts,TinyCNN,release_late,auroc,5001,0.24644653425719903
two_concepts,TinyCNN,release_late,auroc,5002,0.0037471603922198393
two_concepts,TinyCNN,release_late,auroc,5003,0.06025605916826127
two_concepts,TinyCNN,release_late,auroc,5004,0.12748384590748313
two_concepts,TinyCNN,release_late,auroc,5005,0.19272483502637094
two_concepts,TinyCNN,release_late,auroc,5006,0.2395611017210385
two_concepts,TinyCNN,release_late,auroc,5007,0.19959241992913096
two_concepts,TinyCNN,release_late,auroc,5008,0.2553999111939905
two_concepts,TinyCNN,release_late,auroc,5009,0.10358944958176447
two_concepts,TinyCNN,release_late,auroc,5010,0.17632810456844533
two_concepts,TinyCNN,release_late,auroc,5011,0.18818386351278116
two_concepts,TinyCNN,release_late,auroc,5012,0.28558192650266845
two_concepts,TinyCNN,release_late,auroc,5013,0.36049421106657326
two_concepts,TinyCNN,release_late,auroc,5014,0.2343832550465203
two_concepts,TinyCNN,release_late,auroc,5015,0.32292520507293615
two_concepts,TinyCNN,release_late,auroc,5016,0.1496570675565697
two_concepts,TinyCNN,release_late,auroc,5017,0.3548436657703946
two_concepts,TinyCNN,release_late,auroc,5018,0.26938182398165106
two_concepts,TinyCNN,release_late,auroc,5019,0.13450851173917872
two_concepts,TinyCNN,release_late,auroc,5020,0.10628297494131456
two_concepts,TinyCNN,release_late,auroc,5021,0.25879625150009916
two_concepts,TinyCNN,release_late,auroc,5022,0.3521001014857951
two_concepts,TinyCNN,release_late,auroc,5023,0.20211446153596768
two_concepts,TinyCNN,release_late,auroc,5024,0.060957440188469436
two_concepts,TinyCNN,release_late,auroc,5025,0.09162303559994922
two_concepts,TinyCNN,release_late,auroc,5026,0.2765931968685715
two_concepts,TinyCNN,release_late,auroc,5027,0.20505619394752633
two_concepts,TinyCNN,release_late,auroc,5028,0.159968831178731
two_concepts,TinyCNN,release_late,auroc,5029,0.142094153154893
two_concepts,TinyCNN,release_late,auroc,5030,0.1759556225569841
two_concepts,TinyCNN,release_late,auroc,5031,0.11064903084714739
two_concepts,TinyCNN,release_late,auroc,5032,0.1660178195162988
two_concepts,TinyCNN,release_late,auroc,5033,0.21736429352838088
two_concepts,TinyCNN,release_late,auroc,5034,0.293620124793112
two_concepts,TinyCNN,release_late,auroc,5035,0.2097792298964588
two_concepts,TinyCNN,release_late,auroc,5036,0.3469031314574204
two_concepts,TinyCNN,release_late,auroc,5037,0.15748198105567357
two_concepts,TinyCNN,release_late,auroc,5038,0.2614743382494262
two_concepts,TinyCNN,release_late,auroc,5039,0.21926999932587
two_concepts,TinyCNN,release_late,auroc,5040,0.13951781534673707
two_concepts,TinyCNN,release_late,auroc,5041,0.11180222135068507
two_concepts,TinyCNN,release_late,auroc,5042,0.1400686440154154
two_concepts,TinyCNN,release_late,auroc,5043,0.08684085962770849
two_concepts,TinyCNN,release_late,auroc,5044,0.347624761666997
two_concepts,TinyCNN,release_late,auroc,5045,0.15754274838875337
two_concepts,TinyCNN,release_late,auroc,5046,0.05894304368201664
two_concepts,TinyCNN,release_late,auroc,5047,0.11624302590591518
two_concepts,TinyCNN,release_late,auroc,5048,0.1799004036405375
two_concepts,TinyCNN,release_late,auroc,5049,0.22509007626210392
two_concepts,TinyCNN,template_init,validation_patch,5000,0.29305292286986345
two_concepts,TinyCNN,template_init,validation_patch,5001,0.3930486468816144
two_concepts,TinyCNN,template_init,validation_patch,5002,0.37462186776897577
two_concepts,TinyCNN,template_init,validation_patch,5003,0.252564437097676
two_concepts,TinyCNN,template_init,validation_patch,5004,0.31511131336008497
two_concepts,TinyCNN,template_init,validation_patch,5005,0.19337493493743774
two_concepts,TinyCNN,template_init,validation_patch,5006,0.3138100718730259
two_concepts,TinyCNN,template_init,validation_patch,5007,0.435609427506551
two_concepts,TinyCNN,template_init,validation_patch,5008,0.41736784507807906
two_concepts,TinyCNN,template_init,validation_patch,5009,0.19263798058510395
two_concepts,TinyCNN,template_init,validation_patch,5010,0.38253079458333156
two_concepts,TinyCNN,template_init,validation_patch,5011,0.30665854846523266
two_concepts,TinyCNN,template_init,validation_patch,5012,0.3511176550783094
two_concepts,TinyCNN,template_init,validation_patch,5013,0.32285738999202107
two_concepts,TinyCNN,template_init,validation_patch,5014,0.329161818174785
two_concepts,TinyCNN,template_init,validation_patch,5015,0.3539226202948336
two_concepts,TinyCNN,template_init,validation_patch,5016,0.22398232944950325
two_concepts,TinyCNN,template_init,validation_patch,5017,0.304564669539718
two_concepts,TinyCNN,template_init,validation_patch,5018,0.3992619454191634
two_concepts,TinyCNN,template_init,validation_patch,5019,0.3811028416459307
two_concepts,TinyCNN,template_init,validation_patch,5020,0.2075842774267333
two_concepts,TinyCNN,template_init,validation_patch,5021,0.35724009690337577
two_concepts,TinyCNN,template_init,validation_patch,5022,0.27921335229987154
two_concepts,TinyCNN,template_init,validation_patch,5023,0.41632697964044174
two_concepts,TinyCNN,template_init,validation_patch,5024,0.2064677728796555
two_concepts,TinyCNN,template_init,validation_patch,5025,0.3626210420841274
two_concepts,TinyCNN,template_init,validation_patch,5026,0.3938013233689665
two_concepts,TinyCNN,template_init,validation_patch,5027,0.29582039071285465
two_concepts,TinyCNN,template_init,validation_patch,5028,0.15928287058911822
two_concepts,TinyCNN,template_init,validation_patch,5029,0.2762587281689205
two_concepts,TinyCNN,template_init,validation_patch,5030,0.30951863067019014
two_concepts,TinyCNN,template_init,validation_patch,5031,0.28130729302621543
two_concepts,TinyCNN,template_init,validation_patch,5032,0.3800588940066664
two_concepts,TinyCNN,template_init,validation_patch,5033,0.3682938869424969
two_concepts,TinyCNN,template_init,validation_patch,5034,0.31136601789222534
two_concepts,TinyCNN,template_init,validation_patch,5035,0.23038148046157209
two_concepts,TinyCNN,template_init,validation_patch,5036,0.37323219866783275
two_concepts,TinyCNN,template_init,validation_patch,5037,0.38468492020300044
two_concepts,TinyCNN,template_init,validation_patch,5038,0.39022846125886046
two_concepts,TinyCNN,template_init,validation_patch,5039,0.25662507311782234
two_concepts,TinyCNN,template_init,validation_patch,5040,0.33294577664120156
two_concepts,TinyCNN,template_init,validation_patch,5041,0.21417669317481275
two_concepts,TinyCNN,template_init,validation_patch,5042,0.1981434348849173
two_concepts,TinyCNN,template_init,validation_patch,5043,0.38547267497085663
two_concepts,TinyCNN,template_init,validation_patch,5044,0.497767860358037
two_concepts,TinyCNN,template_init,validation_patch,5045,0.35172427915591475
two_concepts,TinyCNN,template_init,validation_patch,5046,0.42047165124324754
two_concepts,TinyCNN,template_init,validation_patch,5047,0.3690493014197453
two_concepts,TinyCNN,template_init,validation_patch,5048,0.2847373831046444
two_concepts,TinyCNN,template_init,validation_patch,5049,0.33338563959544215
two_concepts,TinyCNN,retention_0p1,validation_patch,5000,0.20095450036056944
two_concepts,TinyCNN,retention_0p1,validation_patch,5001,0.23427391690299382
two_concepts,TinyCNN,retention_0p1,validation_patch,5002,0.1723864953863703
two_concepts,TinyCNN,retention_0p1,validation_patch,5003,0.1025875147058013
two_concepts,TinyCNN,retention_0p1,validation_patch,5004,0.13136316975710172
two_concepts,TinyCNN,retention_0p1,validation_patch,5005,0.09405791278429454
two_concepts,TinyCNN,retention_0p1,validation_patch,5006,0.15896952288118527
two_concepts,TinyCNN,retention_0p1,validation_patch,5007,0.2096708962306994
two_concepts,TinyCNN,retention_0p1,validation_patch,5008,0.1963073518581709
two_concepts,TinyCNN,retention_0p1,validation_patch,5009,0.11754756497779667
two_concepts,TinyCNN,retention_0p1,validation_patch,5010,0.14965562655482112
two_concepts,TinyCNN,retention_0p1,validation_patch,5011,0.2352115526159218
two_concepts,TinyCNN,retention_0p1,validation_patch,5012,0.19216700581619084
two_concepts,TinyCNN,retention_0p1,validation_patch,5013,0.14649511904429796
two_concepts,TinyCNN,retention_0p1,validation_patch,5014,0.17714511980240927
two_concepts,TinyCNN,retention_0p1,validation_patch,5015,0.1700239097868752
two_concepts,TinyCNN,retention_0p1,validation_patch,5016,0.15826322564137046
two_concepts,TinyCNN,retention_0p1,validation_patch,5017,0.14371128875391437
two_concepts,TinyCNN,retention_0p1,validation_patch,5018,0.13381100705609955
two_concepts,TinyCNN,retention_0p1,validation_patch,5019,0.20789787072074128
two_concepts,TinyCNN,retention_0p1,validation_patch,5020,0.04176357738811287
two_concepts,TinyCNN,retention_0p1,validation_patch,5021,0.18263154270750015
two_concepts,TinyCNN,retention_0p1,validation_patch,5022,0.13308397305601838
two_concepts,TinyCNN,retention_0p1,validation_patch,5023,0.25490580927238565
two_concepts,TinyCNN,retention_0p1,validation_patch,5024,0.08301664713773876
two_concepts,TinyCNN,retention_0p1,validation_patch,5025,0.20630896878463667
two_concepts,TinyCNN,retention_0p1,validation_patch,5026,0.21963069630114868
two_concepts,TinyCNN,retention_0p1,validation_patch,5027,0.20810208794001345
two_concepts,TinyCNN,retention_0p1,validation_patch,5028,0.04046518220252321
two_concepts,TinyCNN,retention_0p1,validation_patch,5029,0.10752082463604112
two_concepts,TinyCNN,retention_0p1,validation_patch,5030,0.2444908538195697
two_concepts,TinyCNN,retention_0p1,validation_patch,5031,0.11844755198938811
two_concepts,TinyCNN,retention_0p1,validation_patch,5032,0.2125128344599112
two_concepts,TinyCNN,retention_0p1,validation_patch,5033,0.16516633855409085
two_concepts,TinyCNN,retention_0p1,validation_patch,5034,0.21307292435897407
two_concepts,TinyCNN,retention_0p1,validation_patch,5035,0.17752013111338988
two_concepts,TinyCNN,retention_0p1,validation_patch,5036,0.26996921031382903
two_concepts,TinyCNN,retention_0p1,validation_patch,5037,0.22089801664901715
two_concepts,TinyCNN,retention_0p1,validation_patch,5038,0.17911371084630395
two_concepts,TinyCNN,retention_0p1,validation_patch,5039,0.13018486091338866
two_concepts,TinyCNN,retention_0p1,validation_patch,5040,0.15921619024124906
two_concepts,TinyCNN,retention_0p1,validation_patch,5041,0.05694194837656141
two_concepts,TinyCNN,retention_0p1,validation_patch,5042,0.03674269008719555
two_concepts,TinyCNN,retention_0p1,validation_patch,5043,0.09298387850790724
two_concepts,TinyCNN,retention_0p1,validation_patch,5044,0.16910357862856923
two_concepts,TinyCNN,retention_0p1,validation_patch,5045,0.17877240554824553
two_concepts,TinyCNN,retention_0p1,validation_patch,5046,0.13590752699758007
two_concepts,TinyCNN,retention_0p1,validation_patch,5047,0.19078538805259676
two_concepts,TinyCNN,retention_0p1,validation_patch,5048,0.15507871708011672
two_concepts,TinyCNN,retention_0p1,validation_patch,5049,0.1356164942318191
two_concepts,TinyCNN,release_early,validation_patch,5000,0.29220941110413035
two_concepts,TinyCNN,release_early,validation_patch,5001,0.34770269894253747
two_concepts,TinyCNN,release_early,validation_patch,5002,0.27484356609581223
two_concepts,TinyCNN,release_early,validation_patch,5003,0.20385432664114128
two_concepts,TinyCNN,release_early,validation_patch,5004,0.28030310694983884
two_concepts,TinyCNN,release_early,validation_patch,5005,0.2054291105256249
two_concepts,TinyCNN,release_early,validation_patch,5006,0.23074615707756368
two_concepts,TinyCNN,release_early,validation_patch,5007,0.3273453960883666
two_concepts,TinyCNN,release_early,validation_patch,5008,0.3512234503479912
two_concepts,TinyCNN,release_early,validation_patch,5009,0.14369978746519524
two_concepts,TinyCNN,release_early,validation_patch,5010,0.30512201364988595
two_concepts,TinyCNN,release_early,validation_patch,5011,0.3242988536372848
two_concepts,TinyCNN,release_early,validation_patch,5012,0.30861568919409743
two_concepts,TinyCNN,release_early,validation_patch,5013,0.28648632846755967
two_concepts,TinyCNN,release_early,validation_patch,5014,0.34231101780110373
two_concepts,TinyCNN,release_early,validation_patch,5015,0.3289397181258106
two_concepts,TinyCNN,release_early,validation_patch,5016,0.23196263736463008
two_concepts,TinyCNN,release_early,validation_patch,5017,0.22170783136236283
two_concepts,TinyCNN,release_early,validation_patch,5018,0.30586505473498177
two_concepts,TinyCNN,release_early,validation_patch,5019,0.3004801958525413
two_concepts,TinyCNN,release_early,validation_patch,5020,0.17729493018671227
two_concepts,TinyCNN,release_early,validation_patch,5021,0.24694498082448585
two_concepts,TinyCNN,release_early,validation_patch,5022,0.2868700940484566
two_concepts,TinyCNN,release_early,validation_patch,5023,0.3249633202650707
two_concepts,TinyCNN,release_early,validation_patch,5024,0.17882240409483768
two_concepts,TinyCNN,release_early,validation_patch,5025,0.29888332063874584
two_concepts,TinyCNN,release_early,validation_patch,5026,0.3245450440387444
two_concepts,TinyCNN,release_early,validation_patch,5027,0.28448467950154954
two_concepts,TinyCNN,release_early,validation_patch,5028,0.12418229282033638
two_concepts,TinyCNN,release_early,validation_patch,5029,0.2967883372754654
two_concepts,TinyCNN,release_early,validation_patch,5030,0.28493417530050774
two_concepts,TinyCNN,release_early,validation_patch,5031,0.2537756386932458
two_concepts,TinyCNN,release_early,validation_patch,5032,0.33944739055949896
two_concepts,TinyCNN,release_early,validation_patch,5033,0.30110060496325863
two_concepts,TinyCNN,release_early,validation_patch,5034,0.3083328355200486
two_concepts,TinyCNN,release_early,validation_patch,5035,0.23188678542391233
two_concepts,TinyCNN,release_early,validation_patch,5036,0.35774394322410785
two_concepts,TinyCNN,release_early,validation_patch,5037,0.3223602374675229
two_concepts,TinyCNN,release_early,validation_patch,5038,0.2974534529562938
two_concepts,TinyCNN,release_early,validation_patch,5039,0.2635896583732331
two_concepts,TinyCNN,release_early,validation_patch,5040,0.27563299910795525
two_concepts,TinyCNN,release_early,validation_patch,5041,0.1488887194179298
two_concepts,TinyCNN,release_early,validation_patch,5042,0.20256576955666672
two_concepts,TinyCNN,release_early,validation_patch,5043,0.33207145629667567
two_concepts,TinyCNN,release_early,validation_patch,5044,0.320215169690276
two_concepts,TinyCNN,release_early,validation_patch,5045,0.2793604404853872
two_concepts,TinyCNN,release_early,validation_patch,5046,0.4090958354508107
two_concepts,TinyCNN,release_early,validation_patch,5047,0.257142704887997
two_concepts,TinyCNN,release_early,validation_patch,5048,0.2502617321408199
two_concepts,TinyCNN,release_early,validation_patch,5049,0.2983738684593385
two_concepts,TinyCNN,release_default,validation_patch,5000,0.2681632602023125
two_concepts,TinyCNN,release_default,validation_patch,5001,0.2987089511084623
two_concepts,TinyCNN,release_default,validation_patch,5002,0.2361826202434208
two_concepts,TinyCNN,release_default,validation_patch,5003,0.15832328981277288
two_concepts,TinyCNN,release_default,validation_patch,5004,0.20524258350754315
two_concepts,TinyCNN,release_default,validation_patch,5005,0.18018495130215556
two_concepts,TinyCNN,release_default,validation_patch,5006,0.21222660729420678
two_concepts,TinyCNN,release_default,validation_patch,5007,0.23600763526070473
two_concepts,TinyCNN,release_default,validation_patch,5008,0.28493480484596095
two_concepts,TinyCNN,release_default,validation_patch,5009,0.17334872232786602
two_concepts,TinyCNN,release_default,validation_patch,5010,0.25475461662884336
two_concepts,TinyCNN,release_default,validation_patch,5011,0.30070538565267196
two_concepts,TinyCNN,release_default,validation_patch,5012,0.24528311212986675
two_concepts,TinyCNN,release_default,validation_patch,5013,0.26021159510260383
two_concepts,TinyCNN,release_default,validation_patch,5014,0.27797400970592395
two_concepts,TinyCNN,release_default,validation_patch,5015,0.2813065076255225
two_concepts,TinyCNN,release_default,validation_patch,5016,0.20868637991858724
two_concepts,TinyCNN,release_default,validation_patch,5017,0.1690576899983946
two_concepts,TinyCNN,release_default,validation_patch,5018,0.23631297636422882
two_concepts,TinyCNN,release_default,validation_patch,5019,0.24052113633999989
two_concepts,TinyCNN,release_default,validation_patch,5020,0.11437708486670295
two_concepts,TinyCNN,release_default,validation_patch,5021,0.18807665626622094
two_concepts,TinyCNN,release_default,validation_patch,5022,0.2943177591196452
two_concepts,TinyCNN,release_default,validation_patch,5023,0.2576491071683335
two_concepts,TinyCNN,release_default,validation_patch,5024,0.19789392864404476
two_concepts,TinyCNN,release_default,validation_patch,5025,0.2685757587844654
two_concepts,TinyCNN,release_default,validation_patch,5026,0.25959559128657833
two_concepts,TinyCNN,release_default,validation_patch,5027,0.31229552533298127
two_concepts,TinyCNN,release_default,validation_patch,5028,0.1700445324281628
two_concepts,TinyCNN,release_default,validation_patch,5029,0.2098718301068564
two_concepts,TinyCNN,release_default,validation_patch,5030,0.3072070484140013
two_concepts,TinyCNN,release_default,validation_patch,5031,0.20156866050168587
two_concepts,TinyCNN,release_default,validation_patch,5032,0.24234686005818962
two_concepts,TinyCNN,release_default,validation_patch,5033,0.2612820915846764
two_concepts,TinyCNN,release_default,validation_patch,5034,0.2976353006842326
two_concepts,TinyCNN,release_default,validation_patch,5035,0.23345949157448798
two_concepts,TinyCNN,release_default,validation_patch,5036,0.2844622724585108
two_concepts,TinyCNN,release_default,validation_patch,5037,0.24641522613594363
two_concepts,TinyCNN,release_default,validation_patch,5038,0.26906576940839516
two_concepts,TinyCNN,release_default,validation_patch,5039,0.24463890159221768
two_concepts,TinyCNN,release_default,validation_patch,5040,0.20843274676906964
two_concepts,TinyCNN,release_default,validation_patch,5041,0.10785209405586904
two_concepts,TinyCNN,release_default,validation_patch,5042,0.15749505701314614
two_concepts,TinyCNN,release_default,validation_patch,5043,0.2593537484963155
two_concepts,TinyCNN,release_default,validation_patch,5044,0.13354839205766278
two_concepts,TinyCNN,release_default,validation_patch,5045,0.2109805766539713
two_concepts,TinyCNN,release_default,validation_patch,5046,0.2271973742379979
two_concepts,TinyCNN,release_default,validation_patch,5047,0.1751812196419676
two_concepts,TinyCNN,release_default,validation_patch,5048,0.22716805439353416
two_concepts,TinyCNN,release_default,validation_patch,5049,0.22915410099137073
two_concepts,TinyCNN,release_late,validation_patch,5000,0.1859194948773193
two_concepts,TinyCNN,release_late,validation_patch,5001,0.2187965494775685
two_concepts,TinyCNN,release_late,validation_patch,5002,0.16368229256325045
two_concepts,TinyCNN,release_late,validation_patch,5003,0.10719675255097566
two_concepts,TinyCNN,release_late,validation_patch,5004,0.1722806123082462
two_concepts,TinyCNN,release_late,validation_patch,5005,0.1268857470030001
two_concepts,TinyCNN,release_late,validation_patch,5006,0.18358153236347768
two_concepts,TinyCNN,release_late,validation_patch,5007,0.13476259581705857
two_concepts,TinyCNN,release_late,validation_patch,5008,0.1823955878369447
two_concepts,TinyCNN,release_late,validation_patch,5009,0.13314763369174165
two_concepts,TinyCNN,release_late,validation_patch,5010,0.1480159222819067
two_concepts,TinyCNN,release_late,validation_patch,5011,0.2307568901971983
two_concepts,TinyCNN,release_late,validation_patch,5012,0.18704960216898414
two_concepts,TinyCNN,release_late,validation_patch,5013,0.22335548119890675
two_concepts,TinyCNN,release_late,validation_patch,5014,0.20921597014804488
two_concepts,TinyCNN,release_late,validation_patch,5015,0.2115307160310282
two_concepts,TinyCNN,release_late,validation_patch,5016,0.13951019473573434
two_concepts,TinyCNN,release_late,validation_patch,5017,0.14931848669099085
two_concepts,TinyCNN,release_late,validation_patch,5018,0.14634412347141562
two_concepts,TinyCNN,release_late,validation_patch,5019,0.15833920086278958
two_concepts,TinyCNN,release_late,validation_patch,5020,0.06308582321626027
two_concepts,TinyCNN,release_late,validation_patch,5021,0.11594303472743794
two_concepts,TinyCNN,release_late,validation_patch,5022,0.21252358093977225
two_concepts,TinyCNN,release_late,validation_patch,5023,0.1357325491044708
two_concepts,TinyCNN,release_late,validation_patch,5024,0.16630749720439486
two_concepts,TinyCNN,release_late,validation_patch,5025,0.18298007366333835
two_concepts,TinyCNN,release_late,validation_patch,5026,0.18244347894488305
two_concepts,TinyCNN,release_late,validation_patch,5027,0.2007287181176382
two_concepts,TinyCNN,release_late,validation_patch,5028,0.16871326657509778
two_concepts,TinyCNN,release_late,validation_patch,5029,0.15743315317687057
two_concepts,TinyCNN,release_late,validation_patch,5030,0.20322097651323628
two_concepts,TinyCNN,release_late,validation_patch,5031,0.1743711228983741
two_concepts,TinyCNN,release_late,validation_patch,5032,0.16924267016387484
two_concepts,TinyCNN,release_late,validation_patch,5033,0.1850419045783374
two_concepts,TinyCNN,release_late,validation_patch,5034,0.23376063690256155
two_concepts,TinyCNN,release_late,validation_patch,5035,0.20021604228988227
two_concepts,TinyCNN,release_late,validation_patch,5036,0.19238564000590808
two_concepts,TinyCNN,release_late,validation_patch,5037,0.16061697268524217
two_concepts,TinyCNN,release_late,validation_patch,5038,0.1747982992895462
two_concepts,TinyCNN,release_late,validation_patch,5039,0.17704465764858573
two_concepts,TinyCNN,release_late,validation_patch,5040,0.11355655736210563
two_concepts,TinyCNN,release_late,validation_patch,5041,0.030587535178509817
two_concepts,TinyCNN,release_late,validation_patch,5042,0.14063067422421882
two_concepts,TinyCNN,release_late,validation_patch,5043,0.14392608896810483
two_concepts,TinyCNN,release_late,validation_patch,5044,0.056420046903704224
two_concepts,TinyCNN,release_late,validation_patch,5045,0.12220454744295989
two_concepts,TinyCNN,release_late,validation_patch,5046,0.11007783537651572
two_concepts,TinyCNN,release_late,validation_patch,5047,0.1062478424063652
two_concepts,TinyCNN,release_late,validation_patch,5048,0.17674188125841495
two_concepts,TinyCNN,release_late,validation_patch,5049,0.14599511167673612
two_concepts,TwoLayerCNN,template_init,contrast,5000,0.05443422826709238
two_concepts,TwoLayerCNN,template_init,contrast,5001,-0.09283508105667382
two_concepts,TwoLayerCNN,template_init,contrast,5002,-0.13580076212719305
two_concepts,TwoLayerCNN,template_init,contrast,5003,0.12313729546889479
two_concepts,TwoLayerCNN,template_init,contrast,5004,-0.036178502994285044
two_concepts,TwoLayerCNN,template_init,contrast,5005,-0.007824300086738789
two_concepts,TwoLayerCNN,template_init,contrast,5006,-0.06824477583140748
two_concepts,TwoLayerCNN,template_init,contrast,5007,0.04260605606024659
two_concepts,TwoLayerCNN,template_init,contrast,5008,0.025847117878358195
two_concepts,TwoLayerCNN,template_init,contrast,5009,0.08347871412047841
two_concepts,TwoLayerCNN,template_init,contrast,5010,0.16160136853938978
two_concepts,TwoLayerCNN,template_init,contrast,5011,-0.1517250180457143
two_concepts,TwoLayerCNN,template_init,contrast,5012,0.07046975498880348
two_concepts,TwoLayerCNN,template_init,contrast,5013,-0.05576323765688784
two_concepts,TwoLayerCNN,template_init,contrast,5014,0.03627269565937519
two_concepts,TwoLayerCNN,template_init,contrast,5015,0.031008597867794974
two_concepts,TwoLayerCNN,template_init,contrast,5016,-0.11400996609902969
two_concepts,TwoLayerCNN,template_init,contrast,5017,0.07695648374973935
two_concepts,TwoLayerCNN,template_init,contrast,5018,-0.005190307828103591
two_concepts,TwoLayerCNN,template_init,contrast,5019,0.11671220924082953
two_concepts,TwoLayerCNN,template_init,contrast,5020,0.06566653531266403
two_concepts,TwoLayerCNN,template_init,contrast,5021,0.08960130857354975
two_concepts,TwoLayerCNN,template_init,contrast,5022,0.1214455824308685
two_concepts,TwoLayerCNN,template_init,contrast,5023,0.037290182337905764
two_concepts,TwoLayerCNN,template_init,contrast,5024,-0.014127018310065242
two_concepts,TwoLayerCNN,template_init,contrast,5025,-0.1893310063705954
two_concepts,TwoLayerCNN,template_init,contrast,5026,-0.0795010755125829
two_concepts,TwoLayerCNN,template_init,contrast,5027,0.19062103500739197
two_concepts,TwoLayerCNN,template_init,contrast,5028,-0.08639552604526202
two_concepts,TwoLayerCNN,template_init,contrast,5029,-0.09209731662535142
two_concepts,TwoLayerCNN,template_init,contrast,5030,-0.02658829402420515
two_concepts,TwoLayerCNN,template_init,contrast,5031,-0.051472670819082134
two_concepts,TwoLayerCNN,template_init,contrast,5032,-0.11810715099022928
two_concepts,TwoLayerCNN,template_init,contrast,5033,-0.03971896547476206
two_concepts,TwoLayerCNN,template_init,contrast,5034,-0.04438185327006139
two_concepts,TwoLayerCNN,template_init,contrast,5035,0.12131949171998585
two_concepts,TwoLayerCNN,template_init,contrast,5036,-0.10541809134147995
two_concepts,TwoLayerCNN,template_init,contrast,5037,-0.07019206293236546
two_concepts,TwoLayerCNN,template_init,contrast,5038,-0.04953527064011093
two_concepts,TwoLayerCNN,template_init,contrast,5039,-0.160547434312853
two_concepts,TwoLayerCNN,template_init,contrast,5040,0.04663849184820967
two_concepts,TwoLayerCNN,template_init,contrast,5041,-0.1046908565041183
two_concepts,TwoLayerCNN,template_init,contrast,5042,-0.12982804429263423
two_concepts,TwoLayerCNN,template_init,contrast,5043,-0.05458396057937143
two_concepts,TwoLayerCNN,template_init,contrast,5044,0.1036100429468973
two_concepts,TwoLayerCNN,template_init,contrast,5045,-0.0019064863557143874
two_concepts,TwoLayerCNN,template_init,contrast,5046,0.06521594420737858
two_concepts,TwoLayerCNN,template_init,contrast,5047,0.05501682169147093
two_concepts,TwoLayerCNN,template_init,contrast,5048,0.11598140978144955
two_concepts,TwoLayerCNN,template_init,contrast,5049,-0.040288659709510455
two_concepts,TwoLayerCNN,retention_0p1,contrast,5000,0.011366675438580387
two_concepts,TwoLayerCNN,retention_0p1,contrast,5001,-0.061528702014988335
two_concepts,TwoLayerCNN,retention_0p1,contrast,5002,-0.2468036771040485
two_concepts,TwoLayerCNN,retention_0p1,contrast,5003,-0.06881340771186661
two_concepts,TwoLayerCNN,retention_0p1,contrast,5004,0.002711115077315085
two_concepts,TwoLayerCNN,retention_0p1,contrast,5005,-0.05312127436806008
two_concepts,TwoLayerCNN,retention_0p1,contrast,5006,-0.024524683084577115
two_concepts,TwoLayerCNN,retention_0p1,contrast,5007,0.05190737963362835
two_concepts,TwoLayerCNN,retention_0p1,contrast,5008,0.05481765981061526
two_concepts,TwoLayerCNN,retention_0p1,contrast,5009,-0.023288183595565004
two_concepts,TwoLayerCNN,retention_0p1,contrast,5010,0.06654028880644247
two_concepts,TwoLayerCNN,retention_0p1,contrast,5011,0.03681550663677008
two_concepts,TwoLayerCNN,retention_0p1,contrast,5012,0.12474550688934838
two_concepts,TwoLayerCNN,retention_0p1,contrast,5013,0.08921013546841339
two_concepts,TwoLayerCNN,retention_0p1,contrast,5014,-0.06149546496423264
two_concepts,TwoLayerCNN,retention_0p1,contrast,5015,0.030046528149419938
two_concepts,TwoLayerCNN,retention_0p1,contrast,5016,-0.006170503033322006
two_concepts,TwoLayerCNN,retention_0p1,contrast,5017,-0.14238769484641395
two_concepts,TwoLayerCNN,retention_0p1,contrast,5018,-0.12200683074762703
two_concepts,TwoLayerCNN,retention_0p1,contrast,5019,0.06802552999754902
two_concepts,TwoLayerCNN,retention_0p1,contrast,5020,-0.024367923360713917
two_concepts,TwoLayerCNN,retention_0p1,contrast,5021,0.10739006393463885
two_concepts,TwoLayerCNN,retention_0p1,contrast,5022,-0.06963775904175162
two_concepts,TwoLayerCNN,retention_0p1,contrast,5023,-0.05659602809854736
two_concepts,TwoLayerCNN,retention_0p1,contrast,5024,-0.1583095057888323
two_concepts,TwoLayerCNN,retention_0p1,contrast,5025,-0.02133867122758565
two_concepts,TwoLayerCNN,retention_0p1,contrast,5026,0.13765512089754944
two_concepts,TwoLayerCNN,retention_0p1,contrast,5027,-0.08855323165913803
two_concepts,TwoLayerCNN,retention_0p1,contrast,5028,-0.19845237354532963
two_concepts,TwoLayerCNN,retention_0p1,contrast,5029,-0.01725717675974242
two_concepts,TwoLayerCNN,retention_0p1,contrast,5030,-0.09314900867080328
two_concepts,TwoLayerCNN,retention_0p1,contrast,5031,-0.08203033830764289
two_concepts,TwoLayerCNN,retention_0p1,contrast,5032,-0.04889239751246399
two_concepts,TwoLayerCNN,retention_0p1,contrast,5033,0.03924866581317571
two_concepts,TwoLayerCNN,retention_0p1,contrast,5034,-0.07187898180964625
two_concepts,TwoLayerCNN,retention_0p1,contrast,5035,0.05436387439343998
two_concepts,TwoLayerCNN,retention_0p1,contrast,5036,-0.089174150284411
two_concepts,TwoLayerCNN,retention_0p1,contrast,5037,0.03887312848177554
two_concepts,TwoLayerCNN,retention_0p1,contrast,5038,0.04986608293850209
two_concepts,TwoLayerCNN,retention_0p1,contrast,5039,-0.013077037083977394
two_concepts,TwoLayerCNN,retention_0p1,contrast,5040,0.20279653241564982
two_concepts,TwoLayerCNN,retention_0p1,contrast,5041,0.015179893842821646
two_concepts,TwoLayerCNN,retention_0p1,contrast,5042,0.027930783607117593
two_concepts,TwoLayerCNN,retention_0p1,contrast,5043,-0.08806305941594567
two_concepts,TwoLayerCNN,retention_0p1,contrast,5044,-0.0248884639486453
two_concepts,TwoLayerCNN,retention_0p1,contrast,5045,0.053703871745180265
two_concepts,TwoLayerCNN,retention_0p1,contrast,5046,-0.07764436888425086
two_concepts,TwoLayerCNN,retention_0p1,contrast,5047,-0.0033336781667043236
two_concepts,TwoLayerCNN,retention_0p1,contrast,5048,0.11316378148664447
two_concepts,TwoLayerCNN,retention_0p1,contrast,5049,-0.046216053775885446
two_concepts,TwoLayerCNN,release_early,contrast,5000,-0.08623796192403921
two_concepts,TwoLayerCNN,release_early,contrast,5001,-0.09605315657440278
two_concepts,TwoLayerCNN,release_early,contrast,5002,-0.21826102532305636
two_concepts,TwoLayerCNN,release_early,contrast,5003,0.06155688084268379
two_concepts,TwoLayerCNN,release_early,contrast,5004,-0.013031412112832819
two_concepts,TwoLayerCNN,release_early,contrast,5005,-0.0796529244649481
two_concepts,TwoLayerCNN,release_early,contrast,5006,-0.012632148560745848
two_concepts,TwoLayerCNN,release_early,contrast,5007,0.00964458548753594
two_concepts,TwoLayerCNN,release_early,contrast,5008,0.009104515312201189
two_concepts,TwoLayerCNN,release_early,contrast,5009,0.021259990642890247
two_concepts,TwoLayerCNN,release_early,contrast,5010,0.1187488452952235
two_concepts,TwoLayerCNN,release_early,contrast,5011,0.046037115892207214
two_concepts,TwoLayerCNN,release_early,contrast,5012,-0.01105972199519023
two_concepts,TwoLayerCNN,release_early,contrast,5013,0.026849278731725046
two_concepts,TwoLayerCNN,release_early,contrast,5014,-0.16337895577249334
two_concepts,TwoLayerCNN,release_early,contrast,5015,0.03520604794235904
two_concepts,TwoLayerCNN,release_early,contrast,5016,-0.05090204210032706
two_concepts,TwoLayerCNN,release_early,contrast,5017,-0.08028771589816436
two_concepts,TwoLayerCNN,release_early,contrast,5018,-0.2208145898987618
two_concepts,TwoLayerCNN,release_early,contrast,5019,0.022729013398580522
two_concepts,TwoLayerCNN,release_early,contrast,5020,-0.000948902913452343
two_concepts,TwoLayerCNN,release_early,contrast,5021,-0.0802008972694977
two_concepts,TwoLayerCNN,release_early,contrast,5022,0.022672365698494623
two_concepts,TwoLayerCNN,release_early,contrast,5023,0.09788135389700164
two_concepts,TwoLayerCNN,release_early,contrast,5024,-0.14813854332452348
two_concepts,TwoLayerCNN,release_early,contrast,5025,-0.13024986645992537
two_concepts,TwoLayerCNN,release_early,contrast,5026,0.03659258453184627
two_concepts,TwoLayerCNN,release_early,contrast,5027,-0.12301040881456082
two_concepts,TwoLayerCNN,release_early,contrast,5028,-0.16849146464562198
two_concepts,TwoLayerCNN,release_early,contrast,5029,-0.0448393169084797
two_concepts,TwoLayerCNN,release_early,contrast,5030,0.009157600310053138
two_concepts,TwoLayerCNN,release_early,contrast,5031,-0.16594823183457702
two_concepts,TwoLayerCNN,release_early,contrast,5032,-0.07582067810775744
two_concepts,TwoLayerCNN,release_early,contrast,5033,0.038852011214665805
two_concepts,TwoLayerCNN,release_early,contrast,5034,-0.06379638966090972
two_concepts,TwoLayerCNN,release_early,contrast,5035,0.042879705446681404
two_concepts,TwoLayerCNN,release_early,contrast,5036,-0.10969631432746518
two_concepts,TwoLayerCNN,release_early,contrast,5037,-0.045948553106538004
two_concepts,TwoLayerCNN,release_early,contrast,5038,-0.13880831535468408
two_concepts,TwoLayerCNN,release_early,contrast,5039,-0.27746721191711726
two_concepts,TwoLayerCNN,release_early,contrast,5040,0.08686597175156274
two_concepts,TwoLayerCNN,release_early,contrast,5041,-0.08471403006689349
two_concepts,TwoLayerCNN,release_early,contrast,5042,-0.006858773383393191
two_concepts,TwoLayerCNN,release_early,contrast,5043,-0.15652134037671872
two_concepts,TwoLayerCNN,release_early,contrast,5044,0.05467277227690237
two_concepts,TwoLayerCNN,release_early,contrast,5045,-0.07076595926201712
two_concepts,TwoLayerCNN,release_early,contrast,5046,0.05908154027650492
two_concepts,TwoLayerCNN,release_early,contrast,5047,-0.11183069702127235
two_concepts,TwoLayerCNN,release_early,contrast,5048,0.17424705450995487
two_concepts,TwoLayerCNN,release_early,contrast,5049,-0.03724203627437306
two_concepts,TwoLayerCNN,release_default,contrast,5000,-0.07582546044131161
two_concepts,TwoLayerCNN,release_default,contrast,5001,-0.12743780628191492
two_concepts,TwoLayerCNN,release_default,contrast,5002,-0.21896291724944655
two_concepts,TwoLayerCNN,release_default,contrast,5003,-0.029179555317152994
two_concepts,TwoLayerCNN,release_default,contrast,5004,-0.010891725262940577
two_concepts,TwoLayerCNN,release_default,contrast,5005,-0.13270755091320502
two_concepts,TwoLayerCNN,release_default,contrast,5006,-0.04545528595341236
two_concepts,TwoLayerCNN,release_default,contrast,5007,-0.0601054626269556
two_concepts,TwoLayerCNN,release_default,contrast,5008,-0.02237131738586723
two_concepts,TwoLayerCNN,release_default,contrast,5009,0.050874883436246965
two_concepts,TwoLayerCNN,release_default,contrast,5010,0.13163190718839357
two_concepts,TwoLayerCNN,release_default,contrast,5011,0.07544243154234892
two_concepts,TwoLayerCNN,release_default,contrast,5012,0.03453919333953964
two_concepts,TwoLayerCNN,release_default,contrast,5013,-0.03796451963375441
two_concepts,TwoLayerCNN,release_default,contrast,5014,-0.14024562405553986
two_concepts,TwoLayerCNN,release_default,contrast,5015,-0.10712450544139623
two_concepts,TwoLayerCNN,release_default,contrast,5016,-0.06959356724569132
two_concepts,TwoLayerCNN,release_default,contrast,5017,-0.044349145081454544
two_concepts,TwoLayerCNN,release_default,contrast,5018,-0.20191174404475853
two_concepts,TwoLayerCNN,release_default,contrast,5019,0.05619175378689051
two_concepts,TwoLayerCNN,release_default,contrast,5020,-0.03509107293006486
two_concepts,TwoLayerCNN,release_default,contrast,5021,0.02766468262790517
two_concepts,TwoLayerCNN,release_default,contrast,5022,-0.015277765030538903
two_concepts,TwoLayerCNN,release_default,contrast,5023,0.10384548588984477
two_concepts,TwoLayerCNN,release_default,contrast,5024,-0.20230521238866833
two_concepts,TwoLayerCNN,release_default,contrast,5025,-0.1173632420126896
two_concepts,TwoLayerCNN,release_default,contrast,5026,0.06860557717553284
two_concepts,TwoLayerCNN,release_default,contrast,5027,-0.06913762281792141
two_concepts,TwoLayerCNN,release_default,contrast,5028,-0.22567299654284678
two_concepts,TwoLayerCNN,release_default,contrast,5029,-0.030063705289959386
two_concepts,TwoLayerCNN,release_default,contrast,5030,0.009120731894946499
two_concepts,TwoLayerCNN,release_default,contrast,5031,-0.2575625767033912
two_concepts,TwoLayerCNN,release_default,contrast,5032,-0.012958189670985887
two_concepts,TwoLayerCNN,release_default,contrast,5033,0.04487548949057224
two_concepts,TwoLayerCNN,release_default,contrast,5034,-0.03475404140864902
two_concepts,TwoLayerCNN,release_default,contrast,5035,0.02551119155958348
two_concepts,TwoLayerCNN,release_default,contrast,5036,-0.05163251378011746
two_concepts,TwoLayerCNN,release_default,contrast,5037,0.02952040243883136
two_concepts,TwoLayerCNN,release_default,contrast,5038,-0.006645290988065378
two_concepts,TwoLayerCNN,release_default,contrast,5039,-0.2401315215622567
two_concepts,TwoLayerCNN,release_default,contrast,5040,0.09068645237865253
two_concepts,TwoLayerCNN,release_default,contrast,5041,-0.07899318626578505
two_concepts,TwoLayerCNN,release_default,contrast,5042,0.0324331114667622
two_concepts,TwoLayerCNN,release_default,contrast,5043,-0.09719826456116465
two_concepts,TwoLayerCNN,release_default,contrast,5044,0.0032986694893572532
two_concepts,TwoLayerCNN,release_default,contrast,5045,-0.07292129034609007
two_concepts,TwoLayerCNN,release_default,contrast,5046,-0.08794939135942198
two_concepts,TwoLayerCNN,release_default,contrast,5047,-0.154464437135314
two_concepts,TwoLayerCNN,release_default,contrast,5048,0.20314626852378181
two_concepts,TwoLayerCNN,release_default,contrast,5049,0.048878300400650054
two_concepts,TwoLayerCNN,release_late,contrast,5000,-0.02752126445794395
two_concepts,TwoLayerCNN,release_late,contrast,5001,-0.06543550676302656
two_concepts,TwoLayerCNN,release_late,contrast,5002,-0.26032772436365736
two_concepts,TwoLayerCNN,release_late,contrast,5003,-0.1026491627478216
two_concepts,TwoLayerCNN,release_late,contrast,5004,0.007856161113929783
two_concepts,TwoLayerCNN,release_late,contrast,5005,-0.10673061126788613
two_concepts,TwoLayerCNN,release_late,contrast,5006,0.02668411905957835
two_concepts,TwoLayerCNN,release_late,contrast,5007,-0.05639109610436427
two_concepts,TwoLayerCNN,release_late,contrast,5008,-0.11306592181155667
two_concepts,TwoLayerCNN,release_late,contrast,5009,0.02262692193846444
two_concepts,TwoLayerCNN,release_late,contrast,5010,0.08659476382058551
two_concepts,TwoLayerCNN,release_late,contrast,5011,0.017385819973601002
two_concepts,TwoLayerCNN,release_late,contrast,5012,-0.09664124238840655
two_concepts,TwoLayerCNN,release_late,contrast,5013,-0.06913986800534777
two_concepts,TwoLayerCNN,release_late,contrast,5014,-0.08497872737255141
two_concepts,TwoLayerCNN,release_late,contrast,5015,0.04716439941350503
two_concepts,TwoLayerCNN,release_late,contrast,5016,-0.1015545146162175
two_concepts,TwoLayerCNN,release_late,contrast,5017,-0.06934017772191942
two_concepts,TwoLayerCNN,release_late,contrast,5018,-0.13307384628907315
two_concepts,TwoLayerCNN,release_late,contrast,5019,-0.0013876229311431398
two_concepts,TwoLayerCNN,release_late,contrast,5020,-0.06587259382472233
two_concepts,TwoLayerCNN,release_late,contrast,5021,0.005536781121490142
two_concepts,TwoLayerCNN,release_late,contrast,5022,0.05465696737234321
two_concepts,TwoLayerCNN,release_late,contrast,5023,0.054906988171362525
two_concepts,TwoLayerCNN,release_late,contrast,5024,-0.14117985237623748
two_concepts,TwoLayerCNN,release_late,contrast,5025,-0.02919246977024703
two_concepts,TwoLayerCNN,release_late,contrast,5026,0.10079676262034681
two_concepts,TwoLayerCNN,release_late,contrast,5027,-0.04263532047801555
two_concepts,TwoLayerCNN,release_late,contrast,5028,-0.22982614770369703
two_concepts,TwoLayerCNN,release_late,contrast,5029,0.02600736879049631
two_concepts,TwoLayerCNN,release_late,contrast,5030,0.005504233779487389
two_concepts,TwoLayerCNN,release_late,contrast,5031,-0.14132461111775074
two_concepts,TwoLayerCNN,release_late,contrast,5032,0.04876271469482524
two_concepts,TwoLayerCNN,release_late,contrast,5033,-0.025196738001324603
two_concepts,TwoLayerCNN,release_late,contrast,5034,-0.0009680441523937655
two_concepts,TwoLayerCNN,release_late,contrast,5035,-0.10726822247589929
two_concepts,TwoLayerCNN,release_late,contrast,5036,-0.14503487666639853
two_concepts,TwoLayerCNN,release_late,contrast,5037,-0.029937327809423264
two_concepts,TwoLayerCNN,release_late,contrast,5038,0.0014855057826571594
two_concepts,TwoLayerCNN,release_late,contrast,5039,-0.04163914004475833
two_concepts,TwoLayerCNN,release_late,contrast,5040,-0.02758688167512463
two_concepts,TwoLayerCNN,release_late,contrast,5041,-0.11394680627060583
two_concepts,TwoLayerCNN,release_late,contrast,5042,-0.023870569955748933
two_concepts,TwoLayerCNN,release_late,contrast,5043,-0.06676470509207422
two_concepts,TwoLayerCNN,release_late,contrast,5044,-0.03642199534394225
two_concepts,TwoLayerCNN,release_late,contrast,5045,-0.062267810724884076
two_concepts,TwoLayerCNN,release_late,contrast,5046,-0.13029841401322712
two_concepts,TwoLayerCNN,release_late,contrast,5047,-0.1687428105608294
two_concepts,TwoLayerCNN,release_late,contrast,5048,0.17571095844852436
two_concepts,TwoLayerCNN,release_late,contrast,5049,-0.025011904821287845
two_concepts,TwoLayerCNN,template_init,auroc,5000,0.05778493466350337
two_concepts,TwoLayerCNN,template_init,auroc,5001,-0.06072934215560383
two_concepts,TwoLayerCNN,template_init,auroc,5002,-0.10843872005604466
two_concepts,TwoLayerCNN,template_init,auroc,5003,0.033501602489914295
two_concepts,TwoLayerCNN,template_init,auroc,5004,0.028660180764909893
two_concepts,TwoLayerCNN,template_init,auroc,5005,-0.05100649747975866
two_concepts,TwoLayerCNN,template_init,auroc,5006,-0.05799589537326505
two_concepts,TwoLayerCNN,template_init,auroc,5007,0.08977305267341967
two_concepts,TwoLayerCNN,template_init,auroc,5008,0.12016341250447587
two_concepts,TwoLayerCNN,template_init,auroc,5009,0.05479597834519184
two_concepts,TwoLayerCNN,template_init,auroc,5010,0.1978205137750056
two_concepts,TwoLayerCNN,template_init,auroc,5011,-0.15108395891403748
two_concepts,TwoLayerCNN,template_init,auroc,5012,0.08866246387144
two_concepts,TwoLayerCNN,template_init,auroc,5013,-0.02525212561761092
two_concepts,TwoLayerCNN,template_init,auroc,5014,0.01988299822165185
two_concepts,TwoLayerCNN,template_init,auroc,5015,-0.024469058777238095
two_concepts,TwoLayerCNN,template_init,auroc,5016,-0.08190276770768773
two_concepts,TwoLayerCNN,template_init,auroc,5017,0.08955625400125627
two_concepts,TwoLayerCNN,template_init,auroc,5018,0.027677507819679537
two_concepts,TwoLayerCNN,template_init,auroc,5019,0.09057217040238064
two_concepts,TwoLayerCNN,template_init,auroc,5020,0.059798952537444106
two_concepts,TwoLayerCNN,template_init,auroc,5021,0.15195794665561224
two_concepts,TwoLayerCNN,template_init,auroc,5022,0.07009128389415709
two_concepts,TwoLayerCNN,template_init,auroc,5023,0.05800063161195551
two_concepts,TwoLayerCNN,template_init,auroc,5024,-0.047036715742819035
two_concepts,TwoLayerCNN,template_init,auroc,5025,-0.17631431652780127
two_concepts,TwoLayerCNN,template_init,auroc,5026,-0.08294103401835562
two_concepts,TwoLayerCNN,template_init,auroc,5027,0.17599624598668007
two_concepts,TwoLayerCNN,template_init,auroc,5028,-0.052092931581014856
two_concepts,TwoLayerCNN,template_init,auroc,5029,-0.11416342478214137
two_concepts,TwoLayerCNN,template_init,auroc,5030,-0.005441262792034607
two_concepts,TwoLayerCNN,template_init,auroc,5031,-0.10885586334832781
two_concepts,TwoLayerCNN,template_init,auroc,5032,-0.11102499681875483
two_concepts,TwoLayerCNN,template_init,auroc,5033,-0.010813845263979438
two_concepts,TwoLayerCNN,template_init,auroc,5034,-0.09553625382343284
two_concepts,TwoLayerCNN,template_init,auroc,5035,0.1525620445970708
two_concepts,TwoLayerCNN,template_init,auroc,5036,-0.016819821352263342
two_concepts,TwoLayerCNN,template_init,auroc,5037,-0.0833046532066179
two_concepts,TwoLayerCNN,template_init,auroc,5038,0.015485129513112594
two_concepts,TwoLayerCNN,template_init,auroc,5039,-0.08947321991853036
two_concepts,TwoLayerCNN,template_init,auroc,5040,0.05496201272738743
two_concepts,TwoLayerCNN,template_init,auroc,5041,-0.06895201910779353
two_concepts,TwoLayerCNN,template_init,auroc,5042,-0.13500116888561986
two_concepts,TwoLayerCNN,template_init,auroc,5043,-0.001224334816625039
two_concepts,TwoLayerCNN,template_init,auroc,5044,0.12377133633796128
two_concepts,TwoLayerCNN,template_init,auroc,5045,0.01646149997456564
two_concepts,TwoLayerCNN,template_init,auroc,5046,0.1525561521806456
two_concepts,TwoLayerCNN,template_init,auroc,5047,0.05501682169147093
two_concepts,TwoLayerCNN,template_init,auroc,5048,0.17844022690096512
two_concepts,TwoLayerCNN,template_init,auroc,5049,-0.03645575664231088
two_concepts,TwoLayerCNN,retention_0p1,auroc,5000,0.0034421756185947783
two_concepts,TwoLayerCNN,retention_0p1,auroc,5001,-0.027282948985838884
two_concepts,TwoLayerCNN,retention_0p1,auroc,5002,-0.2178332677107051
two_concepts,TwoLayerCNN,retention_0p1,auroc,5003,-0.1799559320444033
two_concepts,TwoLayerCNN,retention_0p1,auroc,5004,0.026890405870069023
two_concepts,TwoLayerCNN,retention_0p1,auroc,5005,-0.0626593351141676
two_concepts,TwoLayerCNN,retention_0p1,auroc,5006,0.021862045554918774
two_concepts,TwoLayerCNN,retention_0p1,auroc,5007,0.037756152453298386
two_concepts,TwoLayerCNN,retention_0p1,auroc,5008,0.08680001664494891
two_concepts,TwoLayerCNN,retention_0p1,auroc,5009,0.005295836648595287
two_concepts,TwoLayerCNN,retention_0p1,auroc,5010,0.09108870376113953
two_concepts,TwoLayerCNN,retention_0p1,auroc,5011,-0.030175246020304247
two_concepts,TwoLayerCNN,retention_0p1,auroc,5012,0.09881833305092547
two_concepts,TwoLayerCNN,retention_0p1,auroc,5013,0.12614675869145964
two_concepts,TwoLayerCNN,retention_0p1,auroc,5014,-0.07637743333220842
two_concepts,TwoLayerCNN,retention_0p1,auroc,5015,0.02549824538044132
two_concepts,TwoLayerCNN,retention_0p1,auroc,5016,-0.0004892581860553857
two_concepts,TwoLayerCNN,retention_0p1,auroc,5017,-0.14015508966082885
two_concepts,TwoLayerCNN,retention_0p1,auroc,5018,-0.09895639054178801
two_concepts,TwoLayerCNN,retention_0p1,auroc,5019,0.037624331859624105
two_concepts,TwoLayerCNN,retention_0p1,auroc,5020,-0.02052761352059429
two_concepts,TwoLayerCNN,retention_0p1,auroc,5021,0.15790016514572752
two_concepts,TwoLayerCNN,retention_0p1,auroc,5022,0.08607051247333725
two_concepts,TwoLayerCNN,retention_0p1,auroc,5023,0.0018130748272150998
two_concepts,TwoLayerCNN,retention_0p1,auroc,5024,-0.15665008942089154
two_concepts,TwoLayerCNN,retention_0p1,auroc,5025,-0.024596512922111957
two_concepts,TwoLayerCNN,retention_0p1,auroc,5026,0.13883770821410163
two_concepts,TwoLayerCNN,retention_0p1,auroc,5027,-0.05836741757212521
two_concepts,TwoLayerCNN,retention_0p1,auroc,5028,-0.16005567806273285
two_concepts,TwoLayerCNN,retention_0p1,auroc,5029,-0.015211452223797495
two_concepts,TwoLayerCNN,retention_0p1,auroc,5030,-0.06310544358721382
two_concepts,TwoLayerCNN,retention_0p1,auroc,5031,-0.1307664560005265
two_concepts,TwoLayerCNN,retention_0p1,auroc,5032,-0.043786343191350274
two_concepts,TwoLayerCNN,retention_0p1,auroc,5033,0.02223912622922186
two_concepts,TwoLayerCNN,retention_0p1,auroc,5034,-0.07187898180964625
two_concepts,TwoLayerCNN,retention_0p1,auroc,5035,0.0642180100855948
two_concepts,TwoLayerCNN,retention_0p1,auroc,5036,-0.07748369636853192
two_concepts,TwoLayerCNN,retention_0p1,auroc,5037,0.00013077736156685837
two_concepts,TwoLayerCNN,retention_0p1,auroc,5038,0.0925347214930064
two_concepts,TwoLayerCNN,retention_0p1,auroc,5039,0.0024501179194162948
two_concepts,TwoLayerCNN,retention_0p1,auroc,5040,0.06977867504262031
two_concepts,TwoLayerCNN,retention_0p1,auroc,5041,0.04897964798526522
two_concepts,TwoLayerCNN,retention_0p1,auroc,5042,0.016714982486405128
two_concepts,TwoLayerCNN,retention_0p1,auroc,5043,-0.12404469366438214
two_concepts,TwoLayerCNN,retention_0p1,auroc,5044,-0.029268463319018168
two_concepts,TwoLayerCNN,retention_0p1,auroc,5045,0.07825202730835035
two_concepts,TwoLayerCNN,retention_0p1,auroc,5046,0.01675033743874832
two_concepts,TwoLayerCNN,retention_0p1,auroc,5047,-0.0033336781667043236
two_concepts,TwoLayerCNN,retention_0p1,auroc,5048,0.21563202844864826
two_concepts,TwoLayerCNN,retention_0p1,auroc,5049,-0.0484695411376449
two_concepts,TwoLayerCNN,release_early,auroc,5000,-0.015466217835439888
two_concepts,TwoLayerCNN,release_early,auroc,5001,-0.055627570891351175
two_concepts,TwoLayerCNN,release_early,auroc,5002,-0.22730104215327018
two_concepts,TwoLayerCNN,release_early,auroc,5003,0.011963552013022516
two_concepts,TwoLayerCNN,release_early,auroc,5004,-0.015394759312240491
two_concepts,TwoLayerCNN,release_early,auroc,5005,-0.09491398913876076
two_concepts,TwoLayerCNN,release_early,auroc,5006,-0.03329227371436988
two_concepts,TwoLayerCNN,release_early,auroc,5007,0.037081131163554604
two_concepts,TwoLayerCNN,release_early,auroc,5008,0.08140586210428308
two_concepts,TwoLayerCNN,release_early,auroc,5009,0.04984401088705054
two_concepts,TwoLayerCNN,release_early,auroc,5010,0.18085708036556147
two_concepts,TwoLayerCNN,release_early,auroc,5011,0.022167416798181627
two_concepts,TwoLayerCNN,release_early,auroc,5012,-0.04461435945922376
two_concepts,TwoLayerCNN,release_early,auroc,5013,0.09162501989658323
two_concepts,TwoLayerCNN,release_early,auroc,5014,-0.21418867238304679
two_concepts,TwoLayerCNN,release_early,auroc,5015,0.005031027001318689
two_concepts,TwoLayerCNN,release_early,auroc,5016,-0.06372675508220349
two_concepts,TwoLayerCNN,release_early,auroc,5017,-0.04472945724166577
two_concepts,TwoLayerCNN,release_early,auroc,5018,-0.19255814810290056
two_concepts,TwoLayerCNN,release_early,auroc,5019,-0.000654935822471836
two_concepts,TwoLayerCNN,release_early,auroc,5020,-0.0018296051408139835
two_concepts,TwoLayerCNN,release_early,auroc,5021,0.03142287286091616
two_concepts,TwoLayerCNN,release_early,auroc,5022,-0.005435787724803798
two_concepts,TwoLayerCNN,release_early,auroc,5023,0.13374987036857117
two_concepts,TwoLayerCNN,release_early,auroc,5024,-0.16930420415638353
two_concepts,TwoLayerCNN,release_early,auroc,5025,-0.13260036844276557
two_concepts,TwoLayerCNN,release_early,auroc,5026,0.024751194639702823
two_concepts,TwoLayerCNN,release_early,auroc,5027,-0.13119945653452136
two_concepts,TwoLayerCNN,release_early,auroc,5028,-0.1255827728761616
two_concepts,TwoLayerCNN,release_early,auroc,5029,-0.060556954542441144
two_concepts,TwoLayerCNN,release_early,auroc,5030,-0.028343109473916883
two_concepts,TwoLayerCNN,release_early,auroc,5031,-0.2285463628429395
two_concepts,TwoLayerCNN,release_early,auroc,5032,-0.03408374493545352
two_concepts,TwoLayerCNN,release_early,auroc,5033,0.038852011214665805
two_concepts,TwoLayerCNN,release_early,auroc,5034,-0.0591486983919538
two_concepts,TwoLayerCNN,release_early,auroc,5035,0.11224553661468101
two_concepts,TwoLayerCNN,release_early,auroc,5036,-0.09912627123521872
two_concepts,TwoLayerCNN,release_early,auroc,5037,-0.041442786811544785
two_concepts,TwoLayerCNN,release_early,auroc,5038,-0.09794749367898403
two_concepts,TwoLayerCNN,release_early,auroc,5039,-0.2564910728063586
two_concepts,TwoLayerCNN,release_early,auroc,5040,0.12447631858143676
two_concepts,TwoLayerCNN,release_early,auroc,5041,-0.06958771226240151
two_concepts,TwoLayerCNN,release_early,auroc,5042,-0.008059443850689907
two_concepts,TwoLayerCNN,release_early,auroc,5043,-0.12091583998803579
two_concepts,TwoLayerCNN,release_early,auroc,5044,0.07073051502606803
two_concepts,TwoLayerCNN,release_early,auroc,5045,-0.043633388424486275
two_concepts,TwoLayerCNN,release_early,auroc,5046,0.14737936796959555
two_concepts,TwoLayerCNN,release_early,auroc,5047,-0.16787779112039403
two_concepts,TwoLayerCNN,release_early,auroc,5048,0.22337456661993743
two_concepts,TwoLayerCNN,release_early,auroc,5049,-0.0489023073732372
two_concepts,TwoLayerCNN,release_default,auroc,5000,-0.07783949598895595
two_concepts,TwoLayerCNN,release_default,auroc,5001,-0.09764659146548355
two_concepts,TwoLayerCNN,release_default,auroc,5002,-0.24971761739573523
two_concepts,TwoLayerCNN,release_default,auroc,5003,-0.07877288414681427
two_concepts,TwoLayerCNN,release_default,auroc,5004,-0.0004432036962679353
two_concepts,TwoLayerCNN,release_default,auroc,5005,-0.14821232569609954
two_concepts,TwoLayerCNN,release_default,auroc,5006,-0.006133052486147816
two_concepts,TwoLayerCNN,release_default,auroc,5007,-0.07062190072685004
two_concepts,TwoLayerCNN,release_default,auroc,5008,0.027593632659874023
two_concepts,TwoLayerCNN,release_default,auroc,5009,0.08134049184989989
two_concepts,TwoLayerCNN,release_default,auroc,5010,0.135067590915408
two_concepts,TwoLayerCNN,release_default,auroc,5011,0.03504382581305482
two_concepts,TwoLayerCNN,release_default,auroc,5012,0.036078977292689884
two_concepts,TwoLayerCNN,release_default,auroc,5013,-0.03687510940988625
two_concepts,TwoLayerCNN,release_default,auroc,5014,-0.1657647902557114
two_concepts,TwoLayerCNN,release_default,auroc,5015,-0.06715724974565135
two_concepts,TwoLayerCNN,release_default,auroc,5016,-0.04240757240181586
two_concepts,TwoLayerCNN,release_default,auroc,5017,-0.028140998630286962
two_concepts,TwoLayerCNN,release_default,auroc,5018,-0.17317695361444363
two_concepts,TwoLayerCNN,release_default,auroc,5019,0.03280780456583815
two_concepts,TwoLayerCNN,release_default,auroc,5020,-0.006188190497754376
two_concepts,TwoLayerCNN,release_default,auroc,5021,0.07220329477324211
two_concepts,TwoLayerCNN,release_default,auroc,5022,0.015547985064226721
two_concepts,TwoLayerCNN,release_default,auroc,5023,0.1346577899296656
two_concepts,TwoLayerCNN,release_default,auroc,5024,-0.1945233252141207
two_concepts,TwoLayerCNN,release_default,auroc,5025,-0.1426866405265721
two_concepts,TwoLayerCNN,release_default,auroc,5026,0.05987561579874068
two_concepts,TwoLayerCNN,release_default,auroc,5027,-0.10451539495887957
two_concepts,TwoLayerCNN,release_default,auroc,5028,-0.09373812944530957
two_concepts,TwoLayerCNN,release_default,auroc,5029,-0.03319091166497817
two_concepts,TwoLayerCNN,release_default,auroc,5030,-0.002702089098151894
two_concepts,TwoLayerCNN,release_default,auroc,5031,-0.23649411924319497
two_concepts,TwoLayerCNN,release_default,auroc,5032,-0.02166221838387261
two_concepts,TwoLayerCNN,release_default,auroc,5033,0.03690063139686822
two_concepts,TwoLayerCNN,release_default,auroc,5034,-0.04787347853589485
two_concepts,TwoLayerCNN,release_default,auroc,5035,0.06072058306168221
two_concepts,TwoLayerCNN,release_default,auroc,5036,-0.10958039929146779
two_concepts,TwoLayerCNN,release_default,auroc,5037,-0.011803724017670603
two_concepts,TwoLayerCNN,release_default,auroc,5038,0.03980409398944018
two_concepts,TwoLayerCNN,release_default,auroc,5039,-0.1709339497400193
two_concepts,TwoLayerCNN,release_default,auroc,5040,0.08402270133129114
two_concepts,TwoLayerCNN,release_default,auroc,5041,-0.02376731690062872
two_concepts,TwoLayerCNN,release_default,auroc,5042,-0.007921790025939623
two_concepts,TwoLayerCNN,release_default,auroc,5043,-0.1212195173389829
two_concepts,TwoLayerCNN,release_default,auroc,5044,-0.0013330013941622587
two_concepts,TwoLayerCNN,release_default,auroc,5045,-0.07626312225513404
two_concepts,TwoLayerCNN,release_default,auroc,5046,-0.0017455797635215764
two_concepts,TwoLayerCNN,release_default,auroc,5047,-0.17907766974821687
two_concepts,TwoLayerCNN,release_default,auroc,5048,0.22853201413289498
two_concepts,TwoLayerCNN,release_default,auroc,5049,0.06120292317848636
two_concepts,TwoLayerCNN,release_late,auroc,5000,-0.027809698244810332
two_concepts,TwoLayerCNN,release_late,auroc,5001,-0.014832902756455824
two_concepts,TwoLayerCNN,release_late,auroc,5002,-0.2984038225205321
two_concepts,TwoLayerCNN,release_late,auroc,5003,-0.14629634993250928
two_concepts,TwoLayerCNN,release_late,auroc,5004,0.03203545190668372
two_concepts,TwoLayerCNN,release_late,auroc,5005,-0.0602253760220719
two_concepts,TwoLayerCNN,release_late,auroc,5006,0.048699950817880255
two_concepts,TwoLayerCNN,release_late,auroc,5007,0.024760134910779608
two_concepts,TwoLayerCNN,release_late,auroc,5008,-0.09785019891932784
two_concepts,TwoLayerCNN,release_late,auroc,5009,0.050398519482866
two_concepts,TwoLayerCNN,release_late,auroc,5010,0.060852816882515204
two_concepts,TwoLayerCNN,release_late,auroc,5011,0.014675566339993562
two_concepts,TwoLayerCNN,release_late,auroc,5012,-0.09664124238840655
two_concepts,TwoLayerCNN,release_late,auroc,5013,-0.052946960815073496
two_concepts,TwoLayerCNN,release_late,auroc,5014,-0.09178851201933669
two_concepts,TwoLayerCNN,release_late,auroc,5015,0.029580668882785655
two_concepts,TwoLayerCNN,release_late,auroc,5016,-0.09246165199198542
two_concepts,TwoLayerCNN,release_late,auroc,5017,-0.005738420677213307
two_concepts,TwoLayerCNN,release_late,auroc,5018,-0.09645907417883304
two_concepts,TwoLayerCNN,release_late,auroc,5019,-0.026087227455255824
two_concepts,TwoLayerCNN,release_late,auroc,5020,-0.06713460206432731
two_concepts,TwoLayerCNN,release_late,auroc,5021,0.06874593745103508
two_concepts,TwoLayerCNN,release_late,auroc,5022,0.045449911907242735
two_concepts,TwoLayerCNN,release_late,auroc,5023,0.09128468041875998
two_concepts,TwoLayerCNN,release_late,auroc,5024,-0.15416874126095015
two_concepts,TwoLayerCNN,release_late,auroc,5025,-0.014616133792545227
two_concepts,TwoLayerCNN,release_late,auroc,5026,0.06202297103347737
two_concepts,TwoLayerCNN,release_late,auroc,5027,-0.014488295025935627
two_concepts,TwoLayerCNN,release_late,auroc,5028,-0.2123505789320227
two_concepts,TwoLayerCNN,release_late,auroc,5029,0.024851153231404466
two_concepts,TwoLayerCNN,release_late,auroc,5030,0.00187697589319763
two_concepts,TwoLayerCNN,release_late,auroc,5031,-0.15727519715978733
two_concepts,TwoLayerCNN,release_late,auroc,5032,0.0500040822053312
two_concepts,TwoLayerCNN,release_late,auroc,5033,0.020971387837395494
two_concepts,TwoLayerCNN,release_late,auroc,5034,0.05137028748465705
two_concepts,TwoLayerCNN,release_late,auroc,5035,-0.06413304638541711
two_concepts,TwoLayerCNN,release_late,auroc,5036,-0.1321771838101281
two_concepts,TwoLayerCNN,release_late,auroc,5037,0.00345704338536601
two_concepts,TwoLayerCNN,release_late,auroc,5038,0.046991086679821104
two_concepts,TwoLayerCNN,release_late,auroc,5039,-0.08775112137475632
two_concepts,TwoLayerCNN,release_late,auroc,5040,0.05778175730173413
two_concepts,TwoLayerCNN,release_late,auroc,5041,-0.06312090028731632
two_concepts,TwoLayerCNN,release_late,auroc,5042,-0.02507124042304565
two_concepts,TwoLayerCNN,release_late,auroc,5043,-0.10504495258715857
two_concepts,TwoLayerCNN,release_late,auroc,5044,-0.038065369450889786
two_concepts,TwoLayerCNN,release_late,auroc,5045,-0.026855829985771906
two_concepts,TwoLayerCNN,release_late,auroc,5046,-0.048807709812124456
two_concepts,TwoLayerCNN,release_late,auroc,5047,-0.1687428105608294
two_concepts,TwoLayerCNN,release_late,auroc,5048,0.15974808785769862
two_concepts,TwoLayerCNN,release_late,auroc,5049,-0.012687282043451542
two_concepts,TwoLayerCNN,template_init,validation_patch,5000,-0.08694933665855337
two_concepts,TwoLayerCNN,template_init,validation_patch,5001,-0.020276072079740914
two_concepts,TwoLayerCNN,template_init,validation_patch,5002,0.014600261187474983
two_concepts,TwoLayerCNN,template_init,validation_patch,5003,0.055632082684824724
two_concepts,TwoLayerCNN,template_init,validation_patch,5004,-0.08509700945109394
two_concepts,TwoLayerCNN,template_init,validation_patch,5005,0.020182902026329386
two_concepts,TwoLayerCNN,template_init,validation_patch,5006,-0.08195720384037386
two_concepts,TwoLayerCNN,template_init,validation_patch,5007,0.09996399661681132
two_concepts,TwoLayerCNN,template_init,validation_patch,5008,-0.04801281115525158
two_concepts,TwoLayerCNN,template_init,validation_patch,5009,0.04526241676488624
two_concepts,TwoLayerCNN,template_init,validation_patch,5010,-0.003449081909699059
two_concepts,TwoLayerCNN,template_init,validation_patch,5011,-0.07864338353012318
two_concepts,TwoLayerCNN,template_init,validation_patch,5012,0.07336268566546617
two_concepts,TwoLayerCNN,template_init,validation_patch,5013,-0.050226218282116764
two_concepts,TwoLayerCNN,template_init,validation_patch,5014,-0.025386330443431027
two_concepts,TwoLayerCNN,template_init,validation_patch,5015,0.024547170491233172
two_concepts,TwoLayerCNN,template_init,validation_patch,5016,-0.08071345602758351
two_concepts,TwoLayerCNN,template_init,validation_patch,5017,0.018973858722317605
two_concepts,TwoLayerCNN,template_init,validation_patch,5018,0.05486833031636734
two_concepts,TwoLayerCNN,template_init,validation_patch,5019,-0.14632237891866412
two_concepts,TwoLayerCNN,template_init,validation_patch,5020,-0.0660183962287853
two_concepts,TwoLayerCNN,template_init,validation_patch,5021,-0.03946955959782972
two_concepts,TwoLayerCNN,template_init,validation_patch,5022,-0.026170426043620187
two_concepts,TwoLayerCNN,template_init,validation_patch,5023,0.002975727525620142
two_concepts,TwoLayerCNN,template_init,validation_patch,5024,0.02118924216849688
two_concepts,TwoLayerCNN,template_init,validation_patch,5025,0.13369984389264034
two_concepts,TwoLayerCNN,template_init,validation_patch,5026,0.07503442764421309
two_concepts,TwoLayerCNN,template_init,validation_patch,5027,0.04596972782529479
two_concepts,TwoLayerCNN,template_init,validation_patch,5028,0.024450942656212393
two_concepts,TwoLayerCNN,template_init,validation_patch,5029,-0.009401988114662918
two_concepts,TwoLayerCNN,template_init,validation_patch,5030,-0.07367723816021976
two_concepts,TwoLayerCNN,template_init,validation_patch,5031,-0.05875955244549291
two_concepts,TwoLayerCNN,template_init,validation_patch,5032,0.02340605027976178
two_concepts,TwoLayerCNN,template_init,validation_patch,5033,-0.0952823923481057
two_concepts,TwoLayerCNN,template_init,validation_patch,5034,0.029373236377094436
two_concepts,TwoLayerCNN,template_init,validation_patch,5035,-0.008239042401770091
two_concepts,TwoLayerCNN,template_init,validation_patch,5036,0.01850571160017206
two_concepts,TwoLayerCNN,template_init,validation_patch,5037,0.015394312495341567
two_concepts,TwoLayerCNN,template_init,validation_patch,5038,-0.0864986397718373
two_concepts,TwoLayerCNN,template_init,validation_patch,5039,-0.050350219151365505
two_concepts,TwoLayerCNN,template_init,validation_patch,5040,-0.036947963494818326
two_concepts,TwoLayerCNN,template_init,validation_patch,5041,-0.0384482431158254
two_concepts,TwoLayerCNN,template_init,validation_patch,5042,-0.11515649382689952
two_concepts,TwoLayerCNN,template_init,validation_patch,5043,-0.009245412998650504
two_concepts,TwoLayerCNN,template_init,validation_patch,5044,-0.02297572742789966
two_concepts,TwoLayerCNN,template_init,validation_patch,5045,0.006462993174792542
two_concepts,TwoLayerCNN,template_init,validation_patch,5046,0.059175537563465
two_concepts,TwoLayerCNN,template_init,validation_patch,5047,0.0513933329552852
two_concepts,TwoLayerCNN,template_init,validation_patch,5048,-0.015111306757657816
two_concepts,TwoLayerCNN,template_init,validation_patch,5049,-0.054555037266721285
two_concepts,TwoLayerCNN,retention_0p1,validation_patch,5000,0.024264539902997262
two_concepts,TwoLayerCNN,retention_0p1,validation_patch,5001,0.027354245065314364
two_concepts,TwoLayerCNN,retention_0p1,validation_patch,5002,0.052732557869091035
two_concepts,TwoLayerCNN,retention_0p1,validation_patch,5003,0.0982880433532149
two_concepts,TwoLayerCNN,retention_0p1,validation_patch,5004,0.048855940550442345
two_concepts,TwoLayerCNN,retention_0p1,validation_patch,5005,0.03772548376200596
two_concepts,TwoLayerCNN,retention_0p1,validation_patch,5006,0.043332542316792955
two_concepts,TwoLayerCNN,retention_0p1,validation_patch,5007,0.09830995850514435
two_concepts,TwoLayerCNN,retention_0p1,validation_patch,5008,0.013586663827396206
two_concepts,TwoLayerCNN,retention_0p1,validation_patch,5009,0.11207889946525329
two_concepts,TwoLayerCNN,retention_0p1,validation_patch,5010,0.0028841699465746995
two_concepts,TwoLayerCNN,retention_0p1,validation_patch,5011,-0.016164429126034885
two_concepts,TwoLayerCNN,retention_0p1,validation_patch,5012,0.060915127224622445
two_concepts,TwoLayerCNN,retention_0p1,validation_patch,5013,0.019453097033890088
two_concepts,TwoLayerCNN,retention_0p1,validation_patch,5014,0.0375891988570603
two_concepts,TwoLayerCNN,retention_0p1,validation_patch,5015,0.057495143449815767
two_concepts,TwoLayerCNN,retention_0p1,validation_patch,5016,0.011910462500993702
two_concepts,TwoLayerCNN,retention_0p1,validation_patch,5017,0.021699135122180524
two_concepts,TwoLayerCNN,retention_0p1,validation_patch,5018,0.03737672108232959
two_concepts,TwoLayerCNN,retention_0p1,validation_patch,5019,0.02882542027038021
two_concepts,TwoLayerCNN,retention_0p1,validation_patch,5020,0.05421175316914956
two_concepts,TwoLayerCNN,retention_0p1,validation_patch,5021,0.03293862916753654
two_concepts,TwoLayerCNN,retention_0p1,validation_patch,5022,0.06538345758665148
two_concepts,TwoLayerCNN,retention_0p1,validation_patch,5023,0.0724135625867594
two_concepts,TwoLayerCNN,retention_0p1,validation_patch,5024,0.12486762740796703
two_concepts,TwoLayerCNN,retention_0p1,validation_patch,5025,0.0879069542199089
two_concepts,TwoLayerCNN,retention_0p1,validation_patch,5026,0.06777566531951829
two_concepts,TwoLayerCNN,retention_0p1,validation_patch,5027,0.08520994050658431
two_concepts,TwoLayerCNN,retention_0p1,validation_patch,5028,0.06147632855213753
two_concepts,TwoLayerCNN,retention_0p1,validation_patch,5029,0.04075940929366623
two_concepts,TwoLayerCNN,retention_0p1,validation_patch,5030,-0.015835953942957948
two_concepts,TwoLayerCNN,retention_0p1,validation_patch,5031,0.05336528977399557
two_concepts,TwoLayerCNN,retention_0p1,validation_patch,5032,0.06058562962902497
two_concepts,TwoLayerCNN,retention_0p1,validation_patch,5033,-0.07550480961438688
two_concepts,TwoLayerCNN,retention_0p1,validation_patch,5034,-0.001470394460520441
two_concepts,TwoLayerCNN,retention_0p1,validation_patch,5035,0.09290893753968371
two_concepts,TwoLayerCNN,retention_0p1,validation_patch,5036,0.08209150047239294
two_concepts,TwoLayerCNN,retention_0p1,validation_patch,5037,0.06782433936461568
two_concepts,TwoLayerCNN,retention_0p1,validation_patch,5038,0.03433942074656271
two_concepts,TwoLayerCNN,retention_0p1,validation_patch,5039,-0.019077630112496358
two_concepts,TwoLayerCNN,retention_0p1,validation_patch,5040,0.028297606902302985
two_concepts,TwoLayerCNN,retention_0p1,validation_patch,5041,0.07556974163012015
two_concepts,TwoLayerCNN,retention_0p1,validation_patch,5042,-0.07427063009641227
two_concepts,TwoLayerCNN,retention_0p1,validation_patch,5043,-0.009670631261858742
two_concepts,TwoLayerCNN,retention_0p1,validation_patch,5044,0.024115265933931207
two_concepts,TwoLayerCNN,retention_0p1,validation_patch,5045,0.024280092905669126
two_concepts,TwoLayerCNN,retention_0p1,validation_patch,5046,0.05715678586311568
two_concepts,TwoLayerCNN,retention_0p1,validation_patch,5047,0.029269419338902314
two_concepts,TwoLayerCNN,retention_0p1,validation_patch,5048,0.05357173112052688
two_concepts,TwoLayerCNN,retention_0p1,validation_patch,5049,0.03131746583565975
two_concepts,TwoLayerCNN,release_early,validation_patch,5000,-0.06415644268833381
two_concepts,TwoLayerCNN,release_early,validation_patch,5001,-0.00616863485940522
two_concepts,TwoLayerCNN,release_early,validation_patch,5002,0.037808572652023864
two_concepts,TwoLayerCNN,release_early,validation_patch,5003,0.08647260764686981
two_concepts,TwoLayerCNN,release_early,validation_patch,5004,-0.01657790305382134
two_concepts,TwoLayerCNN,release_early,validation_patch,5005,0.020980580787388015
two_concepts,TwoLayerCNN,release_early,validation_patch,5006,-0.00354946192033484
two_concepts,TwoLayerCNN,release_early,validation_patch,5007,0.07099807226914184
two_concepts,TwoLayerCNN,release_early,validation_patch,5008,-0.037774625005628504
two_concepts,TwoLayerCNN,release_early,validation_patch,5009,-0.016525367549569403
two_concepts,TwoLayerCNN,release_early,validation_patch,5010,0.01448264073701161
two_concepts,TwoLayerCNN,release_early,validation_patch,5011,0.008708904356514058
two_concepts,TwoLayerCNN,release_early,validation_patch,5012,0.05402927329207119
two_concepts,TwoLayerCNN,release_early,validation_patch,5013,0.0010521919204938834
two_concepts,TwoLayerCNN,release_early,validation_patch,5014,-0.01975988218113084
two_concepts,TwoLayerCNN,release_early,validation_patch,5015,0.03198366583526663
two_concepts,TwoLayerCNN,release_early,validation_patch,5016,-0.009236563857521862
two_concepts,TwoLayerCNN,release_early,validation_patch,5017,-0.03359031292387438
two_concepts,TwoLayerCNN,release_early,validation_patch,5018,0.060778123189669964
two_concepts,TwoLayerCNN,release_early,validation_patch,5019,-0.06772255403908856
two_concepts,TwoLayerCNN,release_early,validation_patch,5020,-0.06079370466349571
two_concepts,TwoLayerCNN,release_early,validation_patch,5021,-0.005700431702742981
two_concepts,TwoLayerCNN,release_early,validation_patch,5022,0.03182305353935472
two_concepts,TwoLayerCNN,release_early,validation_patch,5023,0.041852425781860436
two_concepts,TwoLayerCNN,release_early,validation_patch,5024,0.11483921986141321
two_concepts,TwoLayerCNN,release_early,validation_patch,5025,0.09243015291699413
two_concepts,TwoLayerCNN,release_early,validation_patch,5026,0.04606111765653087
two_concepts,TwoLayerCNN,release_early,validation_patch,5027,-0.006679793821466218
two_concepts,TwoLayerCNN,release_early,validation_patch,5028,0.06218314412537734
two_concepts,TwoLayerCNN,release_early,validation_patch,5029,-0.018914134856595988
two_concepts,TwoLayerCNN,release_early,validation_patch,5030,-0.03238083779809431
two_concepts,TwoLayerCNN,release_early,validation_patch,5031,-0.11840021721795974
two_concepts,TwoLayerCNN,release_early,validation_patch,5032,0.014980009529002747
two_concepts,TwoLayerCNN,release_early,validation_patch,5033,-0.04186710489631695
two_concepts,TwoLayerCNN,release_early,validation_patch,5034,-0.01087725349615426
two_concepts,TwoLayerCNN,release_early,validation_patch,5035,0.019901805799139805
two_concepts,TwoLayerCNN,release_early,validation_patch,5036,0.056998299932145335
two_concepts,TwoLayerCNN,release_early,validation_patch,5037,0.039155977082964755
two_concepts,TwoLayerCNN,release_early,validation_patch,5038,-0.010047809967457744
two_concepts,TwoLayerCNN,release_early,validation_patch,5039,-0.0024513793644483917
two_concepts,TwoLayerCNN,release_early,validation_patch,5040,-0.046898290449746305
two_concepts,TwoLayerCNN,release_early,validation_patch,5041,0.05600074249409376
two_concepts,TwoLayerCNN,release_early,validation_patch,5042,-0.10065956132615378
two_concepts,TwoLayerCNN,release_early,validation_patch,5043,-0.052525159340497174
two_concepts,TwoLayerCNN,release_early,validation_patch,5044,0.053135367074725215
two_concepts,TwoLayerCNN,release_early,validation_patch,5045,-0.020348709428646194
two_concepts,TwoLayerCNN,release_early,validation_patch,5046,0.06479015313940101
two_concepts,TwoLayerCNN,release_early,validation_patch,5047,0.10442750775215864
two_concepts,TwoLayerCNN,release_early,validation_patch,5048,-0.013857944668658584
two_concepts,TwoLayerCNN,release_early,validation_patch,5049,-0.033272493601660125
two_concepts,TwoLayerCNN,release_default,validation_patch,5000,-0.04807993278033179
two_concepts,TwoLayerCNN,release_default,validation_patch,5001,-0.04669807974173679
two_concepts,TwoLayerCNN,release_default,validation_patch,5002,0.026402784226229215
two_concepts,TwoLayerCNN,release_default,validation_patch,5003,0.09398259424603839
two_concepts,TwoLayerCNN,release_default,validation_patch,5004,0.03181401675852058
two_concepts,TwoLayerCNN,release_default,validation_patch,5005,0.03821615996646566
two_concepts,TwoLayerCNN,release_default,validation_patch,5006,0.009279410179321435
two_concepts,TwoLayerCNN,release_default,validation_patch,5007,0.04753872485407851
two_concepts,TwoLayerCNN,release_default,validation_patch,5008,-0.04186864323112077
two_concepts,TwoLayerCNN,release_default,validation_patch,5009,0.0054243300881525736
two_concepts,TwoLayerCNN,release_default,validation_patch,5010,-0.018770608861678584
two_concepts,TwoLayerCNN,release_default,validation_patch,5011,0.007074594621235553
two_concepts,TwoLayerCNN,release_default,validation_patch,5012,0.04536658806984256
two_concepts,TwoLayerCNN,release_default,validation_patch,5013,-0.02760526028304372
two_concepts,TwoLayerCNN,release_default,validation_patch,5014,0.021297915024884595
two_concepts,TwoLayerCNN,release_default,validation_patch,5015,0.00973388489788718
two_concepts,TwoLayerCNN,release_default,validation_patch,5016,8.0592855770667e-06
two_concepts,TwoLayerCNN,release_default,validation_patch,5017,-0.015118985280527686
two_concepts,TwoLayerCNN,release_default,validation_patch,5018,0.04324935682301173
two_concepts,TwoLayerCNN,release_default,validation_patch,5019,-0.07112493085443589
two_concepts,TwoLayerCNN,release_default,validation_patch,5020,0.010560525623323658
two_concepts,TwoLayerCNN,release_default,validation_patch,5021,0.0013509493852174592
two_concepts,TwoLayerCNN,release_default,validation_patch,5022,0.04765467436841192
two_concepts,TwoLayerCNN,release_default,validation_patch,5023,0.023781323514762864
two_concepts,TwoLayerCNN,release_default,validation_patch,5024,0.06848799588776217
two_concepts,TwoLayerCNN,release_default,validation_patch,5025,0.14465562026174733
two_concepts,TwoLayerCNN,release_default,validation_patch,5026,0.02686652354004726
two_concepts,TwoLayerCNN,release_default,validation_patch,5027,-0.015961571683634435
two_concepts,TwoLayerCNN,release_default,validation_patch,5028,0.09124550455746239
two_concepts,TwoLayerCNN,release_default,validation_patch,5029,0.020904602319900767
two_concepts,TwoLayerCNN,release_default,validation_patch,5030,-0.002481921672482401
two_concepts,TwoLayerCNN,release_default,validation_patch,5031,0.015332749492150466
two_concepts,TwoLayerCNN,release_default,validation_patch,5032,0.036498308050879
two_concepts,TwoLayerCNN,release_default,validation_patch,5033,-0.02311497252757716
two_concepts,TwoLayerCNN,release_default,validation_patch,5034,0.012633102090799098
two_concepts,TwoLayerCNN,release_default,validation_patch,5035,-0.0030043415018574104
two_concepts,TwoLayerCNN,release_default,validation_patch,5036,0.07106843582671157
two_concepts,TwoLayerCNN,release_default,validation_patch,5037,0.04846851833549082
two_concepts,TwoLayerCNN,release_default,validation_patch,5038,0.03986852448656547
two_concepts,TwoLayerCNN,release_default,validation_patch,5039,0.009283835456056821
two_concepts,TwoLayerCNN,release_default,validation_patch,5040,-0.019613854098333938
two_concepts,TwoLayerCNN,release_default,validation_patch,5041,0.04399617467860706
two_concepts,TwoLayerCNN,release_default,validation_patch,5042,-0.06730923916946246
two_concepts,TwoLayerCNN,release_default,validation_patch,5043,-0.0284383773362738
two_concepts,TwoLayerCNN,release_default,validation_patch,5044,0.05831809356132073
two_concepts,TwoLayerCNN,release_default,validation_patch,5045,-0.013901025471235395
two_concepts,TwoLayerCNN,release_default,validation_patch,5046,0.059778569568450624
two_concepts,TwoLayerCNN,release_default,validation_patch,5047,0.1092169136058988
two_concepts,TwoLayerCNN,release_default,validation_patch,5048,0.009180128576886493
two_concepts,TwoLayerCNN,release_default,validation_patch,5049,0.0009753157572153226
two_concepts,TwoLayerCNN,release_late,validation_patch,5000,-0.0018290268945160282
two_concepts,TwoLayerCNN,release_late,validation_patch,5001,0.002012183025825398
two_concepts,TwoLayerCNN,release_late,validation_patch,5002,0.0357440825846152
two_concepts,TwoLayerCNN,release_late,validation_patch,5003,0.07848255933315629
two_concepts,TwoLayerCNN,release_late,validation_patch,5004,-0.01969911901817517
two_concepts,TwoLayerCNN,release_late,validation_patch,5005,0.010905489471245478
two_concepts,TwoLayerCNN,release_late,validation_patch,5006,0.01344848252194314
two_concepts,TwoLayerCNN,release_late,validation_patch,5007,0.016127655847031852
two_concepts,TwoLayerCNN,release_late,validation_patch,5008,-0.02233322121892173
two_concepts,TwoLayerCNN,release_late,validation_patch,5009,0.0272327715157491
two_concepts,TwoLayerCNN,release_late,validation_patch,5010,0.030104537607471005
two_concepts,TwoLayerCNN,release_late,validation_patch,5011,-0.005170841509857471
two_concepts,TwoLayerCNN,release_late,validation_patch,5012,0.05410538142426119
two_concepts,TwoLayerCNN,release_late,validation_patch,5013,-0.006916968298921244
two_concepts,TwoLayerCNN,release_late,validation_patch,5014,0.01605275994560057
two_concepts,TwoLayerCNN,release_late,validation_patch,5015,0.0061864199948386545
two_concepts,TwoLayerCNN,release_late,validation_patch,5016,0.014902490309814276
two_concepts,TwoLayerCNN,release_late,validation_patch,5017,-0.010207779696890296
two_concepts,TwoLayerCNN,release_late,validation_patch,5018,0.0062035879221402634
two_concepts,TwoLayerCNN,release_late,validation_patch,5019,-0.010921722614639917
two_concepts,TwoLayerCNN,release_late,validation_patch,5020,0.04240360225802409
two_concepts,TwoLayerCNN,release_late,validation_patch,5021,0.00019155577575569183
two_concepts,TwoLayerCNN,release_late,validation_patch,5022,0.013402026014407986
two_concepts,TwoLayerCNN,release_late,validation_patch,5023,-0.031653786035512554
two_concepts,TwoLayerCNN,release_late,validation_patch,5024,0.03164945865451246
two_concepts,TwoLayerCNN,release_late,validation_patch,5025,0.1163094355899813
two_concepts,TwoLayerCNN,release_late,validation_patch,5026,0.006708850410624412
two_concepts,TwoLayerCNN,release_late,validation_patch,5027,0.008487285853388427
two_concepts,TwoLayerCNN,release_late,validation_patch,5028,0.04320149788837396
two_concepts,TwoLayerCNN,release_late,validation_patch,5029,0.045752252043902875
two_concepts,TwoLayerCNN,release_late,validation_patch,5030,-0.03019477823289285
two_concepts,TwoLayerCNN,release_late,validation_patch,5031,-0.01863650275702361
two_concepts,TwoLayerCNN,release_late,validation_patch,5032,0.018993976025901693
two_concepts,TwoLayerCNN,release_late,validation_patch,5033,-0.010050777506512343
two_concepts,TwoLayerCNN,release_late,validation_patch,5034,0.06831336211200156
two_concepts,TwoLayerCNN,release_late,validation_patch,5035,-0.007433307385566135
two_concepts,TwoLayerCNN,release_late,validation_patch,5036,0.0173441045061255
two_concepts,TwoLayerCNN,release_late,validation_patch,5037,0.022471906956621324
two_concepts,TwoLayerCNN,release_late,validation_patch,5038,0.028303122412249304
two_concepts,TwoLayerCNN,release_late,validation_patch,5039,0.013551513475504484
two_concepts,TwoLayerCNN,release_late,validation_patch,5040,0.007955707832761283
two_concepts,TwoLayerCNN,release_late,validation_patch,5041,0.07259024063438552
two_concepts,TwoLayerCNN,release_late,validation_patch,5042,-0.058960352609950195
two_concepts,TwoLayerCNN,release_late,validation_patch,5043,-0.013523031376504069
two_concepts,TwoLayerCNN,release_late,validation_patch,5044,0.042966752293385646
two_concepts,TwoLayerCNN,release_late,validation_patch,5045,-0.01619487263794689
two_concepts,TwoLayerCNN,release_late,validation_patch,5046,0.047519819771849436
two_concepts,TwoLayerCNN,release_late,validation_patch,5047,0.09418737155099699
two_concepts,TwoLayerCNN,release_late,validation_patch,5048,0.013477769217806024
two_concepts,TwoLayerCNN,release_late,validation_patch,5049,0.03175619938188323
