task,architecture,profile,method,k,metric,n,mean,sd,ci_low,ci_high
single_shape,TinyCNN,release_default,contrast,1,fidelity,50,0.024697464857341825,0.016527081246138095,0.02000052033666693,0.02939440937801672
single_shape,TinyCNN,release_default,contrast,1,cf_accuracy,50,0.0028385417303070427,0.006037168253771667,0.0011227974964864885,0.004554285964127597
single_shape,TinyCNN,release_default,contrast,1,causal_usefulness_random,50,0.011497901567661279,0.015486305568588002,0.007096742221822558,0.015899060913499997
single_shape,TinyCNN,release_default,contrast,1,causal_usefulness_energy,50,0.01160457869693635,0.01705515547214782,0.00675755714176115,0.01645160025211155
single_shape,TinyCNN,release_default,contrast,2,fidelity,50,0.13719473025159262,0.05000453210868556,0.12298359946576894,0.15140586103741632
single_shape,TinyCNN,release_default,contrast,2,cf_accuracy,50,0.05669271011138335,0.042529832778539806,0.044605865370963116,0.06877955485180358
single_shape,TinyCNN,release_default,contrast,2,causal_usefulness_random,50,0.09449849451794064,0.04534390355608542,0.08161189971139952,0.10738508932448175
single_shape,TinyCNN,release_default,contrast,2,causal_usefulness_energy,50,0.08945630341622891,0.05012695412532565,0.07521038067823266,0.10370222615422517
single_shape,TinyCNN,release_default,contrast,3,fidelity,50,0.3177607608474267,0.06897010073662753,0.29815967509485347,0.33736184659999996
single_shape,TinyCNN,release_default,contrast,3,cf_accuracy,50,0.20500000536441804,0.06932639630124425,0.18529766153275362,0.22470234919608245
single_shape,TinyCNN,release_default,contrast,3,causal_usefulness_random,50,0.2283095948063909,0.07083072288831326,0.20817972608904287,0.24843946352373894
single_shape,TinyCNN,release_default,contrast,4,fidelity,50,0.49376022236922645,0.06963753786510143,0.4739694530834998,0.5135509916549531
single_shape,TinyCNN,release_default,contrast,4,cf_accuracy,50,0.38781251072883605,0.0741893108292688,0.36672814187976255,0.40889687957790954
single_shape,TinyCNN,release_default,contrast,4,causal_usefulness_random,50,0.3366643263782671,0.07629471019366206,0.31498160965027033,0.35834704310626386
single_shape,TinyCNN,release_default,contrast,4,causal_usefulness_energy,50,0.31006642871504414,0.06880032115223526,0.2905135937864825,0.3296192636436058
single_shape,TinyCNN,release_default,contrast,5,fidelity,50,0.6532188289788651,0.05353547839180178,0.6380042143624555,0.6684334435952747
single_shape,TinyCNN,release_default,contrast,5,cf_accuracy,50,0.566171891093254,0.06343070873442988,0.5481450831290635,0.5841986990574446
single_shape,TinyCNN,release_default,contrast,5,causal_usefulness_random,50,0.3994205229903737,0.06493039036771116,0.38096751022176,0.41787353575898745
single_shape,TinyCNN,release_default,contrast,6,fidelity,50,0.776209217589734,0.03734551305538768,0.7655957402125182,0.7868226949669499
single_shape,TinyCNN,release_default,contrast,6,cf_accuracy,50,0.7112500190734863,0.04909485744860438,0.6972974149655818,0.7252026231813907
single_shape,TinyCNN,release_default,contrast,6,causal_usefulness_random,50,0.41001994830143657,0.052789041795888766,0.3950174686184123,0.4250224279844608
single_shape,TinyCNN,release_default,contrast,7,fidelity,50,0.8468854597161797,0.03303152486405548,0.8374980042175861,0.8562729152147732
single_shape,TinyCNN,release_default,contrast,7,cf_accuracy,50,0.7941927301883698,0.04220495492264211,0.7821982147130159,0.8061872456637237
single_shape,TinyCNN,release_default,contrast,7,causal_usefulness_random,50,0.3583817014258958,0.05958495613205154,0.34144784425831576,0.3753155585934759
single_shape,TinyCNN,release_default,contrast,8,fidelity,50,0.9115371662706984,0.03012629155500925,0.9029753689430172,0.9200989635983795
single_shape,TinyCNN,release_default,contrast,8,cf_accuracy,50,0.8763281464576721,0.04469823335179762,0.8636250490928769,0.8890312438224673
single_shape,TinyCNN,release_default,contrast,8,causal_usefulness_random,50,0.30062830039730665,0.059687188376410676,0.28366538914734946,0.31759121164726384
single_shape,TinyCNN,release_default,contrast,8,causal_usefulness_energy,50,0.2642142626139277,0.06235139379991118,0.246494192560217,0.2819343326676384
single_shape,TinyCNN,release_default,contrast,9,fidelity,50,0.9491134894474675,0.019418276711603535,0.9435948762668839,0.9546321026280512
single_shape,TinyCNN,release_default,contrast,9,cf_accuracy,50,0.9286198139190673,0.030373746944626162,0.9199876905477815,0.9372519372903532
single_shape,TinyCNN,release_default,contrast,9,causal_usefulness_random,50,0.22653942925352324,0.05029911607611411,0.2122445786304769,0.24083427987656958
single_shape,TinyCNN,release_default,contrast,10,fidelity,50,0.9739725571057944,0.01635610126070383,0.9693242045593327,0.9786209096522562
single_shape,TinyCNN,release_default,contrast,10,cf_accuracy,50,0.9642708563804626,0.02521427212531439,0.9571050395288346,0.9714366732320906
single_shape,TinyCNN,release_default,contrast,10,causal_usefulness_random,50,0.15847364453341897,0.03832423025554281,0.1475820188054994,0.16936527026133855
single_shape,TinyCNN,release_default,contrast,11,fidelity,50,0.9892769071895968,0.008583045115398943,0.9868376327572225,0.9917161816219712
single_shape,TinyCNN,release_default,contrast,11,cf_accuracy,50,0.9858073115348815,0.014186382986695579,0.9817755860992046,0.9898390369705585
single_shape,TinyCNN,release_default,contrast,11,causal_usefulness_random,50,0.10493074523958562,0.026381694815180757,0.09743315053046325,0.11242833994870799
single_shape,TinyCNN,release_default,contrast,12,fidelity,50,0.995841105422818,0.0039039884436852263,0.994731604183231,0.996950606662405
single_shape,TinyCNN,release_default,contrast,12,cf_accuracy,50,0.9959114754199981,0.005805298219920627,0.9942616279206817,0.9975613229193145
single_shape,TinyCNN,release_default,contrast,12,causal_usefulness_random,50,0.05993235716133583,0.024461593062901396,0.0529804493324431,0.06688426499022856
single_shape,TinyCNN,release_default,contrast,13,fidelity,50,0.9980533243336395,0.0021660394811604403,0.997437742724214,0.9986689059430649
single_shape,TinyCNN,release_default,contrast,13,cf_accuracy,50,0.9978906357288361,0.0032633238757099016,0.9969632093448951,0.998818062112777
single_shape,TinyCNN,release_default,contrast,13,causal_usefulness_random,50,0.030972282425291528,0.018282770892902513,0.025776376427779777,0.03616818842280328
single_shape,TinyCNN,release_default,contrast,14,fidelity,50,0.9994656181532068,0.0006738125487710319,0.9992741227456525,0.999657113560761
single_shape,TinyCNN,release_default,contrast,14,cf_accuracy,50,0.9994270884990692,0.0011210145174585517,0.9991084996982424,0.999745677299896
single_shape,TinyCNN,release_default,contrast,14,causal_usefulness_random,50,0.01143275315482535,0.009684163829213941,0.008680544246457263,0.014184962063193439
single_shape,TinyCNN,release_default,contrast,15,fidelity,50,0.9999112350721062,0.00012323261972824426,0.999876212749085,0.9999462573951274
single_shape,TinyCNN,release_default,contrast,15,cf_accuracy,50,0.9997656261920929,0.0008188734401097876,0.9995329049353647,0.999998347448821
single_shape,TinyCNN,release_default,contrast,15,causal_usefulness_random,50,0.0023525678732406207,0.0033529247141226392,0.0013996772127730477,0.003305458533708194
single_shape,TinyCNN,release_default,contrast,16,fidelity,50,1.0,0.0,1.0,1.0
single_shape,TinyCNN,release_default,contrast,16,cf_accuracy,50,0.999921875,0.0005524271728019902,0.9997648769345993,1.0000788730654007
single_shape,TinyCNN,release_default,contrast,16,causal_usefulness_random,50,0.0,0.0,0.0,0.0
single_shape,TinyCNN,release_default,auroc,1,fidelity,50,0.031055601518165343,0.01996860592977402,0.025380586504290183,0.0367306165320405
single_shape,TinyCNN,release_default,auroc,1,cf_accuracy,50,0.006666666956152767,0.014113978097713423,0.0026555187622470094,0.010677815150058525
single_shape,TinyCNN,release_default,auroc,1,causal_usefulness_random,50,0.0178560382284848,0.01998760095587839,0.012175624887920719,0.023536451569048884
single_shape,TinyCNN,release_default,auroc,1,causal_usefulness_energy,50,0.018638916977608104,0.02115109922172923,0.012627841088514478,0.02464999286670173
single_shape,TinyCNN,release_default,auroc,2,fidelity,50,0.15485664649505007,0.05729766442805804,0.13857283043734644,0.1711404625527537
single_shape,TinyCNN,release_default,auroc,2,cf_accuracy,50,0.07380208557471633,0.053045979227989065,0.05872658508143004,0.08887758606800263
single_shape,TinyCNN,release_default,auroc,2,causal_usefulness_random,50,0.11216041076139811,0.05382797010669511,0.09686267091935721,0.127458150603439
single_shape,TinyCNN,release_default,auroc,2,causal_usefulness_energy,50,0.1073818721004611,0.05452655979476805,0.09188559526578813,0.12287814893513407
single_shape,TinyCNN,release_default,auroc,3,fidelity,50,0.3375960661138302,0.06833490272790335,0.3181755016379535,0.3570166305897069
single_shape,TinyCNN,release_default,auroc,3,cf_accuracy,50,0.22463542222976685,0.07167144822588059,0.2042666220151466,0.2450042224443871
single_shape,TinyCNN,release_default,auroc,3,causal_usefulness_random,50,0.24814490007279436,0.07133117989935575,0.22787280304659724,0.26841699709899147
single_shape,TinyCNN,release_default,auroc,4,fidelity,50,0.5217510427252356,0.07058179937250579,0.5016919172883391,0.5418101681621322
single_shape,TinyCNN,release_default,auroc,4,cf_accuracy,50,0.4134375095367432,0.08015289245550296,0.3906583095420018,0.43621670953148456
single_shape,TinyCNN,release_default,auroc,4,causal_usefulness_random,50,0.3646551467342764,0.07610676727955701,0.343025842791481,0.3862844506770718
single_shape,TinyCNN,release_default,auroc,4,causal_usefulness_energy,50,0.33803556833382487,0.07507051408583756,0.31670076429018196,0.3593703723774678
single_shape,TinyCNN,release_default,auroc,5,fidelity,50,0.6617265739859475,0.05035125741561255,0.6474169049581744,0.6760362430137206
single_shape,TinyCNN,release_default,auroc,5,cf_accuracy,50,0.5764583534002304,0.062375339832953125,0.5587314779592276,0.5941852288412333
single_shape,TinyCNN,release_default,auroc,5,causal_usefulness_random,50,0.40792826799745624,0.0601470181519407,0.3908346745712301,0.42502186142368237
single_shape,TinyCNN,release_default,auroc,6,fidelity,50,0.7661218750832455,0.04518685613828147,0.753279912659008,0.778963837507483
single_shape,TinyCNN,release_default,auroc,6,cf_accuracy,50,0.6961198103427887,0.053065835068834374,0.6810386668819709,0.7112009538036065
single_shape,TinyCNN,release_default,auroc,6,causal_usefulness_random,50,0.399932605794948,0.0625971397228782,0.38214269552267915,0.41772251606721683
single_shape,TinyCNN,release_default,auroc,7,fidelity,50,0.8460705675615589,0.03684453656419282,0.8355994661278178,0.8565416689952999
single_shape,TinyCNN,release_default,auroc,7,cf_accuracy,50,0.7930729365348816,0.04602720893481418,0.7799921484883625,0.8061537245814008
single_shape,TinyCNN,release_default,auroc,7,causal_usefulness_random,50,0.35756680927127504,0.061976082521123785,0.3399534015028278,0.37518021703972226
single_shape,TinyCNN,release_default,auroc,8,fidelity,50,0.9052265053246638,0.030791856549924057,0.8964755565182998,0.9139774541310277
single_shape,TinyCNN,release_default,auroc,8,cf_accuracy,50,0.8682552254199982,0.043641655996890065,0.8558524040170558,0.8806580468229407
single_shape,TinyCNN,release_default,auroc,8,causal_usefulness_random,50,0.29431763945127215,0.06076973452185545,0.27704707199085055,0.31158820691169375
single_shape,TinyCNN,release_default,auroc,8,causal_usefulness_energy,50,0.2600846448926828,0.06547980952899553,0.24147548892608295,0.27869380085928264
single_shape,TinyCNN,release_default,auroc,9,fidelity,50,0.9400650115715021,0.021647521370683643,0.9339128540686772,0.9462171690743271
single_shape,TinyCNN,release_default,auroc,9,cf_accuracy,50,0.9154687690734863,0.03251096797564482,0.9062292542056857,0.9247082839412869
single_shape,TinyCNN,release_default,auroc,9,causal_usefulness_random,50,0.21749095137755797,0.05039136485970019,0.20316988394029317,0.23181201881482277
single_shape,TinyCNN,release_default,auroc,10,fidelity,50,0.9672131509360914,0.020358047518860833,0.9614274578471985,0.9729988440249843
single_shape,TinyCNN,release_default,auroc,10,cf_accuracy,50,0.9548437690734863,0.029908539981473064,0.9463438560582834,0.9633436820886893
single_shape,TinyCNN,release_default,auroc,10,causal_usefulness_random,50,0.15171423836371592,0.039504033198585434,0.14048731634927902,0.16294116037815282
single_shape,TinyCNN,release_default,auroc,11,fidelity,50,0.9866661503975738,0.009885919839219666,0.9838566030655846,0.9894756977295629
single_shape,TinyCNN,release_default,auroc,11,cf_accuracy,50,0.9822916841506958,0.01552057265761456,0.9778807862059087,0.9867025820954829
single_shape,TinyCNN,release_default,auroc,11,causal_usefulness_random,50,0.10231998844756275,0.025541717978604113,0.09506111251408471,0.1095788643810408
single_shape,TinyCNN,release_default,auroc,12,fidelity,50,0.9952497933967268,0.0054463586040479324,0.9937019554075542,0.9967976313858994
single_shape,TinyCNN,release_default,auroc,12,cf_accuracy,50,0.9945573139190674,0.007968993594545401,0.992292550998032,0.9968220768401028
single_shape,TinyCNN,release_default,auroc,12,causal_usefulness_random,50,0.05934104513524466,0.02470357458482854,0.05232036691873215,0.06636172335175716
single_shape,TinyCNN,release_default,auroc,13,fidelity,50,0.9982111252362578,0.002128436201860247,0.9976062303605658,0.9988160201119497
single_shape,TinyCNN,release_default,auroc,13,cf_accuracy,50,0.9979166746139526,0.0035683236232734615,0.9969025682608271,0.9989307809670781
single_shape,TinyCNN,release_default,auroc,13,causal_usefulness_random,50,0.03113008332790975,0.018230818853024838,0.025948941936767823,0.036311224719051675
single_shape,TinyCNN,release_default,auroc,14,fidelity,50,0.9994030257617814,0.0008731096595054555,0.999154890742047,0.9996511607815158
single_shape,TinyCNN,release_default,auroc,14,cf_accuracy,50,0.9994010436534881,0.0015386215810835923,0.9989637722383463,0.99983831506863
single_shape,TinyCNN,release_default,auroc,14,causal_usefulness_random,50,0.011370160763399915,0.009646696473344088,0.008628599959753779,0.014111721567046051
single_shape,TinyCNN,release_default,auroc,15,fidelity,50,0.9998539935054219,0.00040444834617379033,0.9997390505572289,0.999968936453615
single_shape,TinyCNN,release_default,auroc,15,cf_accuracy,50,0.9996093773841858,0.0012408481308072128,0.9992567322472626,0.9999620225211089
single_shape,TinyCNN,release_default,auroc,15,causal_usefulness_random,50,0.002295326306556469,0.0033891804050945194,0.0013321318927208626,0.003258520720392075
single_shape,TinyCNN,release_default,auroc,16,fidelity,50,1.0,0.0,1.0,1.0
single_shape,TinyCNN,release_default,auroc,16,cf_accuracy,50,0.999921875,0.0005524271728019902,0.9997648769345993,1.0000788730654007
single_shape,TinyCNN,release_default,auroc,16,causal_usefulness_random,50,0.0,0.0,0.0,0.0
single_shape,TinyCNN,release_default,validation_patch,1,fidelity,50,0.0862903293548843,0.045912848251246495,0.07324204225502742,0.09933861645474118
single_shape,TinyCNN,release_default,validation_patch,1,cf_accuracy,50,0.019375000807922333,0.027809422074918214,0.011471650501077041,0.027278351114767625
single_shape,TinyCNN,release_default,validation_patch,1,causal_usefulness_random,50,0.07309076606520377,0.044184373141673984,0.06053370615629004,0.0856478259741175
single_shape,TinyCNN,release_default,validation_patch,1,causal_usefulness_energy,50,0.07542993460561033,0.04497863434455865,0.06264714816039452,0.08821272105082614
single_shape,TinyCNN,release_default,validation_patch,2,fidelity,50,0.27108900407614456,0.06451876307876069,0.2527529744886868,0.28942503366360234
single_shape,TinyCNN,release_default,validation_patch,2,cf_accuracy,50,0.18015625454485418,0.07380513788564606,0.1591810664383248,0.20113144265138355
single_shape,TinyCNN,release_default,validation_patch,2,causal_usefulness_random,50,0.2283927683424926,0.06445601494307587,0.21007457157788467,0.24671096510710055
single_shape,TinyCNN,release_default,validation_patch,2,causal_usefulness_energy,50,0.20946439066420694,0.05459424476506479,0.19394887797381133,0.22497990335460255
single_shape,TinyCNN,release_default,validation_patch,3,fidelity,50,0.42552962028969477,0.06692868764307056,0.4065086977190782,0.4445505428603113
single_shape,TinyCNN,release_default,validation_patch,3,cf_accuracy,50,0.3278385508060455,0.06888937252616163,0.30826040775703645,0.3474166938550546
single_shape,TinyCNN,release_default,validation_patch,3,causal_usefulness_random,50,0.336078454248659,0.06717393470881658,0.3169878332331379,0.3551690752641801
single_shape,TinyCNN,release_default,validation_patch,4,fidelity,50,0.5689991979780438,0.07098822497386696,0.5488245676632474,0.5891738282928402
single_shape,TinyCNN,release_default,validation_patch,4,cf_accuracy,50,0.4737500137090683,0.07611609378731674,0.4521180592020948,0.49538196821604175
single_shape,TinyCNN,release_default,validation_patch,4,causal_usefulness_random,50,0.4119033019870845,0.0754570576572746,0.39045864347592707,0.433347960498242
single_shape,TinyCNN,release_default,validation_patch,4,causal_usefulness_energy,50,0.36764201484437437,0.07460210134552804,0.34644033222860154,0.3888436974601472
single_shape,TinyCNN,release_default,validation_patch,5,fidelity,50,0.703219880152727,0.07469564327141022,0.6819916132157614,0.7244481470896925
single_shape,TinyCNN,release_default,validation_patch,5,cf_accuracy,50,0.6220573109388351,0.08452509266414297,0.5980355453932005,0.6460790764844697
single_shape,TinyCNN,release_default,validation_patch,5,causal_usefulness_random,50,0.4494215741642359,0.08531818416628402,0.42517441450757243,0.47366873382089936
single_shape,TinyCNN,release_default,validation_patch,6,fidelity,50,0.8064872868714871,0.06129596031657532,0.7890671676949254,0.8239074060480488
single_shape,TinyCNN,release_default,validation_patch,6,cf_accuracy,50,0.7400000190734863,0.08040769356451129,0.717148405404788,0.7628516327421847
single_shape,TinyCNN,release_default,validation_patch,6,causal_usefulness_random,50,0.44029801758318954,0.0754188607831919,0.41886421450353617,0.4617318206628429
single_shape,TinyCNN,release_default,validation_patch,7,fidelity,50,0.890094284567181,0.05111499975960827,0.8755675623668353,0.9046210067675267
single_shape,TinyCNN,release_default,validation_patch,7,cf_accuracy,50,0.846640647649765,0.06997820567226676,0.8267530616444734,0.8665282336550566
single_shape,TinyCNN,release_default,validation_patch,7,causal_usefulness_random,50,0.40159052627689706,0.07538420130815314,0.38016657331106285,0.4230144792427313
single_shape,TinyCNN,release_default,validation_patch,8,fidelity,50,0.9418827512059232,0.04328999738464025,0.9295798700747901,0.9541856323370563
single_shape,TinyCNN,release_default,validation_patch,8,cf_accuracy,50,0.9195312714576721,0.06373127120644577,0.9014190445840546,0.9376434983312896
single_shape,TinyCNN,release_default,validation_patch,8,causal_usefulness_random,50,0.33097388533253175,0.07163415772983678,0.310615682959627,0.3513320877054365
single_shape,TinyCNN,release_default,validation_patch,8,causal_usefulness_energy,50,0.2836356663415271,0.048153872520725456,0.2699504871911947,0.2973208454918595
single_shape,TinyCNN,release_default,validation_patch,9,fidelity,50,0.9760195455621296,0.023612593215578816,0.9693089208201623,0.9827301703040968
single_shape,TinyCNN,release_default,validation_patch,9,cf_accuracy,50,0.9685156452655792,0.03781644601132562,0.9577683302231365,0.979262960308022
single_shape,TinyCNN,release_default,validation_patch,9,causal_usefulness_random,50,0.25344548536818545,0.05389839438476176,0.23812773116776745,0.26876323956860343
single_shape,TinyCNN,release_default,validation_patch,10,fidelity,50,0.9912725352009772,0.011843833305062175,0.987906555018663,0.9946385153832915
single_shape,TinyCNN,release_default,validation_patch,10,cf_accuracy,50,0.9902864742279053,0.01716600256735032,0.9854079502768327,0.9951649981789779
single_shape,TinyCNN,release_default,validation_patch,10,causal_usefulness_random,50,0.17577362262860186,0.036949282886294454,0.16527275261949478,0.18627449263770893
single_shape,TinyCNN,release_default,validation_patch,11,fidelity,50,0.9971758823668547,0.003366082623316195,0.9962192522699694,0.99813251246374
single_shape,TinyCNN,release_default,validation_patch,11,cf_accuracy,50,0.997578135728836,0.003848328936736832,0.9964844527461022,0.9986718187115698
single_shape,TinyCNN,release_default,validation_patch,11,causal_usefulness_random,50,0.11282972041684357,0.02751677056580365,0.10500954074864471,0.12064990008504242
single_shape,TinyCNN,release_default,validation_patch,12,fidelity,50,0.9991153455375203,0.0009071567885548487,0.9988575344307714,0.9993731566442693
single_shape,TinyCNN,release_default,validation_patch,12,cf_accuracy,50,0.9992187571525574,0.001391977594130915,0.9988231614973848,0.9996143528077299
single_shape,TinyCNN,release_default,validation_patch,12,causal_usefulness_random,50,0.06320659727603824,0.02384104676491554,0.0564310467537226,0.06998214779835388
single_shape,TinyCNN,release_default,validation_patch,13,fidelity,50,0.9996804569597465,0.0004373384406725946,0.9995561667501199,0.9998047471693731
single_shape,TinyCNN,release_default,validation_patch,13,cf_accuracy,50,0.9995833384990692,0.0009643856232910916,0.9993092631374446,0.9998574138606938
single_shape,TinyCNN,release_default,validation_patch,13,causal_usefulness_random,50,0.03259941505139873,0.018048362645984462,0.027470127140563357,0.03772870296223411
single_shape,TinyCNN,release_default,validation_patch,14,fidelity,50,0.9999170875876744,8.374298835280792e-05,0.9998932880937147,0.9999408870816341
single_shape,TinyCNN,release_default,validation_patch,14,cf_accuracy,50,0.9998697924613953,0.0006576483455807446,0.9996828908695593,1.0000566940532314
single_shape,TinyCNN,release_default,validation_patch,14,causal_usefulness_random,50,0.011884222589292903,0.009615096000330135,0.00915164254070951,0.014616802637876295
single_shape,TinyCNN,release_default,validation_patch,15,fidelity,50,0.9999751400408289,3.6629857276580674e-05,0.9999647299505736,0.9999855501310841
single_shape,TinyCNN,release_default,validation_patch,15,cf_accuracy,50,0.9998958349227905,0.0005154834460032616,0.9997493361483764,1.0000423336972049
single_shape,TinyCNN,release_default,validation_patch,15,causal_usefulness_random,50,0.002416472841963173,0.003341333971505836,0.0014668762341001557,0.0033660694498261904
single_shape,TinyCNN,release_default,validation_patch,16,fidelity,50,1.0,0.0,1.0,1.0
single_shape,TinyCNN,release_default,validation_patch,16,cf_accuracy,50,0.999921875,0.0005524271728019902,0.9997648769345993,1.0000788730654007
single_shape,TinyCNN,release_default,validation_patch,16,causal_usefulness_random,50,0.0,0.0,0.0,0.0
single_shape,TinyCNN,release_early,contrast,1,fidelity,50,0.02767200463882296,0.02774306086330228,0.0197875139796458,0.03555649529800012
single_shape,TinyCNN,release_early,contrast,1,cf_accuracy,50,0.004947916788514703,0.01741969498128603,-2.7057488615330957e-06,0.00989853932589094
single_shape,TinyCNN,release_early,contrast,1,causal_usefulness_random,50,0.01564924181988099,0.027570026808522833,0.00781392689496583,0.023484556744796152
single_shape,TinyCNN,release_early,contrast,1,causal_usefulness_energy,50,0.016544542855668032,0.02737341109708377,0.008765105497684908,0.024323980213651154
single_shape,TinyCNN,release_early,contrast,2,fidelity,50,0.13764824628941089,0.05258875932859485,0.1227026862538025,0.15259380632501926
single_shape,TinyCNN,release_early,contrast,2,cf_accuracy,50,0.05828125176485628,0.04813186052669547,0.04460232835401039,0.07196017517570218
single_shape,TinyCNN,release_early,contrast,2,causal_usefulness_random,50,0.09758371008612444,0.04832387495636004,0.08385021677815807,0.11131720339409082
single_shape,TinyCNN,release_early,contrast,2,causal_usefulness_energy,50,0.0918125453060931,0.04795280784070824,0.07818450810557284,0.10544058250661337
single_shape,TinyCNN,release_early,contrast,3,fidelity,50,0.31628541014553974,0.05674136041359029,0.30015969393944747,0.332411126351632
single_shape,TinyCNN,release_early,contrast,3,cf_accuracy,50,0.20257813036441802,0.05688625707521204,0.18641123498272105,0.21874502574611498
single_shape,TinyCNN,release_early,contrast,3,causal_usefulness_random,50,0.230263251882114,0.05703155754743971,0.21405506256310786,0.24647144120112013
single_shape,TinyCNN,release_early,contrast,4,fidelity,50,0.49724863118327,0.06422910462728372,0.4789949216168897,0.5155023407496503
single_shape,TinyCNN,release_early,contrast,4,cf_accuracy,50,0.39031251072883605,0.06978375775078448,0.37048018621138734,0.41014483524628476
single_shape,TinyCNN,release_early,contrast,4,causal_usefulness_random,50,0.34393842022041793,0.06957537686977502,0.32416531689409755,0.3637115235467383
single_shape,TinyCNN,release_early,contrast,4,causal_usefulness_energy,50,0.3102221575440832,0.07158369782558793,0.2898782957172946,0.3305660193708718
single_shape,TinyCNN,release_early,contrast,5,fidelity,50,0.6512767301106046,0.05894789488642458,0.6345239237457899,0.6680295364754193
single_shape,TinyCNN,release_early,contrast,5,cf_accuracy,50,0.5601041847467423,0.07145296228098261,0.539797477550632,0.5804108919428526
single_shape,TinyCNN,release_early,contrast,5,causal_usefulness_random,50,0.40055118839472054,0.0682297996748775,0.3811604938760168,0.41994188291342427
single_shape,TinyCNN,release_early,contrast,6,fidelity,50,0.7710390403451453,0.037994658047039484,0.7602410780025411,0.7818370026877494
single_shape,TinyCNN,release_early,contrast,6,cf_accuracy,50,0.7046354413032532,0.04739936806752851,0.6911646899459769,0.7181061926605294
single_shape,TinyCNN,release_early,contrast,6,causal_usefulness_random,50,0.40729260208727325,0.05807932680728671,0.3907866400393335,0.423798564135213
single_shape,TinyCNN,release_early,contrast,7,fidelity,50,0.8461932361508494,0.035008560499880416,0.8362439133413514,0.8561425589603474
single_shape,TinyCNN,release_early,contrast,7,cf_accuracy,50,0.7931250238418579,0.04042979565962881,0.7816350030470565,0.8046150446366593
single_shape,TinyCNN,release_early,contrast,7,causal_usefulness_random,50,0.35852647382523356,0.06581366288036898,0.33982243778597665,0.37723050986449047
single_shape,TinyCNN,release_early,contrast,8,fidelity,50,0.9048021706285523,0.03279615162094935,0.8954816074655173,0.9141227337915873
single_shape,TinyCNN,release_early,contrast,8,cf_accuracy,50,0.865208352804184,0.04547847099897169,0.8522835143535225,0.8781331912548455
single_shape,TinyCNN,release_early,contrast,8,causal_usefulness_random,50,0.2944491709766142,0.06611592174564877,0.2756592339182991,0.3132391080349293
single_shape,TinyCNN,release_early,contrast,8,causal_usefulness_energy,50,0.25299080854054135,0.06958398699360456,0.23321525824410316,0.27276635883697953
single_shape,TinyCNN,release_early,contrast,9,fidelity,50,0.9502565665364665,0.025281923548696513,0.9430715233630436,0.9574416097098895
single_shape,TinyCNN,release_early,contrast,9,cf_accuracy,50,0.9313021051883698,0.036451267629601866,0.9209427695492036,0.9416614408275359
single_shape,TinyCNN,release_early,contrast,9,causal_usefulness_random,50,0.22624216413623258,0.053580914450176445,0.21101463673490672,0.24146969153755843
single_shape,TinyCNN,release_early,contrast,10,fidelity,50,0.975929972159597,0.017586037566660172,0.9709320755825224,0.9809278687366716
single_shape,TinyCNN,release_early,contrast,10,cf_accuracy,50,0.9661198115348816,0.028614998697169547,0.9579875188851316,0.9742521041846316
single_shape,TinyCNN,release_early,contrast,10,causal_usefulness_random,50,0.15673244781736592,0.04136885091163172,0.14497555047280852,0.16848934516192332
single_shape,TinyCNN,release_early,contrast,11,fidelity,50,0.9908580774091912,0.007953476847160183,0.9885977242989702,0.9931184305194122
single_shape,TinyCNN,release_early,contrast,11,cf_accuracy,50,0.9888802313804627,0.011361081916017687,0.985651447624901,0.9921090151360243
single_shape,TinyCNN,release_early,contrast,11,causal_usefulness_random,50,0.10259071045491622,0.02819001811902136,0.0945791959491227,0.11060222496070973
single_shape,TinyCNN,release_early,contrast,12,fidelity,50,0.9964040832896,0.0026824161370258546,0.9956417490583263,0.9971664175208736
single_shape,TinyCNN,release_early,contrast,12,cf_accuracy,50,0.9963802242279053,0.003823794308869322,0.9952935139092621,0.9974669345465484
single_shape,TinyCNN,release_early,contrast,12,causal_usefulness_random,50,0.056952837646842884,0.025002740537032,0.049847137407442774,0.064058537886243
single_shape,TinyCNN,release_early,contrast,13,fidelity,50,0.9982052342608628,0.002224068114036268,0.9975731610964454,0.9988373074252802
single_shape,TinyCNN,release_early,contrast,13,cf_accuracy,50,0.9982291758060455,0.0032830905579536366,0.9972961317931673,0.9991622198189237
single_shape,TinyCNN,release_early,contrast,13,causal_usefulness_random,50,0.027972164081876354,0.01755496088362208,0.02298309940040042,0.032961228763352286
single_shape,TinyCNN,release_early,contrast,14,fidelity,50,0.9994311576995584,0.000948903332265824,0.999161482356359,0.9997008330427577
single_shape,TinyCNN,release_early,contrast,14,cf_accuracy,50,0.9992187559604645,0.001841415594677263,0.9986954314387965,0.9997420804821325
single_shape,TinyCNN,release_early,contrast,14,causal_usefulness_random,50,0.010004129140556593,0.009238492685447674,0.007378578569832064,0.012629679711281122
single_shape,TinyCNN,release_early,contrast,15,fidelity,50,0.9999056772253909,0.0001409285635654193,0.9998656257707761,0.9999457286800058
single_shape,TinyCNN,release_early,contrast,15,cf_accuracy,50,0.9997135436534882,0.0008838956106123307,0.9994623433003657,0.9999647440066107
single_shape,TinyCNN,release_early,contrast,15,causal_usefulness_random,50,0.0018703865122080953,0.003087960079114054,0.000992797967827536,0.0027479750565886545
single_shape,TinyCNN,release_early,contrast,16,fidelity,50,1.0,0.0,1.0,1.0
single_shape,TinyCNN,release_early,contrast,16,cf_accuracy,50,0.99984375,0.0007732369676646773,0.9996239984852366,1.0000635015147634
single_shape,TinyCNN,release_early,contrast,16,causal_usefulness_random,50,0.0,0.0,0.0,0.0
single_shape,TinyCNN,release_early,auroc,1,fidelity,50,0.025970512941540777,0.017330455240425625,0.021045252057902322,0.030895773825179232
single_shape,TinyCNN,release_early,auroc,1,cf_accuracy,50,0.004166666746605188,0.012089342947921739,0.0007309134957963525,0.007602419997414023
single_shape,TinyCNN,release_early,auroc,1,causal_usefulness_random,50,0.0139477501225988,0.017517184994211954,0.008969421230106776,0.018926079015090823
single_shape,TinyCNN,release_early,auroc,1,causal_usefulness_energy,50,0.014999497772767365,0.017856677515047797,0.009924686173389478,0.02007430937214525
single_shape,TinyCNN,release_early,auroc,2,fidelity,50,0.14767263579901818,0.05710616125685554,0.13144324434038776,0.1639020272576486
single_shape,TinyCNN,release_early,auroc,2,cf_accuracy,50,0.06671875194879248,0.052687399863954765,0.051745158583210396,0.08169234531437457
single_shape,TinyCNN,release_early,auroc,2,causal_usefulness_random,50,0.10760809959573175,0.05322755574198593,0.09248099562813568,0.12273520356332783
single_shape,TinyCNN,release_early,auroc,2,causal_usefulness_energy,50,0.10116286528584524,0.05293306026729944,0.08611945600611279,0.1162062745655777
single_shape,TinyCNN,release_early,auroc,3,fidelity,50,0.3374103082507467,0.06737220772462249,0.31826333866760387,0.3565572778338895
single_shape,TinyCNN,release_early,auroc,3,cf_accuracy,50,0.22588542416691781,0.0708894502736406,0.20573886531132823,0.2460319830225074
single_shape,TinyCNN,release_early,auroc,3,causal_usefulness_random,50,0.2513881499873209,0.06851214009202442,0.23191721520988462,0.2708590847647572
single_shape,TinyCNN,release_early,auroc,4,fidelity,50,0.5195381652688038,0.07544420948275439,0.4980971581684439,0.5409791723691637
single_shape,TinyCNN,release_early,auroc,4,cf_accuracy,50,0.4125260564684868,0.08833497814017092,0.3874215334507662,0.43763057948620737
single_shape,TinyCNN,release_early,auroc,4,causal_usefulness_random,50,0.36622795430595173,0.08130265292534157,0.34312199600110893,0.38933391261079453
single_shape,TinyCNN,release_early,auroc,4,causal_usefulness_energy,50,0.33009320248826024,0.08060401033720836,0.3071857962100803,0.3530006087664402
single_shape,TinyCNN,release_early,auroc,5,fidelity,50,0.6608312192641261,0.05326866987307574,0.6456924307897579,0.6759700077384944
single_shape,TinyCNN,release_early,auroc,5,cf_accuracy,50,0.5706250190734863,0.06925618796612837,0.5509426282298914,0.5903074099170812
single_shape,TinyCNN,release_early,auroc,5,causal_usefulness_random,50,0.41010567754824206,0.06152265087840036,0.3926211336268391,0.42759022146964504
single_shape,TinyCNN,release_early,auroc,6,fidelity,50,0.7668163814451486,0.04081709493367974,0.7552162914145262,0.7784164714757711
single_shape,TinyCNN,release_early,auroc,6,cf_accuracy,50,0.698671897649765,0.05218758673302884,0.6838403496043275,0.7135034456952025
single_shape,TinyCNN,release_early,auroc,6,causal_usefulness_random,50,0.40306994318727685,0.05622356373480222,0.3870913831690823,0.4190485032054714
single_shape,TinyCNN,release_early,auroc,7,fidelity,50,0.8393875148246746,0.034208920256909074,0.8296654472577568,0.8491095823915923
single_shape,TinyCNN,release_early,auroc,7,cf_accuracy,50,0.7827604413032532,0.04297266200540473,0.7705477458890363,0.79497313671747
single_shape,TinyCNN,release_early,auroc,7,causal_usefulness_random,50,0.3517207524990589,0.062382439886556465,0.3339918592451481,0.3694496457529696
single_shape,TinyCNN,release_early,auroc,8,fidelity,50,0.9019832502312756,0.033481331698531264,0.8924679610447435,0.9114985394178077
single_shape,TinyCNN,release_early,auroc,8,cf_accuracy,50,0.8636198115348815,0.04539361682762621,0.8507190883728921,0.876520534696871
single_shape,TinyCNN,release_early,auroc,8,causal_usefulness_random,50,0.2916302505793374,0.06490328753389235,0.27318494035087,0.3100755608078048
single_shape,TinyCNN,release_early,auroc,8,causal_usefulness_energy,50,0.2488102550437303,0.07126216191786043,0.22855777271084682,0.2690627373766138
single_shape,TinyCNN,release_early,auroc,9,fidelity,50,0.9414058250886559,0.022443215213128486,0.9350275338978709,0.9477841162794409
single_shape,TinyCNN,release_early,auroc,9,cf_accuracy,50,0.9177083516120911,0.03459621092873003,0.907876217254079,0.9275404859701032
single_shape,TinyCNN,release_early,auroc,9,causal_usefulness_random,50,0.217391422688422,0.048556000248782615,0.2035919601022681,0.23119088527457587
single_shape,TinyCNN,release_early,auroc,10,fidelity,50,0.9728213684630511,0.019517979348937096,0.9672744201064526,0.9783683168196496
single_shape,TinyCNN,release_early,auroc,10,cf_accuracy,50,0.9621093940734863,0.0313243728008314,0.9532071058231141,0.9710116823238585
single_shape,TinyCNN,release_early,auroc,10,causal_usefulness_random,50,0.1536238441208202,0.04120416451936146,0.14191375013108895,0.16533393811055144
single_shape,TinyCNN,release_early,auroc,11,fidelity,50,0.9894878644383434,0.00911892047622829,0.9868962959134836,0.9920794329632031
single_shape,TinyCNN,release_early,auroc,11,cf_accuracy,50,0.9871093952655792,0.013783093346257099,0.9831922834775688,0.9910265070535895
single_shape,TinyCNN,release_early,auroc,11,causal_usefulness_random,50,0.1012204974840682,0.02811462653613562,0.09323040902906166,0.10921058593907473
single_shape,TinyCNN,release_early,auroc,12,fidelity,50,0.9961993404414221,0.0034343426180494067,0.9952233110686775,0.9971753698141668
single_shape,TinyCNN,release_early,auroc,12,cf_accuracy,50,0.9956770992279053,0.005470389911007822,0.9941224316168613,0.9972317668389492
single_shape,TinyCNN,release_early,auroc,12,causal_usefulness_random,50,0.05674809479866509,0.02454943967487567,0.04977122123888331,0.06372496835844688
single_shape,TinyCNN,release_early,auroc,13,fidelity,50,0.9982383421686815,0.0023151577974056987,0.9975803816026824,0.9988963027346806
single_shape,TinyCNN,release_early,auroc,13,cf_accuracy,50,0.9982552182674408,0.0033955143013694265,0.9972902237802008,0.9992202127546808
single_shape,TinyCNN,release_early,auroc,13,causal_usefulness_random,50,0.02800527198969503,0.01752287443905699,0.02302532617486853,0.03298521780452153
single_shape,TinyCNN,release_early,auroc,14,fidelity,50,0.999485772250261,0.0007766991361728985,0.9992650367980944,0.9997065077024276
single_shape,TinyCNN,release_early,auroc,14,cf_accuracy,50,0.9993750059604645,0.0012951478204842333,0.9990069290224807,0.9997430828984483
single_shape,TinyCNN,release_early,auroc,14,causal_usefulness_random,50,0.010058743691259066,0.009205313272578692,0.007442622605339095,0.012674864777179037
single_shape,TinyCNN,release_early,auroc,15,fidelity,50,0.9998859263753133,0.00016464810858143067,0.9998391339005911,0.9999327188500354
single_shape,TinyCNN,release_early,auroc,15,cf_accuracy,50,0.9997916686534881,0.0006634101434242182,0.999603129576823,0.9999802077301533
single_shape,TinyCNN,release_early,auroc,15,causal_usefulness_random,50,0.0018506356621306797,0.00307303055533494,0.0009772900414621933,0.0027239812827991663
single_shape,TinyCNN,release_early,auroc,16,fidelity,50,1.0,0.0,1.0,1.0
single_shape,TinyCNN,release_early,auroc,16,cf_accuracy,50,0.99984375,0.0007732369676646773,0.9996239984852366,1.0000635015147634
single_shape,TinyCNN,release_early,auroc,16,causal_usefulness_random,50,0.0,0.0,0.0,0.0
single_shape,TinyCNN,release_early,validation_patch,1,fidelity,50,0.07407051668680212,0.04552774465413889,0.06113167481828332,0.08700935855532091
single_shape,TinyCNN,release_early,validation_patch,1,cf_accuracy,50,0.016562500519212334,0.030691446536234727,0.007840087922999114,0.025284913115425554
single_shape,TinyCNN,release_early,validation_patch,1,causal_usefulness_random,50,0.062047753867860156,0.04421797608650211,0.049481144107690875,0.07461436362802944
single_shape,TinyCNN,release_early,validation_patch,1,causal_usefulness_energy,50,0.06370808873410759,0.04429412952173858,0.05111983640710891,0.07629634106110628
single_shape,TinyCNN,release_early,validation_patch,2,fidelity,50,0.2535854159680119,0.06623421878590367,0.23476185926284185,0.27240897267318187
single_shape,TinyCNN,release_early,validation_patch,2,cf_accuracy,50,0.1644791705906391,0.0786341842239937,0.14213158269970816,0.18682675848157004
single_shape,TinyCNN,release_early,validation_patch,2,causal_usefulness_random,50,0.21352087976472547,0.06460017654912695,0.1951617127249946,0.23188004680445634
single_shape,TinyCNN,release_early,validation_patch,2,causal_usefulness_energy,50,0.19618970401736097,0.05016323363352735,0.18193347075721486,0.21044593727750707
single_shape,TinyCNN,release_early,validation_patch,3,fidelity,50,0.4131884728100449,0.06542207039989861,0.3945957261223734,0.43178121949771636
single_shape,TinyCNN,release_early,validation_patch,3,cf_accuracy,50,0.3213802161812782,0.07548082182978762,0.29992880396701915,0.34283162839553727
single_shape,TinyCNN,release_early,validation_patch,3,causal_usefulness_random,50,0.3271663145466191,0.06405426634215339,0.30896229347109316,0.34537033562214503
single_shape,TinyCNN,release_early,validation_patch,4,fidelity,50,0.5584492313693787,0.06516435368454358,0.5399297269618198,0.5769687357769376
single_shape,TinyCNN,release_early,validation_patch,4,cf_accuracy,50,0.4615885537862778,0.0787690712054609,0.43920263143936655,0.483974476133189
single_shape,TinyCNN,release_early,validation_patch,4,causal_usefulness_random,50,0.40513902040652666,0.06836528848492655,0.3857098203940521,0.4245682204190012
single_shape,TinyCNN,release_early,validation_patch,4,causal_usefulness_energy,50,0.36676418095894164,0.07051094153663606,0.34672519309618643,0.38680316882169685
single_shape,TinyCNN,release_early,validation_patch,5,fidelity,50,0.6874634649608121,0.0708061626330839,0.6673405761907705,0.7075863537308538
single_shape,TinyCNN,release_early,validation_patch,5,cf_accuracy,50,0.602942727804184,0.08274014400498285,0.579428239054704,0.626457216553664
single_shape,TinyCNN,release_early,validation_patch,5,causal_usefulness_random,50,0.43673792324492794,0.08090923332580445,0.413743773553164,0.4597320729366919
single_shape,TinyCNN,release_early,validation_patch,6,fidelity,50,0.7918413563800454,0.061538188040325466,0.7743523968460799,0.8093303159140108
single_shape,TinyCNN,release_early,validation_patch,6,cf_accuracy,50,0.7223177289962769,0.07742199155479457,0.7003146424501874,0.7443208155423664
single_shape,TinyCNN,release_early,validation_patch,6,causal_usefulness_random,50,0.4280949181221733,0.07845139236025775,0.40579927910412633,0.4503905571402203
single_shape,TinyCNN,release_early,validation_patch,7,fidelity,50,0.8784453714602158,0.05143210588089823,0.8638285286973412,0.8930622142230905
single_shape,TinyCNN,release_early,validation_patch,7,cf_accuracy,50,0.8328906440734863,0.06899994130801174,0.8132810777243595,0.8525002104226131
single_shape,TinyCNN,release_early,validation_patch,7,causal_usefulness_random,50,0.39077860913460005,0.07866398280788575,0.36842255257982875,0.41313466568937135
single_shape,TinyCNN,release_early,validation_patch,8,fidelity,50,0.935224700565101,0.040573095216801316,0.9236939544867572,0.9467554466434448
single_shape,TinyCNN,release_early,validation_patch,8,cf_accuracy,50,0.9096614813804627,0.060727053785126925,0.8924030436512095,0.9269199191097158
single_shape,TinyCNN,release_early,validation_patch,8,causal_usefulness_random,50,0.32487170091316275,0.07145080965413939,0.3045656054868324,0.3451777963394931
single_shape,TinyCNN,release_early,validation_patch,8,causal_usefulness_energy,50,0.2807155877411667,0.0760952240878597,0.2590895643371541,0.3023416111451794
single_shape,TinyCNN,release_early,validation_patch,9,fidelity,50,0.9706903173643213,0.02297889069799208,0.9641597888851718,0.9772208458434708
single_shape,TinyCNN,release_early,validation_patch,9,cf_accuracy,50,0.9610416841506958,0.03587845066680387,0.9508451412911315,0.9712382270102601
single_shape,TinyCNN,release_early,validation_patch,9,causal_usefulness_random,50,0.2466759149640876,0.05181247134617753,0.23195097353204136,0.26140085639613386
single_shape,TinyCNN,release_early,validation_patch,10,fidelity,50,0.9912152829663579,0.008613897823175771,0.9887672402914498,0.9936633256412659
single_shape,TinyCNN,release_early,validation_patch,10,cf_accuracy,50,0.9903385555744171,0.01331536189895065,0.9865543715929477,0.9941227395558865
single_shape,TinyCNN,release_early,validation_patch,10,causal_usefulness_random,50,0.17201775862412683,0.03411051975082036,0.1623236561716187,0.18171186107663495
single_shape,TinyCNN,release_early,validation_patch,11,fidelity,50,0.9972739723460424,0.0033874220238873385,0.9963112776586167,0.9982366670334681
single_shape,TinyCNN,release_early,validation_patch,11,cf_accuracy,50,0.997812510728836,0.004079047066913638,0.9966532583790001,0.998971763078672
single_shape,TinyCNN,release_early,validation_patch,11,causal_usefulness_random,50,0.10900660539176718,0.027260841481691403,0.10125915996450294,0.11675405081903142
single_shape,TinyCNN,release_early,validation_patch,12,fidelity,50,0.9991175592071281,0.0008807336672545427,0.9988672574683651,0.999367860945891
single_shape,TinyCNN,release_early,validation_patch,12,cf_accuracy,50,0.9991406309604645,0.001634570498198472,0.9986760911647904,0.9996051707561385
single_shape,TinyCNN,release_early,validation_patch,12,causal_usefulness_random,50,0.059666313564371125,0.024231610648727125,0.05277976601440603,0.06655286111433621
single_shape,TinyCNN,release_early,validation_patch,13,fidelity,50,0.9996588423718414,0.0005026266223570791,0.9995159974662792,0.9998016872774037
single_shape,TinyCNN,release_early,validation_patch,13,cf_accuracy,50,0.9995312535762787,0.0011985800827978373,0.9991906208856878,0.9998718862668696
single_shape,TinyCNN,release_early,validation_patch,13,causal_usefulness_random,50,0.029425772192855183,0.017016135373183576,0.024589840027106753,0.03426170435860361
single_shape,TinyCNN,release_early,validation_patch,14,fidelity,50,0.9999211014545913,8.699983977409984e-05,0.9998963763736989,0.9999458265354838
single_shape,TinyCNN,release_early,validation_patch,14,cf_accuracy,50,0.9998697924613953,0.0006576483455807446,0.9996828908695593,1.0000566940532314
single_shape,TinyCNN,release_early,validation_patch,14,causal_usefulness_random,50,0.010494072895589547,0.009104020606667878,0.00790673886680621,0.013081406924372884
single_shape,TinyCNN,release_early,validation_patch,15,fidelity,50,0.9999796560111602,2.7081097758546423e-05,0.9999719596483339,0.9999873523739866
single_shape,TinyCNN,release_early,validation_patch,15,cf_accuracy,50,0.9997656261920929,0.000860088632942606,0.9995211917071629,1.0000100606770228
single_shape,TinyCNN,release_early,validation_patch,15,causal_usefulness_random,50,0.0019443652979775105,0.0030751083378438853,0.0010704291780535779,0.002818301417901443
single_shape,TinyCNN,release_early,validation_patch,16,fidelity,50,1.0,0.0,1.0,1.0
single_shape,TinyCNN,release_early,validation_patch,16,cf_accuracy,50,0.99984375,0.0007732369676646773,0.9996239984852366,1.0000635015147634
single_shape,TinyCNN,release_early,validation_patch,16,causal_usefulness_random,50,0.0,0.0,0.0,0.0
single_shape,TinyCNN,release_late,contrast,1,fidelity,50,0.028574343134798008,0.01513769421464816,0.0242722580395391,0.03287642823005692
single_shape,TinyCNN,release_late,contrast,1,cf_accuracy,50,0.0026302084419876338,0.00551480629793446,0.0010629178334466132,0.0041974990505286545
single_shape,TinyCNN,release_late,contrast,1,causal_usefulness_random,50,0.012494573928437194,0.01419628501396071,0.008460034367748406,0.01652911348912598
single_shape,TinyCNN,release_late,contrast,1,causal_usefulness_energy,50,0.011225434225588415,0.01681708986620113,0.006446070167024951,0.01600479828415188
single_shape,TinyCNN,release_late,contrast,2,fidelity,50,0.13884121707000868,0.044276440683220356,0.12625799185529427,0.1514244422847231
single_shape,TinyCNN,release_late,contrast,2,cf_accuracy,50,0.04932291777571663,0.03909228653559991,0.038213012868161075,0.060432822683272186
single_shape,TinyCNN,release_late,contrast,2,causal_usefulness_random,50,0.08947507582106093,0.04256286378570257,0.07737884377227118,0.10157130786985068
single_shape,TinyCNN,release_late,contrast,2,causal_usefulness_energy,50,0.08476867262821983,0.04632512848804182,0.07160321678148268,0.09793412847495697
single_shape,TinyCNN,release_late,contrast,3,fidelity,50,0.3295291792384568,0.06686065434693088,0.31052759151667214,0.3485307669602415
single_shape,TinyCNN,release_late,contrast,3,cf_accuracy,50,0.20606771409511565,0.06713757497752132,0.1869874264008953,0.225148001789336
single_shape,TinyCNN,release_late,contrast,3,causal_usefulness_random,50,0.2298928498443157,0.07065738825691029,0.2098122422841609,0.24997345740447052
single_shape,TinyCNN,release_late,contrast,4,fidelity,50,0.5136261368623996,0.06115890525358512,0.4962449683037694,0.5310073054210297
single_shape,TinyCNN,release_late,contrast,4,cf_accuracy,50,0.402317721247673,0.06621893277804597,0.38349850877786923,0.4211369337174768
single_shape,TinyCNN,release_late,contrast,4,causal_usefulness_random,50,0.3452129904986272,0.07019283780109749,0.3252644067172335,0.3651615742800209
single_shape,TinyCNN,release_late,contrast,4,causal_usefulness_energy,50,0.3105132247034168,0.06649517814147243,0.29161550416998194,0.32941094523685166
single_shape,TinyCNN,release_late,contrast,5,fidelity,50,0.6645490590365428,0.051783370693528036,0.6498323879184724,0.6792657301546132
single_shape,TinyCNN,release_late,contrast,5,cf_accuracy,50,0.5729166865348816,0.05727838313289168,0.5566383501606341,0.5891950229091291
single_shape,TinyCNN,release_late,contrast,5,causal_usefulness_random,50,0.3992427116373415,0.06316792288017654,0.38129058658659853,0.41719483668808444
single_shape,TinyCNN,release_late,contrast,6,fidelity,50,0.7818651093973351,0.034977300788646755,0.7719246704994734,0.7918055482951968
single_shape,TinyCNN,release_late,contrast,6,cf_accuracy,50,0.7162760603427887,0.04528405709678523,0.7034064737117932,0.7291456469737841
single_shape,TinyCNN,release_late,contrast,6,causal_usefulness_random,50,0.40609870764106537,0.051357292355118864,0.3915031266469657,0.42069428863516506
single_shape,TinyCNN,release_late,contrast,7,fidelity,50,0.8528167483073394,0.03550996512925206,0.842724927878843,0.8629085687358359
single_shape,TinyCNN,release_late,contrast,7,cf_accuracy,50,0.8014323103427887,0.04575836265263596,0.7884279275642764,0.8144366931213011
single_shape,TinyCNN,release_late,contrast,7,causal_usefulness_random,50,0.3577702986252768,0.055260964637122906,0.34206530624374576,0.3734752910068079
single_shape,TinyCNN,release_late,contrast,8,fidelity,50,0.9125083320729378,0.026635753238996588,0.9049385347586548,0.9200781293872208
single_shape,TinyCNN,release_late,contrast,8,cf_accuracy,50,0.8817968964576721,0.03850247762632691,0.8708546133874753,0.892739179527869
single_shape,TinyCNN,release_late,contrast,8,causal_usefulness_random,50,0.2972337610405065,0.058501302844166166,0.28060787472979104,0.3138596473512219
single_shape,TinyCNN,release_late,contrast,8,causal_usefulness_energy,50,0.2470586874968351,0.059808089727851656,0.2300614164629732,0.264055958530697
single_shape,TinyCNN,release_late,contrast,9,fidelity,50,0.9470184336577878,0.020046040186494637,0.941321412071645,0.9527154552439306
single_shape,TinyCNN,release_late,contrast,9,cf_accuracy,50,0.926848977804184,0.03180062725499592,0.9178113395355223,0.9358866160728456
single_shape,TinyCNN,release_late,contrast,9,causal_usefulness_random,50,0.2240425670498127,0.0511973527760299,0.20949244038115944,0.23859269371846598
single_shape,TinyCNN,release_late,contrast,10,fidelity,50,0.9697904742856955,0.01505022875992032,0.9655132465976348,0.9740677019737563
single_shape,TinyCNN,release_late,contrast,10,cf_accuracy,50,0.9588281440734864,0.023150659556965845,0.9522487994247445,0.9654074887222283
single_shape,TinyCNN,release_late,contrast,10,causal_usefulness_random,50,0.15636430346825628,0.0381933377237979,0.14550987698626647,0.1672187299502461
single_shape,TinyCNN,release_late,contrast,11,fidelity,50,0.9824814600245781,0.011017974836003853,0.9793501862222548,0.9856127338269015
single_shape,TinyCNN,release_late,contrast,11,cf_accuracy,50,0.9765625202655792,0.015840525289556567,0.9720606927888866,0.9810643477422718
single_shape,TinyCNN,release_late,contrast,11,causal_usefulness_random,50,0.10053308875399428,0.025646479378105602,0.09324443996020058,0.10782173754778797
single_shape,TinyCNN,release_late,contrast,12,fidelity,50,0.993372551186408,0.005712309611358558,0.9917491307572418,0.9949959716155742
single_shape,TinyCNN,release_late,contrast,12,cf_accuracy,50,0.9922656404972077,0.008953376051417184,0.9897211191773241,0.9948101618170913
single_shape,TinyCNN,release_late,contrast,12,causal_usefulness_random,50,0.05981571749334267,0.02232075941842208,0.05347222785435042,0.06615920713233492
single_shape,TinyCNN,release_late,contrast,13,fidelity,50,0.9973687857720996,0.0031106098860558106,0.9964847602238086,0.9982528113203907
single_shape,TinyCNN,release_late,contrast,13,cf_accuracy,50,0.9971354305744171,0.00454873764178886,0.9958426936401457,0.9984281675086886
single_shape,TinyCNN,release_late,contrast,13,causal_usefulness_random,50,0.03256118863712097,0.017418357400201184,0.02761094623608302,0.037511431038158925
single_shape,TinyCNN,release_late,contrast,14,fidelity,50,0.9994307879202341,0.0005230761121997999,0.9992821313339619,0.9995794445065063
single_shape,TinyCNN,release_late,contrast,14,cf_accuracy,50,0.9994791734218598,0.0009484682013274744,0.9992096217415048,0.9997487251022147
single_shape,TinyCNN,release_late,contrast,14,causal_usefulness_random,50,0.012491078777979224,0.009125749445082789,0.009897569481644794,0.015084588074313654
single_shape,TinyCNN,release_late,contrast,15,fidelity,50,0.9998852988264896,0.0001127518236744212,0.9998532551127499,0.9999173425402292
single_shape,TinyCNN,release_late,contrast,15,cf_accuracy,50,0.9997916686534881,0.0007136608185952097,0.9995888484929528,0.9999944888140234
single_shape,TinyCNN,release_late,contrast,15,causal_usefulness_random,50,0.002658367281013616,0.003103920173328034,0.001776242928044028,0.0035404916339832043
single_shape,TinyCNN,release_late,contrast,16,fidelity,50,1.0,0.0,1.0,1.0
single_shape,TinyCNN,release_late,contrast,16,cf_accuracy,50,1.0,0.0,1.0,1.0
single_shape,TinyCNN,release_late,contrast,16,causal_usefulness_random,50,0.0,0.0,0.0,0.0
single_shape,TinyCNN,release_late,auroc,1,fidelity,50,0.037230035860892775,0.021076991080667247,0.0312400212724556,0.04322005044932995
single_shape,TinyCNN,release_late,auroc,1,cf_accuracy,50,0.007083333572372794,0.015453907224717693,0.0026913817339852836,0.011475285410760304
single_shape,TinyCNN,release_late,auroc,1,causal_usefulness_random,50,0.02115026665453197,0.02100430959155937,0.015180907916752001,0.02711962539231194
single_shape,TinyCNN,release_late,auroc,1,causal_usefulness_energy,50,0.020663051721017754,0.021752791691611983,0.01448097672400799,0.026845126718027516
single_shape,TinyCNN,release_late,auroc,2,fidelity,50,0.17520234132927953,0.05481386892799461,0.15962441214238837,0.1907802705161707
single_shape,TinyCNN,release_late,auroc,2,cf_accuracy,50,0.08013021080754697,0.0586850393900807,0.06345210714824298,0.09680831446685095
single_shape,TinyCNN,release_late,auroc,2,causal_usefulness_random,50,0.1258362000803318,0.05466499326344433,0.11030058088916567,0.14137181927149794
single_shape,TinyCNN,release_late,auroc,2,causal_usefulness_energy,50,0.12312906150684919,0.05347288139315738,0.10793223676061774,0.13832588625308065
single_shape,TinyCNN,release_late,auroc,3,fidelity,50,0.3670001288915131,0.06851072315401774,0.3475295968034028,0.38647066097962346
single_shape,TinyCNN,release_late,auroc,3,cf_accuracy,50,0.23846354931592942,0.06876003178961142,0.21892216449753543,0.2580049341343234
single_shape,TinyCNN,release_late,auroc,3,causal_usefulness_random,50,0.267363799497372,0.06904336852279128,0.24774189127036186,0.28698570772438214
single_shape,TinyCNN,release_late,auroc,4,fidelity,50,0.5425553496688563,0.06230690236387023,0.5248479239413649,0.5602627753963477
single_shape,TinyCNN,release_late,auroc,4,cf_accuracy,50,0.43250001311302183,0.07031465226074865,0.4125168100452414,0.4524832161808023
single_shape,TinyCNN,release_late,auroc,4,causal_usefulness_random,50,0.374142203305084,0.06970577254036676,0.3543320419392112,0.39395236467095684
single_shape,TinyCNN,release_late,auroc,4,causal_usefulness_energy,50,0.33958593366475776,0.06872440031431774,0.3200546751995989,0.3591171921299166
single_shape,TinyCNN,release_late,auroc,5,fidelity,50,0.6763217811491493,0.05204990076940653,0.6615293630216192,0.6911141992766794
single_shape,TinyCNN,release_late,auroc,5,cf_accuracy,50,0.5891146039962769,0.06520674593710105,0.5705830518438438,0.60764615614871
single_shape,TinyCNN,release_late,auroc,5,causal_usefulness_random,50,0.411015433749948,0.06405156099964339,0.3928121815242564,0.42921868597563956
single_shape,TinyCNN,release_late,auroc,6,fidelity,50,0.7729017962479768,0.03712795108088119,0.7623501492997912,0.7834534431961625
single_shape,TinyCNN,release_late,auroc,6,cf_accuracy,50,0.7052604377269744,0.04631789833819076,0.6920970366660897,0.7184238387878592
single_shape,TinyCNN,release_late,auroc,6,causal_usefulness_random,50,0.39713539449170726,0.05536528851017454,0.3814007535935018,0.41287003538991274
single_shape,TinyCNN,release_late,auroc,7,fidelity,50,0.8490198793014957,0.03709809111169357,0.8384767184626583,0.8595630401403331
single_shape,TinyCNN,release_late,auroc,7,cf_accuracy,50,0.7971093904972076,0.047699410287441596,0.783553368084516,0.8106654129098992
single_shape,TinyCNN,release_late,auroc,7,causal_usefulness_random,50,0.353973429619433,0.056613760946193914,0.3378839767807377,0.3700628824581283
single_shape,TinyCNN,release_late,auroc,8,fidelity,50,0.9087102038836677,0.02409972696050544,0.9018611372631864,0.9155592705041491
single_shape,TinyCNN,release_late,auroc,8,cf_accuracy,50,0.8736718940734863,0.036382798351371565,0.8633320171878913,0.8840117709590813
single_shape,TinyCNN,release_late,auroc,8,causal_usefulness_random,50,0.2934356328512363,0.05463141037751218,0.2779095578106506,0.30896170789182203
single_shape,TinyCNN,release_late,auroc,8,causal_usefulness_energy,50,0.23937753235850315,0.058162708957515234,0.222847873365664,0.2559071913513423
single_shape,TinyCNN,release_late,auroc,9,fidelity,50,0.9439860899692952,0.022412989460663505,0.9376163888423157,0.9503557910962748
single_shape,TinyCNN,release_late,auroc,9,cf_accuracy,50,0.9230989813804626,0.03227230133412902,0.9139272948216925,0.9322706679392327
single_shape,TinyCNN,release_late,auroc,9,causal_usefulness_random,50,0.22101022336132017,0.053379953200752714,0.20583980851515704,0.2361806382074833
single_shape,TinyCNN,release_late,auroc,10,fidelity,50,0.9686546522262098,0.01849799875025329,0.9633975791484239,0.9739117253039957
single_shape,TinyCNN,release_late,auroc,10,cf_accuracy,50,0.9578906500339508,0.026959033979755423,0.9502289773497018,0.9655523227181998
single_shape,TinyCNN,release_late,auroc,10,causal_usefulness_random,50,0.15522848140877055,0.03877387590257014,0.14420906780187845,0.16624789501566264
single_shape,TinyCNN,release_late,auroc,11,fidelity,50,0.98328999969666,0.011197260264091957,0.9801077735394378,0.9864722258538822
single_shape,TinyCNN,release_late,auroc,11,cf_accuracy,50,0.9774479365348816,0.016477421985589363,0.9727651050199009,0.9821307680498623
single_shape,TinyCNN,release_late,auroc,11,causal_usefulness_random,50,0.10134162842607602,0.025375597473661304,0.09412996341773609,0.10855329343441596
single_shape,TinyCNN,release_late,auroc,12,fidelity,50,0.9922635825268231,0.007017167345645346,0.9902693256327034,0.9942578394209428
single_shape,TinyCNN,release_late,auroc,12,cf_accuracy,50,0.9903385519981385,0.010585010426629618,0.9873303253195008,0.9933467786767761
single_shape,TinyCNN,release_late,auroc,12,causal_usefulness_random,50,0.058706748833757816,0.02163527640537156,0.05255807131157026,0.06485542635594538
single_shape,TinyCNN,release_late,auroc,13,fidelity,50,0.9973824064159322,0.0026923466768647283,0.996617249956463,0.9981475628754015
single_shape,TinyCNN,release_late,auroc,13,cf_accuracy,50,0.9971093893051147,0.004244084107829519,0.9959032339472101,0.9983155446630193
single_shape,TinyCNN,release_late,auroc,13,causal_usefulness_random,50,0.03257480928095339,0.01827294357392538,0.027381696176592894,0.03776792238531389
single_shape,TinyCNN,release_late,auroc,14,fidelity,50,0.9992363412751563,0.0008500363668386349,0.9989947636126437,0.9994779189376688
single_shape,TinyCNN,release_late,auroc,14,cf_accuracy,50,0.9993750059604645,0.00139793259147626,0.9989777179137719,0.9997722940071571
single_shape,TinyCNN,release_late,auroc,14,causal_usefulness_random,50,0.012296632132901456,0.009119522905116466,0.009704892399646073,0.014888371866156838
single_shape,TinyCNN,release_late,auroc,15,fidelity,50,0.999832815611795,0.00037097077255955266,0.9997273868847528,0.9999382443388373
single_shape,TinyCNN,release_late,auroc,15,cf_accuracy,50,0.9996875035762787,0.001037664473676584,0.9993926025958002,0.9999824045567571
single_shape,TinyCNN,release_late,auroc,15,causal_usefulness_random,50,0.002605884066318995,0.0031435710690537444,0.001712491053466571,0.0034992770791714193
single_shape,TinyCNN,release_late,auroc,16,fidelity,50,1.0,0.0,1.0,1.0
single_shape,TinyCNN,release_late,auroc,16,cf_accuracy,50,1.0,0.0,1.0,1.0
single_shape,TinyCNN,release_late,auroc,16,causal_usefulness_random,50,0.0,0.0,0.0,0.0
single_shape,TinyCNN,release_late,validation_patch,1,fidelity,50,0.10153832140231055,0.04573157177441211,0.08854155250714535,0.11453509029747574
single_shape,TinyCNN,release_late,validation_patch,1,cf_accuracy,50,0.019921875584404915,0.029726134971442865,0.011473801499479205,0.028369949669330624
single_shape,TinyCNN,release_late,validation_patch,1,causal_usefulness_random,50,0.08545855219594975,0.04412582048988503,0.07291813276655537,0.09799897162534413
single_shape,TinyCNN,release_late,validation_patch,1,causal_usefulness_energy,50,0.08921909012221359,0.045709071877901575,0.07622871562688566,0.10220946461754152
single_shape,TinyCNN,release_late,validation_patch,2,fidelity,50,0.2829543835087256,0.06361635504388904,0.2648748154471524,0.3010339515702988
single_shape,TinyCNN,release_late,validation_patch,2,cf_accuracy,50,0.1809895871579647,0.07106531357617,0.1607930485047992,0.2011861258111302
single_shape,TinyCNN,release_late,validation_patch,2,causal_usefulness_random,50,0.23358824225977787,0.06388676284829102,0.21543182515049214,0.2517446593690636
single_shape,TinyCNN,release_late,validation_patch,2,causal_usefulness_energy,50,0.21901566648309634,0.05926850041566409,0.20217174503501725,0.23585958793117542
single_shape,TinyCNN,release_late,validation_patch,3,fidelity,50,0.44195619867649855,0.0673452479834064,0.4228168909670343,0.4610955063859628
single_shape,TinyCNN,release_late,validation_patch,3,cf_accuracy,50,0.3334114661812782,0.06741304133524566,0.31425289181439775,0.35257004054815866
single_shape,TinyCNN,release_late,validation_patch,3,causal_usefulness_random,50,0.34231986928235736,0.06692354943148111,0.32330040697531737,0.36133933158939735
single_shape,TinyCNN,release_late,validation_patch,4,fidelity,50,0.5916367327467085,0.07752275052235089,0.5696050108188764,0.6136684546745406
single_shape,TinyCNN,release_late,validation_patch,4,cf_accuracy,50,0.48757813990116117,0.08543161281154998,0.46329874418018996,0.5118575356221324
single_shape,TinyCNN,release_late,validation_patch,4,causal_usefulness_random,50,0.42322358638293617,0.08081873575941334,0.4002551558149706,0.4461920169509017
single_shape,TinyCNN,release_late,validation_patch,4,causal_usefulness_energy,50,0.3737038239230746,0.09226827069259165,0.34748147153021125,0.39992617631593796
single_shape,TinyCNN,release_late,validation_patch,5,fidelity,50,0.7117423773721951,0.06795069852595403,0.6924310025223807,0.7310537522220096
single_shape,TinyCNN,release_late,validation_patch,5,cf_accuracy,50,0.6191666841506958,0.08573968505385555,0.5947997352671958,0.6435336330341958
single_shape,TinyCNN,release_late,validation_patch,5,causal_usefulness_random,50,0.4464360299729939,0.07978791147379563,0.42376055642556953,0.4691115035204183
single_shape,TinyCNN,release_late,validation_patch,6,fidelity,50,0.8138960194256076,0.06576326989716344,0.7952063049137168,0.8325857339374985
single_shape,TinyCNN,release_late,validation_patch,6,cf_accuracy,50,0.7447396004199982,0.08339557339045868,0.7210388407001664,0.76844036013983
single_shape,TinyCNN,release_late,validation_patch,6,causal_usefulness_random,50,0.43812961766933795,0.08244531608918627,0.4146989180864397,0.4615603172522362
single_shape,TinyCNN,release_late,validation_patch,7,fidelity,50,0.8882809651798275,0.05850110522613417,0.8716551350315354,0.9049067953281196
single_shape,TinyCNN,release_late,validation_patch,7,cf_accuracy,50,0.8451823115348815,0.0812679391273818,0.8220862187822613,0.8682784042875018
single_shape,TinyCNN,release_late,validation_patch,7,causal_usefulness_random,50,0.3932345154977647,0.08381631907956145,0.3694141811761266,0.41705484981940283
single_shape,TinyCNN,release_late,validation_patch,8,fidelity,50,0.9434197189162079,0.044138167486375876,0.930875790509236,0.9559636473231798
single_shape,TinyCNN,release_late,validation_patch,8,cf_accuracy,50,0.9245312654972077,0.06331237016309055,0.9065380889828757,0.9425244420115396
single_shape,TinyCNN,release_late,validation_patch,8,causal_usefulness_random,50,0.3281451478837767,0.07424598357380845,0.30704467281891273,0.34924562294864064
single_shape,TinyCNN,release_late,validation_patch,8,causal_usefulness_energy,50,0.27900562023207826,0.06799039385256861,0.25968296409526204,0.2983282763688945
single_shape,TinyCNN,release_late,validation_patch,9,fidelity,50,0.9755822757359033,0.025424611208134506,0.9683566811783499,0.9828078702934566
single_shape,TinyCNN,release_late,validation_patch,9,cf_accuracy,50,0.9694531440734864,0.040436278286482226,0.9579612809365179,0.9809450072104549
single_shape,TinyCNN,release_late,validation_patch,9,causal_usefulness_random,50,0.25260640912792826,0.057008666757351556,0.236404725299485,0.26880809295637154
single_shape,TinyCNN,release_late,validation_patch,10,fidelity,50,0.9909221262948188,0.011436768241431167,0.9876718327235706,0.994172419866067
single_shape,TinyCNN,release_late,validation_patch,10,cf_accuracy,50,0.9913021016120911,0.016043326444415248,0.9867426386848968,0.9958615645392854
single_shape,TinyCNN,release_late,validation_patch,10,causal_usefulness_random,50,0.17749595547737948,0.03961418652974157,0.16623772823260563,0.18875418272215333
single_shape,TinyCNN,release_late,validation_patch,11,fidelity,50,0.9967279077620453,0.004848124567896126,0.9953500860047977,0.998105729519293
single_shape,TinyCNN,release_late,validation_patch,11,cf_accuracy,50,0.9970833456516266,0.007644880954611993,0.9949106945236866,0.9992559967795666
single_shape,TinyCNN,release_late,validation_patch,11,causal_usefulness_random,50,0.11477953649146161,0.028517049071167096,0.1066750808174185,0.12288399216550472
single_shape,TinyCNN,release_late,validation_patch,12,fidelity,50,0.9989336959637041,0.0010685839122130903,0.9986300077760197,0.9992373841513884
single_shape,TinyCNN,release_late,validation_patch,12,cf_accuracy,50,0.9990625095367431,0.0013679057491536712,0.9986737550242192,0.9994512640492671
single_shape,TinyCNN,release_late,validation_patch,12,causal_usefulness_random,50,0.06537686227063876,0.022920263952052336,0.05886299532833335,0.07189072921294416
single_shape,TinyCNN,release_late,validation_patch,13,fidelity,50,0.9996621937815126,0.00040786194672256,0.9995462806987776,0.9997781068642475
single_shape,TinyCNN,release_late,validation_patch,13,cf_accuracy,50,0.9995833384990692,0.0009643856232910916,0.9993092631374446,0.9998574138606938
single_shape,TinyCNN,release_late,validation_patch,13,causal_usefulness_random,50,0.03485459664653388,0.018228020945167605,0.02967425041200694,0.04003494288106081
single_shape,TinyCNN,release_late,validation_patch,14,fidelity,50,0.999901103856758,0.0001419483286093252,0.9998607625881244,0.9999414451253916
single_shape,TinyCNN,release_late,validation_patch,14,cf_accuracy,50,0.9998177111148834,0.0006448910458791136,0.9996344351075072,1.0000009871222595
single_shape,TinyCNN,release_late,validation_patch,14,causal_usefulness_random,50,0.012961394714503065,0.009119988659162302,0.010369522615412421,0.01555326681359371
single_shape,TinyCNN,release_late,validation_patch,15,fidelity,50,0.9999740938021546,3.217134323199133e-05,0.999964950807571,0.9999832367967383
single_shape,TinyCNN,release_late,validation_patch,15,cf_accuracy,50,0.9998958349227905,0.0004433107685400327,0.9997698473963641,1.000021822449217
single_shape,TinyCNN,release_late,validation_patch,15,causal_usefulness_random,50,0.0027471622566785257,0.003101381320240164,0.0018657594377730759,0.0036285650755839755
single_shape,TinyCNN,release_late,validation_patch,16,fidelity,50,1.0,0.0,1.0,1.0
single_shape,TinyCNN,release_late,validation_patch,16,cf_accuracy,50,1.0,0.0,1.0,1.0
single_shape,TinyCNN,release_late,validation_patch,16,causal_usefulness_random,50,0.0,0.0,0.0,0.0
single_shape,TinyCNN,retention_0p1,contrast,1,fidelity,50,0.069317639578412,0.024021953947451567,0.06249067580368303,0.07614460335314097
single_shape,TinyCNN,retention_0p1,contrast,1,cf_accuracy,50,0.004192708435002714,0.00641830046134175,0.0023686476262625967,0.006016769243742831
single_shape,TinyCNN,retention_0p1,contrast,1,causal_usefulness_random,50,0.03402379398259216,0.02422099449627357,0.02714026350977183,0.04090732445541249
single_shape,TinyCNN,retention_0p1,contrast,1,causal_usefulness_energy,50,0.03401781148495666,0.02408717158862257,0.027172313061684043,0.04086330990822928
single_shape,TinyCNN,retention_0p1,contrast,2,fidelity,50,0.23080872248347425,0.05513988596267973,0.21513814028048756,0.24647930468646095
single_shape,TinyCNN,retention_0p1,contrast,2,cf_accuracy,50,0.07765625186963007,0.05293845276869426,0.06261131005795795,0.0927011936813022
single_shape,TinyCNN,retention_0p1,contrast,2,causal_usefulness_random,50,0.14172804873839198,0.05430409290767945,0.1262949962934815,0.15716110118330245
single_shape,TinyCNN,retention_0p1,contrast,2,causal_usefulness_energy,50,0.12616798403442497,0.0537523760210332,0.11089172779382327,0.14144424027502667
single_shape,TinyCNN,retention_0p1,contrast,3,fidelity,50,0.4105340825450067,0.06823368084429826,0.3911422850101579,0.42992588007985544
single_shape,TinyCNN,retention_0p1,contrast,3,cf_accuracy,50,0.2426302184164524,0.0694273667066095,0.22289917911308507,0.2623612577198198
single_shape,TinyCNN,retention_0p1,contrast,3,causal_usefulness_random,50,0.25723057581740655,0.07037041221246944,0.23723152594668442,0.27722962568812864
single_shape,TinyCNN,retention_0p1,contrast,4,fidelity,50,0.5732273851610339,0.05424668761279261,0.5578106471204191,0.5886441232016487
single_shape,TinyCNN,retention_0p1,contrast,4,cf_accuracy,50,0.43057292759418486,0.07211767871542334,0.4100773100776102,0.4510685451107595
single_shape,TinyCNN,retention_0p1,contrast,4,causal_usefulness_random,50,0.3398325036650734,0.05963217935775554,0.3228852258052419,0.35677978152490486
single_shape,TinyCNN,retention_0p1,contrast,4,causal_usefulness_energy,50,0.29896054486959384,0.06500148039716219,0.280487328538153,0.31743376120103467
single_shape,TinyCNN,retention_0p1,contrast,5,fidelity,50,0.7077671824537269,0.044225019579597395,0.6951985709549683,0.7203357939524856
single_shape,TinyCNN,retention_0p1,contrast,5,cf_accuracy,50,0.6016666895151138,0.05991364534821824,0.5846394199058639,0.6186939591243638
single_shape,TinyCNN,retention_0p1,contrast,5,causal_usefulness_random,50,0.37529932002733135,0.05479312504389967,0.3597272861870707,0.390871353867592
single_shape,TinyCNN,retention_0p1,contrast,6,fidelity,50,0.800158245077464,0.035797687659338766,0.7899846548106616,0.8103318353442664
single_shape,TinyCNN,retention_0p1,contrast,6,cf_accuracy,50,0.7272135603427887,0.047010072023573005,0.7138534456970614,0.740573674988516
single_shape,TinyCNN,retention_0p1,contrast,6,causal_usefulness_random,50,0.36544985533697477,0.05565625084219314,0.3496325238589419,0.38126718681500765
single_shape,TinyCNN,retention_0p1,contrast,7,fidelity,50,0.8523864940459472,0.03400556809198119,0.8427222185248603,0.8620507695670342
single_shape,TinyCNN,retention_0p1,contrast,7,cf_accuracy,50,0.7912239766120911,0.05024980760597168,0.7769431393012085,0.8055048139229737
single_shape,TinyCNN,retention_0p1,contrast,7,causal_usefulness_random,50,0.313679461712296,0.05756158658021136,0.2973206398088547,0.3300382836157373
single_shape,TinyCNN,retention_0p1,contrast,8,fidelity,50,0.9039529786099423,0.03085273991816336,0.8951847269417726,0.9127212302781119
single_shape,TinyCNN,retention_0p1,contrast,8,cf_accuracy,50,0.8630208539962768,0.0500091935416646,0.8488083984458584,0.8772333095466952
single_shape,TinyCNN,retention_0p1,contrast,8,causal_usefulness_random,50,0.26326855194874793,0.052700907268954406,0.24829111982113905,0.2782459840763568
single_shape,TinyCNN,retention_0p1,contrast,8,causal_usefulness_energy,50,0.2031126233840282,0.05553653452034939,0.18732931490821483,0.21889593185984155
single_shape,TinyCNN,retention_0p1,contrast,9,fidelity,50,0.9397418620944303,0.021658798462029564,0.9335864996777058,0.9458972245111549
single_shape,TinyCNN,retention_0p1,contrast,9,cf_accuracy,50,0.913958351612091,0.03777080684378415,0.903224007077551,0.9246926961466311
single_shape,TinyCNN,retention_0p1,contrast,9,causal_usefulness_random,50,0.20501616357016253,0.04659784690951446,0.1917732020056071,0.21825912513471796
single_shape,TinyCNN,retention_0p1,contrast,10,fidelity,50,0.9656649267370773,0.014769664951417285,0.961467434401159,0.9698624190729955
single_shape,TinyCNN,retention_0p1,contrast,10,cf_accuracy,50,0.9521875178813934,0.022964810881087455,0.9456609908419342,0.9587140449208527
single_shape,TinyCNN,retention_0p1,contrast,10,causal_usefulness_random,50,0.15241251373637787,0.036225257688295764,0.1421174094118417,0.16270761806091405
single_shape,TinyCNN,retention_0p1,contrast,11,fidelity,50,0.9785499533115525,0.010157575051253413,0.9756632024225244,0.9814367042005806
single_shape,TinyCNN,retention_0p1,contrast,11,cf_accuracy,50,0.9707291877269745,0.01758425802985797,0.9657317968886633,0.9757265785652857
single_shape,TinyCNN,retention_0p1,contrast,11,causal_usefulness_random,50,0.10342089077282937,0.028589078572569284,0.09529596454098484,0.1115458170046739
single_shape,TinyCNN,retention_0p1,contrast,12,fidelity,50,0.9882221171641205,0.007470659296912162,0.986098979283458,0.9903452550447829
single_shape,TinyCNN,retention_0p1,contrast,12,cf_accuracy,50,0.9867968928813934,0.012727915460971111,0.9831796593303699,0.9904141264324169
single_shape,TinyCNN,retention_0p1,contrast,12,causal_usefulness_random,50,0.06347393969517531,0.022525443141724392,0.05707227958564939,0.06987559980470123
single_shape,TinyCNN,retention_0p1,contrast,13,fidelity,50,0.9946789827017216,0.004224531958638784,0.9934783840031353,0.995879581400308
single_shape,TinyCNN,retention_0p1,contrast,13,cf_accuracy,50,0.9953906393051147,0.006764334814983956,0.993468236621176,0.9973130419890535
single_shape,TinyCNN,retention_0p1,contrast,13,causal_usefulness_random,50,0.036848391136119464,0.016230291119088778,0.032235793436294166,0.04146098883594476
single_shape,TinyCNN,retention_0p1,contrast,14,fidelity,50,0.9981872577809139,0.0018993707238714034,0.997647462593769,0.9987270529680587
single_shape,TinyCNN,retention_0p1,contrast,14,cf_accuracy,50,0.9988541758060455,0.0029132068930641693,0.9980262515676281,0.9996821000444629
single_shape,TinyCNN,retention_0p1,contrast,14,causal_usefulness_random,50,0.015438052912998029,0.007796679482589404,0.013222261120738047,0.01765384470525801
single_shape,TinyCNN,retention_0p1,contrast,15,fidelity,50,0.9995930214221487,0.0001884668549143689,0.9995394597346169,0.9996465831096805
single_shape,TinyCNN,retention_0p1,contrast,15,cf_accuracy,50,0.9997656273841858,0.0007294842607566133,0.9995583102511452,0.9999729445172265
single_shape,TinyCNN,retention_0p1,contrast,15,causal_usefulness_random,50,0.004356723663515389,0.0028830542613837344,0.003537368708206568,0.00517607861882421
single_shape,TinyCNN,retention_0p1,contrast,16,fidelity,50,1.0,0.0,1.0,1.0
single_shape,TinyCNN,retention_0p1,contrast,16,cf_accuracy,50,0.99984375,0.0007732369676646774,0.9996239984852366,1.0000635015147634
single_shape,TinyCNN,retention_0p1,contrast,16,causal_usefulness_random,50,0.0,0.0,0.0,0.0
single_shape,TinyCNN,retention_0p1,auroc,1,fidelity,50,0.08037257944514913,0.02971753485118302,0.07192694948735814,0.08881820940294011
single_shape,TinyCNN,retention_0p1,auroc,1,cf_accuracy,50,0.005885416849050671,0.009155263694915157,0.0032835196957215662,0.008487314002379776
single_shape,TinyCNN,retention_0p1,auroc,1,causal_usefulness_random,50,0.04507873384932929,0.029214572098598686,0.036776044324254256,0.053381423374404324
single_shape,TinyCNN,retention_0p1,auroc,1,causal_usefulness_energy,50,0.046343525682976526,0.03041254690650017,0.03770037548453279,0.05498667588142026
single_shape,TinyCNN,retention_0p1,auroc,2,fidelity,50,0.246421441889608,0.056659855504759334,0.23031888912231296,0.262523994656903
single_shape,TinyCNN,retention_0p1,auroc,2,cf_accuracy,50,0.09059896121732891,0.059961705870290385,0.07355803295883254,0.10763988947582528
single_shape,TinyCNN,retention_0p1,auroc,2,causal_usefulness_random,50,0.15734076814452574,0.05645337702391701,0.14129689591221364,0.17338464037683785
single_shape,TinyCNN,retention_0p1,auroc,2,causal_usefulness_energy,50,0.14188730303407537,0.0501632646222063,0.12763106096704416,0.1561435451011066
single_shape,TinyCNN,retention_0p1,auroc,3,fidelity,50,0.43775018869753096,0.06903515023112983,0.41813061608316854,0.4573697613118934
single_shape,TinyCNN,retention_0p1,auroc,3,cf_accuracy,50,0.2702864661812782,0.07201188205202752,0.2498209157437626,0.29075201661879385
single_shape,TinyCNN,retention_0p1,auroc,3,causal_usefulness_random,50,0.2844466819699309,0.07128988236204425,0.2641863215739774,0.30470704236588436
single_shape,TinyCNN,retention_0p1,auroc,4,fidelity,50,0.5934935175231599,0.05713790058470923,0.577255105847358,0.6097319291989619
single_shape,TinyCNN,retention_0p1,auroc,4,cf_accuracy,50,0.449739596247673,0.07688347569930969,0.4278895542143468,0.4715896382809992
single_shape,TinyCNN,retention_0p1,auroc,4,causal_usefulness_random,50,0.3600986360271996,0.06176360852102821,0.3425456127014541,0.3776516593529451
single_shape,TinyCNN,retention_0p1,auroc,4,causal_usefulness_energy,50,0.3124319372441672,0.07651265493240418,0.2906872813067481,0.33417659318158627
single_shape,TinyCNN,retention_0p1,auroc,5,fidelity,50,0.7104295420084693,0.03890864752932684,0.699371826729043,0.7214872572878956
single_shape,TinyCNN,retention_0p1,auroc,5,cf_accuracy,50,0.6071614748239518,0.05636697856043894,0.5911421567632799,0.6231807928846237
single_shape,TinyCNN,retention_0p1,auroc,5,causal_usefulness_random,50,0.37796167958207355,0.050688918065185426,0.36355604845946715,0.39236731070467995
single_shape,TinyCNN,retention_0p1,auroc,6,fidelity,50,0.7931946685653797,0.03602462575498011,0.7829565832054038,0.8034327539253555
single_shape,TinyCNN,retention_0p1,auroc,6,cf_accuracy,50,0.7175000190734864,0.04996832593681655,0.7032991779678573,0.7317008601791154
single_shape,TinyCNN,retention_0p1,auroc,6,causal_usefulness_random,50,0.3584862788248904,0.056089763704278865,0.34254574435463586,0.374426813295145
single_shape,TinyCNN,retention_0p1,auroc,7,fidelity,50,0.8524951253770654,0.03425980255278105,0.8427585972216605,0.8622316535324703
single_shape,TinyCNN,retention_0p1,auroc,7,cf_accuracy,50,0.7911198139190674,0.04791248787976559,0.7775032355246607,0.804736392313474
single_shape,TinyCNN,retention_0p1,auroc,7,causal_usefulness_random,50,0.31378809304341415,0.05740212414293458,0.2974745898632166,0.3301015962236117
single_shape,TinyCNN,retention_0p1,auroc,8,fidelity,50,0.9014237304668061,0.02947328439765959,0.89304751571986,0.9097999452137523
single_shape,TinyCNN,retention_0p1,auroc,8,cf_accuracy,50,0.8590104341506958,0.04705332369966486,0.8456380275146284,0.8723828407867632
single_shape,TinyCNN,retention_0p1,auroc,8,causal_usefulness_random,50,0.2607393038056118,0.053965962027664044,0.2454023470935477,0.27607626051767586
single_shape,TinyCNN,retention_0p1,auroc,8,causal_usefulness_energy,50,0.19991172473335855,0.05424413009379721,0.1844957135316001,0.215327735935117
single_shape,TinyCNN,retention_0p1,auroc,9,fidelity,50,0.9391567812993741,0.023667381235245245,0.9324305859744987,0.9458829766242495
single_shape,TinyCNN,retention_0p1,auroc,9,cf_accuracy,50,0.9119531416893005,0.04287313201605546,0.8997687323850843,0.9241375509935168
single_shape,TinyCNN,retention_0p1,auroc,9,causal_usefulness_random,50,0.20443108277510652,0.04774002963719008,0.19086351647094416,0.21799864907926889
single_shape,TinyCNN,retention_0p1,auroc,10,fidelity,50,0.9651323099309661,0.016336912122129815,0.9604894108773467,0.9697752089845855
single_shape,TinyCNN,retention_0p1,auroc,10,cf_accuracy,50,0.9510156464576721,0.026749378457548996,0.9434135572135715,0.9586177357017728
single_shape,TinyCNN,retention_0p1,auroc,10,causal_usefulness_random,50,0.1518798969302667,0.03527501396353349,0.14185484888426253,0.1619049449762709
single_shape,TinyCNN,retention_0p1,auroc,11,fidelity,50,0.9808054648794028,0.009377419326586494,0.978140431794122,0.9834704979646836
single_shape,TinyCNN,retention_0p1,auroc,11,cf_accuracy,50,0.9753906452655792,0.01641179702411953,0.9707264641582902,0.9800548263728681
single_shape,TinyCNN,retention_0p1,auroc,11,causal_usefulness_random,50,0.10567640234067953,0.026818992025926122,0.09805452913934627,0.11329827554201279
single_shape,TinyCNN,retention_0p1,auroc,12,fidelity,50,0.9898874446790651,0.00583951891019654,0.9882278717671794,0.9915470175909508
single_shape,TinyCNN,retention_0p1,auroc,12,cf_accuracy,50,0.9891146063804627,0.01058392961588217,0.9861066868648408,0.9921225258960845
single_shape,TinyCNN,retention_0p1,auroc,12,causal_usefulness_random,50,0.06513926721012003,0.02146746405732361,0.05903828142956106,0.071240252990679
single_shape,TinyCNN,retention_0p1,auroc,13,fidelity,50,0.9952692601029863,0.004023982011942047,0.994125657068621,0.9964128631373517
single_shape,TinyCNN,retention_0p1,auroc,13,cf_accuracy,50,0.9960416805744171,0.006146613220506904,0.9942948324252006,0.9977885287236337
single_shape,TinyCNN,retention_0p1,auroc,13,causal_usefulness_random,50,0.03743866853738422,0.015869679787397728,0.032928555444081645,0.0419487816306868
single_shape,TinyCNN,retention_0p1,auroc,14,fidelity,50,0.998290241775548,0.0019244669946841847,0.9977433143071535,0.9988371692439426
single_shape,TinyCNN,retention_0p1,auroc,14,cf_accuracy,50,0.9986458432674408,0.003044687598890147,0.9977805526258694,0.9995111339090121
single_shape,TinyCNN,retention_0p1,auroc,14,causal_usefulness_random,50,0.015541036907632094,0.0077122205904186815,0.013349248066945683,0.017732825748318505
single_shape,TinyCNN,retention_0p1,auroc,15,fidelity,50,0.9994736675779003,0.0006126110639463212,0.999299565439885,0.9996477697159157
single_shape,TinyCNN,retention_0p1,auroc,15,cf_accuracy,50,0.999635419845581,0.0009499309844055027,0.999365452446875,0.999905387244287
single_shape,TinyCNN,retention_0p1,auroc,15,causal_usefulness_random,50,0.004237369819266996,0.002872200636479278,0.003421099430026751,0.005053640208507241
single_shape,TinyCNN,retention_0p1,auroc,16,fidelity,50,1.0,0.0,1.0,1.0
single_shape,TinyCNN,retention_0p1,auroc,16,cf_accuracy,50,0.99984375,0.0007732369676646774,0.9996239984852366,1.0000635015147634
single_shape,TinyCNN,retention_0p1,auroc,16,causal_usefulness_random,50,0.0,0.0,0.0,0.0
single_shape,TinyCNN,retention_0p1,validation_patch,1,fidelity,50,0.14828227061453025,0.04506002362765771,0.13547635359098664,0.16108818763807387
single_shape,TinyCNN,retention_0p1,validation_patch,1,cf_accuracy,50,0.017161458756309002,0.018498021645007526,0.011904379171905916,0.02241853834071209
single_shape,TinyCNN,retention_0p1,validation_patch,1,causal_usefulness_random,50,0.11298842501871037,0.04381013994208406,0.1005377210083422,0.12543912902907853
single_shape,TinyCNN,retention_0p1,validation_patch,1,causal_usefulness_energy,50,0.1187402487643884,0.04525417669420711,0.1058791540498466,0.1316013434789302
single_shape,TinyCNN,retention_0p1,validation_patch,2,fidelity,50,0.33970640895629883,0.05944829695102269,0.3228113898982418,0.35660142801435585
single_shape,TinyCNN,retention_0p1,validation_patch,2,cf_accuracy,50,0.17893229693174362,0.06674541331128332,0.15996346034991407,0.19790113351357316
single_shape,TinyCNN,retention_0p1,validation_patch,2,causal_usefulness_random,50,0.2506257352112166,0.06173059809960991,0.2330820933434368,0.2681693770789964
single_shape,TinyCNN,retention_0p1,validation_patch,2,causal_usefulness_energy,50,0.22700937567574161,0.058251791704932984,0.21045439964620744,0.2435643517052758
single_shape,TinyCNN,retention_0p1,validation_patch,3,fidelity,50,0.5128474401231253,0.0640851798968775,0.4946346335125546,0.5310602467336961
single_shape,TinyCNN,retention_0p1,validation_patch,3,cf_accuracy,50,0.35421875983476636,0.07061398069873949,0.33415048856614843,0.3742870311033843
single_shape,TinyCNN,retention_0p1,validation_patch,3,causal_usefulness_random,50,0.35954393339552515,0.06784995545842118,0.3402611894087165,0.3788266773823338
single_shape,TinyCNN,retention_0p1,validation_patch,4,fidelity,50,0.6520573889123114,0.060925832150808434,0.634742458996591,0.6693723188280317
single_shape,TinyCNN,retention_0p1,validation_patch,4,cf_accuracy,50,0.51088543176651,0.08642601336199836,0.48632343053599814,0.5354474329970219
single_shape,TinyCNN,retention_0p1,validation_patch,4,causal_usefulness_random,50,0.41866250741635097,0.06663112099808204,0.39972615235054054,0.4375988624821614
single_shape,TinyCNN,retention_0p1,validation_patch,4,causal_usefulness_energy,50,0.3643020780044893,0.07039953046477199,0.3442947528180253,0.38430940319095336
single_shape,TinyCNN,retention_0p1,validation_patch,5,fidelity,50,0.7643813463449183,0.053610123332692564,0.7491455178710288,0.7796171748188078
single_shape,TinyCNN,retention_0p1,validation_patch,5,cf_accuracy,50,0.6555989742279053,0.07661805173689618,0.6338243648500702,0.6773735836057403
single_shape,TinyCNN,retention_0p1,validation_patch,5,causal_usefulness_random,50,0.4319134839185226,0.0643362510428643,0.4136293236777567,0.4501976441592885
single_shape,TinyCNN,retention_0p1,validation_patch,6,fidelity,50,0.8443912467566272,0.04204136499352139,0.8324432230247202,0.8563392704885343
single_shape,TinyCNN,retention_0p1,validation_patch,6,cf_accuracy,50,0.7671614789962768,0.06512632093998595,0.7486527833751271,0.7856701746174266
single_shape,TinyCNN,retention_0p1,validation_patch,6,causal_usefulness_random,50,0.4096828570161378,0.05933198681486907,0.3928208929330379,0.42654482109923775
single_shape,TinyCNN,retention_0p1,validation_patch,7,fidelity,50,0.913797156019811,0.03360880143210503,0.9042456403358264,0.9233486717037956
single_shape,TinyCNN,retention_0p1,validation_patch,7,cf_accuracy,50,0.8818750214576722,0.0608313139155456,0.8645869533272005,0.8991630895881438
single_shape,TinyCNN,retention_0p1,validation_patch,7,causal_usefulness_random,50,0.3750901236861598,0.060628403087306444,0.3578597221750197,0.3923205251972999
single_shape,TinyCNN,retention_0p1,validation_patch,8,fidelity,50,0.948837480656121,0.025907468530246124,0.9414746595659704,0.9562003017462715
single_shape,TinyCNN,retention_0p1,validation_patch,8,cf_accuracy,50,0.9343750190734863,0.047611780433440797,0.9208439007897493,0.9479061373572233
single_shape,TinyCNN,retention_0p1,validation_patch,8,causal_usefulness_random,50,0.3081530539949266,0.05538963172744575,0.29241149483092,0.3238946131589332
single_shape,TinyCNN,retention_0p1,validation_patch,8,causal_usefulness_energy,50,0.25790960971928584,0.05134772966778999,0.24331674641085513,0.2725024730277166
single_shape,TinyCNN,retention_0p1,validation_patch,9,fidelity,50,0.9742723233319674,0.014372972054219614,0.9701875698700302,0.9783570767939047
single_shape,TinyCNN,retention_0p1,validation_patch,9,cf_accuracy,50,0.9739843928813934,0.024686364206097374,0.9669686058003981,0.9810001799623886
single_shape,TinyCNN,retention_0p1,validation_patch,9,causal_usefulness_random,50,0.23954662480769984,0.044580945010210156,0.22687686042077007,0.25221638919462963
single_shape,TinyCNN,retention_0p1,validation_patch,10,fidelity,50,0.9875340440361734,0.007793500017797307,0.9853191558378095,0.9897489322345373
single_shape,TinyCNN,retention_0p1,validation_patch,10,cf_accuracy,50,0.9904166853427887,0.013502875775037664,0.9865792105073735,0.9942541601782039
single_shape,TinyCNN,retention_0p1,validation_patch,10,causal_usefulness_random,50,0.17428163103547384,0.032795073106226674,0.16496137438293165,0.18360188768801602
single_shape,TinyCNN,retention_0p1,validation_patch,11,fidelity,50,0.9948269228090121,0.0031888481494781735,0.993920662192277,0.9957331834257471
single_shape,TinyCNN,retention_0p1,validation_patch,11,cf_accuracy,50,0.9974218869209289,0.003073304600348086,0.9965484634175295,0.9982953104243284
single_shape,TinyCNN,retention_0p1,validation_patch,11,causal_usefulness_random,50,0.11969786027028873,0.024852367064218648,0.11263489569901214,0.1267608248415653
single_shape,TinyCNN,retention_0p1,validation_patch,12,fidelity,50,0.997752380293867,0.0012162923195385997,0.9974067138412905,0.9980980467464435
single_shape,TinyCNN,retention_0p1,validation_patch,12,cf_accuracy,50,0.9990364670753479,0.0015741830829317884,0.9985890891932041,0.9994838449574917
single_shape,TinyCNN,retention_0p1,validation_patch,12,causal_usefulness_random,50,0.07300420282492193,0.02065186906391279,0.06713500657684837,0.07887339907299548
single_shape,TinyCNN,retention_0p1,validation_patch,13,fidelity,50,0.998953904824928,0.0007062314078922306,0.9987531960795527,0.9991546135703032
single_shape,TinyCNN,retention_0p1,validation_patch,13,cf_accuracy,50,0.9994270896911621,0.001089709453632478,0.9991173976910358,0.9997367816912884
single_shape,TinyCNN,retention_0p1,validation_patch,13,causal_usefulness_random,50,0.04112331325932586,0.01512022292513971,0.036826193449606706,0.045420433069045016
single_shape,TinyCNN,retention_0p1,validation_patch,14,fidelity,50,0.9996521272934938,0.0002902513173002424,0.9995696387818136,0.9997346158051741
single_shape,TinyCNN,retention_0p1,validation_patch,14,cf_accuracy,50,0.9997656273841858,0.0007294842607566133,0.9995583102511452,0.9999729445172265
single_shape,TinyCNN,retention_0p1,validation_patch,14,causal_usefulness_random,50,0.01690292242557814,0.007600650074858147,0.01474284157458007,0.01906300327657621
single_shape,TinyCNN,retention_0p1,validation_patch,15,fidelity,50,0.9999078336504721,7.89709601718558e-05,0.9998853903519158,0.9999302769490284
single_shape,TinyCNN,retention_0p1,validation_patch,15,cf_accuracy,50,0.9998177087306976,0.0007896194129620841,0.9995933013764954,1.0000421160848998
single_shape,TinyCNN,retention_0p1,validation_patch,15,causal_usefulness_random,50,0.004671535891838757,0.002876859853669335,0.003853941367724026,0.005489130415953487
single_shape,TinyCNN,retention_0p1,validation_patch,16,fidelity,50,1.0,0.0,1.0,1.0
single_shape,TinyCNN,retention_0p1,validation_patch,16,cf_accuracy,50,0.99984375,0.0007732369676646774,0.9996239984852366,1.0000635015147634
single_shape,TinyCNN,retention_0p1,validation_patch,16,causal_usefulness_random,50,0.0,0.0,0.0,0.0
single_shape,TinyCNN,retention_1,contrast,1,fidelity,50,0.13453530392964141,0.03400981939052538,0.1248698202028764,0.14420078765640643
single_shape,TinyCNN,retention_1,contrast,1,cf_accuracy,50,0.015338542223908007,0.01828846198882119,0.010141018834831842,0.02053606561298417
single_shape,TinyCNN,retention_1,contrast,1,causal_usefulness_random,50,0.07739519653294143,0.03589173994155222,0.0671948769032818,0.08759551616260106
single_shape,TinyCNN,retention_1,contrast,1,causal_usefulness_energy,50,0.08266142727534508,0.035348450933227776,0.07261550867347664,0.0927073458772135
single_shape,TinyCNN,retention_1,contrast,2,fidelity,50,0.34087832672060947,0.05812955869000412,0.3243580889295558,0.35739856451166313
single_shape,TinyCNN,retention_1,contrast,2,cf_accuracy,50,0.14046875365078448,0.06315570787942056,0.12252010006484627,0.1584174072367227
single_shape,TinyCNN,retention_1,contrast,2,causal_usefulness_random,50,0.2131622760044433,0.06523791365514804,0.1946218660845483,0.2317026859243383
single_shape,TinyCNN,retention_1,contrast,2,causal_usefulness_energy,50,0.20643858096612663,0.05638622834410929,0.19041379217746657,0.2224633697547867
single_shape,TinyCNN,retention_1,contrast,3,fidelity,50,0.5302874839060895,0.0541557795509345,0.514896581650794,0.545678386161385
single_shape,TinyCNN,retention_1,contrast,3,cf_accuracy,50,0.34734376072883605,0.06818728849508113,0.32796514775375385,0.36672237370391825
single_shape,TinyCNN,retention_1,contrast,3,causal_usefulness_random,50,0.3278267617546719,0.06228280503460913,0.3101261844123824,0.34552733909696143
single_shape,TinyCNN,retention_1,contrast,4,fidelity,50,0.6634645881122435,0.04973556757049769,0.6493298962024127,0.6775992800220744
single_shape,TinyCNN,retention_1,contrast,4,cf_accuracy,50,0.5148698037862778,0.07200707687998528,0.4944056189635467,0.5353339886090088
single_shape,TinyCNN,retention_1,contrast,4,causal_usefulness_random,50,0.37962444783758187,0.06400649601512097,0.3614340029387845,0.3978148927363792
single_shape,TinyCNN,retention_1,contrast,4,causal_usefulness_energy,50,0.34731986384725594,0.05077124398666091,0.33289083595664043,0.36174889173787145
single_shape,TinyCNN,retention_1,contrast,5,fidelity,50,0.7485334940821776,0.0386978395073377,0.7375356897797138,0.7595312983846414
single_shape,TinyCNN,retention_1,contrast,5,cf_accuracy,50,0.6309635627269745,0.05673765205748187,0.6148389004240273,0.6470882250299217
single_shape,TinyCNN,retention_1,contrast,5,causal_usefulness_random,50,0.371111483307331,0.053609131079937256,0.35587593682855445,0.3863470297861076
single_shape,TinyCNN,retention_1,contrast,6,fidelity,50,0.8275266956152434,0.031856489506216994,0.8184731814704438,0.836580209760043
single_shape,TinyCNN,retention_1,contrast,6,cf_accuracy,50,0.7426823115348816,0.055457685037326745,0.7269214118342008,0.7584432112355625
single_shape,TinyCNN,retention_1,contrast,6,causal_usefulness_random,50,0.3587580215367373,0.04260804979684932,0.34664894776566724,0.37086709530780737
single_shape,TinyCNN,retention_1,contrast,7,fidelity,50,0.8745062781079386,0.028394105927418017,0.8664367624887537,0.8825757937271235
single_shape,TinyCNN,retention_1,contrast,7,cf_accuracy,50,0.81643230676651,0.05136724131852384,0.8018338983082952,0.8310307152247248
single_shape,TinyCNN,retention_1,contrast,7,causal_usefulness_random,50,0.31508067679181384,0.04205103332168371,0.3031299053514452,0.3270314482321825
single_shape,TinyCNN,retention_1,contrast,8,fidelity,50,0.9115762978458041,0.0239352000177004,0.9047739892651123,0.9183786064264958
single_shape,TinyCNN,retention_1,contrast,8,cf_accuracy,50,0.8771875202655792,0.0411775419348837,0.8654849923306417,0.8888900482005168
single_shape,TinyCNN,retention_1,contrast,8,causal_usefulness_random,50,0.26444767011943965,0.04236241169157025,0.25240840592547986,0.27648693431339944
single_shape,TinyCNN,retention_1,contrast,8,causal_usefulness_energy,50,0.24086906956435322,0.04316542980969496,0.22860159014631629,0.2531365489823902
single_shape,TinyCNN,retention_1,contrast,9,fidelity,50,0.9307933018847316,0.019196701664732845,0.9253376596357249,0.9362489441337384
single_shape,TinyCNN,retention_1,contrast,9,cf_accuracy,50,0.9055468928813935,0.029682990077365655,0.8971110804396952,0.9139827053230917
single_shape,TinyCNN,retention_1,contrast,9,causal_usefulness_random,50,0.20474699136609814,0.0430699097943707,0.19250665843605325,0.21698732429614304
single_shape,TinyCNN,retention_1,contrast,10,fidelity,50,0.9522065711263182,0.012773012194500897,0.9485765212254325,0.955836621027204
single_shape,TinyCNN,retention_1,contrast,10,cf_accuracy,50,0.9350521075725555,0.020686060930476945,0.929173194103521,0.9409310210415901
single_shape,TinyCNN,retention_1,contrast,10,causal_usefulness_random,50,0.1565329307313207,0.03451280208901227,0.14672450090327696,0.16634136055936447
single_shape,TinyCNN,retention_1,contrast,11,fidelity,50,0.9661086001711748,0.012516649602283018,0.9625514077128641,0.9696657926294856
single_shape,TinyCNN,retention_1,contrast,11,cf_accuracy,50,0.9540104353427887,0.02122890013008479,0.9479772486801857,0.9600436220053917
single_shape,TinyCNN,retention_1,contrast,11,causal_usefulness_random,50,0.11388733507612148,0.02952685292083497,0.10549589632333527,0.12227877382890769
single_shape,TinyCNN,retention_1,contrast,12,fidelity,50,0.9783547385936828,0.00994358990688527,0.9755288016098069,0.9811806755775587
single_shape,TinyCNN,retention_1,contrast,12,cf_accuracy,50,0.9716927254199982,0.01824398325979272,0.9665078427458483,0.976877608094148
single_shape,TinyCNN,retention_1,contrast,12,causal_usefulness_random,50,0.07550989933534817,0.024806729661306995,0.06845990477047208,0.08255989390022427
single_shape,TinyCNN,retention_1,contrast,13,fidelity,50,0.9877883304316296,0.006511665313732501,0.9859377356254262,0.989638925237833
single_shape,TinyCNN,retention_1,contrast,13,cf_accuracy,50,0.987265647649765,0.011303309521502826,0.9840532826270589,0.990478012672471
single_shape,TinyCNN,retention_1,contrast,13,causal_usefulness_random,50,0.0492427863799009,0.019091150580162534,0.043817141417223225,0.05466843134257857
single_shape,TinyCNN,retention_1,contrast,14,fidelity,50,0.9945704702544609,0.002940969867325353,0.9937346558660594,0.9954062846428624
single_shape,TinyCNN,retention_1,contrast,14,cf_accuracy,50,0.9964062690734863,0.003889026243593475,0.9953010200441167,0.9975115181028559
single_shape,TinyCNN,retention_1,contrast,14,causal_usefulness_random,50,0.02453047791108274,0.011322128732616435,0.021312764527755296,0.027748191294410182
single_shape,TinyCNN,retention_1,contrast,15,fidelity,50,0.998387733172649,0.0008324172009921783,0.9981511628216664,0.9986243035236315
single_shape,TinyCNN,retention_1,contrast,15,cf_accuracy,50,0.9992187583446502,0.0011764343244538092,0.9988844194089432,0.9995530972803572
single_shape,TinyCNN,retention_1,contrast,15,causal_usefulness_random,50,0.008164883519058428,0.00450605951775323,0.006884275573436355,0.009445491464680501
single_shape,TinyCNN,retention_1,contrast,16,fidelity,50,1.0,0.0,1.0,1.0
single_shape,TinyCNN,retention_1,contrast,16,cf_accuracy,50,0.999765625,0.0009371013182894345,0.9994993037520612,1.0000319462479388
single_shape,TinyCNN,retention_1,contrast,16,causal_usefulness_random,50,0.0,0.0,0.0,0.0
single_shape,TinyCNN,retention_1,auroc,1,fidelity,50,0.15763230290862318,0.042000246517185286,0.14569596491839365,0.1695686408988527
single_shape,TinyCNN,retention_1,auroc,1,cf_accuracy,50,0.02375000071944669,0.029568943393321112,0.015346599986733593,0.03215340145215979
single_shape,TinyCNN,retention_1,auroc,1,causal_usefulness_random,50,0.10049219551192319,0.04439279123996429,0.08787590383484696,0.11310848718899942
single_shape,TinyCNN,retention_1,auroc,1,causal_usefulness_energy,50,0.10865283637772595,0.04431027699457352,0.09605999498972337,0.12124567776572853
single_shape,TinyCNN,retention_1,auroc,2,fidelity,50,0.36005006159415204,0.0640525238320418,0.34184653573452045,0.3782535874537836
single_shape,TinyCNN,retention_1,auroc,2,cf_accuracy,50,0.1610937537252903,0.07026723403238323,0.14112402676890445,0.18106348068167616
single_shape,TinyCNN,retention_1,auroc,2,causal_usefulness_random,50,0.2323340108779858,0.06984894221783629,0.2124831611399738,0.2521848606159978
single_shape,TinyCNN,retention_1,auroc,2,causal_usefulness_energy,50,0.22518850427474132,0.06230200419896743,0.20748247059031302,0.24289453795916963
single_shape,TinyCNN,retention_1,auroc,3,fidelity,50,0.5408628303322185,0.05659632327334172,0.524778333225315,0.556947327439122
single_shape,TinyCNN,retention_1,auroc,3,cf_accuracy,50,0.3556510525941849,0.07081315474745423,0.3355261766872259,0.3757759285011439
single_shape,TinyCNN,retention_1,auroc,3,causal_usefulness_random,50,0.3384021081808011,0.06542847753449861,0.31980754060562355,0.3569966757559786
single_shape,TinyCNN,retention_1,auroc,4,fidelity,50,0.6713685287785514,0.04109918488847691,0.6596882696698086,0.6830487878872941
single_shape,TinyCNN,retention_1,auroc,4,cf_accuracy,50,0.520911471247673,0.06002879031651924,0.5038514778005058,0.5379714646948403
single_shape,TinyCNN,retention_1,auroc,4,causal_usefulness_random,50,0.38752838850388976,0.05431145548513045,0.37209324363761936,0.40296353337016017
single_shape,TinyCNN,retention_1,auroc,4,causal_usefulness_energy,50,0.3512577568834807,0.04862174511969291,0.33743960981174914,0.3650759039552123
single_shape,TinyCNN,retention_1,auroc,5,fidelity,50,0.7558395265424784,0.040705062308520674,0.7442712758316391,0.7674077772533178
single_shape,TinyCNN,retention_1,auroc,5,cf_accuracy,50,0.6379166901111603,0.054039477826432675,0.6225588404402569,0.6532745397820636
single_shape,TinyCNN,retention_1,auroc,5,causal_usefulness_random,50,0.3784175157676318,0.05245422214651753,0.363510190776117,0.39332484075914653
single_shape,TinyCNN,retention_1,auroc,6,fidelity,50,0.8271911271563901,0.03750917685277246,0.8165311370425989,0.8378511172701812
single_shape,TinyCNN,retention_1,auroc,6,cf_accuracy,50,0.7440885615348816,0.057216254864559106,0.7278278818191316,0.7603492412506315
single_shape,TinyCNN,retention_1,auroc,6,causal_usefulness_random,50,0.3584224530778842,0.050225428024492945,0.34414854436739617,0.3726963617883722
single_shape,TinyCNN,retention_1,auroc,7,fidelity,50,0.8767279303164682,0.031051369584719758,0.8679032287216552,0.8855526319112813
single_shape,TinyCNN,retention_1,auroc,7,cf_accuracy,50,0.8211979365348816,0.05577097230882913,0.8053480015767729,0.8370478714929903
single_shape,TinyCNN,retention_1,auroc,7,causal_usefulness_random,50,0.31730232900034344,0.044624176319644604,0.3046202784112134,0.32998437958947346
single_shape,TinyCNN,retention_1,auroc,8,fidelity,50,0.9118365708800137,0.027042376302936134,0.904151212569587,0.9195219291904404
single_shape,TinyCNN,retention_1,auroc,8,cf_accuracy,50,0.8755989778041839,0.04510027930627475,0.8627816202433615,0.8884163353650064
single_shape,TinyCNN,retention_1,auroc,8,causal_usefulness_random,50,0.2647079431536491,0.04451690557689963,0.2520563785722939,0.2773595077350043
single_shape,TinyCNN,retention_1,auroc,8,causal_usefulness_energy,50,0.23567538127926102,0.04763863178439672,0.22213663192601654,0.2492141306325055
single_shape,TinyCNN,retention_1,auroc,9,fidelity,50,0.9363883371548495,0.019817280187158566,0.9307563284411812,0.9420203458685178
single_shape,TinyCNN,retention_1,auroc,9,cf_accuracy,50,0.9129948151111603,0.031021846240447588,0.9041785039579531,0.9218111262643676
single_shape,TinyCNN,retention_1,auroc,9,causal_usefulness_random,50,0.21034202663621604,0.04448522206796514,0.1976994664084711,0.22298458686396097
single_shape,TinyCNN,retention_1,auroc,10,fidelity,50,0.9577286696097783,0.014915347809537217,0.9534897746636827,0.961967564555874
single_shape,TinyCNN,retention_1,auroc,10,cf_accuracy,50,0.9421354329586029,0.024213237547034843,0.9352541069863645,0.9490167589308414
single_shape,TinyCNN,retention_1,auroc,10,causal_usefulness_random,50,0.1620550292147807,0.03794128871595177,0.1512722342682516,0.17283782416130983
single_shape,TinyCNN,retention_1,auroc,11,fidelity,50,0.9722919329723836,0.010658565704201366,0.9692628021151549,0.9753210638296123
single_shape,TinyCNN,retention_1,auroc,11,cf_accuracy,50,0.9628906428813935,0.018712925992337055,0.9575724881572469,0.96820879760554
single_shape,TinyCNN,retention_1,auroc,11,causal_usefulness_random,50,0.12007066787733012,0.02823070535030987,0.11204759018834558,0.12809374556631467
single_shape,TinyCNN,retention_1,auroc,12,fidelity,50,0.9820567636129218,0.007492709237619109,0.9799273592084466,0.984186168017397
single_shape,TinyCNN,retention_1,auroc,12,cf_accuracy,50,0.9774479377269745,0.014310687620800119,0.9733808853051614,0.9815149901487875
single_shape,TinyCNN,retention_1,auroc,12,causal_usefulness_random,50,0.07921192435458713,0.023133119385107006,0.0726375645675324,0.08578628414164186
single_shape,TinyCNN,retention_1,auroc,13,fidelity,50,0.9902393850584674,0.004887617907139174,0.9888503394183938,0.991628430698541
single_shape,TinyCNN,retention_1,auroc,13,cf_accuracy,50,0.9915885579586029,0.007839956284665554,0.9893604670352769,0.9938166488819289
single_shape,TinyCNN,retention_1,auroc,13,causal_usefulness_random,50,0.05169384100673874,0.01968404281299404,0.04609969793584251,0.05728798407763497
single_shape,TinyCNN,retention_1,auroc,14,fidelity,50,0.9948672564151824,0.0031506610677307163,0.9939718484470005,0.9957626643833642
single_shape,TinyCNN,retention_1,auroc,14,cf_accuracy,50,0.9966146004199982,0.004448751640746336,0.9953502791928166,0.9978789216471797
single_shape,TinyCNN,retention_1,auroc,14,causal_usefulness_random,50,0.02482726407180416,0.011357662150439941,0.02159945220286626,0.028055075940742063
single_shape,TinyCNN,retention_1,auroc,15,fidelity,50,0.9983889044131954,0.0009565050514285535,0.9981170686853136,0.9986607401410772
single_shape,TinyCNN,retention_1,auroc,15,cf_accuracy,50,0.999427090883255,0.0010242383806672829,0.9991360055561913,0.9997181762103187
single_shape,TinyCNN,retention_1,auroc,15,causal_usefulness_random,50,0.008166054759604961,0.004531279636786242,0.006878279335458478,0.009453830183751444
single_shape,TinyCNN,retention_1,auroc,16,fidelity,50,1.0,0.0,1.0,1.0
single_shape,TinyCNN,retention_1,auroc,16,cf_accuracy,50,0.999765625,0.0009371013182894345,0.9994993037520612,1.0000319462479388
single_shape,TinyCNN,retention_1,auroc,16,causal_usefulness_random,50,0.0,0.0,0.0,0.0
single_shape,TinyCNN,retention_1,validation_patch,1,fidelity,50,0.21594322693654203,0.04661343740096842,0.20269583460333976,0.2291906192697443
single_shape,TinyCNN,retention_1,validation_patch,1,cf_accuracy,50,0.03828125084983185,0.03443381344993946,0.028495269344632482,0.048067232355031214
single_shape,TinyCNN,retention_1,validation_patch,1,causal_usefulness_random,50,0.15880311953984205,0.048711958397239914,0.14495933413830767,0.17264690494137644
single_shape,TinyCNN,retention_1,validation_patch,1,causal_usefulness_energy,50,0.17057375705283973,0.05075271380974639,0.1561499953802351,0.18499751872544434
single_shape,TinyCNN,retention_1,validation_patch,2,fidelity,50,0.4147915798386988,0.05517066810165057,0.3991122494486111,0.4304709102287865
single_shape,TinyCNN,retention_1,validation_patch,2,cf_accuracy,50,0.23578125849366188,0.0610685021134186,0.21842578222319398,0.2531367347641298
single_shape,TinyCNN,retention_1,validation_patch,2,causal_usefulness_random,50,0.28707552912253254,0.06129585881687612,0.26965543879186615,0.3044956194531989
single_shape,TinyCNN,retention_1,validation_patch,2,causal_usefulness_energy,50,0.27626161401129123,0.055744611417356,0.2604191707356473,0.29210405728693517
single_shape,TinyCNN,retention_1,validation_patch,3,fidelity,50,0.5746212883184899,0.059546259463007394,0.5576984286225704,0.5915441480144095
single_shape,TinyCNN,retention_1,validation_patch,3,cf_accuracy,50,0.4021354269981384,0.06904944459312788,0.38251179197104485,0.421759062025232
single_shape,TinyCNN,retention_1,validation_patch,3,causal_usefulness_random,50,0.37216056616707244,0.06408084041125407,0.35394899282467035,0.3903721395094745
single_shape,TinyCNN,retention_1,validation_patch,4,fidelity,50,0.6971148063030514,0.058848899587883696,0.680390134090791,0.7138394785153119
single_shape,TinyCNN,retention_1,validation_patch,4,cf_accuracy,50,0.5439062654972077,0.08099533693206341,0.5208876454312981,0.5669248855631173
single_shape,TinyCNN,retention_1,validation_patch,4,causal_usefulness_random,50,0.41327466602838997,0.06691118324618409,0.3942587181523259,0.43229061390445406
single_shape,TinyCNN,retention_1,validation_patch,4,causal_usefulness_energy,50,0.3820537185756401,0.07421240123410493,0.36096278750612004,0.4031446496451601
single_shape,TinyCNN,retention_1,validation_patch,5,fidelity,50,0.7838541803830162,0.05570103277023773,0.7680241220218501,0.7996842387441824
single_shape,TinyCNN,retention_1,validation_patch,5,cf_accuracy,50,0.6734635591506958,0.08425591427428615,0.6495182932570259,0.6974088250443656
single_shape,TinyCNN,retention_1,validation_patch,5,causal_usefulness_random,50,0.4064321696081697,0.06624599825292633,0.3876052652155124,0.42525907400082696
single_shape,TinyCNN,retention_1,validation_patch,6,fidelity,50,0.8489437675320736,0.04740835903257986,0.8354704609708018,0.8624170740933453
single_shape,TinyCNN,retention_1,validation_patch,6,cf_accuracy,50,0.7716406488418579,0.07858948654885843,0.7493057638896484,0.7939755337940674
single_shape,TinyCNN,retention_1,validation_patch,6,causal_usefulness_random,50,0.3801750934535677,0.05907813648364429,0.36338527283636846,0.39696491407076695
single_shape,TinyCNN,retention_1,validation_patch,7,fidelity,50,0.9010764423151781,0.037771261906078164,0.8903419684533651,0.9118109161769912
single_shape,TinyCNN,retention_1,validation_patch,7,cf_accuracy,50,0.8577083504199982,0.0681570782166707,0.8383383231110438,0.8770783777289525
single_shape,TinyCNN,retention_1,validation_patch,7,causal_usefulness_random,50,0.3416508409990534,0.0556003711620674,0.3258493903503984,0.3574522916477084
single_shape,TinyCNN,retention_1,validation_patch,8,fidelity,50,0.938193169427726,0.026931813837390548,0.9305392326223433,0.9458471062331087
single_shape,TinyCNN,retention_1,validation_patch,8,cf_accuracy,50,0.9227864742279053,0.05151303770755425,0.9081466308943854,0.9374263175614251
single_shape,TinyCNN,retention_1,validation_patch,8,causal_usefulness_random,50,0.2910645417013615,0.0514842048035783,0.27643289258848636,0.3056961908142366
single_shape,TinyCNN,retention_1,validation_patch,8,causal_usefulness_energy,50,0.2501485841937049,0.05300293523137502,0.23508531666890428,0.26521185171850553
single_shape,TinyCNN,retention_1,validation_patch,9,fidelity,50,0.9625387444233782,0.019046120236378968,0.9571258969428057,0.9679515919039506
single_shape,TinyCNN,retention_1,validation_patch,9,cf_accuracy,50,0.959375022649765,0.03794186960522172,0.948592062616332,0.9701579826831981
single_shape,TinyCNN,retention_1,validation_patch,9,causal_usefulness_random,50,0.23649243390474475,0.04816140181669626,0.22280511495217334,0.25017975285731614
single_shape,TinyCNN,retention_1,validation_patch,10,fidelity,50,0.978153111794241,0.012355893857210448,0.9746416056131828,0.9816646179752992
single_shape,TinyCNN,retention_1,validation_patch,10,cf_accuracy,50,0.9822916877269745,0.02061965251715299,0.9764316473201851,0.988151728133764
single_shape,TinyCNN,retention_1,validation_patch,10,causal_usefulness_random,50,0.18247947139924342,0.03943885736709254,0.17127107215117113,0.1936878706473157
single_shape,TinyCNN,retention_1,validation_patch,11,fidelity,50,0.988292411588016,0.008095468084990213,0.9859917050144957,0.9905931181615362
single_shape,TinyCNN,retention_1,validation_patch,11,cf_accuracy,50,0.9929166805744171,0.009815224624000146,0.990127224600292,0.9957061365485421
single_shape,TinyCNN,retention_1,validation_patch,11,causal_usefulness_random,50,0.1360711464929626,0.030216617347897236,0.12748367885897247,0.14465861412695272
single_shape,TinyCNN,retention_1,validation_patch,12,fidelity,50,0.9941113344417586,0.00362031312985057,0.9930824528343452,0.995140216049172
single_shape,TinyCNN,retention_1,validation_patch,12,cf_accuracy,50,0.9971875166893005,0.0034536088495931397,0.9962060119141339,0.9981690214644671
single_shape,TinyCNN,retention_1,validation_patch,12,causal_usefulness_random,50,0.0912664951834241,0.024424459743728998,0.08432514052707428,0.09820784983977392
single_shape,TinyCNN,retention_1,validation_patch,13,fidelity,50,0.9971647296011309,0.0019612733882831373,0.9966073418714134,0.9977221173308484
single_shape,TinyCNN,retention_1,validation_patch,13,cf_accuracy,50,0.9983593833446502,0.0024650560598984015,0.9976588221638064,0.9990599445254941
single_shape,TinyCNN,retention_1,validation_patch,13,causal_usefulness_random,50,0.05861918554940217,0.020175710962198855,0.052885311936554526,0.06435305916224981
single_shape,TinyCNN,retention_1,validation_patch,14,fidelity,50,0.9987149390690587,0.0008929602843281861,0.9984611625641701,0.9989687155739474
single_shape,TinyCNN,retention_1,validation_patch,14,cf_accuracy,50,0.9991145896911621,0.001753639697320275,0.9986162108035112,0.999612968578813
single_shape,TinyCNN,retention_1,validation_patch,14,causal_usefulness_random,50,0.02867494672568048,0.011766825641018946,0.02533085187933637,0.03201904157202459
single_shape,TinyCNN,retention_1,validation_patch,15,fidelity,50,0.9996003353913707,0.00023613008650907936,0.9995332279632969,0.9996674428194445
single_shape,TinyCNN,retention_1,validation_patch,15,cf_accuracy,50,0.9996354186534882,0.0012066373902771598,0.9992924961014478,0.9999783412055285
single_shape,TinyCNN,retention_1,validation_patch,15,causal_usefulness_random,50,0.00937748573778034,0.004440706578268222,0.00811545089205731,0.01063952058350337
single_shape,TinyCNN,retention_1,validation_patch,16,fidelity,50,1.0,0.0,1.0,1.0
single_shape,TinyCNN,retention_1,validation_patch,16,cf_accuracy,50,0.999765625,0.0009371013182894345,0.9994993037520612,1.0000319462479388
single_shape,TinyCNN,retention_1,validation_patch,16,causal_usefulness_random,50,0.0,0.0,0.0,0.0
single_shape,TinyCNN,template_init,contrast,1,fidelity,50,0.01968847968834017,0.009149888985525892,0.0170881100105187,0.022288849366161642
single_shape,TinyCNN,template_init,contrast,1,cf_accuracy,50,0.001276041700039059,0.001831815967622868,0.0007554453621937721,0.0017966380378843458
single_shape,TinyCNN,template_init,contrast,1,causal_usefulness_random,50,0.009077708128363657,0.008253616119861562,0.0067320563806301335,0.01142335987609718
single_shape,TinyCNN,template_init,contrast,1,causal_usefulness_energy,50,0.0098403284973734,0.009012071569536234,0.007279126095808735,0.012401530898938064
single_shape,TinyCNN,template_init,contrast,2,fidelity,50,0.13233737973860957,0.04567011659278852,0.11935807621281572,0.14531668326440342
single_shape,TinyCNN,template_init,contrast,2,cf_accuracy,50,0.05617187657160685,0.041639263478701206,0.04433812882580178,0.06800562431741192
single_shape,TinyCNN,template_init,contrast,2,causal_usefulness_random,50,0.09521933362068578,0.04230941669653313,0.08319513043767254,0.10724353680369902
single_shape,TinyCNN,template_init,contrast,2,causal_usefulness_energy,50,0.09198760816544188,0.042939327492372246,0.07978438631500835,0.10419083001587541
single_shape,TinyCNN,template_init,contrast,3,fidelity,50,0.31202048035380997,0.053224961550955636,0.29689411364714724,0.3271468470604727
single_shape,TinyCNN,template_init,contrast,3,cf_accuracy,50,0.19380208924412728,0.05893752031123842,0.17705223130095762,0.21055194718729695
single_shape,TinyCNN,template_init,contrast,3,causal_usefulness_random,50,0.23194581627337185,0.054637253389052336,0.21641808066727977,0.24747355187946393
single_shape,TinyCNN,template_init,contrast,4,fidelity,50,0.48465998792765036,0.06160985837620952,0.46715065990959437,0.5021693159457064
single_shape,TinyCNN,template_init,contrast,4,cf_accuracy,50,0.369036468565464,0.07152785378524451,0.3487084774393392,0.38936445969158884
single_shape,TinyCNN,template_init,contrast,4,causal_usefulness_random,50,0.33860648725599424,0.0635484143284016,0.3205462277321227,0.35666674677986576
single_shape,TinyCNN,template_init,contrast,4,causal_usefulness_energy,50,0.3090001097386521,0.06607146335381585,0.2902228076154963,0.3277774118618079
single_shape,TinyCNN,template_init,contrast,5,fidelity,50,0.6340080507188461,0.049585083866581565,0.6199161258044716,0.6480999756332206
single_shape,TinyCNN,template_init,contrast,5,cf_accuracy,50,0.5305729335546494,0.06456261207425397,0.5122244422205557,0.5489214248887431
single_shape,TinyCNN,template_init,contrast,5,causal_usefulness_random,50,0.3894671398917752,0.05829749166021625,0.37289917607865325,0.4060351037048972
single_shape,TinyCNN,template_init,contrast,6,fidelity,50,0.7604927746845425,0.044273527560909916,0.7479103773700283,0.7730751719990566
single_shape,TinyCNN,template_init,contrast,6,cf_accuracy,50,0.6859375166893006,0.056225464430971206,0.6699584164992316,0.7019166168793696
single_shape,TinyCNN,template_init,contrast,6,causal_usefulness_random,50,0.4018145708720253,0.06093911985006486,0.38449586463395946,0.4191332771100912
single_shape,TinyCNN,template_init,contrast,7,fidelity,50,0.8474443871396466,0.04094269931944613,0.8358086007375529,0.8590801735417404
single_shape,TinyCNN,template_init,contrast,7,cf_accuracy,50,0.7935677337646484,0.054161228514721604,0.7781752829309788,0.808960184598318
single_shape,TinyCNN,template_init,contrast,7,causal_usefulness_random,50,0.36271933228311576,0.06078906548213667,0.3454432710245685,0.379995393541663
single_shape,TinyCNN,template_init,contrast,8,fidelity,50,0.9030644445009781,0.03672775133537676,0.892626533062035,0.9135023559399212
single_shape,TinyCNN,template_init,contrast,8,cf_accuracy,50,0.8633854365348816,0.05316676980572747,0.8482756077392286,0.8784952653305347
single_shape,TinyCNN,template_init,contrast,8,causal_usefulness_random,50,0.2905151444541787,0.06355348611179795,0.2724534435454142,0.3085768453629432
single_shape,TinyCNN,template_init,contrast,8,causal_usefulness_energy,50,0.2524477551298038,0.06642411224174763,0.23357023130160368,0.27132527895800385
single_shape,TinyCNN,template_init,contrast,9,fidelity,50,0.9489164208188039,0.025369679249474666,0.9417064377511679,0.9561264038864399
single_shape,TinyCNN,template_init,contrast,9,cf_accuracy,50,0.9295573115348816,0.035388483659000616,0.9195000157582316,0.9396146073115317
single_shape,TinyCNN,template_init,contrast,9,causal_usefulness_random,50,0.2197789617746937,0.04690480066286687,0.2064487649186529,0.23310915863073448
single_shape,TinyCNN,template_init,contrast,10,fidelity,50,0.9729523279446655,0.019609479464107304,0.9673793755430581,0.9785252803462728
single_shape,TinyCNN,template_init,contrast,10,cf_accuracy,50,0.9620052289962768,0.029906511882109212,0.9535058923605357,0.9705045656320179
single_shape,TinyCNN,template_init,contrast,10,causal_usefulness_random,50,0.14530469029864856,0.03615789016968982,0.13502873161106277,0.15558064898623436
single_shape,TinyCNN,template_init,contrast,11,fidelity,50,0.9878648882234657,0.011869391624428485,0.9844916444471559,0.9912381319997756
single_shape,TinyCNN,template_init,contrast,11,cf_accuracy,50,0.9845833492279052,0.01848243370765692,0.9793306996862808,0.9898359987695297
single_shape,TinyCNN,template_init,contrast,11,causal_usefulness_random,50,0.09080795126080815,0.023859452250195975,0.08402716995745194,0.09758873256416437
single_shape,TinyCNN,template_init,contrast,12,fidelity,50,0.994785472604629,0.008128964512087365,0.9924752464518574,0.9970956987574007
single_shape,TinyCNN,template_init,contrast,12,cf_accuracy,50,0.9939062631130219,0.012090599897211899,0.9904701526411772,0.9973423735848665
single_shape,TinyCNN,template_init,contrast,12,causal_usefulness_random,50,0.04819053866600579,0.020102964683908684,0.042477339316697234,0.05390373801531435
single_shape,TinyCNN,template_init,contrast,13,fidelity,50,0.9978774002744264,0.004361663889821,0.99663782911221,0.9991169714366428
single_shape,TinyCNN,template_init,contrast,13,cf_accuracy,50,0.9974479258060456,0.007078038467035042,0.9954363695306364,0.9994594820814547
single_shape,TinyCNN,template_init,contrast,13,causal_usefulness_random,50,0.021847226947428747,0.013112589136835945,0.018120670347332505,0.02557378354752499
single_shape,TinyCNN,template_init,contrast,14,fidelity,50,0.9994493111569673,0.0009937779479746109,0.9991668825890919,0.9997317397248427
single_shape,TinyCNN,template_init,contrast,14,cf_accuracy,50,0.999192715883255,0.0014855292526691417,0.9987705331408995,0.9996148986256105
single_shape,TinyCNN,template_init,contrast,14,causal_usefulness_random,50,0.007269545901434433,0.006090886540428902,0.005538535099463274,0.00900055670340559
single_shape,TinyCNN,template_init,contrast,15,fidelity,50,0.9998877327439142,0.0001492630847898046,0.9998453126445753,0.999930152843253
single_shape,TinyCNN,template_init,contrast,15,cf_accuracy,50,0.9997135436534882,0.0008838956106123307,0.9994623433003657,0.9999647440066107
single_shape,TinyCNN,template_init,contrast,15,causal_usefulness_random,50,0.0013397905573153568,0.0025457056616591516,0.0006163090132541495,0.002063272101376564
single_shape,TinyCNN,template_init,contrast,16,fidelity,50,1.0,0.0,1.0,1.0
single_shape,TinyCNN,template_init,contrast,16,cf_accuracy,50,0.999765625,0.0009371013182894345,0.9994993037520612,1.0000319462479388
single_shape,TinyCNN,template_init,contrast,16,causal_usefulness_random,50,0.0,0.0,0.0,0.0
single_shape,TinyCNN,template_init,auroc,1,fidelity,50,0.017420312103968837,0.006462222330254819,0.01558376883819613,0.019256855369741546
single_shape,TinyCNN,template_init,auroc,1,cf_accuracy,50,0.0009635416883975267,0.0016388060806873685,0.0004977981534988953,0.0014292852232961582
single_shape,TinyCNN,template_init,auroc,1,causal_usefulness_random,50,0.006809540543992323,0.0068334755573122895,0.00486748827849724,0.008751592809487405
single_shape,TinyCNN,template_init,auroc,1,causal_usefulness_energy,50,0.0076745275253127685,0.005849832077601016,0.006012023643680507,0.009337031406945029
single_shape,TinyCNN,template_init,auroc,2,fidelity,50,0.13768431233799544,0.04913929858933124,0.12371907819764175,0.15164954647834913
single_shape,TinyCNN,template_init,auroc,2,cf_accuracy,50,0.058307293101679536,0.04332224153540427,0.04599524828429114,0.07061933791906792
single_shape,TinyCNN,template_init,auroc,2,causal_usefulness_random,50,0.10056626622007167,0.046237921225052644,0.08742559440325244,0.1137069380368909
single_shape,TinyCNN,template_init,auroc,2,causal_usefulness_energy,50,0.09613434143532373,0.04187233556375912,0.08423435533584137,0.1080343275348061
single_shape,TinyCNN,template_init,auroc,3,fidelity,50,0.3192066478717783,0.061237408953988104,0.30180316880834884,0.3366101269352078
single_shape,TinyCNN,template_init,auroc,3,cf_accuracy,50,0.205208340883255,0.06625941721360759,0.1863776228641681,0.22403905890234194
single_shape,TinyCNN,template_init,auroc,3,causal_usefulness_random,50,0.2391319837913402,0.06100715793558138,0.22179394134331662,0.2564700262393638
single_shape,TinyCNN,template_init,auroc,4,fidelity,50,0.4959211117472057,0.06542589979992655,0.4773272767560879,0.5145149467383235
single_shape,TinyCNN,template_init,auroc,4,cf_accuracy,50,0.374036468565464,0.0761631026101502,0.3523911542988607,0.39568178283206734
single_shape,TinyCNN,template_init,auroc,4,causal_usefulness_random,50,0.34986761107554964,0.07071197687038781,0.32977148960309866,0.36996373254800063
single_shape,TinyCNN,template_init,auroc,4,causal_usefulness_energy,50,0.3196629581777283,0.07505313305989329,0.298333093767004,0.34099282258845254
single_shape,TinyCNN,template_init,auroc,5,fidelity,50,0.6287492786617314,0.06683284018435381,0.6097555956374894,0.6477429616859733
single_shape,TinyCNN,template_init,auroc,5,cf_accuracy,50,0.5257291805744171,0.08142800187292232,0.5025875984928322,0.548870762656002
single_shape,TinyCNN,template_init,auroc,5,causal_usefulness_random,50,0.3842083678346603,0.07265892527869701,0.3635589297467554,0.40485780592256515
single_shape,TinyCNN,template_init,auroc,6,fidelity,50,0.7569307286412509,0.05146781819996939,0.7423037365495937,0.7715577207329081
single_shape,TinyCNN,template_init,auroc,6,cf_accuracy,50,0.6797396004199981,0.06778339807349956,0.6604757718326942,0.6990034290073021
single_shape,TinyCNN,template_init,auroc,6,causal_usefulness_random,50,0.39825252482873386,0.06665630901316627,0.3793090114082403,0.4171960382492274
single_shape,TinyCNN,template_init,auroc,7,fidelity,50,0.8357734917164409,0.04858054822866577,0.8219670526715954,0.8495799307612864
single_shape,TinyCNN,template_init,auroc,7,cf_accuracy,50,0.7796614766120911,0.06307109025480055,0.7617368710889894,0.7975860821351928
single_shape,TinyCNN,template_init,auroc,7,causal_usefulness_random,50,0.35104843685990994,0.07063456783643866,0.33097431479149425,0.37112255892832563
single_shape,TinyCNN,template_init,auroc,8,fidelity,50,0.8947132395630852,0.040525845931937574,0.8831959215829241,0.9062305575432463
single_shape,TinyCNN,template_init,auroc,8,cf_accuracy,50,0.8523698127269745,0.05698640076037248,0.8361744568248572,0.8685651686290918
single_shape,TinyCNN,template_init,auroc,8,causal_usefulness_random,50,0.2821639395162857,0.0659906482636827,0.2634096047876223,0.3009182742449491
single_shape,TinyCNN,template_init,auroc,8,causal_usefulness_energy,50,0.241891520684537,0.06710806981341817,0.22281961826517566,0.26096342310389836
single_shape,TinyCNN,template_init,auroc,9,fidelity,50,0.9436926657226499,0.02573891029825417,0.9363777483519994,0.9510075830933004
single_shape,TinyCNN,template_init,auroc,9,cf_accuracy,50,0.923255227804184,0.035678816181096314,0.9131154204377063,0.9333950351706617
single_shape,TinyCNN,template_init,auroc,9,causal_usefulness_random,50,0.21455520667853953,0.045521499497200434,0.20161813966398473,0.22749227369309433
single_shape,TinyCNN,template_init,auroc,10,fidelity,50,0.9704328837921623,0.018490500212706165,0.9651779417751681,0.9756878258091565
single_shape,TinyCNN,template_init,auroc,10,cf_accuracy,50,0.9590885651111603,0.029377032840455446,0.9507397047541081,0.9674374254682124
single_shape,TinyCNN,template_init,auroc,10,causal_usefulness_random,50,0.14278524614614538,0.036486788944952685,0.13241581546085346,0.1531546768314373
single_shape,TinyCNN,template_init,auroc,11,fidelity,50,0.9878066995267615,0.011866866223612944,0.9844341734614221,0.9911792255921008
single_shape,TinyCNN,template_init,auroc,11,cf_accuracy,50,0.9849218964576721,0.01862552100523455,0.9796285819560148,0.9902152109593295
single_shape,TinyCNN,template_init,auroc,11,causal_usefulness_random,50,0.09074976256410389,0.024777434450160726,0.08370809360611664,0.09779143152209113
single_shape,TinyCNN,template_init,auroc,12,fidelity,50,0.994570182031965,0.00835573396202513,0.9921955087145986,0.9969448553493314
single_shape,TinyCNN,template_init,auroc,12,cf_accuracy,50,0.9937239754199981,0.012193896136045759,0.9902585084818923,0.9971894423581039
single_shape,TinyCNN,template_init,auroc,12,causal_usefulness_random,50,0.04797524809334169,0.020559021802900784,0.04213243874488913,0.05381805744179424
single_shape,TinyCNN,template_init,auroc,13,fidelity,50,0.998159568480522,0.002979573513947335,0.9973127830571398,0.9990063539039042
single_shape,TinyCNN,template_init,auroc,13,cf_accuracy,50,0.9977604258060455,0.004541427523512712,0.9964697663844014,0.9990510852276896
single_shape,TinyCNN,template_init,auroc,13,causal_usefulness_random,50,0.0221293951535242,0.012736862329834335,0.018509618930503267,0.025749171376545133
single_shape,TinyCNN,template_init,auroc,14,fidelity,50,0.9993732340795879,0.001126288133932586,0.999053146533542,0.9996933216256337
single_shape,TinyCNN,template_init,auroc,14,cf_accuracy,50,0.9991666722297669,0.0016164812597857033,0.998707273338768,0.9996260711207657
single_shape,TinyCNN,template_init,auroc,14,causal_usefulness_random,50,0.007193468824055034,0.006117333086378824,0.005454941996886184,0.008931995651223884
single_shape,TinyCNN,template_init,auroc,15,fidelity,50,0.9998919175645216,0.00014235721358914877,0.9998514600920624,0.9999323750369807
single_shape,TinyCNN,template_init,auroc,15,cf_accuracy,50,0.9997395849227906,0.0008724700229488755,0.9994916316857543,0.9999875381598269
single_shape,TinyCNN,template_init,auroc,15,causal_usefulness_random,50,0.001343975377922957,0.0025526414440649606,0.0006185227063116161,0.0020694280495342976
single_shape,TinyCNN,template_init,auroc,16,fidelity,50,1.0,0.0,1.0,1.0
single_shape,TinyCNN,template_init,auroc,16,cf_accuracy,50,0.999765625,0.0009371013182894345,0.9994993037520612,1.0000319462479388
single_shape,TinyCNN,template_init,auroc,16,causal_usefulness_random,50,0.0,0.0,0.0,0.0
single_shape,TinyCNN,template_init,validation_patch,1,fidelity,50,0.056326558854306714,0.030896017622856937,0.047546007798550116,0.06510710991006331
single_shape,TinyCNN,template_init,validation_patch,1,cf_accuracy,50,0.009661458560731261,0.015091264193530761,0.0053725687314745176,0.013950348389988005
single_shape,TinyCNN,template_init,validation_patch,1,causal_usefulness_random,50,0.04571578729433021,0.029931549757525627,0.03720933497312745,0.05422223961553296
single_shape,TinyCNN,template_init,validation_patch,1,causal_usefulness_energy,50,0.04668593529356558,0.02911681924190661,0.03841102682297816,0.054960843764153
single_shape,TinyCNN,template_init,validation_patch,2,fidelity,50,0.22232161486203836,0.061105538163241,0.20495561306267096,0.23968761666140576
single_shape,TinyCNN,template_init,validation_patch,2,cf_accuracy,50,0.13518229492008685,0.0714841073664515,0.11486673638862219,0.1554978534515515
single_shape,TinyCNN,template_init,validation_patch,2,causal_usefulness_random,50,0.1852035687441146,0.058223805998446045,0.16865654616436282,0.20175059132386636
single_shape,TinyCNN,template_init,validation_patch,2,causal_usefulness_energy,50,0.1708164118689609,0.056207681312400656,0.15484236558527054,0.18679045815265127
single_shape,TinyCNN,template_init,validation_patch,3,fidelity,50,0.38674322604717015,0.07158535563072062,0.36639889307737583,0.4070875590169645
single_shape,TinyCNN,template_init,validation_patch,3,cf_accuracy,50,0.2889843845367432,0.08158500596371167,0.26579818238625597,0.3121705866872304
single_shape,TinyCNN,template_init,validation_patch,3,causal_usefulness_random,50,0.30666856196673203,0.06966632491758394,0.2868696114912109,0.3264675124422532
single_shape,TinyCNN,template_init,validation_patch,4,fidelity,50,0.5242371472184777,0.07268881937797339,0.5035792133215606,0.5448950811153948
single_shape,TinyCNN,template_init,validation_patch,4,cf_accuracy,50,0.4244010528922081,0.08420872554655212,0.40046919788657503,0.44833290789784114
single_shape,TinyCNN,template_init,validation_patch,4,causal_usefulness_random,50,0.3781836465468217,0.07233119096335638,0.35762734952077463,0.39873994357286874
single_shape,TinyCNN,template_init,validation_patch,4,causal_usefulness_energy,50,0.3334022937305052,0.07320482729113527,0.31259771200725656,0.3542068754537538
single_shape,TinyCNN,template_init,validation_patch,5,fidelity,50,0.6528508623502006,0.07067182774402271,0.6327661511332134,0.6729355735671878
single_shape,TinyCNN,template_init,validation_patch,5,cf_accuracy,50,0.5619270998239517,0.08690764739187938,0.5372282197166479,0.5866259799312555
single_shape,TinyCNN,template_init,validation_patch,5,causal_usefulness_random,50,0.40830995152312943,0.07825122389595601,0.3860711997532064,0.43054870329305245
single_shape,TinyCNN,template_init,validation_patch,6,fidelity,50,0.7686076675782957,0.05893825813061804,0.7518575999491784,0.7853577352074129
single_shape,TinyCNN,template_init,validation_patch,6,cf_accuracy,50,0.6997135615348816,0.07659666353503083,0.6779450306167614,0.7214820924530019
single_shape,TinyCNN,template_init,validation_patch,6,causal_usefulness_random,50,0.40992946376577855,0.07173013026085563,0.3895439863013443,0.4303149412302128
single_shape,TinyCNN,template_init,validation_patch,7,fidelity,50,0.8586468764708637,0.04854182398959732,0.844851442732993,0.8724423102087344
single_shape,TinyCNN,template_init,validation_patch,7,cf_accuracy,50,0.8122135615348816,0.0666905385128081,0.7932603201982247,0.8311668028715384
single_shape,TinyCNN,template_init,validation_patch,7,causal_usefulness_random,50,0.37392182161433274,0.07287758659073168,0.35321024066912904,0.39463340255953644
single_shape,TinyCNN,template_init,validation_patch,8,fidelity,50,0.9218594169117439,0.037540724201104915,0.9111904611407574,0.9325283726827304
single_shape,TinyCNN,template_init,validation_patch,8,cf_accuracy,50,0.8925260639190674,0.05628340821492826,0.8765304962878022,0.9085216315503326
single_shape,TinyCNN,template_init,validation_patch,8,causal_usefulness_random,50,0.3093101168649443,0.06448196636599786,0.2909845447875463,0.3276356889423423
single_shape,TinyCNN,template_init,validation_patch,8,causal_usefulness_energy,50,0.26799748767300896,0.059551343703299855,0.2510731830519857,0.2849217922940322
single_shape,TinyCNN,template_init,validation_patch,9,fidelity,50,0.9663380354780686,0.023690767741829467,0.9596051937815611,0.9730708771745762
single_shape,TinyCNN,template_init,validation_patch,9,cf_accuracy,50,0.9548698139190673,0.03745044790140166,0.9442265143885823,0.9655131134495524
single_shape,TinyCNN,template_init,validation_patch,9,causal_usefulness_random,50,0.23720057643395823,0.049422006306466176,0.2231549976493704,0.25124615521854604
single_shape,TinyCNN,template_init,validation_patch,10,fidelity,50,0.9868702608287944,0.013660106258676414,0.982988101584341,0.9907524200732477
single_shape,TinyCNN,template_init,validation_patch,10,cf_accuracy,50,0.9834896063804627,0.02273981468951973,0.9770270225511456,0.9899521902097798
single_shape,TinyCNN,template_init,validation_patch,10,causal_usefulness_random,50,0.1592226231827775,0.033138345044542994,0.14980480972478588,0.1686404366407691
single_shape,TinyCNN,template_init,validation_patch,11,fidelity,50,0.9960736536121939,0.004329008489503062,0.9948433630120628,0.997303944212325
single_shape,TinyCNN,template_init,validation_patch,11,cf_accuracy,50,0.9962239730358123,0.006159489187077531,0.9944734655773849,0.9979744804942398
single_shape,TinyCNN,template_init,validation_patch,11,causal_usefulness_random,50,0.09901671664953639,0.023883113138099665,0.09222921099623971,0.10580422230283307
single_shape,TinyCNN,template_init,validation_patch,12,fidelity,50,0.9988311220823362,0.001237260225326166,0.9984794966168685,0.9991827475478038
single_shape,TinyCNN,template_init,validation_patch,12,cf_accuracy,50,0.9988802194595336,0.001822717023684991,0.9983622090129438,0.9993982299061235
single_shape,TinyCNN,template_init,validation_patch,12,causal_usefulness_random,50,0.05223618814371278,0.018634989865824212,0.04694018262165075,0.05753219366577481
single_shape,TinyCNN,template_init,validation_patch,13,fidelity,50,0.9995458938028625,0.0006605324707797514,0.9993581725517141,0.9997336150540109
single_shape,TinyCNN,template_init,validation_patch,13,cf_accuracy,50,0.9993750047683716,0.0012681537549899715,0.9990145994589184,0.9997354100778248
single_shape,TinyCNN,template_init,validation_patch,13,causal_usefulness_random,50,0.023515720475864806,0.012383781249845889,0.019996288785511625,0.027035152166217987
single_shape,TinyCNN,template_init,validation_patch,14,fidelity,50,0.9998709753680219,0.0001844319028686265,0.9998185604011736,0.9999233903348703
single_shape,TinyCNN,template_init,validation_patch,14,cf_accuracy,50,0.9996614599227905,0.000977579007323651,0.9993836350429105,0.9999392848026706
single_shape,TinyCNN,template_init,validation_patch,14,causal_usefulness_random,50,0.0076912101124890775,0.005920693546742594,0.0060085676241509725,0.009373852600827183
single_shape,TinyCNN,template_init,validation_patch,15,fidelity,50,0.9999722578031418,3.8472392370775275e-05,0.9999613240702067,0.999983191536077
single_shape,TinyCNN,template_init,validation_patch,15,cf_accuracy,50,0.9997916674613953,0.0008467095116849424,0.999551035280656,1.0000322996421345
single_shape,TinyCNN,template_init,validation_patch,15,causal_usefulness_random,50,0.0014243156165433723,0.002541528242991831,0.0007020212817315068,0.002146609951355238
single_shape,TinyCNN,template_init,validation_patch,16,fidelity,50,1.0,0.0,1.0,1.0
single_shape,TinyCNN,template_init,validation_patch,16,cf_accuracy,50,0.999765625,0.0009371013182894345,0.9994993037520612,1.0000319462479388
single_shape,TinyCNN,template_init,validation_patch,16,causal_usefulness_random,50,0.0,0.0,0.0,0.0
single_shape,TwoLayerCNN,release_default,contrast,1,fidelity,50,0.001454986367250457,0.0009587251757352606,0.001182519687021905,0.001727453047479009
single_shape,TwoLayerCNN,release_default,contrast,1,cf_accuracy,50,0.00018229166977107525,0.0006449008917861392,-9.87135780937474e-07,0.000365570475323088
single_shape,TwoLayerCNN,release_default,contrast,1,causal_usefulness_random,50,0.00013074184359561814,0.0007221383055568596,-7.448759207665591e-05,0.0003359712792678922
single_shape,TwoLayerCNN,release_default,contrast,1,causal_usefulness_energy,50,0.0001613233476803025,0.0007887308919595266,-6.283149164693723e-05,0.00038547818700754223
single_shape,TwoLayerCNN,release_default,contrast,2,fidelity,50,0.010220178434761515,0.007752882824143822,0.008016833515112988,0.012423523354410042
single_shape,TwoLayerCNN,release_default,contrast,2,cf_accuracy,50,0.0011458333721384407,0.0018903789445105278,0.000608593620413212,0.0016830731238636695
single_shape,TwoLayerCNN,release_default,contrast,2,causal_usefulness_random,50,0.0037794292421125327,0.007036020677173486,0.0017798142904568923,0.005779044193768173
single_shape,TwoLayerCNN,release_default,contrast,2,causal_usefulness_energy,50,0.004846496895269082,0.007406804872660714,0.0027415062411884567,0.0069514875493497065
single_shape,TwoLayerCNN,release_default,contrast,3,fidelity,50,0.04369169182348787,0.03099600781888257,0.03488272386844039,0.05250065977853535
single_shape,TwoLayerCNN,release_default,contrast,3,cf_accuracy,50,0.010989583812188357,0.018720156284242978,0.005669374261817877,0.016309793362558837
single_shape,TwoLayerCNN,release_default,contrast,3,causal_usefulness_random,50,0.018022878157338565,0.030043615817018435,0.009484577014420152,0.026561179300256976
single_shape,TwoLayerCNN,release_default,contrast,4,fidelity,50,0.11615026379866665,0.052501900830439936,0.10122938867510697,0.13107113892222633
single_shape,TwoLayerCNN,release_default,contrast,4,cf_accuracy,50,0.043880209408234803,0.04308595601007867,0.0316353161941431,0.056125102622326506
single_shape,TwoLayerCNN,release_default,contrast,4,causal_usefulness_random,50,0.040478888755332114,0.05111624953066871,0.02595181137398099,0.05500596613668324
single_shape,TwoLayerCNN,release_default,contrast,4,causal_usefulness_energy,50,0.055688327129803185,0.05008160248132481,0.041455293186423534,0.06992136107318284
single_shape,TwoLayerCNN,release_default,contrast,5,fidelity,50,0.23063135882314462,0.06531607011920387,0.21206873708192828,0.24919398056436096
single_shape,TwoLayerCNN,release_default,contrast,5,cf_accuracy,50,0.11544271159917116,0.06500556577757739,0.09696833421546283,0.1339170889828795
single_shape,TwoLayerCNN,release_default,contrast,5,causal_usefulness_random,50,0.06842800428373479,0.06347831560064676,0.05038766659786545,0.08646834196960412
single_shape,TwoLayerCNN,release_default,contrast,6,fidelity,50,0.37392120805706935,0.06413519146593487,0.3556941883158341,0.3921482277983046
single_shape,TwoLayerCNN,release_default,contrast,6,cf_accuracy,50,0.23786459013819694,0.07896789045082973,0.21542216398693986,0.260307016289454
single_shape,TwoLayerCNN,release_default,contrast,6,causal_usefulness_random,50,0.1001449035594674,0.06194243133979013,0.08254105935093889,0.1177487477679959
single_shape,TwoLayerCNN,release_default,contrast,7,fidelity,50,0.5152550744471468,0.06415320887377561,0.497022934215259,0.5334872146790346
single_shape,TwoLayerCNN,release_default,contrast,7,cf_accuracy,50,0.3831770950555801,0.08241315794953322,0.3597555347148499,0.40659865539631035
single_shape,TwoLayerCNN,release_default,contrast,7,causal_usefulness_random,50,0.11129857550755858,0.06441259219484728,0.09299271935145419,0.12960443166366298
single_shape,TwoLayerCNN,release_default,contrast,8,fidelity,50,0.641070030348223,0.06012882102636386,0.6239816084878649,0.658158452208581
single_shape,TwoLayerCNN,release_default,contrast,8,cf_accuracy,50,0.5332552230358124,0.08066108075242327,0.5103315975250866,0.5561788485465382
single_shape,TwoLayerCNN,release_default,contrast,8,causal_usefulness_random,50,0.09966666985528669,0.06365658448013173,0.08157566871443497,0.1177576709961384
single_shape,TwoLayerCNN,release_default,contrast,8,causal_usefulness_energy,50,0.10825130235693461,0.0630909386486782,0.09032105598270626,0.12618154873116297
single_shape,TwoLayerCNN,release_default,contrast,9,fidelity,50,0.7390572994935415,0.071462702022571,0.7187478242934985,0.7593667746935845
single_shape,TwoLayerCNN,release_default,contrast,9,cf_accuracy,50,0.6523437720537185,0.09910577708577847,0.6241782218444796,0.6805093222629575
single_shape,TwoLayerCNN,release_default,contrast,9,causal_usefulness_random,50,0.05920936129426219,0.07983288470926797,0.036521106494735105,0.08189761609378929
single_shape,TwoLayerCNN,release_default,contrast,10,fidelity,50,0.82674988434412,0.06286214817403449,0.8088846595033528,0.8446151091848872
single_shape,TwoLayerCNN,release_default,contrast,10,cf_accuracy,50,0.769348977804184,0.08832295211870762,0.7442478725439474,0.7944500830644206
single_shape,TwoLayerCNN,release_default,contrast,10,causal_usefulness_random,50,0.015837143245071583,0.07088024315872644,-0.004306798977411191,0.03598108546755435
single_shape,TwoLayerCNN,release_default,contrast,11,fidelity,50,0.9167531427632406,0.044910145391434474,0.9039898206631389,0.9295164648633423
single_shape,TwoLayerCNN,release_default,contrast,11,cf_accuracy,50,0.8840104341506958,0.0665807471816456,0.8650883951651159,0.9029324731362757
single_shape,TwoLayerCNN,release_default,contrast,11,causal_usefulness_random,50,0.006267611240645525,0.04945163928932154,-0.007786389144488745,0.020321611625779796
single_shape,TwoLayerCNN,release_default,contrast,12,fidelity,50,0.9679774020032368,0.02981028625193029,0.9595054123890107,0.9764493916174629
single_shape,TwoLayerCNN,release_default,contrast,12,cf_accuracy,50,0.9591146004199982,0.042231669912914584,0.9471124926284142,0.9711167082115821
single_shape,TwoLayerCNN,release_default,contrast,12,causal_usefulness_random,50,-0.0014701616630126858,0.03023487553108907,-0.010062818215252985,0.0071224948892276135
single_shape,TwoLayerCNN,release_default,contrast,13,fidelity,50,0.9934705165996689,0.008546778381288908,0.9910415490590877,0.9958994841402501
single_shape,TwoLayerCNN,release_default,contrast,13,cf_accuracy,50,0.9930208444595336,0.01201112565448194,0.9896073203175658,0.9964343686015015
single_shape,TwoLayerCNN,release_default,contrast,13,causal_usefulness_random,50,0.00021009980024074392,0.009663491339395364,-0.0025362340515256375,0.0029564336520071254
single_shape,TwoLayerCNN,release_default,contrast,14,fidelity,50,0.9994964000624492,0.0007398274357340712,0.9992861434316042,0.9997066566932943
single_shape,TwoLayerCNN,release_default,contrast,14,cf_accuracy,50,0.9995312547683716,0.0012271054418267412,0.9991825152604427,0.9998799942763005
single_shape,TwoLayerCNN,release_default,contrast,14,causal_usefulness_random,50,0.00041693432037836375,0.0008016756633106012,0.00018910061773803744,0.00064476802301869
single_shape,TwoLayerCNN,release_default,contrast,15,fidelity,50,0.9998807687767638,0.00025626428377977575,0.9998079392731377,0.9999535982803899
single_shape,TwoLayerCNN,release_default,contrast,15,cf_accuracy,50,0.9998177111148834,0.0005267703198314906,0.9996680046464188,0.999967417583348
single_shape,TwoLayerCNN,release_default,contrast,15,causal_usefulness_random,50,5.466525483436291e-05,0.0002466393966159186,-1.5428886125245306e-05,0.00012475939579397111
single_shape,TwoLayerCNN,release_default,contrast,16,fidelity,50,1.0,0.0,1.0,1.0
single_shape,TwoLayerCNN,release_default,contrast,16,cf_accuracy,50,0.999921875,0.0005524271728019902,0.9997648769345993,1.0000788730654007
single_shape,TwoLayerCNN,release_default,contrast,16,causal_usefulness_random,50,0.0,0.0,0.0,0.0
single_shape,TwoLayerCNN,release_default,auroc,1,fidelity,50,0.0013335857623124436,0.0009032284515975917,0.0010768910765741311,0.0015902804480507561
single_shape,TwoLayerCNN,release_default,auroc,1,cf_accuracy,50,0.00018229166977107525,0.0006449008917861392,-9.87135780937474e-07,0.000365570475323088
single_shape,TwoLayerCNN,release_default,auroc,1,causal_usefulness_random,50,9.341238657604722e-06,0.0006942744526020107,-0.00018796937762290586,0.0002066518549381153
single_shape,TwoLayerCNN,release_default,auroc,1,causal_usefulness_energy,50,3.5128776029682565e-05,0.0007531287867385186,-0.00017890805694471856,0.0002491656090040837
single_shape,TwoLayerCNN,release_default,auroc,2,fidelity,50,0.009774598132278703,0.007794597890267153,0.007559397922011128,0.011989798342546277
single_shape,TwoLayerCNN,release_default,auroc,2,cf_accuracy,50,0.001093750037252903,0.00190351180050464,0.0005527779691504691,0.0016347221053553368
single_shape,TwoLayerCNN,release_default,auroc,2,causal_usefulness_random,50,0.0033338489396297195,0.0069015171599766684,0.0013724594646145304,0.0052952384146449085
single_shape,TwoLayerCNN,release_default,auroc,2,causal_usefulness_energy,50,0.004382425269304212,0.0073477112496859445,0.0022942288370528673,0.006470621701555558
single_shape,TwoLayerCNN,release_default,auroc,3,fidelity,50,0.045276111811057486,0.03300721778218972,0.03589556430869643,0.054656659313418544
single_shape,TwoLayerCNN,release_default,auroc,3,cf_accuracy,50,0.012760417044628412,0.022158070871084193,0.006463162979214757,0.019057671110042067
single_shape,TwoLayerCNN,release_default,auroc,3,causal_usefulness_random,50,0.01960729814490818,0.030163554320915966,0.011034910856329228,0.028179685433487135
single_shape,TwoLayerCNN,release_default,auroc,4,fidelity,50,0.11118079826779351,0.04941439787538362,0.0971373817753946,0.1252242147601924
single_shape,TwoLayerCNN,release_default,auroc,4,cf_accuracy,50,0.04388020936166868,0.041169819015618406,0.03217987625610162,0.05558054246723573
single_shape,TwoLayerCNN,release_default,auroc,4,causal_usefulness_random,50,0.03550942322445899,0.049285882721657834,0.02150253033463251,0.049516316114285475
single_shape,TwoLayerCNN,release_default,auroc,4,causal_usefulness_energy,50,0.05105823158205193,0.04521547200935109,0.03820813661723916,0.0639083265468647
single_shape,TwoLayerCNN,release_default,auroc,5,fidelity,50,0.22100958021898054,0.06926859882880514,0.2013236622472389,0.24069549819072217
single_shape,TwoLayerCNN,release_default,auroc,5,cf_accuracy,50,0.11057292005047202,0.07052370710127474,0.09053030425438786,0.13061553584655616
single_shape,TwoLayerCNN,release_default,auroc,5,causal_usefulness_random,50,0.058806225679570695,0.06836633726090227,0.03937672760826172,0.07823572375087967
single_shape,TwoLayerCNN,release_default,auroc,6,fidelity,50,0.35951032328987764,0.0696962893708353,0.3397028570109658,0.3793177895687895
single_shape,TwoLayerCNN,release_default,auroc,6,cf_accuracy,50,0.22546875678002834,0.07946796522726914,0.20288421094979445,0.24805330261026223
single_shape,TwoLayerCNN,release_default,auroc,6,causal_usefulness_random,50,0.08573401879227559,0.06868540024875756,0.06621384402311306,0.10525419356143811
single_shape,TwoLayerCNN,release_default,auroc,7,fidelity,50,0.5014337039179959,0.07219069889974718,0.4809173342946487,0.5219500735413432
single_shape,TwoLayerCNN,release_default,auroc,7,cf_accuracy,50,0.37015626072883606,0.09431594045044635,0.3433519670296967,0.3969605544279754
single_shape,TwoLayerCNN,release_default,auroc,7,causal_usefulness_random,50,0.0974772049784077,0.0725650826358522,0.07685443667451072,0.11809997328230468
single_shape,TwoLayerCNN,release_default,auroc,8,fidelity,50,0.6323414641115458,0.07123542985880758,0.6120965789457861,0.6525863492773055
single_shape,TwoLayerCNN,release_default,auroc,8,cf_accuracy,50,0.5254687684774398,0.0925300959749563,0.4991720061626392,0.5517655307922406
single_shape,TwoLayerCNN,release_default,auroc,8,causal_usefulness_random,50,0.09093810361860948,0.0735416383028415,0.0700378012649376,0.11183840597228135
single_shape,TwoLayerCNN,release_default,auroc,8,causal_usefulness_energy,50,0.1050144434769276,0.06248096550732853,0.08725754955140766,0.12277133740244753
single_shape,TwoLayerCNN,release_default,auroc,9,fidelity,50,0.7388155711809382,0.06493714231998166,0.7203606395287208,0.7572705028331557
single_shape,TwoLayerCNN,release_default,auroc,9,cf_accuracy,50,0.6497916895151138,0.09107480196558286,0.6239085171815988,0.6756748618486288
single_shape,TwoLayerCNN,release_default,auroc,9,causal_usefulness_random,50,0.05896763298165896,0.07072007555746065,0.03886920988780822,0.0790660560755097
single_shape,TwoLayerCNN,release_default,auroc,10,fidelity,50,0.8417427782611407,0.053993453540041744,0.8263980085477061,0.8570875479745754
single_shape,TwoLayerCNN,release_default,auroc,10,cf_accuracy,50,0.7869010579586029,0.07500760613829278,0.7655841321558379,0.8082179837613679
single_shape,TwoLayerCNN,release_default,auroc,10,causal_usefulness_random,50,0.0308300371620923,0.060825110892972885,0.013543731911130341,0.04811634241305426
single_shape,TwoLayerCNN,release_default,auroc,11,fidelity,50,0.916791316938884,0.04697646792614727,0.903440752471977,0.9301418814057911
single_shape,TwoLayerCNN,release_default,auroc,11,cf_accuracy,50,0.8853906464576721,0.06528646097233401,0.86683643954289,0.9039448533724541
single_shape,TwoLayerCNN,release_default,auroc,11,causal_usefulness_random,50,0.006305785416288973,0.05312322154232574,-0.008791667099843019,0.021403237932420965
single_shape,TwoLayerCNN,release_default,auroc,12,fidelity,50,0.9708076194196952,0.026993654739932718,0.9631361076242689,0.9784791312151214
single_shape,TwoLayerCNN,release_default,auroc,12,cf_accuracy,50,0.9630729353427887,0.038577418476439765,0.9521093543186416,0.9740365163669358
single_shape,TwoLayerCNN,release_default,auroc,12,causal_usefulness_random,50,0.0013600557534458812,0.026954078889154885,-0.006300208709635772,0.009020320216527534
single_shape,TwoLayerCNN,release_default,auroc,13,fidelity,50,0.9903051768904028,0.016854246838103878,0.9855152529372648,0.9950951008435407
single_shape,TwoLayerCNN,release_default,auroc,13,cf_accuracy,50,0.9883854317665101,0.023726312705495852,0.9816424883030997,0.9951283752299204
single_shape,TwoLayerCNN,release_default,auroc,13,causal_usefulness_random,50,-0.002955239909025249,0.01639404986613241,-0.00761437732982027,0.001703897511769773
single_shape,TwoLayerCNN,release_default,auroc,14,fidelity,50,0.9993250462351329,0.0008799307324406624,0.9990749726879191,0.9995751197823466
single_shape,TwoLayerCNN,release_default,auroc,14,cf_accuracy,50,0.9994531297683715,0.0013176598122632867,0.9990786549931132,0.9998276045436298
single_shape,TwoLayerCNN,release_default,auroc,14,causal_usefulness_random,50,0.0002455804930620098,0.0009253682233222749,-1.740624618185103e-05,0.0005085672323058706
single_shape,TwoLayerCNN,release_default,auroc,15,fidelity,50,0.999866126075657,0.00026786486737179096,0.9997899997226521,0.9999422524286617
single_shape,TwoLayerCNN,release_default,auroc,15,cf_accuracy,50,0.9997916698455811,0.0005492781907333622,0.9996355667109823,0.9999477729801799
single_shape,TwoLayerCNN,release_default,auroc,15,causal_usefulness_random,50,4.002255372746788e-05,0.0002667839295103249,-3.579660013616092e-05,0.00011584170759109668
single_shape,TwoLayerCNN,release_default,auroc,16,fidelity,50,1.0,0.0,1.0,1.0
single_shape,TwoLayerCNN,release_default,auroc,16,cf_accuracy,50,0.999921875,0.0005524271728019902,0.9997648769345993,1.0000788730654007
single_shape,TwoLayerCNN,release_default,auroc,16,causal_usefulness_random,50,0.0,0.0,0.0,0.0
single_shape,TwoLayerCNN,release_default,validation_patch,1,fidelity,50,0.004329624187608836,0.0038924039861559395,0.003223415214424274,0.005435833160793399
single_shape,TwoLayerCNN,release_default,validation_patch,1,cf_accuracy,50,0.00044270834187045696,0.000970476013507812,0.00016690211049750532,0.0007185145732434086
single_shape,TwoLayerCNN,release_default,validation_patch,1,causal_usefulness_random,50,0.0030053796639539967,0.003269271209205536,0.002076263066535061,0.003934496261372932
single_shape,TwoLayerCNN,release_default,validation_patch,1,causal_usefulness_energy,50,0.0030896472463726593,0.003364091332607436,0.0021335830680451863,0.004045711424700132
single_shape,TwoLayerCNN,release_default,validation_patch,2,fidelity,50,0.02566108633616084,0.020598132417866292,0.019807161873918584,0.03151501079840309
single_shape,TwoLayerCNN,release_default,validation_patch,2,cf_accuracy,50,0.004453125158324838,0.00800970839436998,0.0021767912192071385,0.006729459097442538
single_shape,TwoLayerCNN,release_default,validation_patch,2,causal_usefulness_random,50,0.01922033714351186,0.018647945887383274,0.013920649560863006,0.024520024726160713
single_shape,TwoLayerCNN,release_default,validation_patch,2,causal_usefulness_energy,50,0.017559910054130316,0.01728333302355473,0.012648041156350556,0.022471778951910076
single_shape,TwoLayerCNN,release_default,validation_patch,3,fidelity,50,0.09079581877640563,0.0522127924685904,0.07595710734018112,0.10563453021263015
single_shape,TwoLayerCNN,release_default,validation_patch,3,cf_accuracy,50,0.027239584100898356,0.03376804290203492,0.01764281249189513,0.03683635570990158
single_shape,TwoLayerCNN,release_default,validation_patch,3,causal_usefulness_random,50,0.06512700511025633,0.046459175803244476,0.05192345343805095,0.07833055678246172
single_shape,TwoLayerCNN,release_default,validation_patch,4,fidelity,50,0.19183672812957162,0.06719951580816627,0.17273883704605517,0.21093461921308806
single_shape,TwoLayerCNN,release_default,validation_patch,4,cf_accuracy,50,0.08203125252388417,0.05752972851298808,0.06568148458296993,0.09838102046479841
single_shape,TwoLayerCNN,release_default,validation_patch,4,causal_usefulness_random,50,0.11616535308623713,0.060472405551459656,0.09897928558424977,0.13335142058822447
single_shape,TwoLayerCNN,release_default,validation_patch,4,causal_usefulness_energy,50,0.10038128538074952,0.055355489434967785,0.08464942934890457,0.11611314141259446
single_shape,TwoLayerCNN,release_default,validation_patch,5,fidelity,50,0.29707399328804474,0.07875477065421584,0.2746921351128292,0.3194558514632603
single_shape,TwoLayerCNN,release_default,validation_patch,5,cf_accuracy,50,0.1586458368599415,0.08547661447225076,0.13435365180850703,0.18293802191137595
single_shape,TwoLayerCNN,release_default,validation_patch,5,causal_usefulness_random,50,0.13487063874863492,0.07267230691362728,0.11421739764216146,0.15552387985510838
single_shape,TwoLayerCNN,release_default,validation_patch,6,fidelity,50,0.40864722219318694,0.07597388485045256,0.38705568301889365,0.43023876136748024
single_shape,TwoLayerCNN,release_default,validation_patch,6,cf_accuracy,50,0.2596614655852318,0.0860731145956754,0.23519975707441723,0.28412317409604637
single_shape,TwoLayerCNN,release_default,validation_patch,6,causal_usefulness_random,50,0.1348709176955849,0.06817767252791156,0.11549503754813484,0.15424679784303497
single_shape,TwoLayerCNN,release_default,validation_patch,7,fidelity,50,0.5219468998241138,0.07313926898375912,0.5011609495656731,0.5427328500825545
single_shape,TwoLayerCNN,release_default,validation_patch,7,cf_accuracy,50,0.37893230199813843,0.08844841581212826,0.3537955403507528,0.4040690636455241
single_shape,TwoLayerCNN,release_default,validation_patch,7,causal_usefulness_random,50,0.1179904008845256,0.07029865970736576,0.09801174285012788,0.1379690589189233
single_shape,TwoLayerCNN,release_default,validation_patch,8,fidelity,50,0.6364922481899605,0.07295802641155158,0.6157578065006232,0.6572266898792979
single_shape,TwoLayerCNN,release_default,validation_patch,8,cf_accuracy,50,0.5130989736318589,0.09892665795022265,0.48498432851770396,0.5412136187460138
single_shape,TwoLayerCNN,release_default,validation_patch,8,causal_usefulness_random,50,0.09508888769702425,0.07344714357562676,0.07421544044768773,0.11596233494636078
single_shape,TwoLayerCNN,release_default,validation_patch,8,causal_usefulness_energy,50,0.06081961974780363,0.08071863319387589,0.037879638014190864,0.0837596014814164
single_shape,TwoLayerCNN,release_default,validation_patch,9,fidelity,50,0.7624055915451574,0.0674466200195573,0.7432374742217839,0.781573708868531
single_shape,TwoLayerCNN,release_default,validation_patch,9,cf_accuracy,50,0.6741406440734863,0.09518751471959169,0.6470886517077248,0.7011926364392478
single_shape,TwoLayerCNN,release_default,validation_patch,9,causal_usefulness_random,50,0.08255765334587808,0.07375779236070425,0.061595920688658976,0.1035193860030972
single_shape,TwoLayerCNN,release_default,validation_patch,10,fidelity,50,0.8626952047348146,0.0654790156179583,0.8440862743952351,0.8813041350743942
single_shape,TwoLayerCNN,release_default,validation_patch,10,cf_accuracy,50,0.8157812762260437,0.08915511958402025,0.7904436715889194,0.841118880863168
single_shape,TwoLayerCNN,release_default,validation_patch,10,causal_usefulness_random,50,0.05178246363576612,0.07433408686361019,0.030656949892981664,0.07290797737855058
single_shape,TwoLayerCNN,release_default,validation_patch,11,fidelity,50,0.9388076132693183,0.04565251737666933,0.9258333113854047,0.9517819151532319
single_shape,TwoLayerCNN,release_default,validation_patch,11,cf_accuracy,50,0.9196093964576721,0.06190469805114062,0.9020162759311253,0.937202516984219
single_shape,TwoLayerCNN,release_default,validation_patch,11,causal_usefulness_random,50,0.028322081746723408,0.05326672417639248,0.013183846233234294,0.04346031726021252
single_shape,TwoLayerCNN,release_default,validation_patch,12,fidelity,50,0.9798247959747747,0.01838373862853299,0.9746001952642902,0.9850493966852591
single_shape,TwoLayerCNN,release_default,validation_patch,12,cf_accuracy,50,0.9737239801883697,0.027096114813038474,0.9660233495623529,0.9814246108143865
single_shape,TwoLayerCNN,release_default,validation_patch,12,causal_usefulness_random,50,0.010377232308525126,0.0244265568235977,0.0034352816686708965,0.017319182948379357
single_shape,TwoLayerCNN,release_default,validation_patch,13,fidelity,50,0.9942519604915057,0.007970236690055395,0.9919868442866352,0.9965170766963761
single_shape,TwoLayerCNN,release_default,validation_patch,13,cf_accuracy,50,0.9927343881130218,0.011521000920479384,0.9894601558792582,0.9960086203467855
single_shape,TwoLayerCNN,release_default,validation_patch,13,causal_usefulness_random,50,0.0009915436920776078,0.009622328181400285,-0.0017430917196242979,0.0037261791037795132
single_shape,TwoLayerCNN,release_default,validation_patch,14,fidelity,50,0.9990069228574419,0.0014665923547113823,0.9985901219219389,0.9994237237929449
single_shape,TwoLayerCNN,release_default,validation_patch,14,cf_accuracy,50,0.9985156345367432,0.0026828220300327763,0.9977531849519532,0.9992780841215332
single_shape,TwoLayerCNN,release_default,validation_patch,14,causal_usefulness_random,50,-7.254288462892999e-05,0.001297952248901456,-0.00044141683235033474,0.00029633106309247476
single_shape,TwoLayerCNN,release_default,validation_patch,15,fidelity,50,0.9997523470009126,0.0005345726002676886,0.9996004231488824,0.9999042708529429
single_shape,TwoLayerCNN,release_default,validation_patch,15,cf_accuracy,50,0.9995052134990692,0.0012857608513171673,0.9991398043082054,0.999870622689933
single_shape,TwoLayerCNN,release_default,validation_patch,15,causal_usefulness_random,50,-7.375652101691e-05,0.00043556857553770246,-0.00019754374053747932,5.0030698503659326e-05
single_shape,TwoLayerCNN,release_default,validation_patch,16,fidelity,50,1.0,0.0,1.0,1.0
single_shape,TwoLayerCNN,release_default,validation_patch,16,cf_accuracy,50,0.999921875,0.0005524271728019902,0.9997648769345993,1.0000788730654007
single_shape,TwoLayerCNN,release_default,validation_patch,16,causal_usefulness_random,50,0.0,0.0,0.0,0.0
single_shape,TwoLayerCNN,release_early,contrast,1,fidelity,50,0.0013576216628072401,0.0009087775737684456,0.0010993499339972093,0.001615893391617271
single_shape,TwoLayerCNN,release_early,contrast,1,cf_accuracy,50,7.812500232830644e-05,0.00031236711540574337,-1.0648749630277568e-05,0.00016689875428689045
single_shape,TwoLayerCNN,release_early,contrast,1,causal_usefulness_random,50,2.1592952649617526e-05,0.0007014346145792854,-0.0001777525591496746,0.00022093846444890965
single_shape,TwoLayerCNN,release_early,contrast,1,causal_usefulness_energy,50,8.708847524560387e-05,0.0007363536904265332,-0.000122180928106293,0.00029635787859750076
single_shape,TwoLayerCNN,release_early,contrast,2,fidelity,50,0.009601190664573702,0.00953140632870499,0.006892394957503645,0.01230998637164376
single_shape,TwoLayerCNN,release_early,contrast,2,cf_accuracy,50,0.0009114583558402956,0.002341830117440717,0.0002459176003584481,0.001576999111322143
single_shape,TwoLayerCNN,release_early,contrast,2,causal_usefulness_random,50,0.0032629729956820917,0.008537602440395033,0.0008366132286491538,0.00568933276271503
single_shape,TwoLayerCNN,release_early,contrast,2,causal_usefulness_energy,50,0.004041889553284651,0.009020994367553648,0.0014781513205812135,0.006605627785988088
single_shape,TwoLayerCNN,release_early,contrast,3,fidelity,50,0.041912495349452634,0.028881827297534007,0.03370437085052273,0.050120619848382536
single_shape,TwoLayerCNN,release_early,contrast,3,cf_accuracy,50,0.008515625121071934,0.016747704571221662,0.003755980145159277,0.013275270096984593
single_shape,TwoLayerCNN,release_early,contrast,3,causal_usefulness_random,50,0.016426861321679802,0.0286594349931234,0.008281940016349847,0.024571782627009757
single_shape,TwoLayerCNN,release_early,contrast,4,fidelity,50,0.1218138435806285,0.05399677313902971,0.10646813044759997,0.13715955671365704
single_shape,TwoLayerCNN,release_early,contrast,4,cf_accuracy,50,0.041666668043471876,0.038277798194779555,0.0307882381612154,0.052545097925728354
single_shape,TwoLayerCNN,release_early,contrast,4,causal_usefulness_random,50,0.046169005960662673,0.04802935690381896,0.0325192137571152,0.059818798164210145
single_shape,TwoLayerCNN,release_early,contrast,4,causal_usefulness_energy,50,0.05074794614949881,0.040370999225585194,0.03927463511636695,0.06222125718263067
single_shape,TwoLayerCNN,release_early,contrast,5,fidelity,50,0.2399521403872184,0.07475320628516238,0.21870751422275161,0.26119676655168517
single_shape,TwoLayerCNN,release_early,contrast,5,cf_accuracy,50,0.11455729530192911,0.06711215461922865,0.0954842319936011,0.13363035861025713
single_shape,TwoLayerCNN,release_early,contrast,5,causal_usefulness_random,50,0.07727813360918645,0.06463653789781013,0.05890863278849824,0.09564763442987466
single_shape,TwoLayerCNN,release_early,contrast,6,fidelity,50,0.3700646903668997,0.08888544372713582,0.3448037267603051,0.39532565397349434
single_shape,TwoLayerCNN,release_early,contrast,6,cf_accuracy,50,0.23018229819834232,0.09994165253938496,0.2017791948136023,0.25858540158308235
single_shape,TwoLayerCNN,release_early,contrast,6,causal_usefulness_random,50,0.09570281518907688,0.08367232097302774,0.07192340467651298,0.11948222570164077
single_shape,TwoLayerCNN,release_early,contrast,7,fidelity,50,0.5195634966703176,0.0715951415881099,0.49921638256220524,0.5399106107784301
single_shape,TwoLayerCNN,release_early,contrast,7,cf_accuracy,50,0.38598959416151046,0.09115652565936974,0.3600831962112018,0.41189599211181915
single_shape,TwoLayerCNN,release_early,contrast,7,causal_usefulness_random,50,0.11483987061686345,0.06853294088049873,0.09536302432075094,0.13431671691297595
single_shape,TwoLayerCNN,release_early,contrast,8,fidelity,50,0.6551149871723164,0.06376793710194056,0.6369923399664954,0.6732376343781374
single_shape,TwoLayerCNN,release_early,contrast,8,cf_accuracy,50,0.5378385573625565,0.0871113492310714,0.5130817858330956,0.5625953288920174
single_shape,TwoLayerCNN,release_early,contrast,8,causal_usefulness_random,50,0.11419509203192303,0.06739549017763023,0.09504150564884717,0.1333486784149989
single_shape,TwoLayerCNN,release_early,contrast,8,causal_usefulness_energy,50,0.11420722074205197,0.06454654417833816,0.09586329585345206,0.1325511456306519
single_shape,TwoLayerCNN,release_early,contrast,9,fidelity,50,0.7687412521922466,0.05722489925275582,0.7524781157685535,0.7850043886159398
single_shape,TwoLayerCNN,release_early,contrast,9,cf_accuracy,50,0.6857291889190674,0.08593740321778037,0.6613060491551056,0.7101523286830292
single_shape,TwoLayerCNN,release_early,contrast,9,causal_usefulness_random,50,0.08906937261960327,0.060348872494646905,0.07191841282391187,0.10622033241529466
single_shape,TwoLayerCNN,release_early,contrast,10,fidelity,50,0.8623504576117854,0.05198215631467384,0.8475772922452676,0.8771236229783033
single_shape,TwoLayerCNN,release_early,contrast,10,cf_accuracy,50,0.811848977804184,0.07586925949941023,0.7902871728256621,0.8334107827827059
single_shape,TwoLayerCNN,release_early,contrast,10,causal_usefulness_random,50,0.05005551360390669,0.05511571299492201,0.03439180128234472,0.06571922592546867
single_shape,TwoLayerCNN,release_early,contrast,11,fidelity,50,0.9363176622396006,0.03956829823701315,0.9250724763033242,0.9475628481758769
single_shape,TwoLayerCNN,release_early,contrast,11,cf_accuracy,50,0.9144010591506958,0.05541707191264253,0.8986517015723421,0.9301504167290495
single_shape,TwoLayerCNN,release_early,contrast,11,causal_usefulness_random,50,0.022880075102255114,0.04227809319240915,0.01086477396061701,0.03489537624389322
single_shape,TwoLayerCNN,release_early,contrast,12,fidelity,50,0.9790879357771574,0.022364800842015406,0.9727319297040683,0.9854439418502464
single_shape,TwoLayerCNN,release_early,contrast,12,cf_accuracy,50,0.9747656416893006,0.03178887145464623,0.9657313443821322,0.983799938996469
single_shape,TwoLayerCNN,release_early,contrast,12,causal_usefulness_random,50,0.007191322915273721,0.025452808870888487,-4.2285329366604715e-05,0.014424931159914047
single_shape,TwoLayerCNN,release_early,contrast,13,fidelity,50,0.9957706141176239,0.01057633279246656,0.9927648535953285,0.9987763746399193
single_shape,TwoLayerCNN,release_early,contrast,13,cf_accuracy,50,0.9960937619209289,0.013330703988346149,0.9923052177658965,0.9998823060759613
single_shape,TwoLayerCNN,release_early,contrast,13,causal_usefulness_random,50,0.0016461931429269682,0.01166081677837273,-0.0016677743179984083,0.004960160603852345
single_shape,TwoLayerCNN,release_early,contrast,14,fidelity,50,0.9995838613012178,0.0005914913540974065,0.9994157613183304,0.9997519612841052
single_shape,TwoLayerCNN,release_early,contrast,14,cf_accuracy,50,0.9996354222297669,0.0007909213995224695,0.9994106448550782,0.9998601996044555
single_shape,TwoLayerCNN,release_early,contrast,14,causal_usefulness_random,50,0.0003721462100879025,0.0007653881391291948,0.00015462530771365713,0.0005896671124621479
single_shape,TwoLayerCNN,release_early,contrast,15,fidelity,50,0.9999242221511162,0.00016622595429903524,0.9998769812576026,0.9999714630446298
single_shape,TwoLayerCNN,release_early,contrast,15,cf_accuracy,50,0.9998697936534882,0.0003945848167373486,0.999757653889345,0.9999819334176313
single_shape,TwoLayerCNN,release_early,contrast,15,causal_usefulness_random,50,7.692669343231984e-05,0.0001584909486606389,3.1884064198431105e-05,0.00012196932266620857
single_shape,TwoLayerCNN,release_early,contrast,16,fidelity,50,1.0,0.0,1.0,1.0
single_shape,TwoLayerCNN,release_early,contrast,16,cf_accuracy,50,0.999921875,0.0005524271728019902,0.9997648769345993,1.0000788730654007
single_shape,TwoLayerCNN,release_early,contrast,16,causal_usefulness_random,50,0.0,0.0,0.0,0.0
single_shape,TwoLayerCNN,release_early,auroc,1,fidelity,50,0.001350086775334547,0.0009302791695041977,0.001085704360628275,0.001614469190040819
single_shape,TwoLayerCNN,release_early,auroc,1,cf_accuracy,50,0.00010416666977107525,0.00044331754624064894,-2.182278285659999e-05,0.0002301561223987505
single_shape,TwoLayerCNN,release_early,auroc,1,causal_usefulness_random,50,1.4058065176924262e-05,0.000784054409347904,-0.00020876773249731183,0.00023688386285116033
single_shape,TwoLayerCNN,release_early,auroc,1,causal_usefulness_energy,50,7.065342995961094e-05,0.000829166070399657,-0.00016499295993172255,0.0003062998198509444
single_shape,TwoLayerCNN,release_early,auroc,2,fidelity,50,0.009203122858605995,0.009574904514526921,0.006481965103905576,0.011924280613306413
single_shape,TwoLayerCNN,release_early,auroc,2,cf_accuracy,50,0.0008854166883975268,0.0023446356779678185,0.0002190786014359741,0.0015517547753590795
single_shape,TwoLayerCNN,release_early,auroc,2,causal_usefulness_random,50,0.002864905189714384,0.008588989745501076,0.00042394131215790906,0.0053058690672708585
single_shape,TwoLayerCNN,release_early,auroc,2,causal_usefulness_energy,50,0.003623086197925468,0.009106834800382461,0.0010349523841376895,0.006211220011713247
single_shape,TwoLayerCNN,release_early,auroc,3,fidelity,50,0.04066571922559783,0.02810371137491432,0.032678732825087604,0.04865270562610805
single_shape,TwoLayerCNN,release_early,auroc,3,cf_accuracy,50,0.00877604179084301,0.01660579024589419,0.004056728419938218,0.0134953551617478
single_shape,TwoLayerCNN,release_early,auroc,3,causal_usefulness_random,50,0.015180085197824997,0.028148678796946852,0.007180319197373377,0.02317985119827662
single_shape,TwoLayerCNN,release_early,auroc,4,fidelity,50,0.11270402713017016,0.0520529778117599,0.097910734516879,0.12749731974346132
single_shape,TwoLayerCNN,release_early,auroc,4,cf_accuracy,50,0.036692709191702304,0.03639820065353858,0.02634845502026402,0.04703696336314059
single_shape,TwoLayerCNN,release_early,auroc,4,causal_usefulness_random,50,0.03705918951020433,0.0465260021310146,0.023836646005782357,0.0502817330146263
single_shape,TwoLayerCNN,release_early,auroc,4,causal_usefulness_energy,50,0.04379415783891526,0.04026603067515997,0.03235067853774019,0.05523763714009032
single_shape,TwoLayerCNN,release_early,auroc,5,fidelity,50,0.22849885754805338,0.07329251532362656,0.20766935516170612,0.24932835993440064
single_shape,TwoLayerCNN,release_early,auroc,5,cf_accuracy,50,0.10919271124526858,0.06635700017414996,0.09033426045564556,0.12805116203489159
single_shape,TwoLayerCNN,release_early,auroc,5,causal_usefulness_random,50,0.0658248507700214,0.06375502912821841,0.04770587196974306,0.08394382957029974
single_shape,TwoLayerCNN,release_early,auroc,6,fidelity,50,0.36182234384021006,0.08458720760887067,0.3377829254226045,0.3858617622578156
single_shape,TwoLayerCNN,release_early,auroc,6,cf_accuracy,50,0.22044271608814597,0.08958525693168394,0.19498286776938437,0.24590256440690758
single_shape,TwoLayerCNN,release_early,auroc,6,causal_usefulness_random,50,0.08746046866238721,0.08019358087703714,0.06466970514619076,0.11025123217858367
single_shape,TwoLayerCNN,release_early,auroc,7,fidelity,50,0.5063904383312791,0.08084307664754332,0.48341509015944695,0.5293657865031112
single_shape,TwoLayerCNN,release_early,auroc,7,cf_accuracy,50,0.37075521737337114,0.09878714276966194,0.3426802220348255,0.39883021271191677
single_shape,TwoLayerCNN,release_early,auroc,7,causal_usefulness_random,50,0.10166681227782476,0.07867326696439714,0.07930811719496701,0.1240255073606825
single_shape,TwoLayerCNN,release_early,auroc,8,fidelity,50,0.6498330288493576,0.07499064764276432,0.6285209225976957,0.6711451351010195
single_shape,TwoLayerCNN,release_early,auroc,8,cf_accuracy,50,0.5383854329586029,0.09329836829403208,0.5118703300665565,0.5649005358506493
single_shape,TwoLayerCNN,release_early,auroc,8,causal_usefulness_random,50,0.10891313370896405,0.07494444607929818,0.08761415779635823,0.13021210962156987
single_shape,TwoLayerCNN,release_early,auroc,8,causal_usefulness_energy,50,0.11119404527374503,0.05773077978740071,0.09478713919284931,0.12760095135464075
single_shape,TwoLayerCNN,release_early,auroc,9,fidelity,50,0.7667293007953585,0.06619627414478425,0.7479165278378775,0.7855420737528395
single_shape,TwoLayerCNN,release_early,auroc,9,cf_accuracy,50,0.6853385615348816,0.08933437741154181,0.6599500123868527,0.7107271106829105
single_shape,TwoLayerCNN,release_early,auroc,9,causal_usefulness_random,50,0.08705742122271516,0.07069170353482258,0.06696706136848221,0.10714778107694811
single_shape,TwoLayerCNN,release_early,auroc,10,fidelity,50,0.8589500087071182,0.054542030892369406,0.8434493350351558,0.8744506823790806
single_shape,TwoLayerCNN,release_early,auroc,10,cf_accuracy,50,0.8086718940734863,0.07602286525871318,0.7870664348211844,0.8302773533257881
single_shape,TwoLayerCNN,release_early,auroc,10,causal_usefulness_random,50,0.046655064699239496,0.0575951991606895,0.03028669020612124,0.06302343919235776
single_shape,TwoLayerCNN,release_early,auroc,11,fidelity,50,0.9363528783191549,0.041212100648938536,0.9246405289063531,0.9480652277319568
single_shape,TwoLayerCNN,release_early,auroc,11,cf_accuracy,50,0.9136458551883697,0.058273965331924756,0.8970845774837696,0.9302071328929699
single_shape,TwoLayerCNN,release_early,auroc,11,causal_usefulness_random,50,0.022915291181809235,0.04784292452466878,0.009318482474178831,0.03651209988943964
single_shape,TwoLayerCNN,release_early,auroc,12,fidelity,50,0.9759857501622922,0.025626794436120214,0.9687026957671113,0.983268804557473
single_shape,TwoLayerCNN,release_early,auroc,12,cf_accuracy,50,0.9694531393051148,0.03750823891390715,0.9587934157505998,0.9801128628596297
single_shape,TwoLayerCNN,release_early,auroc,12,causal_usefulness_random,50,0.004089137300408516,0.02818094826350272,-0.003919799580966805,0.012098074181783838
single_shape,TwoLayerCNN,release_early,auroc,13,fidelity,50,0.9960243598412447,0.006219792709887489,0.9942567143112594,0.99779200537123
single_shape,TwoLayerCNN,release_early,auroc,13,cf_accuracy,50,0.9964062607288361,0.007872321344033319,0.9941689717574099,0.9986435497002623
single_shape,TwoLayerCNN,release_early,auroc,13,causal_usefulness_random,50,0.0018999388665478544,0.007129833554467626,-0.00012633740983978713,0.003926215142935496
single_shape,TwoLayerCNN,release_early,auroc,14,fidelity,50,0.9996132301479187,0.0005173902969826694,0.9994661894524522,0.9997602708433851
single_shape,TwoLayerCNN,release_early,auroc,14,cf_accuracy,50,0.9996093809604645,0.0008421918679246386,0.9993700326798762,0.9998487292410527
single_shape,TwoLayerCNN,release_early,auroc,14,causal_usefulness_random,50,0.0004015150567888037,0.0007648016435679038,0.00018416083460883948,0.000618869278968768
single_shape,TwoLayerCNN,release_early,auroc,15,fidelity,50,0.9999268657191992,0.00016569367655271903,0.9998797760973474,0.999973955341051
single_shape,TwoLayerCNN,release_early,auroc,15,cf_accuracy,50,0.9998958349227905,0.0003568272577924945,0.9997944257381708,0.9999972441074103
single_shape,TwoLayerCNN,release_early,auroc,15,causal_usefulness_random,50,7.957026151548918e-05,0.0001610857144451364,3.379020800489835e-05,0.00012535031502608002
single_shape,TwoLayerCNN,release_early,auroc,16,fidelity,50,1.0,0.0,1.0,1.0
single_shape,TwoLayerCNN,release_early,auroc,16,cf_accuracy,50,0.999921875,0.0005524271728019902,0.9997648769345993,1.0000788730654007
single_shape,TwoLayerCNN,release_early,auroc,16,causal_usefulness_random,50,0.0,0.0,0.0,0.0
single_shape,TwoLayerCNN,release_early,validation_patch,1,fidelity,50,0.004231596195781113,0.0034028139470082424,0.0032645271722043577,0.0051986652193578686
single_shape,TwoLayerCNN,release_early,validation_patch,1,cf_accuracy,50,0.0002864583418704569,0.0008838991610533126,3.525697972379179e-05,0.0005376597040171221
single_shape,TwoLayerCNN,release_early,validation_patch,1,causal_usefulness_random,50,0.00289556748562349,0.002725033222599998,0.0021211216126391756,0.0036700133586078047
single_shape,TwoLayerCNN,release_early,validation_patch,1,causal_usefulness_energy,50,0.0030318586120189044,0.002959659310351493,0.0021907327426783497,0.003872984481359459
single_shape,TwoLayerCNN,release_early,validation_patch,2,fidelity,50,0.026544563585187433,0.022671261776850728,0.020101462278085923,0.032987664892288944
single_shape,TwoLayerCNN,release_early,validation_patch,2,cf_accuracy,50,0.0036458334466442466,0.007136654291419093,0.0016176187382628345,0.005674048155025658
single_shape,TwoLayerCNN,release_early,validation_patch,2,causal_usefulness_random,50,0.020206345916295828,0.0205141988942845,0.014376275097526195,0.02603641673506546
single_shape,TwoLayerCNN,release_early,validation_patch,2,causal_usefulness_energy,50,0.018274573628556563,0.01878094534226789,0.012937088019046854,0.023612059238066273
single_shape,TwoLayerCNN,release_early,validation_patch,3,fidelity,50,0.09015186254423366,0.04729074928994113,0.07671198030199547,0.10359174478647185
single_shape,TwoLayerCNN,release_early,validation_patch,3,cf_accuracy,50,0.024791667202953248,0.02900349799985789,0.016548964273016945,0.033034370132889554
single_shape,TwoLayerCNN,release_early,validation_patch,3,causal_usefulness_random,50,0.06466622851646081,0.043086105630493,0.05242129278071784,0.07691116425220379
single_shape,TwoLayerCNN,release_early,validation_patch,4,fidelity,50,0.1884935561307303,0.05697915699661827,0.17230025888349387,0.20468685337796672
single_shape,TwoLayerCNN,release_early,validation_patch,4,cf_accuracy,50,0.0765104186348617,0.0496296791249859,0.062405819888278646,0.09061501738144476
single_shape,TwoLayerCNN,release_early,validation_patch,4,causal_usefulness_random,50,0.11284871851076451,0.04966394130365598,0.09873438256074099,0.12696305446078804
single_shape,TwoLayerCNN,release_early,validation_patch,4,causal_usefulness_energy,50,0.09245373674347603,0.045012277946919234,0.07966138889226179,0.10524608459469026
single_shape,TwoLayerCNN,release_early,validation_patch,5,fidelity,50,0.30948993132484887,0.06940842977464105,0.2897642738379997,0.32921558881169805
single_shape,TwoLayerCNN,release_early,validation_patch,5,cf_accuracy,50,0.166770838201046,0.07409573306971086,0.1457130638569832,0.18782861254510877
single_shape,TwoLayerCNN,release_early,validation_patch,5,causal_usefulness_random,50,0.14681592454681686,0.061009819393003734,0.1294771257209628,0.16415472337267092
single_shape,TwoLayerCNN,release_early,validation_patch,6,fidelity,50,0.42501303931591994,0.07245989684627398,0.40442016448266394,0.44560591414917594
single_shape,TwoLayerCNN,release_early,validation_patch,6,cf_accuracy,50,0.27299479842185975,0.0844090858580613,0.24900600164572964,0.29698359519798984
single_shape,TwoLayerCNN,release_early,validation_patch,6,causal_usefulness_random,50,0.15065116413809704,0.06876228741257762,0.13110913827874887,0.1701931899974452
single_shape,TwoLayerCNN,release_early,validation_patch,7,fidelity,50,0.538805750117861,0.07933126721309326,0.5162600534334084,0.5613514468023136
single_shape,TwoLayerCNN,release_early,validation_patch,7,cf_accuracy,50,0.3902343842387199,0.09767458552318506,0.362475574171182,0.41799319430625786
single_shape,TwoLayerCNN,release_early,validation_patch,7,causal_usefulness_random,50,0.13408212406440667,0.08029790402906462,0.11126171223644861,0.15690253589236475
single_shape,TwoLayerCNN,release_early,validation_patch,8,fidelity,50,0.6510450451258355,0.08298657924579908,0.6274605202558322,0.6746295699958388
single_shape,TwoLayerCNN,release_early,validation_patch,8,cf_accuracy,50,0.5309114724397659,0.10619987161370267,0.5007298028731013,0.5610931420064305
single_shape,TwoLayerCNN,release_early,validation_patch,8,causal_usefulness_random,50,0.11012514998544198,0.08272352981598259,0.08661538293623247,0.1336349170346515
single_shape,TwoLayerCNN,release_early,validation_patch,8,causal_usefulness_energy,50,0.07963666305351615,0.08039828592694781,0.05678772300583099,0.1024856031012013
single_shape,TwoLayerCNN,release_early,validation_patch,9,fidelity,50,0.7644319528732144,0.08042805628036427,0.7415745521847013,0.7872893535617276
single_shape,TwoLayerCNN,release_early,validation_patch,9,cf_accuracy,50,0.674114601612091,0.10884828998342015,0.6431802598727157,0.7050489433514664
single_shape,TwoLayerCNN,release_early,validation_patch,9,causal_usefulness_random,50,0.08476007330057106,0.07710131237025218,0.06284812277035137,0.10667202383079075
single_shape,TwoLayerCNN,release_early,validation_patch,10,fidelity,50,0.8676588710959554,0.06965098299123308,0.8478642807476604,0.8874534614442504
single_shape,TwoLayerCNN,release_early,validation_patch,10,cf_accuracy,50,0.8194010591506958,0.09784730271012866,0.7915931634017385,0.8472089548996532
single_shape,TwoLayerCNN,release_early,validation_patch,10,causal_usefulness_random,50,0.055363927088076484,0.06818923205510063,0.035984761759348255,0.07474309241680471
single_shape,TwoLayerCNN,release_early,validation_patch,11,fidelity,50,0.9340558575640506,0.048792856456874825,0.9201890811883523,0.947922633939749
single_shape,TwoLayerCNN,release_early,validation_patch,11,cf_accuracy,50,0.9136718964576721,0.06652273442762563,0.8947663445143633,0.9325774484009809
single_shape,TwoLayerCNN,release_early,validation_patch,11,causal_usefulness_random,50,0.020618270426705117,0.05125612622458959,0.006051440528784539,0.0351851003246257
single_shape,TwoLayerCNN,release_early,validation_patch,12,fidelity,50,0.9772367146903236,0.02812597412129026,0.9692434012872986,0.9852300280933486
single_shape,TwoLayerCNN,release_early,validation_patch,12,cf_accuracy,50,0.9706250214576722,0.039272887827318095,0.9594637902309118,0.9817862526844325
single_shape,TwoLayerCNN,release_early,validation_patch,12,causal_usefulness_random,50,0.0053401018284398825,0.030450435351282026,-0.00331381614687048,0.013994019803750245
single_shape,TwoLayerCNN,release_early,validation_patch,13,fidelity,50,0.9945218450291209,0.007894321844393797,0.992278303584673,0.9967653864735688
single_shape,TwoLayerCNN,release_early,validation_patch,13,cf_accuracy,50,0.9930729281902313,0.011501007944286152,0.9898043778974338,0.9963414784830288
single_shape,TwoLayerCNN,release_early,validation_patch,13,causal_usefulness_random,50,0.0003974240544239716,0.0091135464678105,-0.002192617194141988,0.0029874653029899317
single_shape,TwoLayerCNN,release_early,validation_patch,14,fidelity,50,0.9992791385490665,0.001172229080063853,0.9989459947305916,0.9996122823675413
single_shape,TwoLayerCNN,release_early,validation_patch,14,cf_accuracy,50,0.9990104234218598,0.0022561875485943962,0.9983692220151406,0.9996516248285789
single_shape,TwoLayerCNN,release_early,validation_patch,14,causal_usefulness_random,50,6.742345793647742e-05,0.001290568958628632,-0.00029935218190617845,0.0004341990977791333
single_shape,TwoLayerCNN,release_early,validation_patch,15,fidelity,50,0.9998768011965734,0.0002789895737209985,0.9997975132370058,0.999956089156141
single_shape,TwoLayerCNN,release_early,validation_patch,15,cf_accuracy,50,0.9997656273841858,0.0007754650425979664,0.9995452426575326,0.999986012110839
single_shape,TwoLayerCNN,release_early,validation_patch,15,causal_usefulness_random,50,2.9505738889581413e-05,0.00027549073672511275,-4.878786220589762e-05,0.00010779933998506045
single_shape,TwoLayerCNN,release_early,validation_patch,16,fidelity,50,1.0,0.0,1.0,1.0
single_shape,TwoLayerCNN,release_early,validation_patch,16,cf_accuracy,50,0.999921875,0.0005524271728019902,0.9997648769345993,1.0000788730654007
single_shape,TwoLayerCNN,release_early,validation_patch,16,causal_usefulness_random,50,0.0,0.0,0.0,0.0
single_shape,TwoLayerCNN,release_late,contrast,1,fidelity,50,0.002145685766603509,0.001857018936057147,0.001617926824380042,0.002673444708826976
single_shape,TwoLayerCNN,release_late,contrast,1,cf_accuracy,50,0.00023437500465661287,0.0007294892787969629,2.7056445504668224e-05,0.0004416935638085575
single_shape,TwoLayerCNN,release_late,contrast,1,causal_usefulness_random,50,0.00041067123758332686,0.001646554242610831,-5.727430056982446e-05,0.0008786167757364781
single_shape,TwoLayerCNN,release_late,contrast,1,causal_usefulness_energy,50,0.0002766449175622171,0.0018556014382874683,-0.000250711176252435,0.0008040010113768692
single_shape,TwoLayerCNN,release_late,contrast,2,fidelity,50,0.016122997979814684,0.011379714526226308,0.012888918895022089,0.019357077064607278
single_shape,TwoLayerCNN,release_late,contrast,2,cf_accuracy,50,0.002552083395421505,0.004963137996791993,0.0011415751833418449,0.003962591607501165
single_shape,TwoLayerCNN,release_late,contrast,2,causal_usefulness_random,50,0.007833964704440257,0.010634207002299808,0.004811756513695979,0.010856172895184535
single_shape,TwoLayerCNN,release_late,contrast,2,causal_usefulness_energy,50,0.009655582244811629,0.010105238965194377,0.006783705106870463,0.012527459382752794
single_shape,TwoLayerCNN,release_late,contrast,3,fidelity,50,0.0661751197256361,0.042552501875457775,0.05408183249915485,0.07826840695211734
single_shape,TwoLayerCNN,release_late,contrast,3,cf_accuracy,50,0.02591145910555497,0.03507422144758903,0.015943475661189282,0.035879442549920655
single_shape,TwoLayerCNN,release_late,contrast,3,causal_usefulness_random,50,0.03583855477320932,0.03986194161353003,0.0245099163126897,0.047167193233728935
single_shape,TwoLayerCNN,release_late,contrast,4,fidelity,50,0.14384378142091142,0.05802714602460863,0.1273526489873261,0.16033491385449675
single_shape,TwoLayerCNN,release_late,contrast,4,cf_accuracy,50,0.07468750199768692,0.05828484206500719,0.05812313315974664,0.0912518708356272
single_shape,TwoLayerCNN,release_late,contrast,4,causal_usefulness_random,50,0.06064132401563748,0.05907648550151819,0.04385197260236694,0.07743067542890802
single_shape,TwoLayerCNN,release_late,contrast,4,causal_usefulness_energy,50,0.08472245467535267,0.051135710718135344,0.07018984648571931,0.09925506286498602
single_shape,TwoLayerCNN,release_late,contrast,5,fidelity,50,0.23733537847634634,0.055548385112923364,0.2215487020993877,0.25312205485330497
single_shape,TwoLayerCNN,release_late,contrast,5,cf_accuracy,50,0.13002604506909848,0.060045272813858845,0.11296136734801657,0.1470907227901804
single_shape,TwoLayerCNN,release_late,contrast,5,causal_usefulness_random,50,0.0666848054840825,0.06000024687750939,0.04963292399252685,0.08373668697563814
single_shape,TwoLayerCNN,release_late,contrast,6,fidelity,50,0.369089472228004,0.060129020315149634,0.3520009937303996,0.38617795072560834
single_shape,TwoLayerCNN,release_late,contrast,6,cf_accuracy,50,0.2393750074505806,0.073264782401479,0.21855338667350138,0.2601966282276598
single_shape,TwoLayerCNN,release_late,contrast,6,causal_usefulness_random,50,0.08795330059962686,0.06440611456498087,0.06964928536556157,0.10625731583369215
single_shape,TwoLayerCNN,release_late,contrast,7,fidelity,50,0.5134305971937028,0.05615021682754826,0.4974728821359101,0.5293883122514954
single_shape,TwoLayerCNN,release_late,contrast,7,cf_accuracy,50,0.3898958432674408,0.07158155725707561,0.36955258978349237,0.41023909675138925
single_shape,TwoLayerCNN,release_late,contrast,7,causal_usefulness_random,50,0.106540959427495,0.05727367340417389,0.09026396154333938,0.12281795731165063
single_shape,TwoLayerCNN,release_late,contrast,8,fidelity,50,0.6155982042694472,0.06077629951978047,0.5983257710572589,0.6328706374816355
single_shape,TwoLayerCNN,release_late,contrast,8,cf_accuracy,50,0.504583347439766,0.0865038329187839,0.47999923013591955,0.5291674647436123
single_shape,TwoLayerCNN,release_late,contrast,8,causal_usefulness_random,50,0.07467609692346135,0.0648057139607484,0.05625851679766093,0.09309367704926176
single_shape,TwoLayerCNN,release_late,contrast,8,causal_usefulness_energy,50,0.11015048722878118,0.06144660781106193,0.09268755450799802,0.12761341994956432
single_shape,TwoLayerCNN,release_late,contrast,9,fidelity,50,0.714361480113597,0.06862594715001075,0.6948582017281478,0.7338647584990462
single_shape,TwoLayerCNN,release_late,contrast,9,cf_accuracy,50,0.6235677284002304,0.09186775631884954,0.5974592009329655,0.6496762558674954
single_shape,TwoLayerCNN,release_late,contrast,9,causal_usefulness_random,50,0.03958791318000588,0.07198176146190828,0.019130922919487835,0.060044903440523927
single_shape,TwoLayerCNN,release_late,contrast,10,fidelity,50,0.8037496084860307,0.05978642970147136,0.7867584931635561,0.8207407238085054
single_shape,TwoLayerCNN,release_late,contrast,10,cf_accuracy,50,0.7344271039962769,0.07897337486406067,0.7119831191920253,0.7568710888005284
single_shape,TwoLayerCNN,release_late,contrast,10,causal_usefulness_random,50,0.00028791845226039837,0.06382732296568848,-0.01785160602929865,0.018427442933819444
single_shape,TwoLayerCNN,release_late,contrast,11,fidelity,50,0.8918080124478854,0.05624849993665662,0.8758223656395359,0.907793659256235
single_shape,TwoLayerCNN,release_late,contrast,11,cf_accuracy,50,0.8515364766120911,0.07543258210446795,0.8300987739760778,0.8729741792481044
single_shape,TwoLayerCNN,release_late,contrast,11,causal_usefulness_random,50,-0.010284233165721097,0.055281134511682754,-0.025994957762177806,0.005426491430735612
single_shape,TwoLayerCNN,release_late,contrast,12,fidelity,50,0.9540014983582165,0.03629077158933677,0.9436877751890131,0.9643152215274198
single_shape,TwoLayerCNN,release_late,contrast,12,cf_accuracy,50,0.938489601612091,0.05396241242031423,0.923153653687274,0.9538255495369081
single_shape,TwoLayerCNN,release_late,contrast,12,causal_usefulness_random,50,-0.00919026127257831,0.03351032443024568,-0.018713790102295867,0.00033326755713924613
single_shape,TwoLayerCNN,release_late,contrast,13,fidelity,50,0.987555488009902,0.02049782304677559,0.9817300711555005,0.9933809048643035
single_shape,TwoLayerCNN,release_late,contrast,13,cf_accuracy,50,0.9851562654972077,0.0291130871186587,0.9768824176843116,0.9934301133101038
single_shape,TwoLayerCNN,release_late,contrast,13,causal_usefulness_random,50,-0.002776082151169732,0.01957583631296578,-0.00833947327501373,0.0027873089726742654
single_shape,TwoLayerCNN,release_late,contrast,14,fidelity,50,0.9990571036227975,0.0012853364347900813,0.9986918150497761,0.999422392195819
single_shape,TwoLayerCNN,release_late,contrast,14,cf_accuracy,50,0.9990885472297668,0.0020248747758550177,0.9985130841856962,0.9996640102738374
single_shape,TwoLayerCNN,release_late,contrast,14,causal_usefulness_random,50,0.000526447203725191,0.002039323167239174,-5.3122027743774574e-05,0.0011060164351941566
single_shape,TwoLayerCNN,release_late,contrast,15,fidelity,50,0.9998453602872698,0.0003572820444843084,0.9997438218537023,0.9999468987208373
single_shape,TwoLayerCNN,release_late,contrast,15,cf_accuracy,50,0.9997916698455811,0.0006090199310491891,0.9996185882962427,0.9999647513949195
single_shape,TwoLayerCNN,release_late,contrast,15,causal_usefulness_random,50,5.1719090930941735e-05,0.0003717376667504563,-5.392758502885748e-05,0.00015736576689074096
single_shape,TwoLayerCNN,release_late,contrast,16,fidelity,50,1.0,0.0,1.0,1.0
single_shape,TwoLayerCNN,release_late,contrast,16,cf_accuracy,50,0.9996875,0.0010704981078823032,0.9993832678039257,0.9999917321960742
single_shape,TwoLayerCNN,release_late,contrast,16,causal_usefulness_random,50,0.0,0.0,0.0,0.0
single_shape,TwoLayerCNN,release_late,auroc,1,fidelity,50,0.0019717826774138247,0.0012269413622162972,0.0016230898003943058,0.0023204755544333436
single_shape,TwoLayerCNN,release_late,auroc,1,cf_accuracy,50,0.00015625000465661288,0.0005018875731133687,1.3615134565410272e-05,0.0002988848747478155
single_shape,TwoLayerCNN,release_late,auroc,1,causal_usefulness_random,50,0.00023676814839364264,0.0011825859319111816,-9.931905480900245e-05,0.0005728553515962877
single_shape,TwoLayerCNN,release_late,auroc,1,causal_usefulness_energy,50,8.004320379636582e-05,0.001533224094901455,-0.0003556942627449142,0.0005157806703376458
single_shape,TwoLayerCNN,release_late,auroc,2,fidelity,50,0.015788383042771716,0.011309913063471271,0.012574141314203105,0.019002624771340328
single_shape,TwoLayerCNN,release_late,auroc,2,cf_accuracy,50,0.0026562500675208866,0.00490704921547242,0.0012616821107208367,0.004050818024320937
single_shape,TwoLayerCNN,release_late,auroc,2,causal_usefulness_random,50,0.007499349767397289,0.010487293410429853,0.004518893957492036,0.01047980557730254
single_shape,TwoLayerCNN,release_late,auroc,2,causal_usefulness_energy,50,0.009229012727387612,0.009957876482522065,0.006399015543639962,0.012059009911135262
single_shape,TwoLayerCNN,release_late,auroc,3,fidelity,50,0.06461161893420372,0.04315648976282994,0.0523466802493738,0.07687655761903364
single_shape,TwoLayerCNN,release_late,auroc,3,cf_accuracy,50,0.024713542521931232,0.0354658820048175,0.014634250378779507,0.034792834665082956
single_shape,TwoLayerCNN,release_late,auroc,3,causal_usefulness_random,50,0.03427505398177692,0.0403821591041335,0.022798571346253925,0.04575153661729992
single_shape,TwoLayerCNN,release_late,auroc,4,fidelity,50,0.1369929036666592,0.05575481695194935,0.12114756001017518,0.15283824732314322
single_shape,TwoLayerCNN,release_late,auroc,4,cf_accuracy,50,0.07111979349749163,0.056133629004648466,0.05516679264680664,0.08707279434817662
single_shape,TwoLayerCNN,release_late,auroc,4,causal_usefulness_random,50,0.05379044626138527,0.05643228459714952,0.03775256843043527,0.06982832409233528
single_shape,TwoLayerCNN,release_late,auroc,4,causal_usefulness_energy,50,0.08190454219691112,0.046622488301285896,0.06865457762629922,0.09515450676752303
single_shape,TwoLayerCNN,release_late,auroc,5,fidelity,50,0.2140887437737792,0.05923881059104081,0.19725326008049826,0.23092422746706015
single_shape,TwoLayerCNN,release_late,auroc,5,cf_accuracy,50,0.11257812816649676,0.06563359012620942,0.09392526823773245,0.13123098809526107
single_shape,TwoLayerCNN,release_late,auroc,5,causal_usefulness_random,50,0.04343817078151537,0.061721229871893046,0.02589719133459426,0.06097915022843649
single_shape,TwoLayerCNN,release_late,auroc,6,fidelity,50,0.3426200471746408,0.0558803737368315,0.3267390206747071,0.35850107367457446
single_shape,TwoLayerCNN,release_late,auroc,6,cf_accuracy,50,0.21473959021270275,0.06559964701683672,0.19609637680888792,0.2333828036165176
single_shape,TwoLayerCNN,release_late,auroc,6,causal_usefulness_random,50,0.06148387554626372,0.05945377287328577,0.044587300248318584,0.07838045084420886
single_shape,TwoLayerCNN,release_late,auroc,7,fidelity,50,0.4837689480634693,0.057155051260971264,0.46752566221940406,0.5000122339075346
single_shape,TwoLayerCNN,release_late,auroc,7,cf_accuracy,50,0.35281251043081285,0.07431354315273621,0.331692835146059,0.3739321857155667
single_shape,TwoLayerCNN,release_late,auroc,7,causal_usefulness_random,50,0.0768793102972614,0.060306738072895195,0.05974032497173998,0.09401829562278283
single_shape,TwoLayerCNN,release_late,auroc,8,fidelity,50,0.6088861032012973,0.06467208607661237,0.5905064996999749,0.6272657067026197
single_shape,TwoLayerCNN,release_late,auroc,8,cf_accuracy,50,0.4957031393051147,0.08879424225470074,0.4704680948702027,0.5209381837400268
single_shape,TwoLayerCNN,release_late,auroc,8,causal_usefulness_random,50,0.06796399585531145,0.0670477458793961,0.048909237308310295,0.0870187544023126
single_shape,TwoLayerCNN,release_late,auroc,8,causal_usefulness_energy,50,0.11066574027611714,0.05970967159155701,0.09369643936711393,0.12763504118512037
single_shape,TwoLayerCNN,release_late,auroc,9,fidelity,50,0.7145177056606826,0.05996716099342227,0.6974752270733459,0.7315601842480194
single_shape,TwoLayerCNN,release_late,auroc,9,cf_accuracy,50,0.6260416847467423,0.08286199001433793,0.6024925677445488,0.6495908017489357
single_shape,TwoLayerCNN,release_late,auroc,9,causal_usefulness_random,50,0.03974413872709154,0.06573706521502586,0.021061871503463465,0.058426405950719615
single_shape,TwoLayerCNN,release_late,auroc,10,fidelity,50,0.8057694242424734,0.06496704059335755,0.7873059955949778,0.8242328528899691
single_shape,TwoLayerCNN,release_late,auroc,10,cf_accuracy,50,0.7379166841506958,0.08747665107981699,0.7130560949845146,0.762777273316877
single_shape,TwoLayerCNN,release_late,auroc,10,causal_usefulness_random,50,0.0023077342087031226,0.06967776900867197,-0.017494468641519267,0.022109937058925513
single_shape,TwoLayerCNN,release_late,auroc,11,fidelity,50,0.895163761804641,0.051902823497406284,0.8804131425753282,0.9099143810339537
single_shape,TwoLayerCNN,release_late,auroc,11,cf_accuracy,50,0.8564583492279053,0.07831722117866592,0.8342008412377648,0.8787158572180458
single_shape,TwoLayerCNN,release_late,auroc,11,causal_usefulness_random,50,-0.006928483808965706,0.05373725454725599,-0.022200442574269466,0.008343474956338056
single_shape,TwoLayerCNN,release_late,auroc,12,fidelity,50,0.9523184368793687,0.036387362342606415,0.9419772629218162,0.9626596108369212
single_shape,TwoLayerCNN,release_late,auroc,12,cf_accuracy,50,0.9352864801883698,0.053292494016085545,0.9201409209674732,0.9504320394092663
single_shape,TwoLayerCNN,release_late,auroc,12,causal_usefulness_random,50,-0.010873322751425966,0.035251730542302274,-0.02089175372233105,-0.0008548917805208806
single_shape,TwoLayerCNN,release_late,auroc,13,fidelity,50,0.9891677687001079,0.014041841191209064,0.9851771215881959,0.9931584158120199
single_shape,TwoLayerCNN,release_late,auroc,13,cf_accuracy,50,0.9869791829586029,0.02134521440855032,0.9809129401438107,0.993045425773395
single_shape,TwoLayerCNN,release_late,auroc,13,causal_usefulness_random,50,-0.0011638014609633297,0.015291745341315312,-0.0055096674020066174,0.0031820644800799576
single_shape,TwoLayerCNN,release_late,auroc,14,fidelity,50,0.9984893178733963,0.0022936168782622494,0.9978374791688823,0.9991411565779104
single_shape,TwoLayerCNN,release_late,auroc,14,cf_accuracy,50,0.9984375059604644,0.003232536054936387,0.997518829378375,0.9993561825425539
single_shape,TwoLayerCNN,release_late,auroc,14,causal_usefulness_random,50,-4.1338545675999594e-05,0.0026643773658192095,-0.0007985462148958148,0.0007158691235438155
single_shape,TwoLayerCNN,release_late,auroc,15,fidelity,50,0.999829932278636,0.00037444932008702417,0.9997235149593248,0.9999363495979473
single_shape,TwoLayerCNN,release_late,auroc,15,cf_accuracy,50,0.9997916698455811,0.0006090199310491891,0.9996185882962427,0.9999647513949195
single_shape,TwoLayerCNN,release_late,auroc,15,causal_usefulness_random,50,3.62910822971485e-05,0.0003762680177217036,-7.064310516297121e-05,0.0001432252697572682
single_shape,TwoLayerCNN,release_late,auroc,16,fidelity,50,1.0,0.0,1.0,1.0
single_shape,TwoLayerCNN,release_late,auroc,16,cf_accuracy,50,0.9996875,0.0010704981078823032,0.9993832678039257,0.9999917321960742
single_shape,TwoLayerCNN,release_late,auroc,16,causal_usefulness_random,50,0.0,0.0,0.0,0.0
single_shape,TwoLayerCNN,release_late,validation_patch,1,fidelity,50,0.006535742173442729,0.00941300093644262,0.0038605969065273753,0.009210887440358083
single_shape,TwoLayerCNN,release_late,validation_patch,1,cf_accuracy,50,0.0007552083674818278,0.0026709394041235716,-3.864212389729734e-06,0.0015142809473533852
single_shape,TwoLayerCNN,release_late,validation_patch,1,causal_usefulness_random,50,0.004800727644422547,0.008597127822049232,0.002357450951101303,0.007244004337743791
single_shape,TwoLayerCNN,release_late,validation_patch,1,causal_usefulness_energy,50,0.004882619343252002,0.009002451059506417,0.0023241510603860768,0.007441087626117927
single_shape,TwoLayerCNN,release_late,validation_patch,2,fidelity,50,0.032160725611746266,0.023814583616168207,0.025392695833091134,0.0389287553904014
single_shape,TwoLayerCNN,release_late,validation_patch,2,cf_accuracy,50,0.0051302084280177955,0.009558949018103466,0.002413585175228796,0.007846831680806795
single_shape,TwoLayerCNN,release_late,validation_patch,2,causal_usefulness_random,50,0.023871692336371833,0.02135235366146398,0.017803420568351037,0.02993996410439263
single_shape,TwoLayerCNN,release_late,validation_patch,2,causal_usefulness_energy,50,0.022307995183234043,0.019492195474904977,0.016768374522557954,0.027847615843910132
single_shape,TwoLayerCNN,release_late,validation_patch,3,fidelity,50,0.10138854522596885,0.05510647334808322,0.08572745878298435,0.11704963166895335
single_shape,TwoLayerCNN,release_late,validation_patch,3,cf_accuracy,50,0.030755208930931987,0.03977340860266137,0.019451731273708812,0.04205868658815516
single_shape,TwoLayerCNN,release_late,validation_patch,3,causal_usefulness_random,50,0.07105198027354208,0.04958923323454215,0.056958876121840855,0.0851450844252433
single_shape,TwoLayerCNN,release_late,validation_patch,4,fidelity,50,0.20283705954014433,0.07890397469421105,0.1804127980459349,0.22526132103435376
single_shape,TwoLayerCNN,release_late,validation_patch,4,cf_accuracy,50,0.08585937748663128,0.06770343450874086,0.06661827429298604,0.10510048068027651
single_shape,TwoLayerCNN,release_late,validation_patch,4,causal_usefulness_random,50,0.11963460213487041,0.07211783103978654,0.09913894132819073,0.1401302629415501
single_shape,TwoLayerCNN,release_late,validation_patch,4,causal_usefulness_energy,50,0.10232191440675009,0.0655703149365454,0.0836870370879192,0.12095679172558098
single_shape,TwoLayerCNN,release_late,validation_patch,5,fidelity,50,0.3163857869146567,0.08441144487876706,0.29239631971225993,0.34037525411705344
single_shape,TwoLayerCNN,release_late,validation_patch,5,cf_accuracy,50,0.17359375476837158,0.0933180941729952,0.14707304584355194,0.20011446369319122
single_shape,TwoLayerCNN,release_late,validation_patch,5,causal_usefulness_random,50,0.14573521392239283,0.07936573257376835,0.12317972229081285,0.1682907055539728
single_shape,TwoLayerCNN,release_late,validation_patch,6,fidelity,50,0.41676502276403277,0.08109275683882461,0.393718716266959,0.43981132926110655
single_shape,TwoLayerCNN,release_late,validation_patch,6,cf_accuracy,50,0.2656250090897083,0.09667646064148587,0.23814986297494134,0.2931001552044753
single_shape,TwoLayerCNN,release_late,validation_patch,6,causal_usefulness_random,50,0.13562885113565554,0.08008539874520035,0.11286883264114793,0.15838886963016313
single_shape,TwoLayerCNN,release_late,validation_patch,7,fidelity,50,0.5231704180018726,0.08022474282601981,0.5003707983577641,0.5459700376459811
single_shape,TwoLayerCNN,release_late,validation_patch,7,cf_accuracy,50,0.38244792699813845,0.09559384930731471,0.35528045562026694,0.40961539837600996
single_shape,TwoLayerCNN,release_late,validation_patch,7,causal_usefulness_random,50,0.1162807802356647,0.08037836937933693,0.09343750040818288,0.1391240600631465
single_shape,TwoLayerCNN,release_late,validation_patch,8,fidelity,50,0.63970631154138,0.07685254698170992,0.6178650593523403,0.6615475637304198
single_shape,TwoLayerCNN,release_late,validation_patch,8,cf_accuracy,50,0.5254427254199981,0.10010662953406811,0.49699273609214,0.5538927147478563
single_shape,TwoLayerCNN,release_late,validation_patch,8,causal_usefulness_random,50,0.09878420419539409,0.07755426496377672,0.07674352596240609,0.12082488242838209
single_shape,TwoLayerCNN,release_late,validation_patch,8,causal_usefulness_energy,50,0.06833360450018822,0.08377095091091707,0.04452616366941844,0.09214104533095799
single_shape,TwoLayerCNN,release_late,validation_patch,9,fidelity,50,0.754900855255877,0.07432638563693239,0.7337775301774978,0.7760241803342562
single_shape,TwoLayerCNN,release_late,validation_patch,9,cf_accuracy,50,0.6678906440734863,0.10072829423728262,0.6392639795918019,0.6965173085551707
single_shape,TwoLayerCNN,release_late,validation_patch,9,causal_usefulness_random,50,0.08012728832228579,0.0793110992261628,0.05758732331630051,0.10266725332827106
single_shape,TwoLayerCNN,release_late,validation_patch,10,fidelity,50,0.8616755946204875,0.06420975497475731,0.8434273841645101,0.8799238050764648
single_shape,TwoLayerCNN,release_late,validation_patch,10,cf_accuracy,50,0.8162760627269745,0.09207241353898996,0.7901093723212911,0.8424427531326579
single_shape,TwoLayerCNN,release_late,validation_patch,10,causal_usefulness_random,50,0.05821390458671722,0.07335160551087899,0.03736760895496216,0.07906020021847228
single_shape,TwoLayerCNN,release_late,validation_patch,11,fidelity,50,0.927509987259511,0.05131677574252069,0.912925920959307,0.9420940535597149
single_shape,TwoLayerCNN,release_late,validation_patch,11,cf_accuracy,50,0.9023698127269745,0.07449747483019885,0.8811978646378597,0.9235417608160893
single_shape,TwoLayerCNN,release_late,validation_patch,11,causal_usefulness_random,50,0.025417741645904286,0.056197477271220035,0.009446595318630801,0.041388887973177774
single_shape,TwoLayerCNN,release_late,validation_patch,12,fidelity,50,0.9767931113325581,0.025637246556358937,0.9695070864776721,0.984079136187444
single_shape,TwoLayerCNN,release_late,validation_patch,12,cf_accuracy,50,0.9705729424953461,0.03818185601399101,0.9597217790791791,0.9814241059115131
single_shape,TwoLayerCNN,release_late,validation_patch,12,causal_usefulness_random,50,0.013601351701763105,0.029871250112817365,0.005112036349973944,0.022090667053552268
single_shape,TwoLayerCNN,release_late,validation_patch,13,fidelity,50,0.9938543847787842,0.008332250513409857,0.9914863853836704,0.996222384173898
single_shape,TwoLayerCNN,release_late,validation_patch,13,cf_accuracy,50,0.9929427230358123,0.010929172784625858,0.9898366864972521,0.9960487595743726
single_shape,TwoLayerCNN,release_late,validation_patch,13,causal_usefulness_random,50,0.0035228146177125573,0.012090314937492014,8.678513052427523e-05,0.006958844104900839
single_shape,TwoLayerCNN,release_late,validation_patch,14,fidelity,50,0.9987856772611877,0.001487615462952174,0.9983629016244299,0.9992084528979456
single_shape,TwoLayerCNN,release_late,validation_patch,14,cf_accuracy,50,0.9984114694595337,0.002312683022396375,0.9977542122168104,0.9990687267022571
single_shape,TwoLayerCNN,release_late,validation_patch,14,causal_usefulness_random,50,0.00025502084211532995,0.002065947889173007,-0.0003321150516056794,0.0008421567358363393
single_shape,TwoLayerCNN,release_late,validation_patch,15,fidelity,50,0.9997497974377605,0.0005510194636097688,0.9995931994388857,0.9999063954366353
single_shape,TwoLayerCNN,release_late,validation_patch,15,cf_accuracy,50,0.9994791710376739,0.0012887206594963947,0.9991129206786327,0.9998454213967152
single_shape,TwoLayerCNN,release_late,validation_patch,15,causal_usefulness_random,50,-4.384375857853451e-05,0.0004299291837213371,-0.00016602828067798447,7.834076352091544e-05
single_shape,TwoLayerCNN,release_late,validation_patch,16,fidelity,50,1.0,0.0,1.0,1.0
single_shape,TwoLayerCNN,release_late,validation_patch,16,cf_accuracy,50,0.9996875,0.0010704981078823032,0.9993832678039257,0.9999917321960742
single_shape,TwoLayerCNN,release_late,validation_patch,16,causal_usefulness_random,50,0.0,0.0,0.0,0.0
single_shape,TwoLayerCNN,retention_0p1,contrast,1,fidelity,50,0.007532015450848703,0.0037325149269855588,0.006471246445508534,0.008592784456188872
single_shape,TwoLayerCNN,retention_0p1,contrast,1,cf_accuracy,50,0.0004687500116415322,0.0010443206220840042,0.00017195737471591371,0.0007655426485671506
single_shape,TwoLayerCNN,retention_0p1,contrast,1,causal_usefulness_random,50,0.0003210760795262377,0.0034998549154390255,-0.0006735716821328069,0.0013157238411852824
single_shape,TwoLayerCNN,retention_0p1,contrast,1,causal_usefulness_energy,50,3.705769193728253e-05,0.003641771200496583,-0.0009979222316787557,0.0010720376155533206
single_shape,TwoLayerCNN,retention_0p1,contrast,2,fidelity,50,0.040571808404223246,0.02141472389597623,0.034485811211677535,0.04665780559676896
single_shape,TwoLayerCNN,retention_0p1,contrast,2,cf_accuracy,50,0.006197916853707284,0.010345205764674409,0.00325784190593052,0.009137991801484047
single_shape,TwoLayerCNN,retention_0p1,contrast,2,causal_usefulness_random,50,0.013993772878834776,0.019516293261660912,0.008447303702938242,0.01954024205473131
single_shape,TwoLayerCNN,retention_0p1,contrast,2,causal_usefulness_energy,50,0.01810538632054638,0.019562605441509756,0.012545755368765652,0.023665017272327105
single_shape,TwoLayerCNN,retention_0p1,contrast,3,fidelity,50,0.11743711607803972,0.048756656807613326,0.10358062752883154,0.1312936046272479
single_shape,TwoLayerCNN,retention_0p1,contrast,3,cf_accuracy,50,0.037161459347698836,0.04414577224092219,0.02461536969339807,0.0497075490019996
single_shape,TwoLayerCNN,retention_0p1,contrast,3,causal_usefulness_random,50,0.04925089952191886,0.047098656736631384,0.03586560937929545,0.06263618966454228
single_shape,TwoLayerCNN,retention_0p1,contrast,4,fidelity,50,0.20032980292891991,0.06136871013969376,0.18288900848139003,0.2177705973764498
single_shape,TwoLayerCNN,retention_0p1,contrast,4,cf_accuracy,50,0.09424479420064018,0.06707471303190154,0.0751823716736953,0.11330721672758505
single_shape,TwoLayerCNN,retention_0p1,contrast,4,causal_usefulness_random,50,0.059120628415058836,0.05955936705543093,0.042194043582589394,0.07604721324752828
single_shape,TwoLayerCNN,retention_0p1,contrast,4,causal_usefulness_energy,50,0.09377093148407173,0.057793225084043436,0.07734627864622964,0.11019558432191381
single_shape,TwoLayerCNN,retention_0p1,contrast,5,fidelity,50,0.2858953769088786,0.062370901570298266,0.2681697628081662,0.30362099100959106
single_shape,TwoLayerCNN,retention_0p1,contrast,5,cf_accuracy,50,0.14645833868533373,0.07146597989951496,0.12614793192297055,0.1667687454476969
single_shape,TwoLayerCNN,retention_0p1,contrast,5,causal_usefulness_random,50,0.052332397331545516,0.06782730698959935,0.03305608996835784,0.07160870469473318
single_shape,TwoLayerCNN,retention_0p1,contrast,6,fidelity,50,0.4049405344313547,0.06345318753676497,0.38690733806222527,0.4229737308004841
single_shape,TwoLayerCNN,retention_0p1,contrast,6,cf_accuracy,50,0.24231771498918533,0.08312016790820995,0.218695224641395,0.26594020533697565
single_shape,TwoLayerCNN,retention_0p1,contrast,6,causal_usefulness_random,50,0.0675859926360778,0.06616370985109614,0.04878247434846443,0.08638951092369117
single_shape,TwoLayerCNN,retention_0p1,contrast,7,fidelity,50,0.5199983811306323,0.06310517044976394,0.5020640901232873,0.5379326721379774
single_shape,TwoLayerCNN,retention_0p1,contrast,7,cf_accuracy,50,0.36257813423871993,0.08964045135771244,0.3371025998376401,0.38805366863979973
single_shape,TwoLayerCNN,retention_0p1,contrast,7,causal_usefulness_random,50,0.07433054312688392,0.06477715397751331,0.055921079658511924,0.09274000659525591
single_shape,TwoLayerCNN,retention_0p1,contrast,8,fidelity,50,0.6143081532881064,0.07871271140978374,0.591938248217903,0.6366780583583098
single_shape,TwoLayerCNN,retention_0p1,contrast,8,cf_accuracy,50,0.4657031360268593,0.1154807754086206,0.4328838627855207,0.4985224092681979
single_shape,TwoLayerCNN,retention_0p1,contrast,8,causal_usefulness_random,50,0.059818611722085774,0.08303304134578345,0.036220882469367194,0.08341634097480435
single_shape,TwoLayerCNN,retention_0p1,contrast,8,causal_usefulness_energy,50,0.11151330133117442,0.07639664711601263,0.0898016144503867,0.13322498821196213
single_shape,TwoLayerCNN,retention_0p1,contrast,9,fidelity,50,0.6997109919230298,0.0816654353472056,0.6765019319946641,0.7229200518513954
single_shape,TwoLayerCNN,retention_0p1,contrast,9,cf_accuracy,50,0.5878906416893005,0.12078727050418972,0.5535632792280977,0.6222180041505033
single_shape,TwoLayerCNN,retention_0p1,contrast,9,causal_usefulness_random,50,0.03485757984236283,0.08776636132100227,0.009914655936631937,0.05980050374809373
single_shape,TwoLayerCNN,retention_0p1,contrast,10,fidelity,50,0.77666346063509,0.0781360383681991,0.7544574442299541,0.7988694770402258
single_shape,TwoLayerCNN,retention_0p1,contrast,10,cf_accuracy,50,0.6841927272081375,0.11045605820671232,0.6528014627953366,0.7155839916209384
single_shape,TwoLayerCNN,retention_0p1,contrast,10,causal_usefulness_random,50,0.00010622601511069752,0.07197763352470263,-0.020349591098633817,0.020562043128855213
single_shape,TwoLayerCNN,retention_0p1,contrast,11,fidelity,50,0.8694688348946263,0.06959430272865864,0.8496903528987236,0.889247316890529
single_shape,TwoLayerCNN,retention_0p1,contrast,11,cf_accuracy,50,0.8188802301883698,0.10416741160295603,0.7892761793656803,0.8484842810110592
single_shape,TwoLayerCNN,retention_0p1,contrast,11,causal_usefulness_random,50,-0.0037397460216317445,0.06826129751272243,-0.023139392126805946,0.01565990008354246
single_shape,TwoLayerCNN,retention_0p1,contrast,12,fidelity,50,0.9379988877393403,0.0526690531620806,0.9230305084487396,0.952967267029941
single_shape,TwoLayerCNN,retention_0p1,contrast,12,cf_accuracy,50,0.9223698139190674,0.07782364938368493,0.9002525774810219,0.9444870503571128
single_shape,TwoLayerCNN,retention_0p1,contrast,12,causal_usefulness_random,50,-0.0023469677999302862,0.04889638941008573,-0.016243167915371354,0.011549232315510784
single_shape,TwoLayerCNN,retention_0p1,contrast,13,fidelity,50,0.9760878040948576,0.03374099577509077,0.9664987191942821,0.9856768889954332
single_shape,TwoLayerCNN,retention_0p1,contrast,13,cf_accuracy,50,0.9736458563804626,0.045934441678126776,0.960591432496587,0.9867002802643383
single_shape,TwoLayerCNN,retention_0p1,contrast,13,causal_usefulness_random,50,-0.003341340719573802,0.028715168219302707,-0.011502101232530548,0.0048194197933829445
single_shape,TwoLayerCNN,retention_0p1,contrast,14,fidelity,50,0.9918207950727015,0.015860708276191175,0.9873132316546729,0.9963283584907301
single_shape,TwoLayerCNN,retention_0p1,contrast,14,cf_accuracy,50,0.9900781381130218,0.02487263537358954,0.9830094133519558,0.9971468628740878
single_shape,TwoLayerCNN,retention_0p1,contrast,14,causal_usefulness_random,50,-0.002807323738809593,0.01501532744662252,-0.00707463258337844,0.0014599851057592542
single_shape,TwoLayerCNN,retention_0p1,contrast,15,fidelity,50,0.9988901283196816,0.0022870546272488906,0.9982401545862705,0.9995401020530927
single_shape,TwoLayerCNN,retention_0p1,contrast,15,cf_accuracy,50,0.9985937595367431,0.003220091265419271,0.9976786197247017,0.9995088993487845
single_shape,TwoLayerCNN,retention_0p1,contrast,15,causal_usefulness_random,50,-0.0002707736715307529,0.001769259435860686,-0.0007735916397585089,0.000232044296697003
single_shape,TwoLayerCNN,retention_0p1,contrast,16,fidelity,50,1.0,0.0,1.0,1.0
single_shape,TwoLayerCNN,retention_0p1,contrast,16,cf_accuracy,50,0.99984375,0.0007732369676646773,0.9996239984852366,1.0000635015147634
single_shape,TwoLayerCNN,retention_0p1,contrast,16,causal_usefulness_random,50,0.0,0.0,0.0,0.0
single_shape,TwoLayerCNN,retention_0p1,auroc,1,fidelity,50,0.007795319742729905,0.004209452736612593,0.006599006511626711,0.008991632973833099
single_shape,TwoLayerCNN,retention_0p1,auroc,1,cf_accuracy,50,0.0004427083441987634,0.0010393389400737043,0.00014733148563555185,0.0007380852027619749
single_shape,TwoLayerCNN,retention_0p1,auroc,1,causal_usefulness_random,50,0.0005843803714074389,0.003697736012820522,-0.0004665045758894713,0.001635265318704349
single_shape,TwoLayerCNN,retention_0p1,auroc,1,causal_usefulness_energy,50,0.0003264568594246606,0.0038747886689974908,-0.0007747458960149107,0.001427659614864232
single_shape,TwoLayerCNN,retention_0p1,auroc,2,fidelity,50,0.03991570581854473,0.02122323099346082,0.03388413030674365,0.045947281330345806
single_shape,TwoLayerCNN,retention_0p1,auroc,2,cf_accuracy,50,0.006197916842065752,0.01036191519172716,0.0032530931276634604,0.009142740556468043
single_shape,TwoLayerCNN,retention_0p1,auroc,2,causal_usefulness_random,50,0.013337670293156252,0.019546099055232045,0.007782730404451249,0.018892610181861256
single_shape,TwoLayerCNN,retention_0p1,auroc,2,causal_usefulness_energy,50,0.017278378218109326,0.019378798582422703,0.011770984597699687,0.022785771838518966
single_shape,TwoLayerCNN,retention_0p1,auroc,3,fidelity,50,0.11783544171164323,0.05202574545716453,0.10304988844789582,0.13262099497539065
single_shape,TwoLayerCNN,retention_0p1,auroc,3,cf_accuracy,50,0.038671876073349265,0.0443966828136622,0.026054478423265158,0.05128927372343337
single_shape,TwoLayerCNN,retention_0p1,auroc,3,causal_usefulness_random,50,0.04964922515552237,0.050008832384021845,0.035436872244970344,0.0638615780660744
single_shape,TwoLayerCNN,retention_0p1,auroc,4,fidelity,50,0.19006001337648137,0.06161866136878617,0.17254818357561613,0.20757184317734662
single_shape,TwoLayerCNN,retention_0p1,auroc,4,cf_accuracy,50,0.08822916898177936,0.06147155202236651,0.07075914719458062,0.1056991907689781
single_shape,TwoLayerCNN,retention_0p1,auroc,4,causal_usefulness_random,50,0.048850838862620274,0.06281488589363665,0.03099904581332566,0.06670263191191489
single_shape,TwoLayerCNN,retention_0p1,auroc,4,causal_usefulness_energy,50,0.08798551498080392,0.05696692245672635,0.07179569475133321,0.10417533521027464
single_shape,TwoLayerCNN,retention_0p1,auroc,5,fidelity,50,0.2763671122126729,0.06169433475399228,0.25883377627368737,0.29390044815165844
single_shape,TwoLayerCNN,retention_0p1,auroc,5,cf_accuracy,50,0.1403385455906391,0.07493408011545236,0.11904251565236244,0.16163457552891575
single_shape,TwoLayerCNN,retention_0p1,auroc,5,causal_usefulness_random,50,0.04280413263533978,0.06722248192372257,0.02369971465399929,0.061908550616680276
single_shape,TwoLayerCNN,retention_0p1,auroc,6,fidelity,50,0.37941464041155265,0.06526026368603328,0.36086787868315984,0.39796140213994546
single_shape,TwoLayerCNN,retention_0p1,auroc,6,cf_accuracy,50,0.2150781299173832,0.08026351956437373,0.1922674900461682,0.23788876978859821
single_shape,TwoLayerCNN,retention_0p1,auroc,6,causal_usefulness_random,50,0.04206009861627571,0.0695296352612984,0.022299994911249683,0.06182020232130173
single_shape,TwoLayerCNN,retention_0p1,auroc,7,fidelity,50,0.5008918679435367,0.06376748619940277,0.48276934888279904,0.5190143870042743
single_shape,TwoLayerCNN,retention_0p1,auroc,7,cf_accuracy,50,0.34197917580604553,0.08903065414919788,0.31667694385411566,0.3672814077579754
single_shape,TwoLayerCNN,retention_0p1,auroc,7,causal_usefulness_random,50,0.055224029939788206,0.0676593441362723,0.03599545709135617,0.07445260278822025
single_shape,TwoLayerCNN,retention_0p1,auroc,8,fidelity,50,0.6055980289811224,0.07701090340119494,0.5837117723956173,0.6274842855666274
single_shape,TwoLayerCNN,retention_0p1,auroc,8,cf_accuracy,50,0.4559114709496498,0.11214930054294353,0.4240389923892997,0.48778394950999987
single_shape,TwoLayerCNN,retention_0p1,auroc,8,causal_usefulness_random,50,0.05110848741510177,0.07987854914711787,0.02840725492592976,0.07380971990427379
single_shape,TwoLayerCNN,retention_0p1,auroc,8,causal_usefulness_energy,50,0.10525201208864064,0.0758979409360767,0.08368205593600701,0.12682196824127429
single_shape,TwoLayerCNN,retention_0p1,auroc,9,fidelity,50,0.6976468513698794,0.07994677538850237,0.6749262291974436,0.7203674735423151
single_shape,TwoLayerCNN,retention_0p1,auroc,9,cf_accuracy,50,0.5780208492279053,0.11700306576183532,0.5447689458550317,0.611272752600779
single_shape,TwoLayerCNN,retention_0p1,auroc,9,causal_usefulness_random,50,0.03279343928921267,0.08512641017873575,0.008600781196776278,0.05698609738164906
single_shape,TwoLayerCNN,retention_0p1,auroc,10,fidelity,50,0.782243349361285,0.08320022803624645,0.7585981061768561,0.805888592545714
single_shape,TwoLayerCNN,retention_0p1,auroc,10,cf_accuracy,50,0.693619812130928,0.11315587436958899,0.661461268454221,0.7257783558076351
single_shape,TwoLayerCNN,retention_0p1,auroc,10,causal_usefulness_random,50,0.005686114741305706,0.0814035530384423,-0.017448519058399458,0.02882074854101087
single_shape,TwoLayerCNN,retention_0p1,auroc,11,fidelity,50,0.8688471955879862,0.07552798819975663,0.8473823788396968,0.8903120123362755
single_shape,TwoLayerCNN,retention_0p1,auroc,11,cf_accuracy,50,0.8211979341506958,0.11280312450589489,0.7891396408760272,0.8532562274253643
single_shape,TwoLayerCNN,retention_0p1,auroc,11,causal_usefulness_random,50,-0.004361385328271727,0.07397455156914312,-0.02538472027092891,0.016661949614385455
single_shape,TwoLayerCNN,retention_0p1,auroc,12,fidelity,50,0.934541490897233,0.055075075912451865,0.9188893275067256,0.9501936542877405
single_shape,TwoLayerCNN,retention_0p1,auroc,12,cf_accuracy,50,0.9121354341506958,0.08545065708859187,0.887850626106074,0.9364202421953175
single_shape,TwoLayerCNN,retention_0p1,auroc,12,causal_usefulness_random,50,-0.005804364642037612,0.052457336442412426,-0.020712574706652782,0.009103845422577557
single_shape,TwoLayerCNN,retention_0p1,auroc,13,fidelity,50,0.9746584493825694,0.032157707964717085,0.9655193298990469,0.9837975688660919
single_shape,TwoLayerCNN,retention_0p1,auroc,13,cf_accuracy,50,0.9698437714576721,0.04389830324943109,0.9573680117125858,0.9823195312027584
single_shape,TwoLayerCNN,retention_0p1,auroc,13,causal_usefulness_random,50,-0.004770695431861824,0.02792607187792878,-0.012707197245916914,0.003165806382193265
single_shape,TwoLayerCNN,retention_0p1,auroc,14,fidelity,50,0.9926525320682632,0.013210716156900632,0.9888980880776254,0.996406976058901
single_shape,TwoLayerCNN,retention_0p1,auroc,14,cf_accuracy,50,0.9913802242279053,0.02059259853046,0.9855278724790626,0.997232575976748
single_shape,TwoLayerCNN,retention_0p1,auroc,14,causal_usefulness_random,50,-0.0019755867432475725,0.011942890090102928,-0.005369718552385938,0.0014185450658907935
single_shape,TwoLayerCNN,retention_0p1,auroc,15,fidelity,50,0.998826550048656,0.002293430740347302,0.998174764243952,0.9994783358533599
single_shape,TwoLayerCNN,retention_0p1,auroc,15,cf_accuracy,50,0.9986197996139526,0.0031060004747447,0.9977370840458619,0.9995025151820434
single_shape,TwoLayerCNN,retention_0p1,auroc,15,causal_usefulness_random,50,-0.0003343519425563124,0.0018058438768608783,-0.000847567093876392,0.00017886320876376726
single_shape,TwoLayerCNN,retention_0p1,auroc,16,fidelity,50,1.0,0.0,1.0,1.0
single_shape,TwoLayerCNN,retention_0p1,auroc,16,cf_accuracy,50,0.99984375,0.0007732369676646773,0.9996239984852366,1.0000635015147634
single_shape,TwoLayerCNN,retention_0p1,auroc,16,causal_usefulness_random,50,0.0,0.0,0.0,0.0
single_shape,TwoLayerCNN,retention_0p1,validation_patch,1,fidelity,50,0.02600194172819843,0.014311594904764852,0.02193463145913555,0.03006925199726131
single_shape,TwoLayerCNN,retention_0p1,validation_patch,1,cf_accuracy,50,0.001484375025611371,0.00274655887248022,0.000703811630618595,0.0022649384206041468
single_shape,TwoLayerCNN,retention_0p1,validation_patch,1,causal_usefulness_random,50,0.01879100235687597,0.012595231080355361,0.015211477289596893,0.02237052742415505
single_shape,TwoLayerCNN,retention_0p1,validation_patch,1,causal_usefulness_energy,50,0.019380931694251268,0.01342200805980157,0.01556643920921732,0.023195424179285218
single_shape,TwoLayerCNN,retention_0p1,validation_patch,2,fidelity,50,0.07916153569029717,0.032825910530141146,0.06983251513884689,0.08849055624174745
single_shape,TwoLayerCNN,retention_0p1,validation_patch,2,cf_accuracy,50,0.011822916937526316,0.01585327897817653,0.007317464902631989,0.016328368972420643
single_shape,TwoLayerCNN,retention_0p1,validation_patch,2,causal_usefulness_random,50,0.05258350016490869,0.028179629455059932,0.04457493808474581,0.06059206224507157
single_shape,TwoLayerCNN,retention_0p1,validation_patch,2,causal_usefulness_energy,50,0.047925051781212404,0.02766585740993386,0.04006250210071596,0.055787601461708844
single_shape,TwoLayerCNN,retention_0p1,validation_patch,3,fidelity,50,0.16586603191875088,0.04843015693415303,0.15210233360689987,0.1796297302306019
single_shape,TwoLayerCNN,retention_0p1,validation_patch,3,cf_accuracy,50,0.04361979300621897,0.0349764226176032,0.03367960368180641,0.05355998233063152
single_shape,TwoLayerCNN,retention_0p1,validation_patch,3,causal_usefulness_random,50,0.09767981536263003,0.04519166094630783,0.08483648742706015,0.1105231432981999
single_shape,TwoLayerCNN,retention_0p1,validation_patch,4,fidelity,50,0.27457021885004856,0.06501246743599702,0.2560938800367197,0.29304655766337745
single_shape,TwoLayerCNN,retention_0p1,validation_patch,4,cf_accuracy,50,0.10786458640126512,0.0654927623868527,0.08925174927319257,0.12647742352933766
single_shape,TwoLayerCNN,retention_0p1,validation_patch,4,causal_usefulness_random,50,0.13336104433618748,0.06484577242989763,0.11493207971941888,0.15179000895295608
single_shape,TwoLayerCNN,retention_0p1,validation_patch,4,causal_usefulness_energy,50,0.1131847371772087,0.05963288299859429,0.09623725934486344,0.13013221500955396
single_shape,TwoLayerCNN,retention_0p1,validation_patch,5,fidelity,50,0.37318570904225695,0.08115054328997191,0.3501229798174768,0.3962484382670371
single_shape,TwoLayerCNN,retention_0p1,validation_patch,5,cf_accuracy,50,0.1817447975091636,0.09554752726546392,0.15459049070992625,0.20889910430840097
single_shape,TwoLayerCNN,retention_0p1,validation_patch,5,causal_usefulness_random,50,0.13962272946492385,0.08503515378996544,0.11545600615121987,0.16378945277862783
single_shape,TwoLayerCNN,retention_0p1,validation_patch,6,fidelity,50,0.46595852064413124,0.08913884673295248,0.44062554070011034,0.49129150058815213
single_shape,TwoLayerCNN,retention_0p1,validation_patch,6,cf_accuracy,50,0.2803125086426735,0.10646124839726435,0.25005655661602116,0.3105684606693258
single_shape,TwoLayerCNN,retention_0p1,validation_patch,6,causal_usefulness_random,50,0.12860397884885436,0.09010677157628916,0.10299591770800097,0.15421203998970776
single_shape,TwoLayerCNN,retention_0p1,validation_patch,7,fidelity,50,0.5700044726743188,0.0911204325301723,0.544108332277833,0.5959006130708046
single_shape,TwoLayerCNN,retention_0p1,validation_patch,7,cf_accuracy,50,0.3998437628149986,0.11938077089648277,0.36591612311956206,0.43377140251043517
single_shape,TwoLayerCNN,retention_0p1,validation_patch,7,causal_usefulness_random,50,0.12433663467057025,0.08648095536818802,0.09975901909466467,0.14891425024647584
single_shape,TwoLayerCNN,retention_0p1,validation_patch,8,fidelity,50,0.6671257914124236,0.08683128259648606,0.6424486139398411,0.691802968885006
single_shape,TwoLayerCNN,retention_0p1,validation_patch,8,cf_accuracy,50,0.530312517285347,0.11511959530797705,0.497595890292879,0.563029144277815
single_shape,TwoLayerCNN,retention_0p1,validation_patch,8,causal_usefulness_random,50,0.11263624984640287,0.08145500537044952,0.08948699345573333,0.13578550623707242
single_shape,TwoLayerCNN,retention_0p1,validation_patch,8,causal_usefulness_energy,50,0.07871153647286007,0.08657818877064814,0.05410628746972616,0.10331678547599399
single_shape,TwoLayerCNN,retention_0p1,validation_patch,9,fidelity,50,0.7602438117506783,0.08196001272985928,0.7369510338564623,0.7835365896448944
single_shape,TwoLayerCNN,retention_0p1,validation_patch,9,cf_accuracy,50,0.6589323103427887,0.11760467053599183,0.6255094327848485,0.6923551879007288
single_shape,TwoLayerCNN,retention_0p1,validation_patch,9,causal_usefulness_random,50,0.09539039967001145,0.07667822725610855,0.07359868859883843,0.11718211074118447
single_shape,TwoLayerCNN,retention_0p1,validation_patch,10,fidelity,50,0.857871252869057,0.06345542191726056,0.8398374214960167,0.8759050842420972
single_shape,TwoLayerCNN,retention_0p1,validation_patch,10,cf_accuracy,50,0.803645852804184,0.09384407063961964,0.7769756630214849,0.8303160425868831
single_shape,TwoLayerCNN,retention_0p1,validation_patch,10,causal_usefulness_random,50,0.0813140182490775,0.06611663213156273,0.06252387930131943,0.10010415719683556
single_shape,TwoLayerCNN,retention_0p1,validation_patch,11,fidelity,50,0.9162647648620493,0.05507031375588706,0.900613954861463,0.9319155748626357
single_shape,TwoLayerCNN,retention_0p1,validation_patch,11,cf_accuracy,50,0.8853125202655793,0.08466130671935336,0.8612520431137796,0.909372997417379
single_shape,TwoLayerCNN,retention_0p1,validation_patch,11,causal_usefulness_random,50,0.04305618394579121,0.06041879538090407,0.025885352285698344,0.060227015605884074
single_shape,TwoLayerCNN,retention_0p1,validation_patch,12,fidelity,50,0.9634570602444957,0.03245475529506603,0.9542335208437546,0.9726805996452369
single_shape,TwoLayerCNN,retention_0p1,validation_patch,12,cf_accuracy,50,0.9530729365348816,0.04912613406449494,0.9391114437110905,0.9670344293586727
single_shape,TwoLayerCNN,retention_0p1,validation_patch,12,causal_usefulness_random,50,0.023111204705225145,0.03983882599848846,0.011789135629813196,0.0344332737806371
single_shape,TwoLayerCNN,retention_0p1,validation_patch,13,fidelity,50,0.9876457701366206,0.014492498272301466,0.9835270476993552,0.991764492573886
single_shape,TwoLayerCNN,retention_0p1,validation_patch,13,cf_accuracy,50,0.9855468952655793,0.021145306833491258,0.9795374655550086,0.9915563249761499
single_shape,TwoLayerCNN,retention_0p1,validation_patch,13,causal_usefulness_random,50,0.008216625322189372,0.018493382480585064,0.002960864173727277,0.013472386470651469
single_shape,TwoLayerCNN,retention_0p1,validation_patch,14,fidelity,50,0.9953423550733592,0.009166213720278846,0.9927373459572542,0.9979473641894643
single_shape,TwoLayerCNN,retention_0p1,validation_patch,14,cf_accuracy,50,0.9942968904972076,0.012843951219748802,0.9906466799484145,0.9979471010460007
single_shape,TwoLayerCNN,retention_0p1,validation_patch,14,causal_usefulness_random,50,0.0007142362618483955,0.009971078663457807,-0.0021195129402068785,0.0035479854639036694
single_shape,TwoLayerCNN,retention_0p1,validation_patch,15,fidelity,50,0.9995045582496656,0.0007177295534189128,0.9993005817674876,0.9997085347318435
single_shape,TwoLayerCNN,retention_0p1,validation_patch,15,cf_accuracy,50,0.9992187547683716,0.001464653507419763,0.9988025048471721,0.9996350046895711
single_shape,TwoLayerCNN,retention_0p1,validation_patch,15,causal_usefulness_random,50,0.00034365625845329985,0.0013327360055254685,-3.510312352297796e-05,0.0007224156404295777
single_shape,TwoLayerCNN,retention_0p1,validation_patch,16,fidelity,50,1.0,0.0,1.0,1.0
single_shape,TwoLayerCNN,retention_0p1,validation_patch,16,cf_accuracy,50,0.99984375,0.0007732369676646773,0.9996239984852366,1.0000635015147634
single_shape,TwoLayerCNN,retention_0p1,validation_patch,16,causal_usefulness_random,50,0.0,0.0,0.0,0.0
single_shape,TwoLayerCNN,retention_1,contrast,1,fidelity,50,0.007023357329414592,0.0038739673503032073,0.005922387990165296,0.008124326668663888
single_shape,TwoLayerCNN,retention_1,contrast,1,cf_accuracy,50,0.00041666668141260744,0.001066612484857422,0.00011353876718364132,0.0007197945956415736
single_shape,TwoLayerCNN,retention_1,contrast,1,causal_usefulness_random,50,0.0004918567131357032,0.0028065636270326144,-0.00030575984441565606,0.0012894732706870624
single_shape,TwoLayerCNN,retention_1,contrast,1,causal_usefulness_energy,50,-0.0005589186286330583,0.0027193745713200014,-0.0013317563307172512,0.00021391907345113452
single_shape,TwoLayerCNN,retention_1,contrast,2,fidelity,50,0.04414888869654807,0.020814961379731624,0.038233342125163286,0.05006443526793286
single_shape,TwoLayerCNN,retention_1,contrast,2,cf_accuracy,50,0.006302083486225456,0.009576849871142875,0.003580372867291965,0.009023794105158946
single_shape,TwoLayerCNN,retention_1,contrast,2,causal_usefulness_random,50,0.01985780244486662,0.019328347746888346,0.014364746793272976,0.025350858096460264
single_shape,TwoLayerCNN,retention_1,contrast,2,causal_usefulness_energy,50,0.020504584259489825,0.01755576802946119,0.01551529018970449,0.02549387832927516
single_shape,TwoLayerCNN,retention_1,contrast,3,fidelity,50,0.1274231806194943,0.053228953206891305,0.11229567949676643,0.14255068174222213
single_shape,TwoLayerCNN,retention_1,contrast,3,cf_accuracy,50,0.05177083453861996,0.05394253023693873,0.03644053706779865,0.06710113200944127
single_shape,TwoLayerCNN,retention_1,contrast,3,causal_usefulness_random,50,0.06376840814485103,0.05163557328155449,0.04909374058651392,0.07844307570318815
single_shape,TwoLayerCNN,retention_1,contrast,4,fidelity,50,0.2091331528867215,0.06302184150987002,0.19122254370206618,0.2270437620713768
single_shape,TwoLayerCNN,retention_1,contrast,4,cf_accuracy,50,0.10778646130114794,0.07147858984792102,0.08747247083109978,0.12810045177119608
single_shape,TwoLayerCNN,retention_1,contrast,4,causal_usefulness_random,50,0.07729013025627549,0.06400314269712726,0.059100638359907434,0.09547962215264354
single_shape,TwoLayerCNN,retention_1,contrast,4,causal_usefulness_energy,50,0.10509515105156013,0.06309343293577183,0.08716419580878307,0.12302610629433719
single_shape,TwoLayerCNN,retention_1,contrast,5,fidelity,50,0.3070557643734773,0.053341308128278406,0.29189633233539175,0.3222151964115629
single_shape,TwoLayerCNN,retention_1,contrast,5,cf_accuracy,50,0.1746354215592146,0.06673221838537828,0.15567033493383575,0.19360050818459346
single_shape,TwoLayerCNN,retention_1,contrast,5,causal_usefulness_random,50,0.0826777222014577,0.05584087743999791,0.06680792042488787,0.09854752397802755
single_shape,TwoLayerCNN,retention_1,contrast,6,fidelity,50,0.41744037197655187,0.055853373878378194,0.4015670187514895,0.43331372520161426
single_shape,TwoLayerCNN,retention_1,contrast,6,cf_accuracy,50,0.26653646752238275,0.08203536543505727,0.2432222746262964,0.28985066041846913
single_shape,TwoLayerCNN,retention_1,contrast,6,causal_usefulness_random,50,0.08646001351394209,0.05963426250317992,0.06951214363073144,0.10340788339715273
single_shape,TwoLayerCNN,retention_1,contrast,7,fidelity,50,0.5246583158184734,0.05379910222421358,0.5093687801378586,0.5399478514990883
single_shape,TwoLayerCNN,retention_1,contrast,7,cf_accuracy,50,0.38325522005558016,0.07337909957441226,0.36240111069742414,0.4041093294137362
single_shape,TwoLayerCNN,retention_1,contrast,7,causal_usefulness_random,50,0.08511319954636677,0.05678552901839521,0.06897493076167734,0.10125146833105621
single_shape,TwoLayerCNN,retention_1,contrast,8,fidelity,50,0.607946124168643,0.06310098051504362,0.5900130239275703,0.6258792244097158
single_shape,TwoLayerCNN,retention_1,contrast,8,cf_accuracy,50,0.48166668295860293,0.09094854255723021,0.45581939315191855,0.5075139727652873
single_shape,TwoLayerCNN,retention_1,contrast,8,causal_usefulness_random,50,0.05687496911348153,0.06915278637231224,0.03722196467770243,0.07652797354926062
single_shape,TwoLayerCNN,retention_1,contrast,8,causal_usefulness_energy,50,0.1135615550382119,0.060610025266021224,0.09633637644609193,0.13078673363033186
single_shape,TwoLayerCNN,retention_1,contrast,9,fidelity,50,0.6848593399454437,0.0718180149322293,0.6644488859337587,0.7052697939571286
single_shape,TwoLayerCNN,retention_1,contrast,9,cf_accuracy,50,0.5789583539962768,0.10879860559851093,0.5480381324028599,0.6098785755896937
single_shape,TwoLayerCNN,retention_1,contrast,9,causal_usefulness_random,50,0.02140100307128897,0.07786118659757561,-0.0007269013249082863,0.04352890746748622
single_shape,TwoLayerCNN,retention_1,contrast,10,fidelity,50,0.7738356877478245,0.06476277947281027,0.7554303094684884,0.7922410660271606
single_shape,TwoLayerCNN,retention_1,contrast,10,cf_accuracy,50,0.686302101612091,0.08965304845297223,0.6608229871561501,0.711781216068032
single_shape,TwoLayerCNN,retention_1,contrast,10,causal_usefulness_random,50,-0.004251734959230084,0.06594573906772955,-0.022993306635620728,0.014489836717160559
single_shape,TwoLayerCNN,retention_1,contrast,11,fidelity,50,0.8609678502112889,0.06288825654658926,0.8430952054531394,0.8788404949694383
single_shape,TwoLayerCNN,retention_1,contrast,11,cf_accuracy,50,0.8072916901111603,0.08847755421061372,0.7821466474225509,0.8324367327997697
single_shape,TwoLayerCNN,retention_1,contrast,11,causal_usefulness_random,50,-0.012611723087843444,0.05864623066037412,-0.029278797428199027,0.00405535125251214
single_shape,TwoLayerCNN,retention_1,contrast,12,fidelity,50,0.9296042490112459,0.05206466273702316,0.9148076355789383,0.9444008624435536
single_shape,TwoLayerCNN,retention_1,contrast,12,cf_accuracy,50,0.9086198115348816,0.07672926658123451,0.8868135952480012,0.930426027821762
single_shape,TwoLayerCNN,retention_1,contrast,12,causal_usefulness_random,50,-0.011895310408984845,0.04513197344882524,-0.02472167534545775,0.000931054527488059
single_shape,TwoLayerCNN,retention_1,contrast,13,fidelity,50,0.969485228561238,0.03602488181481562,0.9592470704298621,0.9797233866926138
single_shape,TwoLayerCNN,retention_1,contrast,13,cf_accuracy,50,0.9615364754199982,0.05089946956002397,0.9470710062246388,0.9760019446153576
single_shape,TwoLayerCNN,retention_1,contrast,13,causal_usefulness_random,50,-0.009790614119250968,0.0326070045099586,-0.019057422268116284,-0.0005238059703856525
single_shape,TwoLayerCNN,retention_1,contrast,14,fidelity,50,0.9939652717883791,0.015329715512021426,0.9896086148442185,0.9983219287325398
single_shape,TwoLayerCNN,retention_1,contrast,14,cf_accuracy,50,0.9931510543823242,0.025968236014582178,0.985770963364209,1.0005311454004395
single_shape,TwoLayerCNN,retention_1,contrast,14,causal_usefulness_random,50,-0.0013328496591544425,0.015313258106701364,-0.005684829460473464,0.003019130142164579
single_shape,TwoLayerCNN,retention_1,contrast,15,fidelity,50,0.9994551546459648,0.00113110060055467,0.9991336994120378,0.9997766098798918
single_shape,TwoLayerCNN,retention_1,contrast,15,cf_accuracy,50,0.9994270873069763,0.001514821776948773,0.9989965797213309,0.9998575948926216
single_shape,TwoLayerCNN,retention_1,contrast,15,causal_usefulness_random,50,3.07865167183774e-05,0.0010816107844830172,-0.00027660386710196564,0.0003381769005387204
single_shape,TwoLayerCNN,retention_1,contrast,16,fidelity,50,1.0,0.0,1.0,1.0
single_shape,TwoLayerCNN,retention_1,contrast,16,cf_accuracy,50,0.99984375,0.0007732369676646773,0.9996239984852366,1.0000635015147634
single_shape,TwoLayerCNN,retention_1,contrast,16,causal_usefulness_random,50,0.0,0.0,0.0,0.0
single_shape,TwoLayerCNN,retention_1,auroc,1,fidelity,50,0.0066869411593098935,0.0035737568380584334,0.005671290703627325,0.007702591614992462
single_shape,TwoLayerCNN,retention_1,auroc,1,cf_accuracy,50,0.0002864583418704569,0.0006050393025289938,0.0001145080746403873,0.0004584086091005265
single_shape,TwoLayerCNN,retention_1,auroc,1,causal_usefulness_random,50,0.00015544054303100462,0.002451505989779047,-0.0005412697504931475,0.0008521508365551566
single_shape,TwoLayerCNN,retention_1,auroc,1,causal_usefulness_energy,50,-0.0009345489723198716,0.0027804762218066443,-0.0017247515713379674,-0.00014434637330177583
single_shape,TwoLayerCNN,retention_1,auroc,2,fidelity,50,0.04319857563169933,0.020413683415258857,0.03739707099599743,0.04900008026740123
single_shape,TwoLayerCNN,retention_1,auroc,2,cf_accuracy,50,0.006171875158324838,0.009236423214731828,0.003546912724670292,0.008796837591979384
single_shape,TwoLayerCNN,retention_1,auroc,2,causal_usefulness_random,50,0.018907489380017878,0.019410062029579452,0.013391210786234333,0.02442376797380142
single_shape,TwoLayerCNN,retention_1,auroc,2,causal_usefulness_energy,50,0.019813707055215915,0.01712222243601573,0.01494762527980181,0.02467978883063002
single_shape,TwoLayerCNN,retention_1,auroc,3,fidelity,50,0.12433278182744338,0.05328870919103772,0.10918829824192407,0.1394772654129627
single_shape,TwoLayerCNN,retention_1,auroc,3,cf_accuracy,50,0.05046875130850822,0.053607948781505696,0.03523354083522816,0.06570396178178828
single_shape,TwoLayerCNN,retention_1,auroc,3,causal_usefulness_random,50,0.06067800935280013,0.05162526775279644,0.046006270593330276,0.07534974811226998
single_shape,TwoLayerCNN,retention_1,auroc,4,fidelity,50,0.20299636741996874,0.060680438843756034,0.18575117751047232,0.22024155732946515
single_shape,TwoLayerCNN,retention_1,auroc,4,cf_accuracy,50,0.10250000236555934,0.0700576459089228,0.0825898396948102,0.12241016503630849
single_shape,TwoLayerCNN,retention_1,auroc,4,causal_usefulness_random,50,0.07115334478952275,0.05978918233269739,0.0541614471779093,0.08814524240113619
single_shape,TwoLayerCNN,retention_1,auroc,4,causal_usefulness_energy,50,0.10240606808869444,0.05763894256931209,0.08602526185639699,0.1187868743209919
single_shape,TwoLayerCNN,retention_1,auroc,5,fidelity,50,0.2705783616793181,0.050593338660716865,0.2561998939229118,0.28495682943572437
single_shape,TwoLayerCNN,retention_1,auroc,5,cf_accuracy,50,0.14093750474974512,0.0685647884985539,0.12145160746072631,0.16042340203876393
single_shape,TwoLayerCNN,retention_1,auroc,5,causal_usefulness_random,50,0.04620031950729842,0.05243354131834379,0.031298871942119694,0.06110176707247715
single_shape,TwoLayerCNN,retention_1,auroc,6,fidelity,50,0.371704116404992,0.05065433779441301,0.3573083128866013,0.3860999199233827
single_shape,TwoLayerCNN,retention_1,auroc,6,cf_accuracy,50,0.22606771394610406,0.07198439342210744,0.20560997569077363,0.2465254522014345
single_shape,TwoLayerCNN,retention_1,auroc,6,causal_usefulness_random,50,0.04072375794238223,0.05336459711323131,0.025557707248005386,0.05588980863675907
single_shape,TwoLayerCNN,retention_1,auroc,7,fidelity,50,0.5066589541007607,0.051577714947174454,0.49200072969911857,0.5213171785024028
single_shape,TwoLayerCNN,retention_1,auroc,7,cf_accuracy,50,0.36057292729616164,0.07282685310055208,0.3398757646493353,0.381270089942988
single_shape,TwoLayerCNN,retention_1,auroc,7,causal_usefulness_random,50,0.06711383782865414,0.05561617573458277,0.051307895570187806,0.08291978008712048
single_shape,TwoLayerCNN,retention_1,auroc,8,fidelity,50,0.6080849855307426,0.06258994835177024,0.5902971190235294,0.6258728520379558
single_shape,TwoLayerCNN,retention_1,auroc,8,cf_accuracy,50,0.4760156399011612,0.0908866071845341,0.450185951932641,0.5018453278696814
single_shape,TwoLayerCNN,retention_1,auroc,8,causal_usefulness_random,50,0.05701383047558117,0.0694623476536439,0.03727284969706439,0.07675481125409796
single_shape,TwoLayerCNN,retention_1,auroc,8,causal_usefulness_energy,50,0.11793272695347987,0.05939550959532683,0.10105270989592154,0.1348127440110382
single_shape,TwoLayerCNN,retention_1,auroc,9,fidelity,50,0.6801119094631547,0.05888959032732039,0.6633756730706984,0.696848145855611
single_shape,TwoLayerCNN,retention_1,auroc,9,cf_accuracy,50,0.5681250178813935,0.08511277212045258,0.5439362356822363,0.5923138000805507
single_shape,TwoLayerCNN,retention_1,auroc,9,causal_usefulness_random,50,0.01665357258899997,0.07008966528380813,-0.003265689887406522,0.036572835065406456
single_shape,TwoLayerCNN,retention_1,auroc,10,fidelity,50,0.7746774500287931,0.0724415442631212,0.7540897909419593,0.7952651091156269
single_shape,TwoLayerCNN,retention_1,auroc,10,cf_accuracy,50,0.6913021045923233,0.09837087887925602,0.6633454101424875,0.7192587990421592
single_shape,TwoLayerCNN,retention_1,auroc,10,causal_usefulness_random,50,-0.003409972678261537,0.07290248838585267,-0.02412863063533483,0.017308685278811756
single_shape,TwoLayerCNN,retention_1,auroc,11,fidelity,50,0.8436284493326807,0.07279655494215366,0.8229398973271984,0.8643170013381629
single_shape,TwoLayerCNN,retention_1,auroc,11,cf_accuracy,50,0.7850260603427887,0.09844802436831387,0.7570474413875469,0.8130046792980304
single_shape,TwoLayerCNN,retention_1,auroc,11,causal_usefulness_random,50,-0.029951123966451876,0.07158908296131188,-0.05029651623187964,-0.00960573170102411
single_shape,TwoLayerCNN,retention_1,auroc,12,fidelity,50,0.9231027348389705,0.05321140939227043,0.9079802196131913,0.9382252500647498
single_shape,TwoLayerCNN,retention_1,auroc,12,cf_accuracy,50,0.8970312714576721,0.07680460071429542,0.8752036454470643,0.91885889746828
single_shape,TwoLayerCNN,retention_1,auroc,12,causal_usefulness_random,50,-0.018396824581260393,0.047487557251543334,-0.03189263902732245,-0.0049010101351983325
single_shape,TwoLayerCNN,retention_1,auroc,13,fidelity,50,0.9696448179882143,0.027619264663337192,0.9617955098197896,0.9774941261566391
single_shape,TwoLayerCNN,retention_1,auroc,13,cf_accuracy,50,0.9602343928813935,0.04389109085986941,0.9477606828747412,0.9727081028880457
single_shape,TwoLayerCNN,retention_1,auroc,13,causal_usefulness_random,50,-0.00963102469227456,0.025057173799734624,-0.01675219469376913,-0.002509854690779992
single_shape,TwoLayerCNN,retention_1,auroc,14,fidelity,50,0.993810967612928,0.015021909648236801,0.9895417881273582,0.9980801470984978
single_shape,TwoLayerCNN,retention_1,auroc,14,cf_accuracy,50,0.9940625131130219,0.01987484281114759,0.9884141452826218,0.9997108809434219
single_shape,TwoLayerCNN,retention_1,auroc,14,causal_usefulness_random,50,-0.001487153834605659,0.015380274629142968,-0.005858179520868843,0.002883871851657525
single_shape,TwoLayerCNN,retention_1,auroc,15,fidelity,50,0.999468700900503,0.0011471351196946148,0.999142688706657,0.999794713094349
single_shape,TwoLayerCNN,retention_1,auroc,15,cf_accuracy,50,0.9995052123069763,0.001438192469240975,0.9990964825296204,0.9999139420843323
single_shape,TwoLayerCNN,retention_1,auroc,15,causal_usefulness_random,50,4.433277125655444e-05,0.001083589223051564,-0.00026361987858376107,0.00035228542109686997
single_shape,TwoLayerCNN,retention_1,auroc,16,fidelity,50,1.0,0.0,1.0,1.0
single_shape,TwoLayerCNN,retention_1,auroc,16,cf_accuracy,50,0.99984375,0.0007732369676646773,0.9996239984852366,1.0000635015147634
single_shape,TwoLayerCNN,retention_1,auroc,16,causal_usefulness_random,50,0.0,0.0,0.0,0.0
single_shape,TwoLayerCNN,retention_1,validation_patch,1,fidelity,50,0.022458059838690404,0.016694030735747708,0.01771366879804184,0.02720245087933897
single_shape,TwoLayerCNN,retention_1,validation_patch,1,cf_accuracy,50,0.002213541716337204,0.008252935651843504,-0.00013191664452532172,0.00455900007719973
single_shape,TwoLayerCNN,retention_1,validation_patch,1,causal_usefulness_random,50,0.01592655922241152,0.015041015272021587,0.011651949978639733,0.020201168466183306
single_shape,TwoLayerCNN,retention_1,validation_patch,1,causal_usefulness_energy,50,0.015875466359961288,0.015985041450257774,0.011332567844829127,0.02041836487509345
single_shape,TwoLayerCNN,retention_1,validation_patch,2,fidelity,50,0.07375562552829573,0.032416598469569395,0.06454293017737642,0.08296832087921505
single_shape,TwoLayerCNN,retention_1,validation_patch,2,cf_accuracy,50,0.011588541958481073,0.01686103307985589,0.006796689376776547,0.016380394540185597
single_shape,TwoLayerCNN,retention_1,validation_patch,2,causal_usefulness_random,50,0.0494645392766143,0.028216245035168157,0.041445571163722515,0.05748350738950609
single_shape,TwoLayerCNN,retention_1,validation_patch,2,causal_usefulness_energy,50,0.04452909584948873,0.028819218746405053,0.03633876450391682,0.052719427195060634
single_shape,TwoLayerCNN,retention_1,validation_patch,3,fidelity,50,0.1715041008659991,0.05780714027091479,0.15507549337580454,0.18793270835619366
single_shape,TwoLayerCNN,retention_1,validation_patch,3,cf_accuracy,50,0.05010416821110994,0.04251927953861201,0.03802032266829248,0.0621880137539274
single_shape,TwoLayerCNN,retention_1,validation_patch,3,causal_usefulness_random,50,0.10784932839135583,0.0512912299189419,0.09327252213388404,0.12242613464882762
single_shape,TwoLayerCNN,retention_1,validation_patch,4,fidelity,50,0.2736248363926617,0.07360003473539557,0.25270793795648583,0.2945417348288376
single_shape,TwoLayerCNN,retention_1,validation_patch,4,cf_accuracy,50,0.11083333633840084,0.07528802499597809,0.08943671637805996,0.13222995629874174
single_shape,TwoLayerCNN,retention_1,validation_patch,4,causal_usefulness_random,50,0.1417818137622158,0.06933495515813305,0.12207703753033694,0.16148658999409465
single_shape,TwoLayerCNN,retention_1,validation_patch,4,causal_usefulness_energy,50,0.11521060646106211,0.06425809206459726,0.09694865875614846,0.13347255416597575
single_shape,TwoLayerCNN,retention_1,validation_patch,5,fidelity,50,0.36891521579071757,0.07702107418977726,0.34702606869907954,0.3908043628823556
single_shape,TwoLayerCNN,retention_1,validation_patch,5,cf_accuracy,50,0.18669271275401114,0.08555046940016756,0.16237953836429986,0.21100588714372243
single_shape,TwoLayerCNN,retention_1,validation_patch,5,causal_usefulness_random,50,0.1445371736186979,0.07481334969627157,0.1232754548859151,0.16579889235148068
single_shape,TwoLayerCNN,retention_1,validation_patch,6,fidelity,50,0.46165340128953747,0.09292263235304335,0.4352450813704168,0.48806172120865815
single_shape,TwoLayerCNN,retention_1,validation_patch,6,cf_accuracy,50,0.28091146767139435,0.11347422026564481,0.24866245109206828,0.3131604842507204
single_shape,TwoLayerCNN,retention_1,validation_patch,6,causal_usefulness_random,50,0.13067304282692757,0.09274918691531386,0.10431401555580969,0.15703207009804546
single_shape,TwoLayerCNN,retention_1,validation_patch,7,fidelity,50,0.565570342484266,0.09324226917281037,0.5390711827860668,0.5920695021824651
single_shape,TwoLayerCNN,retention_1,validation_patch,7,cf_accuracy,50,0.40518230229616164,0.11636875676744989,0.37211066754490496,0.43825393704741833
single_shape,TwoLayerCNN,retention_1,validation_patch,7,causal_usefulness_random,50,0.12602522621215945,0.087753381602168,0.10108599110170646,0.15096446132261243
single_shape,TwoLayerCNN,retention_1,validation_patch,8,fidelity,50,0.6659908783001862,0.0875964196347711,0.6410962512872999,0.6908855053130726
single_shape,TwoLayerCNN,retention_1,validation_patch,8,cf_accuracy,50,0.5304427248239517,0.11941758760114388,0.49650462193682077,0.5643808277110827
single_shape,TwoLayerCNN,retention_1,validation_patch,8,causal_usefulness_random,50,0.11491972324502484,0.08299636663492935,0.0913324168298072,0.13850702966024248
single_shape,TwoLayerCNN,retention_1,validation_patch,8,causal_usefulness_energy,50,0.07292711223646914,0.08127994395749974,0.049827607748878566,0.09602661672405971
single_shape,TwoLayerCNN,retention_1,validation_patch,9,fidelity,50,0.763241691708439,0.07713030894039184,0.7413215004441654,0.7851618829727126
single_shape,TwoLayerCNN,retention_1,validation_patch,9,cf_accuracy,50,0.6664062702655792,0.11227386880040233,0.6344983897981648,0.6983141507329936
single_shape,TwoLayerCNN,retention_1,validation_patch,9,causal_usefulness_random,50,0.09978335483428438,0.07223268257273079,0.0792550535830931,0.12031165608547567
single_shape,TwoLayerCNN,retention_1,validation_patch,10,fidelity,50,0.8577869227573107,0.0639926046084725,0.8396004257526013,0.8759734197620201
single_shape,TwoLayerCNN,retention_1,validation_patch,10,cf_accuracy,50,0.8034896004199982,0.09607252469548247,0.7761860910020062,0.8307931098379902
single_shape,TwoLayerCNN,retention_1,validation_patch,10,causal_usefulness_random,50,0.0796995000502562,0.06310691184411966,0.06176471414411115,0.09763428595640124
single_shape,TwoLayerCNN,retention_1,validation_patch,11,fidelity,50,0.9207156968214717,0.05075360420231563,0.9062916821020988,0.9351397115408446
single_shape,TwoLayerCNN,retention_1,validation_patch,11,cf_accuracy,50,0.8937500214576721,0.07461558878689926,0.8725445057534729,0.9149555371618714
single_shape,TwoLayerCNN,retention_1,validation_patch,11,causal_usefulness_random,50,0.047136123522339216,0.05772082998960294,0.03073204514269044,0.06354020190198799
single_shape,TwoLayerCNN,retention_1,validation_patch,12,fidelity,50,0.9642474264553352,0.03285070340444886,0.954911359846968,0.9735834930637025
single_shape,TwoLayerCNN,retention_1,validation_patch,12,cf_accuracy,50,0.9568229353427887,0.042900941158024605,0.9446306227678708,0.9690152479177067
single_shape,TwoLayerCNN,retention_1,validation_patch,12,causal_usefulness_random,50,0.022747867035104497,0.0363632488657673,0.012413546051844766,0.033082188018364225
single_shape,TwoLayerCNN,retention_1,validation_patch,13,fidelity,50,0.9844314517892596,0.021501239520243062,0.978320867128346,0.9905420364501732
single_shape,TwoLayerCNN,retention_1,validation_patch,13,cf_accuracy,50,0.9815625190734864,0.02907308105493041,0.9733000408581026,0.9898249972888701
single_shape,TwoLayerCNN,retention_1,validation_patch,13,causal_usefulness_random,50,0.005155609108770511,0.02312175915742604,-0.0014155221372995656,0.011726740354840587
single_shape,TwoLayerCNN,retention_1,validation_patch,14,fidelity,50,0.9955272291449252,0.004562200505283149,0.9942306661071827,0.9968237921826677
single_shape,TwoLayerCNN,retention_1,validation_patch,14,cf_accuracy,50,0.9951302254199982,0.00611189416190159,0.9933932443180631,0.9968672065219333
single_shape,TwoLayerCNN,retention_1,validation_patch,14,causal_usefulness_random,50,0.00022910769739147073,0.005528569323036236,-0.0013420943196055836,0.0018003097143885248
single_shape,TwoLayerCNN,retention_1,validation_patch,15,fidelity,50,0.999517042864244,0.000771992934281417,0.9992976448998563,0.9997364408286318
single_shape,TwoLayerCNN,retention_1,validation_patch,15,cf_accuracy,50,0.9992187535762787,0.0018786220803954955,0.9986848550883654,0.999752652064192
single_shape,TwoLayerCNN,retention_1,validation_patch,15,causal_usefulness_random,50,9.267473499747769e-05,0.0007170831798981001,-0.00011111804985844112,0.0002964675198533965
single_shape,TwoLayerCNN,retention_1,validation_patch,16,fidelity,50,1.0,0.0,1.0,1.0
single_shape,TwoLayerCNN,retention_1,validation_patch,16,cf_accuracy,50,0.99984375,0.0007732369676646773,0.9996239984852366,1.0000635015147634
single_shape,TwoLayerCNN,retention_1,validation_patch,16,causal_usefulness_random,50,0.0,0.0,0.0,0.0
single_shape,TwoLayerCNN,template_init,contrast,1,fidelity,50,0.0013249263070722406,0.0011265708441042575,0.0010047584156846405,0.0016450941984598407
single_shape,TwoLayerCNN,template_init,contrast,1,cf_accuracy,50,7.812500232830644e-05,0.0004083798187201486,-3.7935257999875975e-05,0.00019418526265648886
single_shape,TwoLayerCNN,template_init,contrast,1,causal_usefulness_random,50,-0.00011023156320853045,0.0008916543705545481,-0.0003636369315091573,0.00014317380509209642
single_shape,TwoLayerCNN,template_init,contrast,1,causal_usefulness_energy,50,2.259836220541378e-05,0.0009019372283307956,-0.00023372936194073247,0.00027892608635156005
single_shape,TwoLayerCNN,template_init,contrast,2,fidelity,50,0.007956260262232331,0.005880522137596135,0.006285034362054482,0.00962748616241018
single_shape,TwoLayerCNN,template_init,contrast,2,cf_accuracy,50,0.0009375000442378222,0.0028821644540250324,0.00011839796938234101,0.0017566021190933035
single_shape,TwoLayerCNN,template_init,contrast,2,causal_usefulness_random,50,0.0011793084593267017,0.006446131872019124,-0.0006526619488119358,0.003011278867465339
single_shape,TwoLayerCNN,template_init,contrast,2,causal_usefulness_energy,50,0.0019031813052630864,0.0059903383276928195,0.00020074598917723817,0.003605616621348935
single_shape,TwoLayerCNN,template_init,contrast,3,fidelity,50,0.04372852992416285,0.02555553220100952,0.036465728032116076,0.05099133181620963
single_shape,TwoLayerCNN,template_init,contrast,3,cf_accuracy,50,0.011302083656191826,0.018698481334438428,0.005988034058398825,0.016616133253984824
single_shape,TwoLayerCNN,template_init,contrast,3,causal_usefulness_random,50,0.0176204663374321,0.026481219265300008,0.010094587092540897,0.025146345582323305
single_shape,TwoLayerCNN,template_init,contrast,4,fidelity,50,0.11744850777073818,0.047227467729490144,0.10402660994899102,0.13087040559248533
single_shape,TwoLayerCNN,template_init,contrast,4,cf_accuracy,50,0.039479167864192276,0.03957854438304853,0.0282310700054317,0.05072726572295285
single_shape,TwoLayerCNN,template_init,contrast,4,causal_usefulness_random,50,0.0405271668228749,0.04533226712265376,0.027643879054124243,0.05341045459162555
single_shape,TwoLayerCNN,template_init,contrast,4,causal_usefulness_energy,50,0.04687704560775264,0.0430314716364824,0.034647636681310656,0.05910645453419462
single_shape,TwoLayerCNN,template_init,contrast,5,fidelity,50,0.2405520474807545,0.0714898375592788,0.22023486044650695,0.26086923451500205
single_shape,TwoLayerCNN,template_init,contrast,5,cf_accuracy,50,0.11695312863215804,0.07735040511246113,0.09497038672787575,0.13893587053644033
single_shape,TwoLayerCNN,template_init,contrast,5,causal_usefulness_random,50,0.07612637219558029,0.06281567551593908,0.05827435473811029,0.09397838965305028
single_shape,TwoLayerCNN,template_init,contrast,6,fidelity,50,0.38650044431060726,0.07668037536904308,0.364708122752493,0.40829276586872154
single_shape,TwoLayerCNN,template_init,contrast,6,cf_accuracy,50,0.24960938215255737,0.0939620739802737,0.22290565619150646,0.2763131081136083
single_shape,TwoLayerCNN,template_init,contrast,6,causal_usefulness_random,50,0.10865664747257074,0.07205035762877857,0.0881801623971291,0.12913313254801237
single_shape,TwoLayerCNN,template_init,contrast,7,fidelity,50,0.5342664683760092,0.07658052886614466,0.5125025228800509,0.5560304138719675
single_shape,TwoLayerCNN,template_init,contrast,7,cf_accuracy,50,0.40617188781499863,0.09671238871663682,0.37868653105424976,0.4336572445757475
single_shape,TwoLayerCNN,template_init,contrast,7,causal_usefulness_random,50,0.1267049140065436,0.0764078832561158,0.10499003385007066,0.14841979416301654
single_shape,TwoLayerCNN,template_init,contrast,8,fidelity,50,0.6729834549316098,0.06972981435438193,0.6531664609577935,0.6928004489054261
single_shape,TwoLayerCNN,template_init,contrast,8,cf_accuracy,50,0.5718489789962768,0.09346934364880612,0.5452852854460364,0.5984126725465173
single_shape,TwoLayerCNN,template_init,contrast,8,causal_usefulness_random,50,0.12898685039347732,0.07395137127280252,0.1079701032181496,0.15000359756880505
single_shape,TwoLayerCNN,template_init,contrast,8,causal_usefulness_energy,50,0.12710227160027934,0.06369918885228576,0.10899916243083108,0.1452053807697276
single_shape,TwoLayerCNN,template_init,contrast,9,fidelity,50,0.7850020281297381,0.06138290174810511,0.7675572004717233,0.8024468557877529
single_shape,TwoLayerCNN,template_init,contrast,9,cf_accuracy,50,0.7131250178813935,0.08585550383976001,0.6887251536631321,0.7375248820996548
single_shape,TwoLayerCNN,template_init,contrast,9,causal_usefulness_random,50,0.10401744719808717,0.07239287885074823,0.0834436186684212,0.12459127572775314
single_shape,TwoLayerCNN,template_init,contrast,10,fidelity,50,0.8738950441031891,0.0518755042644088,0.8591521889139888,0.8886378992923893
single_shape,TwoLayerCNN,template_init,contrast,10,cf_accuracy,50,0.827942727804184,0.07010157512623169,0.8080200805880112,0.8478653750203567
single_shape,TwoLayerCNN,template_init,contrast,10,causal_usefulness_random,50,0.06048247615395158,0.060835559515427726,0.043193201437343696,0.07777175087055946
single_shape,TwoLayerCNN,template_init,contrast,11,fidelity,50,0.9415220932370727,0.03956436444717864,0.9302780252714975,0.9527661612026479
single_shape,TwoLayerCNN,template_init,contrast,11,cf_accuracy,50,0.9225000178813935,0.054917468085803424,0.9068926461396211,0.9381073896231659
single_shape,TwoLayerCNN,template_init,contrast,11,causal_usefulness_random,50,0.02600743544686368,0.0431201204641014,0.01375283280236899,0.03826203809135837
single_shape,TwoLayerCNN,template_init,contrast,12,fidelity,50,0.980738731852232,0.02265141491946135,0.9743012709595921,0.987176192744872
single_shape,TwoLayerCNN,template_init,contrast,12,cf_accuracy,50,0.9762500178813934,0.033104433841639094,0.9668418418806332,0.9856581938821537
single_shape,TwoLayerCNN,template_init,contrast,12,causal_usefulness_random,50,0.008079239089370294,0.023827416041490024,0.001307562375790318,0.014850915802950271
single_shape,TwoLayerCNN,template_init,contrast,13,fidelity,50,0.9964191038638012,0.006424742222425341,0.9945932123268172,0.9982449954007852
single_shape,TwoLayerCNN,template_init,contrast,13,cf_accuracy,50,0.9965104222297668,0.009493678001846015,0.9938123487945532,0.9992084956649805
single_shape,TwoLayerCNN,template_init,contrast,13,causal_usefulness_random,50,0.0020090397112476044,0.006854178343452721,6.110377903141063e-05,0.0039569756434637985
single_shape,TwoLayerCNN,template_init,contrast,14,fidelity,50,0.9995543100074029,0.0008375004645652729,0.9993162950088973,0.9997923250059085
single_shape,TwoLayerCNN,template_init,contrast,14,cf_accuracy,50,0.9997395861148834,0.0007891752530795087,0.9995153049895232,0.9999638672402437
single_shape,TwoLayerCNN,template_init,contrast,14,causal_usefulness_random,50,0.0004040552955305721,0.0009578441627693347,0.0001318389964165871,0.0006762715946445571
single_shape,TwoLayerCNN,template_init,contrast,15,fidelity,50,0.9999509923507887,0.000105889826331201,0.9999208987951164,0.999981085906461
single_shape,TwoLayerCNN,template_init,contrast,15,cf_accuracy,50,0.9999739587306976,0.000184139581144096,0.9999216268407641,1.000026290620631
single_shape,TwoLayerCNN,template_init,contrast,15,causal_usefulness_random,50,0.00010508146320803213,0.00021533935770163984,4.388269488475591e-05,0.00016628023153130835
single_shape,TwoLayerCNN,template_init,contrast,16,fidelity,50,1.0,0.0,1.0,1.0
single_shape,TwoLayerCNN,template_init,contrast,16,cf_accuracy,50,1.0,0.0,1.0,1.0
single_shape,TwoLayerCNN,template_init,contrast,16,causal_usefulness_random,50,0.0,0.0,0.0,0.0
single_shape,TwoLayerCNN,template_init,auroc,1,fidelity,50,0.0013879251725321517,0.0011573889238250196,0.0010589988797954943,0.001716851465268809
single_shape,TwoLayerCNN,template_init,auroc,1,cf_accuracy,50,0.00010416666977107525,0.0004433175462406489,-2.182278285659999e-05,0.0002301561223987505
single_shape,TwoLayerCNN,template_init,auroc,1,causal_usefulness_random,50,-4.723269774861927e-05,0.0009235927573738829,-0.00030971485515290736,0.00021524945965566882
single_shape,TwoLayerCNN,template_init,auroc,1,causal_usefulness_energy,50,9.724211096959368e-05,0.0009281068914717038,-0.00016652294915058116,0.00036100717108976854
single_shape,TwoLayerCNN,template_init,auroc,2,fidelity,50,0.0090806900096432,0.009011143384129778,0.006519751395452368,0.011641628623834032
single_shape,TwoLayerCNN,template_init,auroc,2,cf_accuracy,50,0.0011979167140088976,0.0030884700426151105,0.00032018323960492047,0.0020756501884128748
single_shape,TwoLayerCNN,template_init,auroc,2,causal_usefulness_random,50,0.0023037382067375707,0.008322503903907237,-6.1491232603802e-05,0.004668967646078943
single_shape,TwoLayerCNN,template_init,auroc,2,causal_usefulness_energy,50,0.0029637470381359697,0.00798388041920234,0.0006947533283447353,0.005232740747927204
single_shape,TwoLayerCNN,template_init,auroc,3,fidelity,50,0.042304682534195594,0.024624842902043604,0.03530637961435846,0.04930298545403273
single_shape,TwoLayerCNN,template_init,auroc,3,cf_accuracy,50,0.010807291991077363,0.01831674323834656,0.005601731159816598,0.01601285282233813
single_shape,TwoLayerCNN,template_init,auroc,3,causal_usefulness_random,50,0.016196618947464846,0.025174537753422602,0.009042094479383606,0.023351143415546085
single_shape,TwoLayerCNN,template_init,auroc,4,fidelity,50,0.11022040249271192,0.051352969613758404,0.09562605000811401,0.12481475497730983
single_shape,TwoLayerCNN,template_init,auroc,4,cf_accuracy,50,0.03760416771750897,0.04031066524235769,0.0261480034126899,0.04906033202232804
single_shape,TwoLayerCNN,template_init,auroc,4,causal_usefulness_random,50,0.033299061544848636,0.047484896069049966,0.019804003398483094,0.04679411969121418
single_shape,TwoLayerCNN,template_init,auroc,4,causal_usefulness_energy,50,0.04157406265995963,0.04432393140135577,0.02897734073248588,0.05417078458743338
single_shape,TwoLayerCNN,template_init,auroc,5,fidelity,50,0.2313462510306674,0.06892436684979723,0.2117581627049209,0.2509343393564139
single_shape,TwoLayerCNN,template_init,auroc,5,cf_accuracy,50,0.11119791951030493,0.07519898002405861,0.08982660585098126,0.1325692331696286
single_shape,TwoLayerCNN,template_init,auroc,5,causal_usefulness_random,50,0.06692057574549314,0.06058654157719676,0.04970207114389252,0.08413908034709375
single_shape,TwoLayerCNN,template_init,auroc,6,fidelity,50,0.38144033258247106,0.08096863041454454,0.3584293024248616,0.40445136274008053
single_shape,TwoLayerCNN,template_init,auroc,6,cf_accuracy,50,0.24299479827284812,0.09428102913358978,0.2162004262601806,0.26978917028551563
single_shape,TwoLayerCNN,template_init,auroc,6,causal_usefulness_random,50,0.10359653574443453,0.07492186396250484,0.0823039775984118,0.12488909389045726
single_shape,TwoLayerCNN,template_init,auroc,7,fidelity,50,0.52889505708743,0.0779131092893633,0.5067523964254979,0.5510377177493622
single_shape,TwoLayerCNN,template_init,auroc,7,cf_accuracy,50,0.39562500864267347,0.09804622289213083,0.36776058040349646,0.4234894368818505
single_shape,TwoLayerCNN,template_init,auroc,7,causal_usefulness_random,50,0.12133350271796445,0.076836515221601,0.09949680670473567,0.14317019873119324
single_shape,TwoLayerCNN,template_init,auroc,8,fidelity,50,0.6749624234141288,0.0707351596633716,0.6548597134648102,0.6950651333634474
single_shape,TwoLayerCNN,template_init,auroc,8,cf_accuracy,50,0.5713021022081375,0.09334260792616755,0.5447744265517499,0.5978297778645251
single_shape,TwoLayerCNN,template_init,auroc,8,causal_usefulness_random,50,0.13096581887599648,0.07565853090405777,0.10946390230163676,0.1524677354503562
single_shape,TwoLayerCNN,template_init,auroc,8,causal_usefulness_energy,50,0.12821347849987927,0.06671328940241891,0.10925377143193521,0.14717318556782333
single_shape,TwoLayerCNN,template_init,auroc,9,fidelity,50,0.7900341790006667,0.05805861716994881,0.7735341025665369,0.8065342554347966
single_shape,TwoLayerCNN,template_init,auroc,9,cf_accuracy,50,0.7173958539962768,0.0796430551373188,0.6947615481641778,0.7400301598283758
single_shape,TwoLayerCNN,template_init,auroc,9,causal_usefulness_random,50,0.1090495980690158,0.06810101792169156,0.08969550291961273,0.12840369321841888
single_shape,TwoLayerCNN,template_init,auroc,10,fidelity,50,0.8718285872142882,0.05309989192021021,0.8567377649034014,0.8869194095251751
single_shape,TwoLayerCNN,template_init,auroc,10,cf_accuracy,50,0.8237500202655792,0.07105837823317636,0.8035554526150842,0.8439445879160742
single_shape,TwoLayerCNN,template_init,auroc,10,causal_usefulness_random,50,0.05841601926505103,0.057066948866455657,0.042197771844468726,0.07463426668563333
single_shape,TwoLayerCNN,template_init,auroc,11,fidelity,50,0.9381273457259093,0.04135215688810242,0.9263751927703445,0.949879498681474
single_shape,TwoLayerCNN,template_init,auroc,11,cf_accuracy,50,0.9163541865348815,0.05811767010027039,0.8998373274436465,0.9328710456261166
single_shape,TwoLayerCNN,template_init,auroc,11,causal_usefulness_random,50,0.02261268793570056,0.04422680968134946,0.010043567695652941,0.03518180817574818
single_shape,TwoLayerCNN,template_init,auroc,12,fidelity,50,0.9836986478462871,0.022322229843195027,0.9773547403171982,0.9900425553753761
single_shape,TwoLayerCNN,template_init,auroc,12,cf_accuracy,50,0.9809114742279053,0.031320353566427914,0.972010328231312,0.9898126202244986
single_shape,TwoLayerCNN,template_init,auroc,12,causal_usefulness_random,50,0.011039155083425414,0.025167588197827984,0.0038866056571912585,0.01819170450965957
single_shape,TwoLayerCNN,template_init,auroc,13,fidelity,50,0.9965692326438181,0.006697978016585623,0.994665688353325,0.9984727769343112
single_shape,TwoLayerCNN,template_init,auroc,13,cf_accuracy,50,0.9965104222297668,0.009720573414707456,0.9937478658316916,0.999272978627842
single_shape,TwoLayerCNN,template_init,auroc,13,causal_usefulness_random,50,0.002159168491264407,0.007092603357055751,0.00014347291991070573,0.004174864062618109
single_shape,TwoLayerCNN,template_init,auroc,14,fidelity,50,0.999669971316401,0.0006592630833685701,0.9994826108211632,0.9998573318116388
single_shape,TwoLayerCNN,template_init,auroc,14,cf_accuracy,50,0.9997916698455811,0.0006090199310491891,0.9996185882962427,0.9999647513949195
single_shape,TwoLayerCNN,template_init,auroc,14,causal_usefulness_random,50,0.0005197166045286528,0.0008263439966201514,0.0002848722391314317,0.0007545609699258738
single_shape,TwoLayerCNN,template_init,auroc,15,fidelity,50,0.9999369680835387,0.00012833275621315686,0.9999004963177658,0.9999734398493116
single_shape,TwoLayerCNN,template_init,auroc,15,cf_accuracy,50,0.9999479174613952,0.0002577417230016308,0.9998746680741881,1.0000211668486023
single_shape,TwoLayerCNN,template_init,auroc,15,causal_usefulness_random,50,9.105719595806194e-05,0.0002135727726578124,3.0360485549207267e-05,0.00015175390636691663
single_shape,TwoLayerCNN,template_init,auroc,16,fidelity,50,1.0,0.0,1.0,1.0
single_shape,TwoLayerCNN,template_init,auroc,16,cf_accuracy,50,1.0,0.0,1.0,1.0
single_shape,TwoLayerCNN,template_init,auroc,16,causal_usefulness_random,50,0.0,0.0,0.0,0.0
single_shape,TwoLayerCNN,template_init,validation_patch,1,fidelity,50,0.004031377233941664,0.002665731033131546,0.003273784856728295,0.0047889696111550325
single_shape,TwoLayerCNN,template_init,validation_patch,1,cf_accuracy,50,0.00044270834652706983,0.000856867049813489,0.00019918942539217332,0.0006862272676619663
single_shape,TwoLayerCNN,template_init,validation_patch,1,causal_usefulness_random,50,0.0025962193636608934,0.0020180152799202,0.0020227057667652373,0.0031697329605565494
single_shape,TwoLayerCNN,template_init,validation_patch,1,causal_usefulness_energy,50,0.00273688116641375,0.0022198572023757854,0.0021060047298490036,0.0033677576029784964
single_shape,TwoLayerCNN,template_init,validation_patch,2,fidelity,50,0.025061024224277997,0.014172156694580934,0.02103334185608534,0.029088706592470655
single_shape,TwoLayerCNN,template_init,validation_patch,2,cf_accuracy,50,0.003177083437331021,0.004480995702306035,0.001903598549245766,0.004450568325416276
single_shape,TwoLayerCNN,template_init,validation_patch,2,causal_usefulness_random,50,0.01828407242137237,0.01291356167562641,0.014614078799909176,0.021954066042835563
single_shape,TwoLayerCNN,template_init,validation_patch,2,causal_usefulness_energy,50,0.01605641464963937,0.011471936153687076,0.012796126468313726,0.019316702830965017
single_shape,TwoLayerCNN,template_init,validation_patch,3,fidelity,50,0.0832846893387811,0.0379004232433463,0.07251350823106481,0.09405587044649738
single_shape,TwoLayerCNN,template_init,validation_patch,3,cf_accuracy,50,0.022213542428798975,0.028391548513802312,0.014144753618521895,0.030282331239076053
single_shape,TwoLayerCNN,template_init,validation_patch,3,causal_usefulness_random,50,0.057176625752050333,0.034164382684277135,0.047467215623226006,0.06688603588087466
single_shape,TwoLayerCNN,template_init,validation_patch,4,fidelity,50,0.18427744283799602,0.05188182573689039,0.16953279110619435,0.1990220945697977
single_shape,TwoLayerCNN,template_init,validation_patch,4,cf_accuracy,50,0.0726822934485972,0.047410557156929815,0.05920836218729717,0.08615622470989721
single_shape,TwoLayerCNN,template_init,validation_patch,4,causal_usefulness_random,50,0.10735610189013273,0.0473507804512378,0.09389915898062227,0.12081304479964318
single_shape,TwoLayerCNN,template_init,validation_patch,4,causal_usefulness_energy,50,0.08253568452497913,0.03728946357628348,0.07193813623347681,0.09313323281648145
single_shape,TwoLayerCNN,template_init,validation_patch,5,fidelity,50,0.29448441682995774,0.0677819882091356,0.2752209889216728,0.3137478447382427
single_shape,TwoLayerCNN,template_init,validation_patch,5,cf_accuracy,50,0.15122396305203437,0.0749427238754697,0.12992547658434112,0.17252244951972762
single_shape,TwoLayerCNN,template_init,validation_patch,5,causal_usefulness_random,50,0.13005874154478347,0.06540429039140971,0.11147104787961526,0.1486464352099517
single_shape,TwoLayerCNN,template_init,validation_patch,6,fidelity,50,0.40844880290943514,0.06600620935024794,0.3896900457689018,0.42720756004996846
single_shape,TwoLayerCNN,template_init,validation_patch,6,cf_accuracy,50,0.25158854871988295,0.07914857611991914,0.2290947722696375,0.27408232517012837
single_shape,TwoLayerCNN,template_init,validation_patch,6,causal_usefulness_random,50,0.13060500607139866,0.07095869941853786,0.11043876682658353,0.1507712453162138
single_shape,TwoLayerCNN,template_init,validation_patch,7,fidelity,50,0.5290236243890353,0.07070028292888329,0.5089308262979882,0.5491164224800823
single_shape,TwoLayerCNN,template_init,validation_patch,7,cf_accuracy,50,0.3808854281902313,0.08759807896745929,0.35599032960021276,0.40578052678024984
single_shape,TwoLayerCNN,template_init,validation_patch,7,causal_usefulness_random,50,0.12146207001956974,0.06990567050416482,0.1015950982809655,0.14132904175817398
single_shape,TwoLayerCNN,template_init,validation_patch,8,fidelity,50,0.6404772490046214,0.08017645817454527,0.6176913517066308,0.6632631463026121
single_shape,TwoLayerCNN,template_init,validation_patch,8,cf_accuracy,50,0.5159375137090683,0.10320545779632961,0.4866068471333541,0.5452681802847824
single_shape,TwoLayerCNN,template_init,validation_patch,8,causal_usefulness_random,50,0.09648064446648892,0.0790927045027586,0.07400274655415198,0.11895854237882586
single_shape,TwoLayerCNN,template_init,validation_patch,8,causal_usefulness_energy,50,0.0671554601071878,0.0661367678829771,0.04835959864219473,0.08595132157218087
single_shape,TwoLayerCNN,template_init,validation_patch,9,fidelity,50,0.7500800957201352,0.07121615366463759,0.7298406887881446,0.7703195026521259
single_shape,TwoLayerCNN,template_init,validation_patch,9,cf_accuracy,50,0.6497656440734864,0.09762293533182136,0.6220215128279197,0.677509775319053
single_shape,TwoLayerCNN,template_init,validation_patch,9,causal_usefulness_random,50,0.06909551478848425,0.06826762832069584,0.04969406948759125,0.08849696008937724
single_shape,TwoLayerCNN,template_init,validation_patch,10,fidelity,50,0.8589782895670178,0.06560041891500354,0.8403348567921712,0.8776217223418644
single_shape,TwoLayerCNN,template_init,validation_patch,10,cf_accuracy,50,0.8043229365348816,0.09112003088769476,0.778426910283925,0.8302189627858383
single_shape,TwoLayerCNN,template_init,validation_patch,10,causal_usefulness_random,50,0.04556572161778068,0.05941052217336346,0.028681438032751447,0.06245000520280991
single_shape,TwoLayerCNN,template_init,validation_patch,11,fidelity,50,0.9307359864847673,0.04603173471548874,0.9176539122256118,0.9438180607439228
single_shape,TwoLayerCNN,template_init,validation_patch,11,cf_accuracy,50,0.9058333563804627,0.0674110013961606,0.8866753617578556,0.9249913510030698
single_shape,TwoLayerCNN,template_init,validation_patch,11,causal_usefulness_random,50,0.015221328694558587,0.04393987366612314,0.002733754767766763,0.02770890262135041
single_shape,TwoLayerCNN,template_init,validation_patch,12,fidelity,50,0.9738082995421888,0.029738626848328724,0.9653566753051329,0.9822599237792448
single_shape,TwoLayerCNN,template_init,validation_patch,12,cf_accuracy,50,0.9656250178813934,0.04432472940884636,0.9530280691627002,0.9782219666000866
single_shape,TwoLayerCNN,template_init,validation_patch,12,causal_usefulness_random,50,0.0011488067793272072,0.027436932214186388,-0.006648683080394058,0.008946296639048472
single_shape,TwoLayerCNN,template_init,validation_patch,13,fidelity,50,0.9929792856993793,0.014969830408998552,0.9887249069698376,0.997233664428921
single_shape,TwoLayerCNN,template_init,validation_patch,13,cf_accuracy,50,0.99158855676651,0.02190712696339902,0.9853626201705663,0.9978144933624538
single_shape,TwoLayerCNN,template_init,validation_patch,13,causal_usefulness_random,50,-0.0014307784531742685,0.01513056619728994,-0.005730837788314053,0.0028692808819655155
single_shape,TwoLayerCNN,template_init,validation_patch,14,fidelity,50,0.9991809609758442,0.0010897974751393601,0.9988712439602824,0.999490677991406
single_shape,TwoLayerCNN,template_init,validation_patch,14,cf_accuracy,50,0.9993489646911621,0.0013477748942229977,0.9989659313043078,0.9997319980780164
single_shape,TwoLayerCNN,template_init,validation_patch,14,causal_usefulness_random,50,3.0706263971878034e-05,0.000999008993141991,-0.000253208950491031,0.000314621478434787
single_shape,TwoLayerCNN,template_init,validation_patch,15,fidelity,50,0.9998376483192096,0.00033029216610645204,0.9997437803242073,0.999931516314212
single_shape,TwoLayerCNN,template_init,validation_patch,15,cf_accuracy,50,0.9996875047683715,0.0008133510975799444,0.9994563529440254,0.9999186565927177
single_shape,TwoLayerCNN,template_init,validation_patch,15,causal_usefulness_random,50,-8.262568371086854e-06,0.0003008039100258372,-9.375009372125026e-05,7.722495697907654e-05
single_shape,TwoLayerCNN,template_init,validation_patch,16,fidelity,50,1.0,0.0,1.0,1.0
single_shape,TwoLayerCNN,template_init,validation_patch,16,cf_accuracy,50,1.0,0.0,1.0,1.0
single_shape,TwoLayerCNN,template_init,validation_patch,16,causal_usefulness_random,50,0.0,0.0,0.0,0.0
two_concepts,TinyCNN,release_default,contrast,1,fidelity,50,0.1680075719871097,0.10054594960729472,0.1394327292758844,0.19658241469833498
two_concepts,TinyCNN,release_default,contrast,1,cf_accuracy,50,0.0610546875,0.0614153861155812,0.04360062788689572,0.0785087471131043
two_concepts,TinyCNN,release_default,contrast,1,causal_usefulness_random,50,0.13167327744408958,0.09992810837883216,0.10327402326718899,0.16007253162099017
two_concepts,TinyCNN,release_default,contrast,1,causal_usefulness_energy,50,0.14678587437712104,0.0996329703724557,0.11847049749356992,0.17510125126067216
two_concepts,TinyCNN,release_default,contrast,2,fidelity,50,0.5416378349947499,0.16378076228735852,0.495091857361989,0.5881838126275108
two_concepts,TinyCNN,release_default,contrast,2,cf_accuracy,50,0.3913671875,0.18618830038334114,0.33845305800096004,0.44428131699903994
two_concepts,TinyCNN,release_default,contrast,2,causal_usefulness_random,50,0.45652556477290474,0.15680680334525088,0.41196156434184716,0.5010895652039623
two_concepts,TinyCNN,release_default,contrast,2,causal_usefulness_energy,50,0.41758083649626004,0.14282994904255858,0.37698901410774954,0.45817265888477055
two_concepts,TinyCNN,release_default,contrast,3,fidelity,50,0.7915837396637819,0.09353564021719721,0.7650012048372745,0.8181662744902893
two_concepts,TinyCNN,release_default,contrast,3,cf_accuracy,50,0.6948828125,0.1334185613341344,0.6569656769040748,0.7327999480959251
two_concepts,TinyCNN,release_default,contrast,3,causal_usefulness_random,50,0.6492898079345543,0.09784898023094765,0.6214814354394551,0.6770981804296534
two_concepts,TinyCNN,release_default,contrast,4,fidelity,50,0.9137374569785287,0.05807350457662718,0.8972331495902344,0.930241764366823
two_concepts,TinyCNN,release_default,contrast,4,cf_accuracy,50,0.8701953125,0.0894557619670814,0.844772266242981,0.8956183587570191
two_concepts,TinyCNN,release_default,contrast,4,causal_usefulness_random,50,0.6885607172653486,0.08055431384722948,0.6656674345733499,0.7114539999573474
two_concepts,TinyCNN,release_default,contrast,4,causal_usefulness_energy,50,0.5905547555785011,0.11049023980401847,0.55915377686323,0.6219557342937723
two_concepts,TinyCNN,release_default,contrast,5,fidelity,50,0.9589619928432327,0.0339554836121867,0.9493119511738124,0.968612034512653
two_concepts,TinyCNN,release_default,contrast,5,cf_accuracy,50,0.9363671875,0.05307956689926743,0.921282141496153,0.9514522335038471
two_concepts,TinyCNN,release_default,contrast,5,causal_usefulness_random,50,0.6462228461215845,0.0688592189368709,0.6266532726278338,0.6657924196153353
two_concepts,TinyCNN,release_default,contrast,6,fidelity,50,0.9762958725233745,0.02646434509553718,0.968774788864469,0.9838169561822799
two_concepts,TinyCNN,release_default,contrast,6,cf_accuracy,50,0.9631640625,0.04018246586408712,0.9517443320553619,0.974583792944638
two_concepts,TinyCNN,release_default,contrast,6,causal_usefulness_random,50,0.5627397942494267,0.0782279538006586,0.5405076557674142,0.5849719327314391
two_concepts,TinyCNN,release_default,contrast,7,fidelity,50,0.9874787057487298,0.011098960978682126,0.9843244159393185,0.990632995558141
two_concepts,TinyCNN,release_default,contrast,7,cf_accuracy,50,0.97890625,0.016105881350068983,0.9743290091653231,0.9834834908346769
two_concepts,TinyCNN,release_default,contrast,7,causal_usefulness_random,50,0.4725722475610852,0.07771752572941698,0.4504851711318764,0.49465932399029394
two_concepts,TinyCNN,release_default,contrast,8,fidelity,50,0.9932724012131062,0.0066901119833309725,0.9913710924245293,0.9951737100016832
two_concepts,TinyCNN,release_default,contrast,8,cf_accuracy,50,0.986328125,0.011395411750369495,0.9830895848134659,0.9895666651865341
two_concepts,TinyCNN,release_default,contrast,8,causal_usefulness_random,50,0.37967006300696277,0.07857533404470857,0.35733920015193005,0.4020009258619955
two_concepts,TinyCNN,release_default,contrast,8,causal_usefulness_energy,50,0.3178521937469854,0.08680734168034561,0.2931818202074878,0.34252256728648306
two_concepts,TinyCNN,release_default,contrast,9,fidelity,50,0.9961412620700832,0.004964194225155129,0.9947304536812241,0.9975520704589423
two_concepts,TinyCNN,release_default,contrast,9,cf_accuracy,50,0.99,0.008942859661148949,0.9874584674051619,0.9925415325948381
two_concepts,TinyCNN,release_default,contrast,9,causal_usefulness_random,50,0.2944203717330482,0.06817124604832484,0.2750463179708886,0.3137944254952078
two_concepts,TinyCNN,release_default,contrast,10,fidelity,50,0.9982147936002727,0.0020315761297792197,0.9976374260524892,0.9987921611480561
two_concepts,TinyCNN,release_default,contrast,10,cf_accuracy,50,0.992578125,0.005892497790720669,0.9909034956568616,0.9942527543431383
two_concepts,TinyCNN,release_default,contrast,10,causal_usefulness_random,50,0.21279510140879684,0.06450053149672054,0.1944642531796256,0.2311259496379681
two_concepts,TinyCNN,release_default,contrast,11,fidelity,50,0.998767774137539,0.0013102309011452566,0.9983954106354602,0.9991401376396178
two_concepts,TinyCNN,release_default,contrast,11,cf_accuracy,50,0.9934375,0.005126037219270051,0.9919806963411294,0.9948943036588705
two_concepts,TinyCNN,release_default,contrast,11,causal_usefulness_random,50,0.14118191590186224,0.04992679888617872,0.12699287665344255,0.15537095515028193
two_concepts,TinyCNN,release_default,contrast,12,fidelity,50,0.9993142252425402,0.000796327497040045,0.9990879114719367,0.9995405390131438
two_concepts,TinyCNN,release_default,contrast,12,cf_accuracy,50,0.9938671875,0.005691006790964345,0.9922498212654031,0.995484553734597
two_concepts,TinyCNN,release_default,contrast,12,causal_usefulness_random,50,0.08631959168886884,0.039957125377461426,0.07496390230194568,0.097675281075792
two_concepts,TinyCNN,release_default,contrast,13,fidelity,50,0.9996073313648739,0.0005075487908759344,0.9994630875944963,0.9997515751352515
two_concepts,TinyCNN,release_default,contrast,13,cf_accuracy,50,0.994375,0.0053180540070176165,0.9928636257738491,0.9958863742261509
two_concepts,TinyCNN,release_default,contrast,13,causal_usefulness_random,50,0.047659059242073865,0.028184088740254305,0.03964922984708098,0.055668888637066746
two_concepts,TinyCNN,release_default,contrast,14,fidelity,50,0.99980210085024,0.0002781176112810519,0.999723060699656,0.999881141000824
two_concepts,TinyCNN,release_default,contrast,14,cf_accuracy,50,0.9945703125,0.0053421537421485055,0.9930520892049067,0.9960885357950934
two_concepts,TinyCNN,release_default,contrast,14,causal_usefulness_random,50,0.02242348239745765,0.01937033824570473,0.016918493178139694,0.02792847161677561
two_concepts,TinyCNN,release_default,contrast,15,fidelity,50,0.999932392823508,0.00011241132485755429,0.9999004458784614,0.9999643397685546
two_concepts,TinyCNN,release_default,contrast,15,cf_accuracy,50,0.99453125,0.005538346328481922,0.9929572693887991,0.9961052306112008
two_concepts,TinyCNN,release_default,contrast,15,causal_usefulness_random,50,0.0059164325728249985,0.007007906746462206,0.003924807511873129,0.007908057633776867
two_concepts,TinyCNN,release_default,contrast,16,fidelity,50,1.0,0.0,1.0,1.0
two_concepts,TinyCNN,release_default,contrast,16,cf_accuracy,50,0.99453125,0.005580357142857143,0.9929453300474569,0.9961171699525431
two_concepts,TinyCNN,release_default,contrast,16,causal_usefulness_random,50,0.0,0.0,0.0,0.0
two_concepts,TinyCNN,release_default,auroc,1,fidelity,50,0.18506666420385923,0.10344896453586908,0.15566679377847595,0.2144665346292425
two_concepts,TinyCNN,release_default,auroc,1,cf_accuracy,50,0.0735546875,0.06836177792788348,0.05412648517679812,0.09298288982320187
two_concepts,TinyCNN,release_default,auroc,1,causal_usefulness_random,50,0.14873236966083905,0.10042335935808297,0.12019236671295419,0.17727237260872392
two_concepts,TinyCNN,release_default,auroc,1,causal_usefulness_energy,50,0.1623082829250616,0.10118247881226029,0.13355254061535393,0.19106402523476929
two_concepts,TinyCNN,release_default,auroc,2,fidelity,50,0.5428302920350572,0.15584195586250457,0.49854049822462904,0.5871200858454853
two_concepts,TinyCNN,release_default,auroc,2,cf_accuracy,50,0.399296875,0.17536451451309792,0.3494588314098423,0.4491349185901577
two_concepts,TinyCNN,release_default,auroc,2,causal_usefulness_random,50,0.4577180218132119,0.14888194688876788,0.41540624066734183,0.500029802959082
two_concepts,TinyCNN,release_default,auroc,2,causal_usefulness_energy,50,0.4181413915342507,0.13369964326845685,0.3801443733364544,0.45613840973204695
two_concepts,TinyCNN,release_default,auroc,3,fidelity,50,0.7892710530848289,0.08202503609290536,0.7659597957553015,0.8125823104143564
two_concepts,TinyCNN,release_default,auroc,3,cf_accuracy,50,0.6910546875,0.11854594365491904,0.6573643030814981,0.7247450719185019
two_concepts,TinyCNN,release_default,auroc,3,causal_usefulness_random,50,0.6469771213556011,0.09020856357196076,0.6213401312496633,0.672614111461539
two_concepts,TinyCNN,release_default,auroc,4,fidelity,50,0.9159575248548566,0.05439514466421328,0.9004985957870518,0.9314164539226614
two_concepts,TinyCNN,release_default,auroc,4,cf_accuracy,50,0.8740234375,0.08447493144755075,0.8500159276143887,0.8980309473856113
two_concepts,TinyCNN,release_default,auroc,4,causal_usefulness_random,50,0.6907807851416766,0.07668748736399027,0.668986442376962,0.7125751279063912
two_concepts,TinyCNN,release_default,auroc,4,causal_usefulness_energy,50,0.5878101687116344,0.10676366595607797,0.5574682705657206,0.6181520668575482
two_concepts,TinyCNN,release_default,auroc,5,fidelity,50,0.9579291117813689,0.03697522702978725,0.9474208685282626,0.9684373550344751
two_concepts,TinyCNN,release_default,auroc,5,cf_accuracy,50,0.93484375,0.057231670570677795,0.9185786891890458,0.9511088108109541
two_concepts,TinyCNN,release_default,auroc,5,causal_usefulness_random,50,0.6451899650597208,0.06883628131638399,0.625626910365585,0.6647530197538566
two_concepts,TinyCNN,release_default,auroc,6,fidelity,50,0.9756731713278984,0.02637450908764374,0.9681776187799466,0.9831687238758503
two_concepts,TinyCNN,release_default,auroc,6,cf_accuracy,50,0.96234375,0.04007970847858448,0.9509532228812008,0.9737342771187993
two_concepts,TinyCNN,release_default,auroc,6,causal_usefulness_random,50,0.5621170930539505,0.0783638031709649,0.539846346608076,0.5843878394998251
two_concepts,TinyCNN,release_default,auroc,7,fidelity,50,0.9869330872534589,0.011582081586949344,0.9836414960863529,0.9902246784205648
two_concepts,TinyCNN,release_default,auroc,7,cf_accuracy,50,0.97828125,0.01707552812402257,0.9734284386012239,0.9831340613987761
two_concepts,TinyCNN,release_default,auroc,7,causal_usefulness_random,50,0.47202662906581416,0.07742297063845255,0.4500232642672277,0.4940299938644006
two_concepts,TinyCNN,release_default,auroc,8,fidelity,50,0.9930322282346792,0.006703027301679436,0.9911272489532399,0.9949372075161185
two_concepts,TinyCNN,release_default,auroc,8,cf_accuracy,50,0.9862109375,0.011184475264667102,0.9830323447994118,0.9893895302005882
two_concepts,TinyCNN,release_default,auroc,8,causal_usefulness_random,50,0.37942989002853567,0.07877619240379977,0.35704194385944915,0.4018178361976222
two_concepts,TinyCNN,release_default,auroc,8,causal_usefulness_energy,50,0.3166741159784221,0.08752281146761125,0.2918004081751814,0.3415478237816628
two_concepts,TinyCNN,release_default,auroc,9,fidelity,50,0.995950221227572,0.004999105057761504,0.9945294912898635,0.9973709511652806
two_concepts,TinyCNN,release_default,auroc,9,cf_accuracy,50,0.9898828125,0.008578971087367588,0.9874446958935813,0.9923209291064187
two_concepts,TinyCNN,release_default,auroc,9,causal_usefulness_random,50,0.2942293308905369,0.06856235677329639,0.2747441246901897,0.31371453709088404
two_concepts,TinyCNN,release_default,auroc,10,fidelity,50,0.9980960789243442,0.0021171159793149717,0.9974944012203031,0.9986977566283852
two_concepts,TinyCNN,release_default,auroc,10,cf_accuracy,50,0.9925390625,0.005941049598549893,0.990850634885748,0.994227490114252
two_concepts,TinyCNN,release_default,auroc,10,causal_usefulness_random,50,0.21267638673286826,0.06457431022032574,0.19432457082244592,0.2310282026432906
two_concepts,TinyCNN,release_default,auroc,11,fidelity,50,0.9987185950971146,0.0013568299752295054,0.998332988284712,0.9991042019095172
two_concepts,TinyCNN,release_default,auroc,11,cf_accuracy,50,0.993125,0.005775602246846255,0.9914835920028523,0.9947664079971478
two_concepts,TinyCNN,release_default,auroc,11,causal_usefulness_random,50,0.14113273686143787,0.04995688817329793,0.1269351463322348,0.15533032739064095
two_concepts,TinyCNN,release_default,auroc,12,fidelity,50,0.9993285995194122,0.0007726879296523697,0.9991090040395255,0.9995481949992989
two_concepts,TinyCNN,release_default,auroc,12,cf_accuracy,50,0.993984375,0.005715985726474053,0.9923599098304776,0.9956088401695224
two_concepts,TinyCNN,release_default,auroc,12,causal_usefulness_random,50,0.08633396596574087,0.03995289616726538,0.07497947850705666,0.09768845342442509
two_concepts,TinyCNN,release_default,auroc,13,fidelity,50,0.9996589795099808,0.0004690336845418839,0.9995256816117125,0.9997922774082492
two_concepts,TinyCNN,release_default,auroc,13,cf_accuracy,50,0.994375,0.005361791138153712,0.9928511958187118,0.9958988041812882
two_concepts,TinyCNN,release_default,auroc,13,causal_usefulness_random,50,0.04771070738718091,0.028238124483372352,0.03968552120390951,0.05573589357045231
two_concepts,TinyCNN,release_default,auroc,14,fidelity,50,0.999810010307476,0.00030630840245732407,0.9997229584226857,0.9998970621922663
two_concepts,TinyCNN,release_default,auroc,14,cf_accuracy,50,0.9944921875,0.005505779563126004,0.992927462261107,0.9960569127388931
two_concepts,TinyCNN,release_default,auroc,14,causal_usefulness_random,50,0.022431391854693512,0.01937826605786831,0.016924149576087705,0.02793863413329932
two_concepts,TinyCNN,release_default,auroc,15,fidelity,50,0.9999407441675062,0.00011003819488117858,0.9999094716585366,0.9999720166764758
two_concepts,TinyCNN,release_default,auroc,15,cf_accuracy,50,0.9945703125,0.005528357051102132,0.9929991708100192,0.9961414541899809
two_concepts,TinyCNN,release_default,auroc,15,causal_usefulness_random,50,0.005924783916823166,0.007003229915773877,0.003934487996446606,0.007915079837199726
two_concepts,TinyCNN,release_default,auroc,16,fidelity,50,1.0,0.0,1.0,1.0
two_concepts,TinyCNN,release_default,auroc,16,cf_accuracy,50,0.99453125,0.005580357142857143,0.9929453300474569,0.9961171699525431
two_concepts,TinyCNN,release_default,auroc,16,causal_usefulness_random,50,0.0,0.0,0.0,0.0
two_concepts,TinyCNN,release_default,validation_patch,1,fidelity,50,0.2521833790830746,0.09734014225948849,0.22451961673942095,0.27984714142672823
two_concepts,TinyCNN,release_default,validation_patch,1,cf_accuracy,50,0.1062109375,0.08096989567733728,0.08319954775868346,0.12922232724131655
two_concepts,TinyCNN,release_default,validation_patch,1,causal_usefulness_random,50,0.21584908454005447,0.089513736719585,0.19040956204067577,0.24128860703943317
two_concepts,TinyCNN,release_default,validation_patch,1,causal_usefulness_energy,50,0.23013522347280874,0.09648526487592513,0.20271441459339823,0.25755603235221924
two_concepts,TinyCNN,release_default,validation_patch,2,fidelity,50,0.6405593832360549,0.10971143138872472,0.6093797394234438,0.671739027048666
two_concepts,TinyCNN,release_default,validation_patch,2,cf_accuracy,50,0.5020703125,0.1383610195683355,0.4627485458154959,0.541392079184504
two_concepts,TinyCNN,release_default,validation_patch,2,causal_usefulness_random,50,0.5554471130142096,0.10062665588549347,0.5268493338325014,0.5840448921959177
two_concepts,TinyCNN,release_default,validation_patch,2,causal_usefulness_energy,50,0.4901612519838877,0.10902955751450685,0.45917539458217405,0.5211471093856014
two_concepts,TinyCNN,release_default,validation_patch,3,fidelity,50,0.8462014304487551,0.08145531483588761,0.8230520861089812,0.869350774788529
two_concepts,TinyCNN,release_default,validation_patch,3,cf_accuracy,50,0.7742578125,0.1140695776061957,0.7418395972365931,0.806676027763407
two_concepts,TinyCNN,release_default,validation_patch,3,causal_usefulness_random,50,0.7039074987195275,0.08576754429219673,0.6795326323280945,0.7282823651109606
two_concepts,TinyCNN,release_default,validation_patch,4,fidelity,50,0.9305040192856725,0.05830018185434688,0.9139352909278379,0.9470727476435071
two_concepts,TinyCNN,release_default,validation_patch,4,cf_accuracy,50,0.898203125,0.08545751713531721,0.8739163673516703,0.9224898826483297
two_concepts,TinyCNN,release_default,validation_patch,4,causal_usefulness_random,50,0.7053272795724926,0.07750981171547869,0.6832992348128875,0.7273553243320978
two_concepts,TinyCNN,release_default,validation_patch,4,causal_usefulness_energy,50,0.5782211386152413,0.1074206478030735,0.5476925282942935,0.608749748936189
two_concepts,TinyCNN,release_default,validation_patch,5,fidelity,50,0.969257980339868,0.032143743460575115,0.9601228295245111,0.9783931311552249
two_concepts,TinyCNN,release_default,validation_patch,5,cf_accuracy,50,0.950703125,0.04850508574810607,0.9369181321548375,0.9644881178451624
two_concepts,TinyCNN,release_default,validation_patch,5,causal_usefulness_random,50,0.6565188336182197,0.06837548193442557,0.6370867366594509,0.6759509305769885
two_concepts,TinyCNN,release_default,validation_patch,6,fidelity,50,0.9886431383577664,0.00970257026672586,0.9858856983977365,0.9914005783177963
two_concepts,TinyCNN,release_default,validation_patch,6,cf_accuracy,50,0.9799609375,0.014154815418283263,0.9759381834680014,0.9839836915319986
two_concepts,TinyCNN,release_default,validation_patch,6,causal_usefulness_random,50,0.5750870600838186,0.07522938060717527,0.553707106674368,0.5964670134932692
two_concepts,TinyCNN,release_default,validation_patch,7,fidelity,50,0.9951476331796184,0.0040499725766233365,0.9939966437084982,0.9962986226507387
two_concepts,TinyCNN,release_default,validation_patch,7,cf_accuracy,50,0.9882421875,0.00814894568569608,0.9859262827605197,0.9905580922394803
two_concepts,TinyCNN,release_default,validation_patch,7,causal_usefulness_random,50,0.4802411749919739,0.07787228710908868,0.4581101158653102,0.5023722341186375
two_concepts,TinyCNN,release_default,validation_patch,8,fidelity,50,0.9975960206486151,0.0020496212688399886,0.9970135247290536,0.9981785165681766
two_concepts,TinyCNN,release_default,validation_patch,8,cf_accuracy,50,0.9914453125,0.006706767502250325,0.9895392702653195,0.9933513547346805
two_concepts,TinyCNN,release_default,validation_patch,8,causal_usefulness_random,50,0.3839936824424716,0.07968759695903731,0.36134671796470214,0.4066406469202411
two_concepts,TinyCNN,release_default,validation_patch,8,causal_usefulness_energy,50,0.30027811502744,0.06974445718586833,0.28045695960695965,0.32009927044792036
two_concepts,TinyCNN,release_default,validation_patch,9,fidelity,50,0.9983955341280566,0.0017684311420995652,0.9978929515583111,0.998898116697802
two_concepts,TinyCNN,release_default,validation_patch,9,cf_accuracy,50,0.9929296875,0.005917415555785593,0.9912479766063842,0.9946113983936158
two_concepts,TinyCNN,release_default,validation_patch,9,causal_usefulness_random,50,0.29667464379102165,0.06899369369810063,0.2770668529929859,0.3162824345890574
two_concepts,TinyCNN,release_default,validation_patch,10,fidelity,50,0.9989174350704204,0.0015817030953776865,0.9984679200243862,0.9993669501164546
two_concepts,TinyCNN,release_default,validation_patch,10,cf_accuracy,50,0.9933984375,0.005550842708202545,0.9918209054569774,0.9949759695430226
two_concepts,TinyCNN,release_default,validation_patch,10,causal_usefulness_random,50,0.2134977428789445,0.0646182300348424,0.19513344509534256,0.23186204066254643
two_concepts,TinyCNN,release_default,validation_patch,11,fidelity,50,0.9993263481561816,0.0008553022626469683,0.999083273942639,0.9995694223697242
two_concepts,TinyCNN,release_default,validation_patch,11,cf_accuracy,50,0.9941015625,0.005460344533476489,0.9925497497536627,0.9956533752463373
two_concepts,TinyCNN,release_default,validation_patch,11,causal_usefulness_random,50,0.14174048992050492,0.049925329909078206,0.12755186815075797,0.15592911169025186
two_concepts,TinyCNN,release_default,validation_patch,12,fidelity,50,0.9995561396522151,0.0005494982643035177,0.9993999739733997,0.9997123053310305
two_concepts,TinyCNN,release_default,validation_patch,12,cf_accuracy,50,0.994296875,0.005536096796980316,0.9927235336985781,0.9958702163014218
two_concepts,TinyCNN,release_default,validation_patch,12,causal_usefulness_random,50,0.08656150609854367,0.04004452061793456,0.07518097925909274,0.0979420329379946
two_concepts,TinyCNN,release_default,validation_patch,13,fidelity,50,0.9997399500815363,0.0004258631797847737,0.99961892110497,0.9998609790581026
two_concepts,TinyCNN,release_default,validation_patch,13,cf_accuracy,50,0.99453125,0.005410356983723582,0.9929936435581164,0.9960688564418836
two_concepts,TinyCNN,release_default,validation_patch,13,causal_usefulness_random,50,0.04779167795873647,0.028331178103635706,0.03974004622919373,0.05584330968827921
two_concepts,TinyCNN,release_default,validation_patch,14,fidelity,50,0.9998053853737479,0.0003076116012065664,0.999717963123971,0.9998928076235247
two_concepts,TinyCNN,release_default,validation_patch,14,cf_accuracy,50,0.99453125,0.005367015642207406,0.9930059610310883,0.9960565389689117
two_concepts,TinyCNN,release_default,validation_patch,14,causal_usefulness_random,50,0.022426766920965388,0.019391341348319994,0.01691580868592852,0.027937725156002256
two_concepts,TinyCNN,release_default,validation_patch,15,fidelity,50,0.9999224821896151,0.00012533711063620755,0.9998868617768953,0.9999581026023349
two_concepts,TinyCNN,release_default,validation_patch,15,cf_accuracy,50,0.99453125,0.005381501540732676,0.9930018441842783,0.9960606558157217
two_concepts,TinyCNN,release_default,validation_patch,15,causal_usefulness_random,50,0.005906521938931941,0.007013849683883953,0.003913207913852404,0.00789983596401148
two_concepts,TinyCNN,release_default,validation_patch,16,fidelity,50,1.0,0.0,1.0,1.0
two_concepts,TinyCNN,release_default,validation_patch,16,cf_accuracy,50,0.99453125,0.005580357142857143,0.9929453300474569,0.9961171699525431
two_concepts,TinyCNN,release_default,validation_patch,16,causal_usefulness_random,50,0.0,0.0,0.0,0.0
two_concepts,TinyCNN,release_early,contrast,1,fidelity,50,0.1399765122771868,0.09126543021369013,0.11403916399499109,0.1659138605593825
two_concepts,TinyCNN,release_early,contrast,1,cf_accuracy,50,0.0501953125,0.05642959400650794,0.034158199326449756,0.06623242567355024
two_concepts,TinyCNN,release_early,contrast,1,causal_usefulness_random,50,0.10795778119472138,0.0925739793970629,0.08164854734934962,0.13426701504009314
two_concepts,TinyCNN,release_early,contrast,1,causal_usefulness_energy,50,0.12067123353743929,0.0896402574112861,0.09519575425532398,0.1461467128195546
two_concepts,TinyCNN,release_early,contrast,2,fidelity,50,0.46401853507085833,0.15767670091251831,0.41920731248657994,0.5088297576551367
two_concepts,TinyCNN,release_early,contrast,2,cf_accuracy,50,0.3144921875,0.16922127792486122,0.26640003243078547,0.36258434256921457
two_concepts,TinyCNN,release_early,contrast,2,causal_usefulness_random,50,0.3861585907916137,0.1572126773011085,0.34147924225857373,0.43083793932465364
two_concepts,TinyCNN,release_early,contrast,2,causal_usefulness_energy,50,0.36555750384644886,0.14663758037518693,0.3238835646063184,0.4072314430865793
two_concepts,TinyCNN,release_early,contrast,3,fidelity,50,0.7403647728365237,0.1026056685824004,0.7112045644693685,0.7695249812036788
two_concepts,TinyCNN,release_early,contrast,3,cf_accuracy,50,0.6309375,0.1356629238599698,0.59238252363164,0.6694924763683601
two_concepts,TinyCNN,release_early,contrast,3,causal_usefulness_random,50,0.6061486745732205,0.11147980205576971,0.5744664653776844,0.6378308837687566
two_concepts,TinyCNN,release_early,contrast,4,fidelity,50,0.8833338459607205,0.06441967394327996,0.8650259771939801,0.9016417147274609
two_concepts,TinyCNN,release_early,contrast,4,cf_accuracy,50,0.82859375,0.09496413655136905,0.8016052410072338,0.8555822589927662
two_concepts,TinyCNN,release_early,contrast,4,causal_usefulness_random,50,0.6688860159490895,0.08429192687568872,0.6449305153873427,0.6928415165108363
two_concepts,TinyCNN,release_early,contrast,4,causal_usefulness_energy,50,0.6059046531654506,0.08887712568389672,0.5806460535205884,0.6311632528103128
two_concepts,TinyCNN,release_early,contrast,5,fidelity,50,0.9415345478413755,0.0419002941866793,0.9296266159891752,0.9534424796935758
two_concepts,TinyCNN,release_early,contrast,5,cf_accuracy,50,0.910546875,0.06695847258994521,0.8915174876411406,0.9295762623588594
two_concepts,TinyCNN,release_early,contrast,5,causal_usefulness_random,50,0.6401547389098579,0.06739037799262042,0.6210026053936865,0.6593068724260293
two_concepts,TinyCNN,release_early,contrast,6,fidelity,50,0.9670358938150995,0.027019171544898486,0.9593571302239396,0.9747146574062593
two_concepts,TinyCNN,release_early,contrast,6,cf_accuracy,50,0.9496484375,0.041419427924420396,0.9378771663274478,0.9614197086725523
two_concepts,TinyCNN,release_early,contrast,6,causal_usefulness_random,50,0.5605990407879679,0.07656493579720691,0.5388395267931692,0.5823585547827665
two_concepts,TinyCNN,release_early,contrast,7,fidelity,50,0.9818135453968668,0.016089389613758436,0.977240991461791,0.9863860993319427
two_concepts,TinyCNN,release_early,contrast,7,cf_accuracy,50,0.9708203125,0.023922132589606758,0.9640217176412819,0.9776189073587181
two_concepts,TinyCNN,release_early,contrast,7,causal_usefulness_random,50,0.4702463711500395,0.07108933377018273,0.45004300603326713,0.4904497362668118
two_concepts,TinyCNN,release_early,contrast,8,fidelity,50,0.9905327421114596,0.008879650646385722,0.9880091733198562,0.993056310903063
two_concepts,TinyCNN,release_early,contrast,8,cf_accuracy,50,0.9835546875,0.013422412051067957,0.9797400802019185,0.9873692947980814
two_concepts,TinyCNN,release_early,contrast,8,causal_usefulness_random,50,0.37658570333076874,0.07144947218467343,0.3562799880090549,0.39689141865248256
two_concepts,TinyCNN,release_early,contrast,8,causal_usefulness_energy,50,0.3237407299680132,0.0970671671653112,0.2961545462877534,0.35132691364827295
two_concepts,TinyCNN,release_early,contrast,9,fidelity,50,0.9945129856907577,0.005925167427440071,0.9928290717395936,0.9961968996419219
two_concepts,TinyCNN,release_early,contrast,9,cf_accuracy,50,0.9884765625,0.009562215116179572,0.985759011032408,0.991194113967592
two_concepts,TinyCNN,release_early,contrast,9,causal_usefulness_random,50,0.2889390849539003,0.06434167677113233,0.27065338273822187,0.30722478716957874
two_concepts,TinyCNN,release_early,contrast,10,fidelity,50,0.9969352876754967,0.004357570563883678,0.9956968798236402,0.9981736955273531
two_concepts,TinyCNN,release_early,contrast,10,cf_accuracy,50,0.99125,0.007933533126137461,0.9889953148325805,0.9935046851674194
two_concepts,TinyCNN,release_early,contrast,10,causal_usefulness_random,50,0.20468142877903087,0.0622225911271791,0.18699796403989005,0.22236489351817168
two_concepts,TinyCNN,release_early,contrast,11,fidelity,50,0.9984905047553476,0.0016283665145072612,0.9980277281123301,0.9989532813983651
two_concepts,TinyCNN,release_early,contrast,11,cf_accuracy,50,0.9933203125,0.005746548717793643,0.99168716142445,0.9949534635755499
two_concepts,TinyCNN,release_early,contrast,11,causal_usefulness_random,50,0.1337716091179234,0.04735624799891886,0.12031311234855471,0.1472301058872921
two_concepts,TinyCNN,release_early,contrast,12,fidelity,50,0.9992804971230359,0.0009085448142253798,0.9990222915437561,0.9995387027023157
two_concepts,TinyCNN,release_early,contrast,12,cf_accuracy,50,0.99421875,0.005409781383213019,0.9926813071419716,0.9957561928580285
two_concepts,TinyCNN,release_early,contrast,12,causal_usefulness_random,50,0.08030708244701026,0.03779085278542178,0.06956704091889135,0.09104712397512918
two_concepts,TinyCNN,release_early,contrast,13,fidelity,50,0.9995236183750478,0.0007410060595776027,0.9993130267830126,0.999734209967083
two_concepts,TinyCNN,release_early,contrast,13,cf_accuracy,50,0.9943359375,0.005297666726017725,0.9928303572750015,0.9958415177249986
two_concepts,TinyCNN,release_early,contrast,13,causal_usefulness_random,50,0.0430411794582339,0.026038573525659806,0.035641098740647026,0.050441260175820776
two_concepts,TinyCNN,release_early,contrast,14,fidelity,50,0.999812034416307,0.00032421991991838706,0.999719892134577,0.9999041766980369
two_concepts,TinyCNN,release_early,contrast,14,cf_accuracy,50,0.9946484375,0.005291196829744979,0.9931446959991774,0.9961521790008225
two_concepts,TinyCNN,release_early,contrast,14,causal_usefulness_random,50,0.019207385155975514,0.0168046109721052,0.014431567559874176,0.023983202752076854
two_concepts,TinyCNN,release_early,contrast,15,fidelity,50,0.9999176947930946,0.00018111058538345743,0.9998662237342316,0.9999691658519575
two_concepts,TinyCNN,release_early,contrast,15,cf_accuracy,50,0.99453125,0.005337925912307196,0.9930142282408531,0.9960482717591469
two_concepts,TinyCNN,release_early,contrast,15,causal_usefulness_random,50,0.004736627922713326,0.005776111477151431,0.003095075203914094,0.006378180641512558
two_concepts,TinyCNN,release_early,contrast,16,fidelity,50,1.0,0.0,1.0,1.0
two_concepts,TinyCNN,release_early,contrast,16,cf_accuracy,50,0.994609375,0.005346086991963164,0.9930900338876775,0.9961287161123226
two_concepts,TinyCNN,release_early,contrast,16,causal_usefulness_random,50,0.0,0.0,0.0,0.0
two_concepts,TinyCNN,release_early,auroc,1,fidelity,50,0.1393446138486998,0.09370950342310921,0.11271266764578584,0.1659765600516138
two_concepts,TinyCNN,release_early,auroc,1,cf_accuracy,50,0.05171875,0.06109693461479045,0.034355193302048344,0.06908230669795165
two_concepts,TinyCNN,release_early,auroc,1,causal_usefulness_random,50,0.1073258827662344,0.09237140515389308,0.08107421988377594,0.13357754564869287
two_concepts,TinyCNN,release_early,auroc,1,causal_usefulness_energy,50,0.11931290964269874,0.0918306419045765,0.09321492997526369,0.1454108893101338
two_concepts,TinyCNN,release_early,auroc,2,fidelity,50,0.4666853297246043,0.14458540281933568,0.4255946128927657,0.5077760465564429
two_concepts,TinyCNN,release_early,auroc,2,cf_accuracy,50,0.3188671875,0.15705399911525306,0.27423293480841593,0.36350144019158404
two_concepts,TinyCNN,release_early,auroc,2,causal_usefulness_random,50,0.3888253854453596,0.14180831898104812,0.34852390710781034,0.4291268637829089
two_concepts,TinyCNN,release_early,auroc,2,causal_usefulness_energy,50,0.3589378946087397,0.13626411442745984,0.3202120617715453,0.3976637274459341
two_concepts,TinyCNN,release_early,auroc,3,fidelity,50,0.7385882308411204,0.09747728217153782,0.7108854937656993,0.7662909679165414
two_concepts,TinyCNN,release_early,auroc,3,cf_accuracy,50,0.628671875,0.1294039220035265,0.5918956872777831,0.6654480627222169
two_concepts,TinyCNN,release_early,auroc,3,causal_usefulness_random,50,0.6043721325778172,0.10834338997883503,0.5735812818320847,0.6351629833235497
two_concepts,TinyCNN,release_early,auroc,4,fidelity,50,0.8871055253654301,0.06612718512894153,0.868312387289001,0.9058986634418592
two_concepts,TinyCNN,release_early,auroc,4,cf_accuracy,50,0.834921875,0.09500567459220206,0.8079215610266457,0.8619221889733544
two_concepts,TinyCNN,release_early,auroc,4,causal_usefulness_random,50,0.672657695353799,0.08550936055368706,0.6483562039689906,0.6969591867386075
two_concepts,TinyCNN,release_early,auroc,4,causal_usefulness_energy,50,0.6116330758963283,0.08515523442208658,0.5874322260445696,0.6358339257480871
two_concepts,TinyCNN,release_early,auroc,5,fidelity,50,0.9412929934784375,0.042592137396839556,0.9291884419614137,0.9533975449954614
two_concepts,TinyCNN,release_early,auroc,5,cf_accuracy,50,0.9101953125,0.06748598168000473,0.8910160087165002,0.9293746162834997
two_concepts,TinyCNN,release_early,auroc,5,causal_usefulness_random,50,0.63991318454692,0.0680622640393232,0.6205701031290243,0.6592562659648158
two_concepts,TinyCNN,release_early,auroc,6,fidelity,50,0.9641444841049153,0.034776696885248135,0.9542610562055996,0.9740279120042309
two_concepts,TinyCNN,release_early,auroc,6,cf_accuracy,50,0.9448046875,0.0545247013100815,0.929308938840831,0.960300436159169
two_concepts,TinyCNN,release_early,auroc,6,causal_usefulness_random,50,0.5577076310777838,0.07921491173407724,0.5351950022545873,0.5802202599009803
two_concepts,TinyCNN,release_early,auroc,7,fidelity,50,0.9800705318971878,0.017370465807976927,0.9751339001360647,0.985007163658311
two_concepts,TinyCNN,release_early,auroc,7,cf_accuracy,50,0.9687109375,0.026285466589856466,0.9612406905499248,0.9761811844500753
two_concepts,TinyCNN,release_early,auroc,7,causal_usefulness_random,50,0.46850335765036044,0.07250223242690938,0.44789845117821225,0.48910826412250863
two_concepts,TinyCNN,release_early,auroc,8,fidelity,50,0.9893087523481908,0.009879412573894044,0.9865010543605451,0.9921164503358365
two_concepts,TinyCNN,release_early,auroc,8,cf_accuracy,50,0.9821484375,0.015338421432936589,0.9777893063604911,0.986507568639509
two_concepts,TinyCNN,release_early,auroc,8,causal_usefulness_random,50,0.37536171356750003,0.07232677123248314,0.3548066726150693,0.39591675451993075
two_concepts,TinyCNN,release_early,auroc,8,causal_usefulness_energy,50,0.317886472518863,0.0945088738715035,0.29102734774813915,0.3447455972895868
two_concepts,TinyCNN,release_early,auroc,9,fidelity,50,0.9938117087867135,0.0065302117791918,0.9919558431333461,0.995667574440081
two_concepts,TinyCNN,release_early,auroc,9,cf_accuracy,50,0.9875,0.010236571611520168,0.9845907985369492,0.9904092014630509
two_concepts,TinyCNN,release_early,auroc,9,causal_usefulness_random,50,0.28823780804985616,0.06434307462431113,0.2699517085686998,0.3065239075310125
two_concepts,TinyCNN,release_early,auroc,10,fidelity,50,0.9965944871406839,0.004488927743890261,0.9953187479913227,0.9978702262900451
two_concepts,TinyCNN,release_early,auroc,10,cf_accuracy,50,0.9907421875,0.008142446713154622,0.9884281297480799,0.99305624525192
two_concepts,TinyCNN,release_early,auroc,10,causal_usefulness_random,50,0.20434062824421811,0.06197926661414396,0.18672631556654692,0.2219549409218893
two_concepts,TinyCNN,release_early,auroc,11,fidelity,50,0.9984727850342672,0.0017476086083408587,0.9979761201631394,0.9989694499053949
two_concepts,TinyCNN,release_early,auroc,11,cf_accuracy,50,0.993359375,0.005772366312940067,0.991718886645093,0.9949998633549071
two_concepts,TinyCNN,release_early,auroc,11,causal_usefulness_random,50,0.13375388939684316,0.04732951792263479,0.12030298923110155,0.14720478956258476
two_concepts,TinyCNN,release_early,auroc,12,fidelity,50,0.9992812256613726,0.000960640586063111,0.9990082146275518,0.9995542366951933
two_concepts,TinyCNN,release_early,auroc,12,cf_accuracy,50,0.994296875,0.0054795583789844764,0.9927396017391873,0.9958541482608126
two_concepts,TinyCNN,release_early,auroc,12,causal_usefulness_random,50,0.08030781098534692,0.037786726016718154,0.06956894227191694,0.0910466796987769
two_concepts,TinyCNN,release_early,auroc,13,fidelity,50,0.9995562089326271,0.0007230030979049237,0.9993507337256888,0.9997616841395653
two_concepts,TinyCNN,release_early,auroc,13,cf_accuracy,50,0.9944140625,0.005352635985547857,0.992892860184294,0.9959352648157059
two_concepts,TinyCNN,release_early,auroc,13,causal_usefulness_random,50,0.04307377001581305,0.02605546173436178,0.035668889722418114,0.050478650309207986
two_concepts,TinyCNN,release_early,auroc,14,fidelity,50,0.9998111966385939,0.00030769827414062423,0.9997237497566416,0.9998986435205461
two_concepts,TinyCNN,release_early,auroc,14,cf_accuracy,50,0.9944921875,0.005259912147667473,0.9929973370074491,0.995987037992551
two_concepts,TinyCNN,release_early,auroc,14,causal_usefulness_random,50,0.019206547378262398,0.016743402051886146,0.014448125164815605,0.02396496959170919
two_concepts,TinyCNN,release_early,auroc,15,fidelity,50,0.9999246916561713,0.00017351444317582334,0.9998753793970376,0.9999740039153049
two_concepts,TinyCNN,release_early,auroc,15,cf_accuracy,50,0.9947265625,0.005297666726017725,0.9932209822750014,0.9962321427249986
two_concepts,TinyCNN,release_early,auroc,15,causal_usefulness_random,50,0.004743624785789964,0.005781071518121036,0.0031006624389440397,0.0063865871326358875
two_concepts,TinyCNN,release_early,auroc,16,fidelity,50,1.0,0.0,1.0,1.0
two_concepts,TinyCNN,release_early,auroc,16,cf_accuracy,50,0.994609375,0.005346086991963164,0.9930900338876775,0.9961287161123226
two_concepts,TinyCNN,release_early,auroc,16,causal_usefulness_random,50,0.0,0.0,0.0,0.0
two_concepts,TinyCNN,release_early,validation_patch,1,fidelity,50,0.20249902695712038,0.08022644556796116,0.17969892339910648,0.22529913051513428
two_concepts,TinyCNN,release_early,validation_patch,1,cf_accuracy,50,0.07828125,0.06320827945134229,0.06031765573863316,0.09624484426136684
two_concepts,TinyCNN,release_early,validation_patch,1,causal_usefulness_random,50,0.17048029587465496,0.07518949709802997,0.14911167723308955,0.19184891451622038
two_concepts,TinyCNN,release_early,validation_patch,1,causal_usefulness_energy,50,0.18145601021804555,0.077919653971989,0.15931148957789093,0.20360053085820018
two_concepts,TinyCNN,release_early,validation_patch,2,fidelity,50,0.5660796857320933,0.09747105309974734,0.5383787189392878,0.5937806525248989
two_concepts,TinyCNN,release_early,validation_patch,2,cf_accuracy,50,0.4171484375,0.11679028263381225,0.38395700642301306,0.450339868576987
two_concepts,TinyCNN,release_early,validation_patch,2,causal_usefulness_random,50,0.4882197414528487,0.0921608757955399,0.46202791035202373,0.5144115725536736
two_concepts,TinyCNN,release_early,validation_patch,2,causal_usefulness_energy,50,0.4519867594797839,0.09498570706954086,0.42499212021358185,0.47898139874598594
two_concepts,TinyCNN,release_early,validation_patch,3,fidelity,50,0.788947727081173,0.08292795854923148,0.7653798620288012,0.8125155921335449
two_concepts,TinyCNN,release_early,validation_patch,3,cf_accuracy,50,0.698984375,0.11146380304184984,0.667306712673911,0.730662037326089
two_concepts,TinyCNN,release_early,validation_patch,3,causal_usefulness_random,50,0.6547316288178697,0.08877605546533818,0.6295017530113061,0.6799615046244334
two_concepts,TinyCNN,release_early,validation_patch,4,fidelity,50,0.9021538241256151,0.06240251258324295,0.8844192262744247,0.9198884219768054
two_concepts,TinyCNN,release_early,validation_patch,4,cf_accuracy,50,0.8585546875,0.08526275322759884,0.834323281141808,0.882786093858192
two_concepts,TinyCNN,release_early,validation_patch,4,causal_usefulness_random,50,0.6877059941139839,0.08003391098967146,0.6649606082776942,0.7104513799502736
two_concepts,TinyCNN,release_early,validation_patch,4,causal_usefulness_energy,50,0.602871399479769,0.09955946914142072,0.574576911414953,0.6311658875445849
two_concepts,TinyCNN,release_early,validation_patch,5,fidelity,50,0.9553367913621283,0.03794692107448246,0.9445523957170158,0.9661211870072409
two_concepts,TinyCNN,release_early,validation_patch,5,cf_accuracy,50,0.933046875,0.05484108580874161,0.9174612108611842,0.948632539138816
two_concepts,TinyCNN,release_early,validation_patch,5,causal_usefulness_random,50,0.6539569824306105,0.06626677189265512,0.6351241742348651,0.6727897906263559
two_concepts,TinyCNN,release_early,validation_patch,6,fidelity,50,0.9818044490914742,0.015962899139053865,0.9772678433515596,0.9863410548313889
two_concepts,TinyCNN,release_early,validation_patch,6,cf_accuracy,50,0.9704296875,0.02313328959986574,0.9638552793384461,0.977004095661554
two_concepts,TinyCNN,release_early,validation_patch,6,causal_usefulness_random,50,0.5753675960643426,0.07488035390176737,0.5540868349470529,0.5966483571816323
two_concepts,TinyCNN,release_early,validation_patch,7,fidelity,50,0.9924469141381693,0.006381103513158009,0.990633424585137,0.9942604036912016
two_concepts,TinyCNN,release_early,validation_patch,7,cf_accuracy,50,0.9851953125,0.010305470823513697,0.9822665300975545,0.9881240949024456
two_concepts,TinyCNN,release_early,validation_patch,7,causal_usefulness_random,50,0.48087973989134186,0.07257810832677325,0.46025326972704445,0.5015062100556392
two_concepts,TinyCNN,release_early,validation_patch,8,fidelity,50,0.9964173492587194,0.002549456565104708,0.9956928017196937,0.9971418967977451
two_concepts,TinyCNN,release_early,validation_patch,8,cf_accuracy,50,0.9903515625,0.006782028229643766,0.988424131403252,0.992278993596748
two_concepts,TinyCNN,release_early,validation_patch,8,causal_usefulness_random,50,0.38247031047802865,0.07340220076170033,0.36160963583508715,0.40333098512097015
two_concepts,TinyCNN,release_early,validation_patch,8,causal_usefulness_energy,50,0.3357630836099608,0.08677845058934561,0.31110092082767726,0.3604252463922444
two_concepts,TinyCNN,release_early,validation_patch,9,fidelity,50,0.9981616978685584,0.0014799191224540691,0.9977411095075689,0.9985822862295478
two_concepts,TinyCNN,release_early,validation_patch,9,cf_accuracy,50,0.9929296875,0.005675664906782995,0.9913166813806448,0.9945426936193552
two_concepts,TinyCNN,release_early,validation_patch,9,causal_usefulness_random,50,0.2925877971317011,0.06575001540406189,0.2739018495050709,0.31127374475833125
two_concepts,TinyCNN,release_early,validation_patch,10,fidelity,50,0.9988998529450395,0.0010713987699129453,0.9985953647836482,0.9992043411064307
two_concepts,TinyCNN,release_early,validation_patch,10,cf_accuracy,50,0.99375,0.005467611032998166,0.9921961221373482,0.9953038778626518
two_concepts,TinyCNN,release_early,validation_patch,10,causal_usefulness_random,50,0.20664599404857348,0.06252824120821336,0.18887566451752072,0.22441632357962624
two_concepts,TinyCNN,release_early,validation_patch,11,fidelity,50,0.9992968541223182,0.0007233526237434357,0.9990912795812357,0.9995024286634007
two_concepts,TinyCNN,release_early,validation_patch,11,cf_accuracy,50,0.99421875,0.0054812630168788725,0.992660992286458,0.9957765077135421
two_concepts,TinyCNN,release_early,validation_patch,11,causal_usefulness_random,50,0.13457795848489393,0.047430808319590796,0.12109827190684552,0.14805764506294233
two_concepts,TinyCNN,release_early,validation_patch,12,fidelity,50,0.9995087519503396,0.0005701055114850445,0.9993467297566748,0.9996707741440044
two_concepts,TinyCNN,release_early,validation_patch,12,cf_accuracy,50,0.9944140625,0.0055244126515216155,0.9928440417959767,0.9959840832040232
two_concepts,TinyCNN,release_early,validation_patch,12,causal_usefulness_random,50,0.08053533727431401,0.03783754781871856,0.06978202516456489,0.09128864938406314
two_concepts,TinyCNN,release_early,validation_patch,13,fidelity,50,0.9996964265458462,0.0004488246191440779,0.9995688720004164,0.999823981091276
two_concepts,TinyCNN,release_early,validation_patch,13,cf_accuracy,50,0.9946875,0.005410932523003304,0.9931497299916628,0.996225270008337
two_concepts,TinyCNN,release_early,validation_patch,13,causal_usefulness_random,50,0.04321398762903222,0.026184565072623962,0.03577241657286917,0.050655558685195265
two_concepts,TinyCNN,release_early,validation_patch,14,fidelity,50,0.9997858858892414,0.00031427005837869626,0.9996965713268737,0.9998752004516092
two_concepts,TinyCNN,release_early,validation_patch,14,cf_accuracy,50,0.9946875,0.005439631846633857,0.9931415737341321,0.9962334262658677
two_concepts,TinyCNN,release_early,validation_patch,14,causal_usefulness_random,50,0.01918123662890988,0.016824819717118748,0.014399675771022177,0.023962797486797582
two_concepts,TinyCNN,release_early,validation_patch,15,fidelity,50,0.9998742802641359,0.0002468517085644967,0.9998041257847882,0.9999444347434837
two_concepts,TinyCNN,release_early,validation_patch,15,cf_accuracy,50,0.994765625,0.005416684552397211,0.9932262202829965,0.9963050297170035
two_concepts,TinyCNN,release_early,validation_patch,15,causal_usefulness_random,50,0.004693213393754722,0.005749429331670934,0.003059243656798927,0.006327183130710517
two_concepts,TinyCNN,release_early,validation_patch,16,fidelity,50,1.0,0.0,1.0,1.0
two_concepts,TinyCNN,release_early,validation_patch,16,cf_accuracy,50,0.994609375,0.005346086991963164,0.9930900338876775,0.9961287161123226
two_concepts,TinyCNN,release_early,validation_patch,16,causal_usefulness_random,50,0.0,0.0,0.0,0.0
two_concepts,TinyCNN,release_late,contrast,1,fidelity,50,0.26560025419943717,0.11696745869251497,0.23235847024369774,0.2988420381551766
two_concepts,TinyCNN,release_late,contrast,1,cf_accuracy,50,0.115234375,0.10234670140042537,0.0861477642916387,0.1443209857083613
two_concepts,TinyCNN,release_late,contrast,1,causal_usefulness_random,50,0.21957335921795543,0.11458505745778481,0.18700864620165547,0.2521380722342554
two_concepts,TinyCNN,release_late,contrast,1,causal_usefulness_energy,50,0.23948729033353072,0.11649184908396414,0.206380673132985,0.2725939075340764
two_concepts,TinyCNN,release_late,contrast,2,fidelity,50,0.6530251250545399,0.1418091469607809,0.6127234114077541,0.6933268387013257
two_concepts,TinyCNN,release_late,contrast,2,cf_accuracy,50,0.5038671875,0.17377436880187835,0.4544810583207509,0.5532533166792492
two_concepts,TinyCNN,release_late,contrast,2,causal_usefulness_random,50,0.5505421582274874,0.13996247073257323,0.510765264157877,0.5903190522970978
two_concepts,TinyCNN,release_late,contrast,2,causal_usefulness_energy,50,0.471542153753733,0.11920214506785447,0.43766527895710294,0.505419028550363
two_concepts,TinyCNN,release_late,contrast,3,fidelity,50,0.8554784113686178,0.08425152392149758,0.8315343931994049,0.8794224295378307
two_concepts,TinyCNN,release_late,contrast,3,cf_accuracy,50,0.7821875,0.12725186838006786,0.7460229191504283,0.8183520808495718
two_concepts,TinyCNN,release_late,contrast,3,causal_usefulness_random,50,0.6900461057330457,0.08532958211040541,0.6657957068165038,0.7142965046495876
two_concepts,TinyCNN,release_late,contrast,4,fidelity,50,0.9356865235345603,0.044654848407578274,0.922995756034488,0.9483772910346325
two_concepts,TinyCNN,release_late,contrast,4,cf_accuracy,50,0.9013671875,0.0715181606307376,0.8810419511379058,0.9216924238620942
two_concepts,TinyCNN,release_late,contrast,4,causal_usefulness_random,50,0.684166373527317,0.07464523440417271,0.6629524326319095,0.7053803144227245
two_concepts,TinyCNN,release_late,contrast,4,causal_usefulness_energy,50,0.5400662703474292,0.11926738757713651,0.5061708538348165,0.5739616868600418
two_concepts,TinyCNN,release_late,contrast,5,fidelity,50,0.9676227861964578,0.03225300853390535,0.958456582590845,0.9767889898020706
two_concepts,TinyCNN,release_late,contrast,5,cf_accuracy,50,0.950078125,0.04965602343387261,0.9359660392836712,0.9641902107163288
two_concepts,TinyCNN,release_late,contrast,5,causal_usefulness_random,50,0.6269059566165371,0.07316228208610852,0.6061134661067735,0.6476984471263008
two_concepts,TinyCNN,release_late,contrast,6,fidelity,50,0.9816567588122596,0.01913269914912409,0.9762193058769326,0.9870942117475865
two_concepts,TinyCNN,release_late,contrast,6,cf_accuracy,50,0.9704296875,0.028429742727365023,0.9623500440143303,0.9785093309856697
two_concepts,TinyCNN,release_late,contrast,6,causal_usefulness_random,50,0.5450996696012101,0.077142545407342,0.5231760007715069,0.5670233384309133
two_concepts,TinyCNN,release_late,contrast,7,fidelity,50,0.9896691083749606,0.00972580292189734,0.9869050657673861,0.992433150982535
two_concepts,TinyCNN,release_late,contrast,7,cf_accuracy,50,0.9814453125,0.013469657494197887,0.9776172781955444,0.9852733468044556
two_concepts,TinyCNN,release_late,contrast,7,causal_usefulness_random,50,0.4577430250230259,0.07871664169667945,0.43537200297764556,0.4801140470684062
two_concepts,TinyCNN,release_late,contrast,8,fidelity,50,0.9947651790974179,0.005299709695306407,0.9932590182669716,0.9962713399278642
two_concepts,TinyCNN,release_late,contrast,8,cf_accuracy,50,0.987109375,0.008937286483285138,0.9845694262847858,0.9896493237152141
two_concepts,TinyCNN,release_late,contrast,8,causal_usefulness_random,50,0.37112439191523383,0.08088791838157823,0.34813629986359407,0.3941124839668736
two_concepts,TinyCNN,release_late,contrast,8,causal_usefulness_energy,50,0.2980382415650482,0.08602130952516211,0.27359125589237226,0.32248522723772416
two_concepts,TinyCNN,release_late,contrast,9,fidelity,50,0.9970059565780321,0.00308546240511595,0.9961290778647479,0.9978828352913164
two_concepts,TinyCNN,release_late,contrast,9,cf_accuracy,50,0.9899609375,0.007003403795311602,0.9879705921636056,0.9919512828363944
two_concepts,TinyCNN,release_late,contrast,9,causal_usefulness_random,50,0.29278384122822876,0.07538618438382572,0.2713593246785242,0.3142083577779333
two_concepts,TinyCNN,release_late,contrast,10,fidelity,50,0.9979987781104369,0.0019885519433912703,0.9974336379011352,0.9985639183197387
two_concepts,TinyCNN,release_late,contrast,10,cf_accuracy,50,0.99109375,0.00672149327005069,0.9891835227484159,0.9930039772515841
two_concepts,TinyCNN,release_late,contrast,10,causal_usefulness_random,50,0.21651127513902066,0.07088918640025786,0.19636479127541673,0.2366577590026246
two_concepts,TinyCNN,release_late,contrast,11,fidelity,50,0.9985903830733561,0.001345870694665141,0.9982078908540284,0.9989728752926839
two_concepts,TinyCNN,release_late,contrast,11,cf_accuracy,50,0.991953125,0.0066805988495433856,0.9900545198141314,0.9938517301858686
two_concepts,TinyCNN,release_late,contrast,11,causal_usefulness_random,50,0.14820164577274228,0.05693272333016038,0.13202154482750234,0.16438174671798222
two_concepts,TinyCNN,release_late,contrast,12,fidelity,50,0.9990043726514949,0.0011743177530255196,0.9986706352387322,0.9993381100642575
two_concepts,TinyCNN,release_late,contrast,12,cf_accuracy,50,0.9925,0.0063792049832335895,0.9906870500032023,0.9943129499967978
two_concepts,TinyCNN,release_late,contrast,12,causal_usefulness_random,50,0.0943503584437776,0.04485564806062281,0.08160252431372546,0.10709819257382973
two_concepts,TinyCNN,release_late,contrast,13,fidelity,50,0.9993333294688412,0.0008144427483446722,0.9991018674007803,0.9995647915369021
two_concepts,TinyCNN,release_late,contrast,13,cf_accuracy,50,0.9927734375,0.006341137375760888,0.9909713061975424,0.9945755688024577
two_concepts,TinyCNN,release_late,contrast,13,causal_usefulness_random,50,0.054378895386680795,0.031100686528697966,0.04554017807146643,0.06321761270189516
two_concepts,TinyCNN,release_late,contrast,14,fidelity,50,0.9997597634619493,0.00019343710889313802,0.9997047892438656,0.9998147376800329
two_concepts,TinyCNN,release_late,contrast,14,cf_accuracy,50,0.993125,0.0062295384127635765,0.9913545847719027,0.9948954152280973
two_concepts,TinyCNN,release_late,contrast,14,causal_usefulness_random,50,0.02677263356495502,0.022046511594640602,0.020507084295108013,0.03303818283480203
two_concepts,TinyCNN,release_late,contrast,15,fidelity,50,0.9998759744244627,0.00016806178483599253,0.9998282117936833,0.9999237370552422
two_concepts,TinyCNN,release_late,contrast,15,cf_accuracy,50,0.9930859375,0.0062789557646998435,0.9913014780158754,0.9948703969841245
two_concepts,TinyCNN,release_late,contrast,15,causal_usefulness_random,50,0.007842441935017706,0.008992476054897069,0.005286808517095313,0.010398075352940099
two_concepts,TinyCNN,release_late,contrast,16,fidelity,50,1.0,0.0,1.0,1.0
two_concepts,TinyCNN,release_late,contrast,16,cf_accuracy,50,0.993046875,0.006278335798489671,0.991262591708323,0.994831158291677
two_concepts,TinyCNN,release_late,contrast,16,causal_usefulness_random,50,0.0,0.0,0.0,0.0
two_concepts,TinyCNN,release_late,auroc,1,fidelity,50,0.2566096590035286,0.11660072995406885,0.22347209820207548,0.28974721980498175
two_concepts,TinyCNN,release_late,auroc,1,cf_accuracy,50,0.1063671875,0.0935814495815045,0.07977163379620424,0.13296274120379575
two_concepts,TinyCNN,release_late,auroc,1,causal_usefulness_random,50,0.2105827640220469,0.11763065442694533,0.17715250192400417,0.24401302612008963
two_concepts,TinyCNN,release_late,auroc,1,causal_usefulness_energy,50,0.2296402792038557,0.11637968452203033,0.19656553881910963,0.2627150195886018
two_concepts,TinyCNN,release_late,auroc,2,fidelity,50,0.6422079211705216,0.1323843673615837,0.604584700249568,0.6798311420914752
two_concepts,TinyCNN,release_late,auroc,2,cf_accuracy,50,0.49171875,0.1716418256851681,0.442938682868729,0.5404988171312709
two_concepts,TinyCNN,release_late,auroc,2,causal_usefulness_random,50,0.539724954343469,0.12316316263113312,0.5047223708107917,0.5747275378761463
two_concepts,TinyCNN,release_late,auroc,2,causal_usefulness_energy,50,0.45757408689864504,0.11446068844518698,0.4250447191646465,0.4901034546326436
two_concepts,TinyCNN,release_late,auroc,3,fidelity,50,0.8588439519939619,0.07279743127520379,0.8381551509373825,0.8795327530505413
two_concepts,TinyCNN,release_late,auroc,3,cf_accuracy,50,0.784375,0.11033948047119714,0.7530168666130533,0.8157331333869468
two_concepts,TinyCNN,release_late,auroc,3,causal_usefulness_random,50,0.69341164635839,0.083116613926186,0.6697901660411154,0.7170331266756647
two_concepts,TinyCNN,release_late,auroc,4,fidelity,50,0.9379926896320597,0.0446644145471945,0.9252992034651893,0.9506861757989301
two_concepts,TinyCNN,release_late,auroc,4,cf_accuracy,50,0.9057421875,0.07078239254734586,0.88562605411358,0.9258583208864201
two_concepts,TinyCNN,release_late,auroc,4,causal_usefulness_random,50,0.6864725396248162,0.07463742453769519,0.6652608182689035,0.707684260980729
two_concepts,TinyCNN,release_late,auroc,4,causal_usefulness_energy,50,0.5409162544285444,0.12432074242237844,0.5055846903592098,0.576247818497879
two_concepts,TinyCNN,release_late,auroc,5,fidelity,50,0.9690723529080101,0.026152728895341117,0.9616398295933218,0.9765048762226983
two_concepts,TinyCNN,release_late,auroc,5,cf_accuracy,50,0.952578125,0.038498479089691166,0.9416369783013417,0.9635192716986584
two_concepts,TinyCNN,release_late,auroc,5,causal_usefulness_random,50,0.6283555233280893,0.07061017309568457,0.6082883341682865,0.6484227124878921
two_concepts,TinyCNN,release_late,auroc,6,fidelity,50,0.9813937761253766,0.01924693124705663,0.9759238587870206,0.9868636934637326
two_concepts,TinyCNN,release_late,auroc,6,cf_accuracy,50,0.970390625,0.028591802689629936,0.9622649245826528,0.9785163254173471
two_concepts,TinyCNN,release_late,auroc,6,causal_usefulness_random,50,0.5448366869143273,0.07684678166080715,0.522997073211359,0.5666763006172956
two_concepts,TinyCNN,release_late,auroc,7,fidelity,50,0.9889552977461058,0.0100302724964279,0.9861047258428557,0.9918058696493559
two_concepts,TinyCNN,release_late,auroc,7,cf_accuracy,50,0.9806640625,0.013924360931394156,0.9767068029085102,0.9846213220914899
two_concepts,TinyCNN,release_late,auroc,7,causal_usefulness_random,50,0.45702921439417105,0.07794124659506582,0.4348785571984361,0.479179871589906
two_concepts,TinyCNN,release_late,auroc,8,fidelity,50,0.9941030387565267,0.005811822649873669,0.9924513370347338,0.9957547404783197
two_concepts,TinyCNN,release_late,auroc,8,cf_accuracy,50,0.98640625,0.009014997447033777,0.983844216073251,0.9889682839267491
two_concepts,TinyCNN,release_late,auroc,8,causal_usefulness_random,50,0.3704622515743427,0.08080474664068608,0.3474977966699306,0.39342670647875483
two_concepts,TinyCNN,release_late,auroc,8,causal_usefulness_energy,50,0.2956820942795477,0.08256008382628302,0.27221877806665423,0.3191454104924412
two_concepts,TinyCNN,release_late,auroc,9,fidelity,50,0.9967680689763082,0.0031705464316240323,0.9958670096502374,0.997669128302379
two_concepts,TinyCNN,release_late,auroc,9,cf_accuracy,50,0.98953125,0.0070670326738411044,0.9875228215364088,0.9915396784635911
two_concepts,TinyCNN,release_late,auroc,9,causal_usefulness_random,50,0.29254595362650454,0.07531521429396816,0.27114160655317177,0.3139503006998373
two_concepts,TinyCNN,release_late,auroc,10,fidelity,50,0.9978635904556286,0.0021576500303419678,0.9972503931017451,0.998476787809512
two_concepts,TinyCNN,release_late,auroc,10,cf_accuracy,50,0.991015625,0.006754307163454355,0.9890960721430939,0.992935177856906
two_concepts,TinyCNN,release_late,auroc,10,causal_usefulness_random,50,0.2163760874842126,0.0706581819667178,0.19629525435422632,0.2364569206141989
two_concepts,TinyCNN,release_late,auroc,11,fidelity,50,0.9987076645540838,0.0012964679904796533,0.9983392124279385,0.999076116680229
two_concepts,TinyCNN,release_late,auroc,11,cf_accuracy,50,0.9920703125,0.006759031221208154,0.9901494170807352,0.9939912079192648
two_concepts,TinyCNN,release_late,auroc,11,causal_usefulness_random,50,0.14831892725346996,0.05694440192361448,0.13213550728869372,0.1645023472182462
two_concepts,TinyCNN,release_late,auroc,12,fidelity,50,0.9990558333687488,0.001149660593711411,0.9987291034431287,0.9993825632943689
two_concepts,TinyCNN,release_late,auroc,12,cf_accuracy,50,0.992578125,0.006471770928986161,0.9907388680524934,0.9944173819475065
two_concepts,TinyCNN,release_late,auroc,12,causal_usefulness_random,50,0.09440181916103149,0.04487962247947065,0.08164717157653047,0.10715646674553252
two_concepts,TinyCNN,release_late,auroc,13,fidelity,50,0.9993980938810975,0.000801891448415725,0.9991701988530088,0.9996259889091861
two_concepts,TinyCNN,release_late,auroc,13,cf_accuracy,50,0.99265625,0.00635720007122127,0.9908495537300017,0.9944629462699983
two_concepts,TinyCNN,release_late,auroc,13,causal_usefulness_random,50,0.054443659798937116,0.03109744296031736,0.045605864295657106,0.06328145530221713
two_concepts,TinyCNN,release_late,auroc,14,fidelity,50,0.999762036609594,0.00019871950477914977,0.99970556115121,0.9998185120679779
two_concepts,TinyCNN,release_late,auroc,14,cf_accuracy,50,0.9930859375,0.006191556507905998,0.991326316609829,0.994845558390171
two_concepts,TinyCNN,release_late,auroc,14,causal_usefulness_random,50,0.02677490671259973,0.022025078886361675,0.02051544855105035,0.03303436487414911
two_concepts,TinyCNN,release_late,auroc,15,fidelity,50,0.9998779392795002,0.00017987517992533507,0.9998268193189837,0.9999290592400167
two_concepts,TinyCNN,release_late,auroc,15,cf_accuracy,50,0.9930078125,0.006164842569009337,0.9912557836272614,0.9947598413727387
two_concepts,TinyCNN,release_late,auroc,15,causal_usefulness_random,50,0.007844406790055223,0.008988695213493842,0.0052898478753707545,0.01039896570473969
two_concepts,TinyCNN,release_late,auroc,16,fidelity,50,1.0,0.0,1.0,1.0
two_concepts,TinyCNN,release_late,auroc,16,cf_accuracy,50,0.993046875,0.006278335798489671,0.991262591708323,0.994831158291677
two_concepts,TinyCNN,release_late,auroc,16,causal_usefulness_random,50,0.0,0.0,0.0,0.0
two_concepts,TinyCNN,release_late,validation_patch,1,fidelity,50,0.3331241697696475,0.11084586849579996,0.30162212249844794,0.364626217040847
two_concepts,TinyCNN,release_late,validation_patch,1,cf_accuracy,50,0.15140625,0.1099353301519082,0.12016297486294278,0.1826495251370572
two_concepts,TinyCNN,release_late,validation_patch,1,causal_usefulness_random,50,0.28709727478816577,0.1021328295398611,0.25807144579005586,0.31612310378627567
two_concepts,TinyCNN,release_late,validation_patch,1,causal_usefulness_energy,50,0.3048606025816811,0.11202942694750716,0.27302219172021097,0.3366990134431512
two_concepts,TinyCNN,release_late,validation_patch,2,fidelity,50,0.7237372922604008,0.09813026224999873,0.6958489802999799,0.7516256042208218
two_concepts,TinyCNN,release_late,validation_patch,2,cf_accuracy,50,0.5903125,0.13714376812586898,0.5513366723477926,0.6292883276522074
two_concepts,TinyCNN,release_late,validation_patch,2,causal_usefulness_random,50,0.6212543254333484,0.09137506090369545,0.5952858204537873,0.6472228304129094
two_concepts,TinyCNN,release_late,validation_patch,2,causal_usefulness_energy,50,0.5153837314064602,0.09459472773468632,0.48850020723778764,0.5422672555751328
two_concepts,TinyCNN,release_late,validation_patch,3,fidelity,50,0.8904948793467672,0.06799343341781132,0.871171359375067,0.9098183993184674
two_concepts,TinyCNN,release_late,validation_patch,3,cf_accuracy,50,0.8355078125,0.10245943746981175,0.8063891625552181,0.8646264624447818
two_concepts,TinyCNN,release_late,validation_patch,3,causal_usefulness_random,50,0.7250625737111952,0.0804299831935147,0.7022046254000239,0.7479205220223665
two_concepts,TinyCNN,release_late,validation_patch,4,fidelity,50,0.9544172632274496,0.03926828101990582,0.9432573412408697,0.9655771852140295
two_concepts,TinyCNN,release_late,validation_patch,4,cf_accuracy,50,0.931015625,0.05907861672383599,0.9142256679000484,0.9478055820999516
two_concepts,TinyCNN,release_late,validation_patch,4,causal_usefulness_random,50,0.7028971132202061,0.07408036191328546,0.6818437073104647,0.7239505191299475
two_concepts,TinyCNN,release_late,validation_patch,4,causal_usefulness_energy,50,0.5211081209528625,0.110316944628148,0.4897563921816463,0.5524598497240787
two_concepts,TinyCNN,release_late,validation_patch,5,fidelity,50,0.9805136647734531,0.017192017773695115,0.9756277473825423,0.985399582164364
two_concepts,TinyCNN,release_late,validation_patch,5,cf_accuracy,50,0.967265625,0.02463131968204986,0.9602654813996514,0.9742657686003486
two_concepts,TinyCNN,release_late,validation_patch,5,causal_usefulness_random,50,0.6397968351935324,0.07117300251013706,0.6195696916839617,0.660023978703103
two_concepts,TinyCNN,release_late,validation_patch,6,fidelity,50,0.9913136781397002,0.007846083073272279,0.9890838460023179,0.9935435102770824
two_concepts,TinyCNN,release_late,validation_patch,6,cf_accuracy,50,0.9825,0.012181038972894869,0.9790381870272323,0.9859618129727677
two_concepts,TinyCNN,release_late,validation_patch,6,causal_usefulness_random,50,0.5547565889286509,0.07604689138499002,0.5331443015268114,0.5763688763304904
two_concepts,TinyCNN,release_late,validation_patch,7,fidelity,50,0.9955568755641321,0.0037217238230764908,0.9944991733565902,0.996614577771674
two_concepts,TinyCNN,release_late,validation_patch,7,cf_accuracy,50,0.98828125,0.0078819458101705,0.9860412257855617,0.9905212742144383
two_concepts,TinyCNN,release_late,validation_patch,7,causal_usefulness_random,50,0.4636307922121972,0.07945549805037708,0.44104978951443297,0.48621179490996147
two_concepts,TinyCNN,release_late,validation_patch,8,fidelity,50,0.9973928368025828,0.0022022544091218296,0.9967669630245088,0.9980187105806568
two_concepts,TinyCNN,release_late,validation_patch,8,cf_accuracy,50,0.990625,0.00669642857142857,0.9887218960569483,0.9925281039430517
two_concepts,TinyCNN,release_late,validation_patch,8,causal_usefulness_random,50,0.37375204962039876,0.08175498483469561,0.3505175400092772,0.3969865592315203
two_concepts,TinyCNN,release_late,validation_patch,8,causal_usefulness_energy,50,0.3003844429487401,0.09370683061065753,0.27375325635072023,0.32701562954676
two_concepts,TinyCNN,release_late,validation_patch,9,fidelity,50,0.9983144039875619,0.0016116749471122606,0.9978563710355113,0.9987724369396125
two_concepts,TinyCNN,release_late,validation_patch,9,cf_accuracy,50,0.991875,0.005884036112988608,0.9902027754390653,0.9935472245609346
two_concepts,TinyCNN,release_late,validation_patch,9,causal_usefulness_random,50,0.29409228863775816,0.07561530942022761,0.27260265547319285,0.3155819218023235
two_concepts,TinyCNN,release_late,validation_patch,10,fidelity,50,0.998659051499368,0.0017591745606311,0.9981590996209685,0.9991590033777674
two_concepts,TinyCNN,release_late,validation_patch,10,cf_accuracy,50,0.992265625,0.0062009796353076335,0.9905033260866526,0.9940279239133475
two_concepts,TinyCNN,release_late,validation_patch,10,causal_usefulness_random,50,0.21717154852795192,0.07091838811426761,0.19701676562905132,0.23732633142685253
two_concepts,TinyCNN,release_late,validation_patch,11,fidelity,50,0.9991359583735832,0.0009506615949073684,0.99886578333767,0.9994061334094964
two_concepts,TinyCNN,release_late,validation_patch,11,cf_accuracy,50,0.992734375,0.0061642111258626755,0.990982525581418,0.9944862244185819
two_concepts,TinyCNN,release_late,validation_patch,11,causal_usefulness_random,50,0.14874722107296942,0.05696697640017541,0.1325573855129401,0.16493705663299874
two_concepts,TinyCNN,release_late,validation_patch,12,fidelity,50,0.9994045128572495,0.0007513171260029072,0.9991909908925594,0.9996180348219397
two_concepts,TinyCNN,release_late,validation_patch,12,cf_accuracy,50,0.9930078125,0.006126840793838378,0.9912665836122682,0.9947490413877319
two_concepts,TinyCNN,release_late,validation_patch,12,causal_usefulness_random,50,0.09475049864953204,0.04489877177622631,0.0819904088951081,0.10751058840395598
two_concepts,TinyCNN,release_late,validation_patch,13,fidelity,50,0.9996143921306156,0.0006429411238831929,0.9994316702849392,0.9997971139762921
two_concepts,TinyCNN,release_late,validation_patch,13,cf_accuracy,50,0.993046875,0.006290723513858015,0.9912590711585685,0.9948346788414315
two_concepts,TinyCNN,release_late,validation_patch,13,causal_usefulness_random,50,0.05465995804845528,0.031201520333822223,0.04579258408289693,0.06352733201401363
two_concepts,TinyCNN,release_late,validation_patch,14,fidelity,50,0.9997672758657536,0.0003848150342322026,0.9996579126430774,0.9998766390884299
two_concepts,TinyCNN,release_late,validation_patch,14,cf_accuracy,50,0.9932421875,0.006191556507905998,0.991482566609829,0.995001808390171
two_concepts,TinyCNN,release_late,validation_patch,14,causal_usefulness_random,50,0.02678014596875928,0.022092800016356128,0.02050144167501486,0.0330588502625037
two_concepts,TinyCNN,release_late,validation_patch,15,fidelity,50,0.9998967347598097,0.0001224521208870775,0.9998619342521048,0.9999315352675145
two_concepts,TinyCNN,release_late,validation_patch,15,cf_accuracy,50,0.9931640625,0.006204619407906553,0.9914007291747252,0.9949273958252748
two_concepts,TinyCNN,release_late,validation_patch,15,causal_usefulness_random,50,0.00786320227036473,0.009003939386356926,0.0053043110096879405,0.01042209353104152
two_concepts,TinyCNN,release_late,validation_patch,16,fidelity,50,1.0,0.0,1.0,1.0
two_concepts,TinyCNN,release_late,validation_patch,16,cf_accuracy,50,0.993046875,0.006278335798489671,0.991262591708323,0.994831158291677
two_concepts,TinyCNN,release_late,validation_patch,16,causal_usefulness_random,50,0.0,0.0,0.0,0.0
two_concepts,TinyCNN,retention_0p1,contrast,1,fidelity,50,0.30030993778604825,0.12099022503911766,0.2659248962842103,0.3346949792878862
two_concepts,TinyCNN,retention_0p1,contrast,1,cf_accuracy,50,0.1062109375,0.09967843338161685,0.0778826401722039,0.13453923482779612
two_concepts,TinyCNN,retention_0p1,contrast,1,causal_usefulness_random,50,0.2412026458983547,0.11730077767445339,0.20786613373607132,0.27453915806063806
two_concepts,TinyCNN,retention_0p1,contrast,1,causal_usefulness_energy,50,0.2542565028186188,0.12160426663319444,0.2196969526266006,0.28881605301063695
two_concepts,TinyCNN,retention_0p1,contrast,2,fidelity,50,0.6389719362881777,0.11501072472686943,0.6062862499725165,0.671657622603839
two_concepts,TinyCNN,retention_0p1,contrast,2,cf_accuracy,50,0.4500390625,0.16578549381968602,0.40292334646963845,0.4971547785303615
two_concepts,TinyCNN,retention_0p1,contrast,2,causal_usefulness_random,50,0.5111885120663208,0.11705780556626051,0.47792105181315897,0.5444559723194825
two_concepts,TinyCNN,retention_0p1,contrast,2,causal_usefulness_energy,50,0.39522749409816604,0.09915098111105444,0.3670490970470879,0.4234058911492442
two_concepts,TinyCNN,retention_0p1,contrast,3,fidelity,50,0.8248057701248007,0.07367019035398499,0.8038689336824263,0.8457426065671751
two_concepts,TinyCNN,retention_0p1,contrast,3,cf_accuracy,50,0.7222265625,0.12134889825836087,0.6877395871971026,0.7567135378028973
two_concepts,TinyCNN,retention_0p1,contrast,3,causal_usefulness_random,50,0.6264952148620971,0.0909069254884062,0.6006597524955075,0.6523306772286868
two_concepts,TinyCNN,retention_0p1,contrast,4,fidelity,50,0.9074307402485485,0.054698234379091236,0.8918856740368424,0.9229758064602547
two_concepts,TinyCNN,retention_0p1,contrast,4,cf_accuracy,50,0.8541796875,0.09741568744107976,0.8264944554532903,0.8818649195467096
two_concepts,TinyCNN,retention_0p1,contrast,4,causal_usefulness_random,50,0.6223336490232035,0.0832878648658986,0.5986634997273619,0.6460037983190452
two_concepts,TinyCNN,retention_0p1,contrast,4,causal_usefulness_energy,50,0.39321922070879234,0.09733438886782013,0.36555709346095927,0.4208813479566254
two_concepts,TinyCNN,retention_0p1,contrast,5,fidelity,50,0.9486565836420361,0.03451111492415137,0.9388486333009405,0.9584645339831317
two_concepts,TinyCNN,retention_0p1,contrast,5,cf_accuracy,50,0.9202734375,0.0627941326050812,0.9024275424700541,0.938119332529946
two_concepts,TinyCNN,retention_0p1,contrast,5,causal_usefulness_random,50,0.5743645287597035,0.07161965632412286,0.5540104476407028,0.5947186098787041
two_concepts,TinyCNN,retention_0p1,contrast,6,fidelity,50,0.9702479847576965,0.02033652837728178,0.9644684073411733,0.9760275621742196
two_concepts,TinyCNN,retention_0p1,contrast,6,cf_accuracy,50,0.95421875,0.033328703474437615,0.9447468372748152,0.9636906627251848
two_concepts,TinyCNN,retention_0p1,contrast,6,causal_usefulness_random,50,0.5010091734471162,0.07554094916426672,0.4795406732334688,0.5224776736607636
two_concepts,TinyCNN,retention_0p1,contrast,7,fidelity,50,0.9825280385288583,0.010194430930892846,0.9796308133147301,0.9854252637429864
two_concepts,TinyCNN,retention_0p1,contrast,7,cf_accuracy,50,0.9718359375,0.014979335538135947,0.9675788574426463,0.9760930175573537
two_concepts,TinyCNN,retention_0p1,contrast,7,causal_usefulness_random,50,0.4203265909362369,0.07381831736341077,0.39934765726356974,0.4413055246089041
two_concepts,TinyCNN,retention_0p1,contrast,8,fidelity,50,0.9893537295757673,0.006529286890831368,0.9874981267727635,0.9912093323787711
two_concepts,TinyCNN,retention_0p1,contrast,8,cf_accuracy,50,0.9797265625,0.011264099835018849,0.9765253407468977,0.9829277842531023
two_concepts,TinyCNN,retention_0p1,contrast,8,causal_usefulness_random,50,0.34064357476726337,0.0704549831497281,0.320620490102106,0.3606666594324207
two_concepts,TinyCNN,retention_0p1,contrast,8,causal_usefulness_energy,50,0.22627032379443515,0.09348658895655006,0.1997017291819618,0.25283891840690853
two_concepts,TinyCNN,retention_0p1,contrast,9,fidelity,50,0.9929151618060628,0.004760525820160356,0.991562235337467,0.9942680882746585
two_concepts,TinyCNN,retention_0p1,contrast,9,cf_accuracy,50,0.9836328125,0.009575557899777754,0.9809114690552658,0.9863541559447342
two_concepts,TinyCNN,retention_0p1,contrast,9,causal_usefulness_random,50,0.2680284155807859,0.06938324533982118,0.24830991543111997,0.2877469157304518
two_concepts,TinyCNN,retention_0p1,contrast,10,fidelity,50,0.9955322913695988,0.0027930172835527213,0.9947385246402678,0.9963260580989297
two_concepts,TinyCNN,retention_0p1,contrast,10,cf_accuracy,50,0.9866015625,0.008796898080360847,0.984101511727445,0.989101613272555
two_concepts,TinyCNN,retention_0p1,contrast,10,causal_usefulness_random,50,0.19424152374278802,0.05941948134583558,0.17735469398911438,0.21112835349646167
two_concepts,TinyCNN,retention_0p1,contrast,11,fidelity,50,0.9967238720020439,0.002567325687977389,0.9959942461144874,0.9974534978896005
two_concepts,TinyCNN,retention_0p1,contrast,11,cf_accuracy,50,0.9874609375,0.009093499743426913,0.9848765934674668,0.9900452815325331
two_concepts,TinyCNN,retention_0p1,contrast,11,causal_usefulness_random,50,0.13499030090209765,0.04810452432059545,0.12131914635506656,0.14866145544912873
two_concepts,TinyCNN,retention_0p1,contrast,12,fidelity,50,0.9976013359272542,0.0021885166142142764,0.9969793663872943,0.998223305467214
two_concepts,TinyCNN,retention_0p1,contrast,12,cf_accuracy,50,0.9886328125,0.008093345698721357,0.9863327091019836,0.9909329158980165
two_concepts,TinyCNN,retention_0p1,contrast,12,causal_usefulness_random,50,0.08555934060050654,0.039410235718853735,0.07435907553486282,0.09675960566615027
two_concepts,TinyCNN,retention_0p1,contrast,13,fidelity,50,0.998791859040434,0.0010697489475259235,0.9984878397533773,0.9990958783274907
two_concepts,TinyCNN,retention_0p1,contrast,13,cf_accuracy,50,0.9896484375,0.007353060241687744,0.9875587209010417,0.9917381540989583
two_concepts,TinyCNN,retention_0p1,contrast,13,causal_usefulness_random,50,0.04925021358531241,0.0274472264775499,0.04144979812831359,0.05705062904231123
two_concepts,TinyCNN,retention_0p1,contrast,14,fidelity,50,0.9993823422387167,0.0007260685360807517,0.9991759958438882,0.9995886886335452
two_concepts,TinyCNN,retention_0p1,contrast,14,cf_accuracy,50,0.9898046875,0.0072682946804174045,0.987739061007009,0.9918703139929909
two_concepts,TinyCNN,retention_0p1,contrast,14,causal_usefulness_random,50,0.025463243977817115,0.0195154493412578,0.019917014641445435,0.031009473314188796
two_concepts,TinyCNN,retention_0p1,contrast,15,fidelity,50,0.9997413736642657,0.0002728077889965449,0.9996638425484782,0.9998189047800533
two_concepts,TinyCNN,retention_0p1,contrast,15,cf_accuracy,50,0.99,0.007010403478801112,0.9880076653755684,0.9919923346244316
two_concepts,TinyCNN,retention_0p1,contrast,15,causal_usefulness_random,50,0.007606820744387546,0.008855632025353471,0.0050900779693548075,0.010123563519420283
two_concepts,TinyCNN,retention_0p1,contrast,16,fidelity,50,1.0,0.0,1.0,1.0
two_concepts,TinyCNN,retention_0p1,contrast,16,cf_accuracy,50,0.990078125,0.006979240039846819,0.9880946469269257,0.9920616030730743
two_concepts,TinyCNN,retention_0p1,contrast,16,causal_usefulness_random,50,0.0,0.0,0.0,0.0
two_concepts,TinyCNN,retention_0p1,auroc,1,fidelity,50,0.29576437939404704,0.11894916961138047,0.26195939942666446,0.3295693593614296
two_concepts,TinyCNN,retention_0p1,auroc,1,cf_accuracy,50,0.103671875,0.09869728914618418,0.07562241577870163,0.13172133422129836
two_concepts,TinyCNN,retention_0p1,auroc,1,causal_usefulness_random,50,0.23665708750635342,0.1189878771295803,0.20284110698401442,0.2704730680286924
two_concepts,TinyCNN,retention_0p1,auroc,1,causal_usefulness_energy,50,0.24861668511639487,0.12036981265207629,0.21440796286406466,0.2828254073687251
two_concepts,TinyCNN,retention_0p1,auroc,2,fidelity,50,0.6313479994580105,0.1141229934654438,0.5989146035753716,0.6637813953406493
two_concepts,TinyCNN,retention_0p1,auroc,2,cf_accuracy,50,0.4471875,0.15736110443655696,0.40246596894179537,0.49190903105820466
two_concepts,TinyCNN,retention_0p1,auroc,2,causal_usefulness_random,50,0.5035645752361535,0.11634910837834754,0.4704985244952953,0.5366306259770117
two_concepts,TinyCNN,retention_0p1,auroc,2,causal_usefulness_energy,50,0.3843799756851922,0.09937531741228266,0.35613782296273144,0.412622128407653
two_concepts,TinyCNN,retention_0p1,auroc,3,fidelity,50,0.8252697815817129,0.07784377157470468,0.803146826480254,0.8473927366831718
two_concepts,TinyCNN,retention_0p1,auroc,3,cf_accuracy,50,0.7244140625,0.12778667556996953,0.6880974911287616,0.7607306338712383
two_concepts,TinyCNN,retention_0p1,auroc,3,causal_usefulness_random,50,0.6269592263190095,0.09271731956292259,0.6006092556492342,0.6533091969887848
two_concepts,TinyCNN,retention_0p1,auroc,4,fidelity,50,0.9088850179122845,0.05226254641222084,0.8940321665617317,0.9237378692628373
two_concepts,TinyCNN,retention_0p1,auroc,4,cf_accuracy,50,0.857578125,0.09401108283278212,0.8308604708771747,0.8842957791228252
two_concepts,TinyCNN,retention_0p1,auroc,4,causal_usefulness_random,50,0.6237879266869395,0.08264475072342709,0.6003005484081131,0.6472753049657659
two_concepts,TinyCNN,retention_0p1,auroc,4,causal_usefulness_energy,50,0.3993394257017433,0.10531544793681942,0.369409106562975,0.4292697448405116
two_concepts,TinyCNN,retention_0p1,auroc,5,fidelity,50,0.947995635431124,0.035147257312176355,0.9380068954237042,0.9579843754385438
two_concepts,TinyCNN,retention_0p1,auroc,5,cf_accuracy,50,0.918828125,0.06394582845815867,0.900654921630122,0.937001328369878
two_concepts,TinyCNN,retention_0p1,auroc,5,causal_usefulness_random,50,0.5737035805487914,0.07309387511371895,0.552930531085475,0.5944766300121079
two_concepts,TinyCNN,retention_0p1,auroc,6,fidelity,50,0.9690828444649668,0.021815586614688104,0.9628829233482777,0.9752827655816559
two_concepts,TinyCNN,retention_0p1,auroc,6,cf_accuracy,50,0.9521875,0.035178918428763584,0.9421897620028046,0.9621852379971954
two_concepts,TinyCNN,retention_0p1,auroc,6,causal_usefulness_random,50,0.49984403315438664,0.07556639546368736,0.4783683011824599,0.5213197651263134
two_concepts,TinyCNN,retention_0p1,auroc,7,fidelity,50,0.9807696305236867,0.013439570510559738,0.9769501468453725,0.9845891142020009
two_concepts,TinyCNN,retention_0p1,auroc,7,cf_accuracy,50,0.968828125,0.021652073359650425,0.9626746738362245,0.9749815761637756
two_concepts,TinyCNN,retention_0p1,auroc,7,causal_usefulness_random,50,0.4185681829310651,0.074325629294495,0.39744507280282837,0.4396912930593019
two_concepts,TinyCNN,retention_0p1,auroc,8,fidelity,50,0.9887661958314911,0.006799570761838528,0.9868337792022558,0.9906986124607263
two_concepts,TinyCNN,retention_0p1,auroc,8,cf_accuracy,50,0.978828125,0.011707849947731518,0.9755007908602389,0.9821554591397612
two_concepts,TinyCNN,retention_0p1,auroc,8,causal_usefulness_random,50,0.34005604102298714,0.07081102566971881,0.31993177019322566,0.3601803118527486
two_concepts,TinyCNN,retention_0p1,auroc,8,causal_usefulness_energy,50,0.22710425831674338,0.08851081941985943,0.20194976176026896,0.2522587548732178
two_concepts,TinyCNN,retention_0p1,auroc,9,fidelity,50,0.9928117827801479,0.004882080674112366,0.9914243108042887,0.9941992547560071
two_concepts,TinyCNN,retention_0p1,auroc,9,cf_accuracy,50,0.9835546875,0.009690318698926602,0.9808007293970136,0.9863086456029864
two_concepts,TinyCNN,retention_0p1,auroc,9,causal_usefulness_random,50,0.26792503655487104,0.06919853481315022,0.24825903055606197,0.2875910425536801
two_concepts,TinyCNN,retention_0p1,auroc,10,fidelity,50,0.9952116326427094,0.0034635671827768595,0.9942272977405661,0.9961959675448527
two_concepts,TinyCNN,retention_0p1,auroc,10,cf_accuracy,50,0.98609375,0.008907970094368771,0.9835621329103303,0.9886253670896696
two_concepts,TinyCNN,retention_0p1,auroc,10,causal_usefulness_random,50,0.193920865015899,0.05958787328524091,0.17698617880255552,0.2108555512292425
two_concepts,TinyCNN,retention_0p1,auroc,11,fidelity,50,0.9967442076006485,0.002280991828911034,0.9960959568954606,0.9973924583058364
two_concepts,TinyCNN,retention_0p1,auroc,11,cf_accuracy,50,0.9874609375,0.00850972445240733,0.9850425005694907,0.9898793744305092
two_concepts,TinyCNN,retention_0p1,auroc,11,causal_usefulness_random,50,0.13501063650070202,0.04799967288620078,0.12136928040162012,0.14865199259978393
two_concepts,TinyCNN,retention_0p1,auroc,12,fidelity,50,0.9979995529858026,0.0017346231842522246,0.997506578531368,0.9984925274402371
two_concepts,TinyCNN,retention_0p1,auroc,12,cf_accuracy,50,0.9891015625,0.007560199811737732,0.9869529774865847,0.9912501475134153
two_concepts,TinyCNN,retention_0p1,auroc,12,causal_usefulness_random,50,0.08595755765905487,0.039446974183401054,0.07474685163731105,0.09716826368079869
two_concepts,TinyCNN,retention_0p1,auroc,13,fidelity,50,0.9988462436191354,0.0010859830239432322,0.998537610658609,0.9991548765796618
two_concepts,TinyCNN,retention_0p1,auroc,13,cf_accuracy,50,0.9896875,0.007350836517890676,0.9875984153763523,0.9917765846236478
two_concepts,TinyCNN,retention_0p1,auroc,13,causal_usefulness_random,50,0.0493045981640138,0.027435211401873362,0.041507597353740794,0.05710159897428681
two_concepts,TinyCNN,retention_0p1,auroc,14,fidelity,50,0.9993942399594761,0.0007379638953045817,0.9991845129409611,0.999603966977991
two_concepts,TinyCNN,retention_0p1,auroc,14,cf_accuracy,50,0.9898046875,0.007171247464597864,0.9877666415205795,0.9918427334794204
two_concepts,TinyCNN,retention_0p1,auroc,14,causal_usefulness_random,50,0.025475141698576134,0.019516143112489632,0.019928715194601935,0.031021568202550334
two_concepts,TinyCNN,retention_0p1,auroc,15,fidelity,50,0.9997826136328897,0.0002128110197559652,0.9997221334102602,0.9998430938555192
two_concepts,TinyCNN,retention_0p1,auroc,15,cf_accuracy,50,0.9900390625,0.007039328019834187,0.9880385076119601,0.9920396173880398
two_concepts,TinyCNN,retention_0p1,auroc,15,causal_usefulness_random,50,0.007648060713011437,0.008844335798428126,0.005134528290149848,0.010161593135873026
two_concepts,TinyCNN,retention_0p1,auroc,16,fidelity,50,1.0,0.0,1.0,1.0
two_concepts,TinyCNN,retention_0p1,auroc,16,cf_accuracy,50,0.990078125,0.006979240039846819,0.9880946469269257,0.9920616030730743
two_concepts,TinyCNN,retention_0p1,auroc,16,causal_usefulness_random,50,0.0,0.0,0.0,0.0
two_concepts,TinyCNN,retention_0p1,validation_patch,1,fidelity,50,0.3441570184387541,0.10149956192745482,0.3153111621047774,0.37300287477273086
two_concepts,TinyCNN,retention_0p1,validation_patch,1,cf_accuracy,50,0.126953125,0.0958140983785929,0.0997230595286454,0.15418319047135462
two_concepts,TinyCNN,retention_0p1,validation_patch,1,causal_usefulness_random,50,0.28504972655106053,0.09636200151257596,0.2576639487319117,0.3124355043702094
two_concepts,TinyCNN,retention_0p1,validation_patch,1,causal_usefulness_energy,50,0.2992065927179026,0.10305329165749244,0.2699191712803589,0.3284940141554463
two_concepts,TinyCNN,retention_0p1,validation_patch,2,fidelity,50,0.6741322387163123,0.08504864415685649,0.6499616814827585,0.6983027959498662
two_concepts,TinyCNN,retention_0p1,validation_patch,2,cf_accuracy,50,0.4915234375,0.1297361689186542,0.4546528262492556,0.5283940487507444
two_concepts,TinyCNN,retention_0p1,validation_patch,2,causal_usefulness_random,50,0.5463488144944556,0.08891110733595954,0.5210805573709326,0.5716170716179786
two_concepts,TinyCNN,retention_0p1,validation_patch,2,causal_usefulness_energy,50,0.4141522670297303,0.08811848998955404,0.38910926926366707,0.4391952647957935
two_concepts,TinyCNN,retention_0p1,validation_patch,3,fidelity,50,0.8425758065325084,0.07284085572456327,0.8218746643839694,0.8632769486810474
two_concepts,TinyCNN,retention_0p1,validation_patch,3,cf_accuracy,50,0.7559375,0.11286605827338968,0.7238613211465049,0.7880136788534952
two_concepts,TinyCNN,retention_0p1,validation_patch,3,causal_usefulness_random,50,0.6442652512698045,0.08217572720712686,0.6209111679994641,0.6676193345401449
two_concepts,TinyCNN,retention_0p1,validation_patch,4,fidelity,50,0.9213952357054925,0.04517271629396806,0.9085572917805461,0.934233179630439
two_concepts,TinyCNN,retention_0p1,validation_patch,4,cf_accuracy,50,0.878046875,0.0760682306058815,0.8564285230586844,0.8996652269413156
two_concepts,TinyCNN,retention_0p1,validation_patch,4,causal_usefulness_random,50,0.6362981444801477,0.07549386819007572,0.614843024531319,0.6577532644289763
two_concepts,TinyCNN,retention_0p1,validation_patch,4,causal_usefulness_energy,50,0.41349951071845104,0.09672533829702379,0.38601047372767616,0.4409885477092259
two_concepts,TinyCNN,retention_0p1,validation_patch,5,fidelity,50,0.9597795977913056,0.02758099190238316,0.9519411666211951,0.9676180289614161
two_concepts,TinyCNN,retention_0p1,validation_patch,5,cf_accuracy,50,0.9362109375,0.048534047464160124,0.9224177138262052,0.9500041611737947
two_concepts,TinyCNN,retention_0p1,validation_patch,5,causal_usefulness_random,50,0.5854875429089729,0.06756812063422005,0.5662848954929713,0.6046901903249744
two_concepts,TinyCNN,retention_0p1,validation_patch,6,fidelity,50,0.9792315799178114,0.015725811501560768,0.9747623537389493,0.9837008060966735
two_concepts,TinyCNN,retention_0p1,validation_patch,6,cf_accuracy,50,0.9646484375,0.025146460188280914,0.957501892587642,0.971794982412358
two_concepts,TinyCNN,retention_0p1,validation_patch,6,causal_usefulness_random,50,0.509992768607231,0.07019909541083869,0.4900424064328259,0.529943130781636
two_concepts,TinyCNN,retention_0p1,validation_patch,7,fidelity,50,0.9887263722780537,0.008927030263910743,0.986189338348135,0.9912634062079724
two_concepts,TinyCNN,retention_0p1,validation_patch,7,cf_accuracy,50,0.977578125,0.01206725620319702,0.97414864873259,0.9810076012674099
two_concepts,TinyCNN,retention_0p1,validation_patch,7,causal_usefulness_random,50,0.4265249246854321,0.07319002827785377,0.4057245487952225,0.44732530057564174
two_concepts,TinyCNN,retention_0p1,validation_patch,8,fidelity,50,0.9933383204940985,0.004325666815265048,0.992108979587278,0.9945676614009191
two_concepts,TinyCNN,retention_0p1,validation_patch,8,cf_accuracy,50,0.983203125,0.008928571428571428,0.9806656530759309,0.985740596924069
two_concepts,TinyCNN,retention_0p1,validation_patch,8,causal_usefulness_random,50,0.3446281656855947,0.07050687530688278,0.32459033343254906,0.3646659979386403
two_concepts,TinyCNN,retention_0p1,validation_patch,8,causal_usefulness_energy,50,0.2181677129595384,0.08472446244886234,0.1940892871480057,0.24224613877107112
two_concepts,TinyCNN,retention_0p1,validation_patch,9,fidelity,50,0.9955321585337878,0.0026430338003132444,0.9947810166387699,0.9962833004288058
two_concepts,TinyCNN,retention_0p1,validation_patch,9,cf_accuracy,50,0.985625,0.008488381751596816,0.9832126285979488,0.9880373714020512
two_concepts,TinyCNN,retention_0p1,validation_patch,9,causal_usefulness_random,50,0.270645412308511,0.06897083218462803,0.2510441186807161,0.29024670593630597
two_concepts,TinyCNN,retention_0p1,validation_patch,10,fidelity,50,0.9969785336897226,0.002293839542497865,0.9963266317047329,0.9976304356747122
two_concepts,TinyCNN,retention_0p1,validation_patch,10,cf_accuracy,50,0.9876171875,0.007828527087264038,0.9853923447186365,0.9898420302813636
two_concepts,TinyCNN,retention_0p1,validation_patch,10,causal_usefulness_random,50,0.19568776606291202,0.05927383002124471,0.1788423299576859,0.21253320216813815
two_concepts,TinyCNN,retention_0p1,validation_patch,11,fidelity,50,0.9979241820751201,0.001625596116601132,0.997462192770476,0.9983861713797643
two_concepts,TinyCNN,retention_0p1,validation_patch,11,cf_accuracy,50,0.9884765625,0.007633573672044896,0.9863071248662099,0.9906460001337902
two_concepts,TinyCNN,retention_0p1,validation_patch,11,causal_usefulness_random,50,0.13619061097517376,0.04813500076789072,0.12251079511765468,0.14987042683269286
two_concepts,TinyCNN,retention_0p1,validation_patch,12,fidelity,50,0.9986571386125896,0.0011588982356240773,0.9983277833781857,0.9989864938469936
two_concepts,TinyCNN,retention_0p1,validation_patch,12,cf_accuracy,50,0.989609375,0.007522520133026279,0.9874714984327906,0.9917472515672094
two_concepts,TinyCNN,retention_0p1,validation_patch,12,causal_usefulness_random,50,0.08661514328584216,0.0393411037200704,0.0754345253168668,0.09779576125481752
two_concepts,TinyCNN,retention_0p1,validation_patch,13,fidelity,50,0.9990210697055886,0.0008474678266930192,0.9987802220141087,0.9992619173970685
two_concepts,TinyCNN,retention_0p1,validation_patch,13,cf_accuracy,50,0.9899609375,0.0071573383131659715,0.9879268444576792,0.9919950305423209
two_concepts,TinyCNN,retention_0p1,validation_patch,13,causal_usefulness_random,50,0.04947942425046717,0.02748462673059797,0.04166837975915734,0.057290468741777
two_concepts,TinyCNN,retention_0p1,validation_patch,14,fidelity,50,0.9993936095848607,0.0007166566061179413,0.9991899380309317,0.9995972811387897
two_concepts,TinyCNN,retention_0p1,validation_patch,14,cf_accuracy,50,0.9900390625,0.007170813211995757,0.9880011399338036,0.9920769850661963
two_concepts,TinyCNN,retention_0p1,validation_patch,14,causal_usefulness_random,50,0.025474511323960912,0.019638267654046145,0.019893377409297495,0.03105564523862433
two_concepts,TinyCNN,retention_0p1,validation_patch,15,fidelity,50,0.9997384310365385,0.0002459248755424161,0.9996685399602211,0.9998083221128559
two_concepts,TinyCNN,retention_0p1,validation_patch,15,cf_accuracy,50,0.99,0.007196713814800673,0.987954716563931,0.992045283436069
two_concepts,TinyCNN,retention_0p1,validation_patch,15,causal_usefulness_random,50,0.007603878116660341,0.00887638981575275,0.005081236042869088,0.010126520190451594
two_concepts,TinyCNN,retention_0p1,validation_patch,16,fidelity,50,1.0,0.0,1.0,1.0
two_concepts,TinyCNN,retention_0p1,validation_patch,16,cf_accuracy,50,0.990078125,0.006979240039846819,0.9880946469269257,0.9920616030730743
two_concepts,TinyCNN,retention_0p1,validation_patch,16,causal_usefulness_random,50,0.0,0.0,0.0,0.0
two_concepts,TinyCNN,retention_1,contrast,1,fidelity,50,0.5012558789221554,0.11698270465114394,0.4680097621129146,0.5345019957313962
two_concepts,TinyCNN,retention_1,contrast,1,cf_accuracy,50,0.2566015625,0.13146798555763464,0.2192387744061622,0.2939643505938378
two_concepts,TinyCNN,retention_1,contrast,1,causal_usefulness_random,50,0.4189111035182404,0.11623835489381934,0.3858765285694203,0.4519456784670605
two_concepts,TinyCNN,retention_1,contrast,1,causal_usefulness_energy,50,0.4395623944467538,0.1284749196146292,0.40305022628220954,0.4760745626112981
two_concepts,TinyCNN,retention_1,contrast,2,fidelity,50,0.8094024858119682,0.06936462527162014,0.7896892774271341,0.8291156941968022
two_concepts,TinyCNN,retention_1,contrast,2,cf_accuracy,50,0.689375,0.11309413976303297,0.6572340011043514,0.7215159988956485
two_concepts,TinyCNN,retention_1,contrast,2,causal_usefulness_random,50,0.644443282736778,0.08849242752522533,0.6192940130989252,0.6695925523746308
two_concepts,TinyCNN,retention_1,contrast,2,causal_usefulness_energy,50,0.537301861953279,0.09859639715447056,0.5092810759187704,0.5653226479877876
two_concepts,TinyCNN,retention_1,contrast,3,fidelity,50,0.9138115386334111,0.04312705147114718,0.9015549662185086,0.9260681110483137
two_concepts,TinyCNN,retention_1,contrast,3,cf_accuracy,50,0.8623828125,0.0735742208133502,0.8414732502992974,0.8832923747007027
two_concepts,TinyCNN,retention_1,contrast,3,causal_usefulness_random,50,0.674691067401436,0.08000713631844839,0.6519532908425147,0.6974288439603573
two_concepts,TinyCNN,retention_1,contrast,4,fidelity,50,0.9476329461724126,0.02877910583800206,0.9394540147892736,0.9558118775555515
two_concepts,TinyCNN,retention_1,contrast,4,cf_accuracy,50,0.918359375,0.04900081071099561,0.9044334986791935,0.9322852513208064
two_concepts,TinyCNN,retention_1,contrast,4,causal_usefulness_random,50,0.6175795062342785,0.07868944608030369,0.5952162130975553,0.6399427993710016
two_concepts,TinyCNN,retention_1,contrast,4,causal_usefulness_energy,50,0.41864737534420804,0.11237939564163497,0.38670950448034486,0.4505852462080712
two_concepts,TinyCNN,retention_1,contrast,5,fidelity,50,0.9657661741402754,0.022728639093125023,0.959306766380312,0.9722255819002389
two_concepts,TinyCNN,retention_1,contrast,5,cf_accuracy,50,0.946171875,0.040264045986893746,0.9347289597409894,0.9576147902590106
two_concepts,TinyCNN,retention_1,contrast,5,causal_usefulness_random,50,0.5463722339861483,0.07718472427243403,0.5244365780556176,0.568307889916679
two_concepts,TinyCNN,retention_1,contrast,6,fidelity,50,0.9770902674474067,0.015084882412624848,0.9728031913002159,0.9813773435945975
two_concepts,TinyCNN,retention_1,contrast,6,cf_accuracy,50,0.962109375,0.020289797949439557,0.9563430782241256,0.9678756717758745
two_concepts,TinyCNN,retention_1,contrast,6,causal_usefulness_random,50,0.47237540064328754,0.07382627371847066,0.45139420579953116,0.4933565954870439
two_concepts,TinyCNN,retention_1,contrast,7,fidelity,50,0.9850375256906352,0.007146963314711715,0.9830063811902507,0.9870686701910196
two_concepts,TinyCNN,retention_1,contrast,7,cf_accuracy,50,0.97078125,0.013917146685260458,0.9668260406745762,0.9747364593254239
two_concepts,TinyCNN,retention_1,contrast,7,causal_usefulness_random,50,0.4027717017091751,0.07670610520615607,0.3809720678122609,0.4245713356060893
two_concepts,TinyCNN,retention_1,contrast,8,fidelity,50,0.9880022447028313,0.006527251819897678,0.9861472202605875,0.989857269145075
two_concepts,TinyCNN,retention_1,contrast,8,cf_accuracy,50,0.97375,0.012510209876892676,0.9701946376913955,0.9773053623086045
two_concepts,TinyCNN,retention_1,contrast,8,causal_usefulness_random,50,0.33294600205288005,0.07538753879890714,0.3115211005826683,0.3543709035230918
two_concepts,TinyCNN,retention_1,contrast,8,causal_usefulness_energy,50,0.21232873374390202,0.08966847567956943,0.18684523491867305,0.23781223256913098
two_concepts,TinyCNN,retention_1,contrast,9,fidelity,50,0.9908225137467166,0.004263202302987608,0.9896109250578654,0.9920341024355678
two_concepts,TinyCNN,retention_1,contrast,9,cf_accuracy,50,0.977109375,0.011857700879726273,0.9737394536965728,0.9804792963034271
two_concepts,TinyCNN,retention_1,contrast,9,causal_usefulness_random,50,0.272912586011184,0.07210676395083178,0.25242007043638476,0.29340510158598326
two_concepts,TinyCNN,retention_1,contrast,10,fidelity,50,0.9924581052754854,0.0034858377525095988,0.9914674411474539,0.9934487694035169
two_concepts,TinyCNN,retention_1,contrast,10,cf_accuracy,50,0.978203125,0.011356815138044617,0.9749755538493213,0.9814306961506786
two_concepts,TinyCNN,retention_1,contrast,10,causal_usefulness_random,50,0.21248331723540367,0.06708292066677442,0.19341856212443687,0.23154807234637048
two_concepts,TinyCNN,retention_1,contrast,11,fidelity,50,0.9942286831055211,0.0032327503573652376,0.9933099456193553,0.995147420591687
two_concepts,TinyCNN,retention_1,contrast,11,cf_accuracy,50,0.979140625,0.011412069122982458,0.9758973508405484,0.9823838991594516
two_concepts,TinyCNN,retention_1,contrast,11,causal_usefulness_random,50,0.15811043850619103,0.05892396746580928,0.14136443223907533,0.17485644477330672
two_concepts,TinyCNN,retention_1,contrast,12,fidelity,50,0.9959170906723069,0.002465167146086775,0.9952164979211177,0.9966176834234962
two_concepts,TinyCNN,retention_1,contrast,12,cf_accuracy,50,0.9800390625,0.011747215109923177,0.9767005409049279,0.983377584095072
two_concepts,TinyCNN,retention_1,contrast,12,causal_usefulness_random,50,0.10894669082609866,0.0458287203177746,0.09592231262039386,0.12197106903180346
two_concepts,TinyCNN,retention_1,contrast,13,fidelity,50,0.997460280299095,0.001657912934971517,0.9969891066562904,0.9979314539418995
two_concepts,TinyCNN,retention_1,contrast,13,cf_accuracy,50,0.9802734375,0.011613646980059938,0.9769728755474294,0.9835739994525705
two_concepts,TinyCNN,retention_1,contrast,13,causal_usefulness_random,50,0.07084723133807126,0.03287463149691809,0.06150436444106626,0.08019009823507627
two_concepts,TinyCNN,retention_1,contrast,14,fidelity,50,0.9986583622481353,0.0011890181622040104,0.9983204470253096,0.998996277470961
two_concepts,TinyCNN,retention_1,contrast,14,cf_accuracy,50,0.980546875,0.011305974341186673,0.9773337526439194,0.9837599973560807
two_concepts,TinyCNN,retention_1,contrast,14,causal_usefulness_random,50,0.03989992251268126,0.02546248438433521,0.03266356451754407,0.04713628050781846
two_concepts,TinyCNN,retention_1,contrast,15,fidelity,50,0.9993952057955761,0.0006946259039426545,0.9991977952979296,0.9995926162932225
two_concepts,TinyCNN,retention_1,contrast,15,cf_accuracy,50,0.98046875,0.011949002848975368,0.9770728809640117,0.9838646190359883
two_concepts,TinyCNN,retention_1,contrast,15,causal_usefulness_random,50,0.014847000615661252,0.013555674823630933,0.010994520456662708,0.018699480774659796
two_concepts,TinyCNN,retention_1,contrast,16,fidelity,50,1.0,0.0,1.0,1.0
two_concepts,TinyCNN,retention_1,contrast,16,cf_accuracy,50,0.98046875,0.011994523024667789,0.9770599442732183,0.9838775557267817
two_concepts,TinyCNN,retention_1,contrast,16,causal_usefulness_random,50,0.0,0.0,0.0,0.0
two_concepts,TinyCNN,retention_1,auroc,1,fidelity,50,0.4843375807215381,0.12222216945527949,0.44960242449048143,0.5190727369525948
two_concepts,TinyCNN,retention_1,auroc,1,cf_accuracy,50,0.2441796875,0.12925996639920803,0.20744441150786136,0.2809149634921386
two_concepts,TinyCNN,retention_1,auroc,1,causal_usefulness_random,50,0.4019928053176232,0.11940743697815351,0.3680575872056274,0.435928023429619
two_concepts,TinyCNN,retention_1,auroc,1,causal_usefulness_energy,50,0.4214993178674482,0.13304140175997164,0.3836893698365202,0.45930926589837623
two_concepts,TinyCNN,retention_1,auroc,2,fidelity,50,0.8030953462631174,0.07505594114058622,0.7817646838046902,0.8244260087215446
two_concepts,TinyCNN,retention_1,auroc,2,cf_accuracy,50,0.6796875,0.12097089410508441,0.6453079522888281,0.7140670477111719
two_concepts,TinyCNN,retention_1,auroc,2,causal_usefulness_random,50,0.6381361431879272,0.09607505663771404,0.6108319141999148,0.6654403721759397
two_concepts,TinyCNN,retention_1,auroc,2,causal_usefulness_energy,50,0.531419855802528,0.10177441470952422,0.5024958871721629,0.5603438244328932
two_concepts,TinyCNN,retention_1,auroc,3,fidelity,50,0.9140273459835986,0.042386643136274445,0.9019811952892497,0.9260734966779475
two_concepts,TinyCNN,retention_1,auroc,3,cf_accuracy,50,0.862734375,0.07237815717687314,0.842164730323757,0.8833040196762431
two_concepts,TinyCNN,retention_1,auroc,3,causal_usefulness_random,50,0.6749068747516235,0.07944217030834558,0.6523296597562355,0.6974840897470115
two_concepts,TinyCNN,retention_1,auroc,4,fidelity,50,0.9460646025070255,0.029545653626236117,0.9376678206528832,0.9544613843611678
two_concepts,TinyCNN,retention_1,auroc,4,cf_accuracy,50,0.9148046875,0.050791811720539676,0.9003698143240915,0.9292395606759085
two_concepts,TinyCNN,retention_1,auroc,4,causal_usefulness_random,50,0.6160111625688914,0.07887736348854751,0.5935944638956525,0.6384278612421304
two_concepts,TinyCNN,retention_1,auroc,4,causal_usefulness_energy,50,0.41695393739390674,0.11400455579608997,0.3845542011244705,0.449353673663343
two_concepts,TinyCNN,retention_1,auroc,5,fidelity,50,0.9654627305004078,0.01969490290287812,0.9598655010261161,0.9710599599746994
two_concepts,TinyCNN,retention_1,auroc,5,cf_accuracy,50,0.94703125,0.029548610226380976,0.9386336278893935,0.9554288721106065
two_concepts,TinyCNN,retention_1,auroc,5,causal_usefulness_random,50,0.546068790346281,0.07620731684777601,0.5244109105323763,0.5677266701601856
two_concepts,TinyCNN,retention_1,auroc,6,fidelity,50,0.9750063592118269,0.015650605485979633,0.9705585063461073,0.9794542120775465
two_concepts,TinyCNN,retention_1,auroc,6,cf_accuracy,50,0.9594140625,0.02145823287763992,0.9533157001916797,0.9655124248083204
two_concepts,TinyCNN,retention_1,auroc,6,causal_usefulness_random,50,0.470291492407708,0.07273666893144252,0.4496199598181581,0.4909630249972579
two_concepts,TinyCNN,retention_1,auroc,7,fidelity,50,0.9839836390172849,0.008627645927612582,0.9815316891743269,0.986435588860243
two_concepts,TinyCNN,retention_1,auroc,7,cf_accuracy,50,0.969296875,0.014848574336863875,0.9650769568648686,0.9735167931351313
two_concepts,TinyCNN,retention_1,auroc,7,causal_usefulness_random,50,0.4017178150358247,0.07528730434473285,0.3803213998823016,0.4231142301893478
two_concepts,TinyCNN,retention_1,auroc,8,fidelity,50,0.9877044945407935,0.006867837312049459,0.9857526767726528,0.9896563123089341
two_concepts,TinyCNN,retention_1,auroc,8,cf_accuracy,50,0.9731640625,0.013103802675222936,0.969440002984665,0.9768881220153349
two_concepts,TinyCNN,retention_1,auroc,8,causal_usefulness_random,50,0.33264825189084213,0.07502394180740617,0.31132668354228266,0.3539698202394016
two_concepts,TinyCNN,retention_1,auroc,8,causal_usefulness_energy,50,0.21340853712389496,0.08711976667780054,0.18864937338254237,0.23816770086524755
two_concepts,TinyCNN,retention_1,auroc,9,fidelity,50,0.9904702621627459,0.004349038321172012,0.9892342791474384,0.9917062451780534
two_concepts,TinyCNN,retention_1,auroc,9,cf_accuracy,50,0.9765234375,0.012260858682497516,0.9730389400167567,0.9800079349832433
two_concepts,TinyCNN,retention_1,auroc,9,causal_usefulness_random,50,0.27256033442721334,0.07190923008655385,0.2521239573554958,0.29299671149893086
two_concepts,TinyCNN,retention_1,auroc,10,fidelity,50,0.992721449739498,0.0039514176809019004,0.9915984692598355,0.9938444302191606
two_concepts,TinyCNN,retention_1,auroc,10,cf_accuracy,50,0.9783203125,0.011362914449942653,0.9750910079440592,0.9815496170559407
two_concepts,TinyCNN,retention_1,auroc,10,causal_usefulness_random,50,0.21274666169941653,0.0670387057940188,0.19369447231625303,0.23179885108258003
two_concepts,TinyCNN,retention_1,auroc,11,fidelity,50,0.9945641692201812,0.003342681016222702,0.9936141897864454,0.995514148653917
two_concepts,TinyCNN,retention_1,auroc,11,cf_accuracy,50,0.978984375,0.01152826694242421,0.9757080777856477,0.9822606722143523
two_concepts,TinyCNN,retention_1,auroc,11,causal_usefulness_random,50,0.15844592462085103,0.05856259623278147,0.14180261892182847,0.17508923031987358
two_concepts,TinyCNN,retention_1,auroc,12,fidelity,50,0.9962399888051869,0.0024391541745995677,0.9955467888586964,0.9969331887516775
two_concepts,TinyCNN,retention_1,auroc,12,cf_accuracy,50,0.9798828125,0.011885309220842001,0.9765050449928423,0.9832605800071577
two_concepts,TinyCNN,retention_1,auroc,12,causal_usefulness_random,50,0.10926958895897863,0.04539137238891034,0.09636950365941462,0.12216967425854265
two_concepts,TinyCNN,retention_1,auroc,13,fidelity,50,0.9979257900911118,0.0014754346757059453,0.9975064761957868,0.9983451039864368
two_concepts,TinyCNN,retention_1,auroc,13,cf_accuracy,50,0.9803515625,0.011614719475137092,0.977050695747701,0.983652429252299
two_concepts,TinyCNN,retention_1,auroc,13,causal_usefulness_random,50,0.07131274113008809,0.03289864254575987,0.06196305036850511,0.08066243189167108
two_concepts,TinyCNN,retention_1,auroc,14,fidelity,50,0.9988799519532519,0.0008504901305540523,0.9986382453325182,0.9991216585739855
two_concepts,TinyCNN,retention_1,auroc,14,cf_accuracy,50,0.9805078125,0.011226716112717115,0.9773172150832226,0.9836984099167774
two_concepts,TinyCNN,retention_1,auroc,14,causal_usefulness_random,50,0.04012151221779796,0.025639582205428692,0.032834823578790855,0.04740820085680506
two_concepts,TinyCNN,retention_1,auroc,15,fidelity,50,0.9994843951366584,0.00041902094451014006,0.9993653107018418,0.9996034795714751
two_concepts,TinyCNN,retention_1,auroc,15,cf_accuracy,50,0.980703125,0.01190749364119297,0.9773190527503376,0.9840871972496624
two_concepts,TinyCNN,retention_1,auroc,15,causal_usefulness_random,50,0.014936189956743486,0.013583403927859557,0.011075829273517454,0.018796550639969517
two_concepts,TinyCNN,retention_1,auroc,16,fidelity,50,1.0,0.0,1.0,1.0
two_concepts,TinyCNN,retention_1,auroc,16,cf_accuracy,50,0.98046875,0.011994523024667789,0.9770599442732183,0.9838775557267817
two_concepts,TinyCNN,retention_1,auroc,16,causal_usefulness_random,50,0.0,0.0,0.0,0.0
two_concepts,TinyCNN,retention_1,validation_patch,1,fidelity,50,0.5489967210585036,0.08936928678693105,0.5235982507757617,0.5743951913412455
two_concepts,TinyCNN,retention_1,validation_patch,1,cf_accuracy,50,0.295390625,0.1134800716081212,0.2631399454875417,0.3276413045124583
two_concepts,TinyCNN,retention_1,validation_patch,1,causal_usefulness_random,50,0.46665194565458884,0.08424466581459442,0.4427098765377925,0.4905940147713852
two_concepts,TinyCNN,retention_1,validation_patch,1,causal_usefulness_energy,50,0.4919523888331853,0.09622454740456597,0.4646056750393079,0.5192991026270628
two_concepts,TinyCNN,retention_1,validation_patch,2,fidelity,50,0.8242913524386016,0.06269326681318753,0.8064741231495389,0.8421085817276643
two_concepts,TinyCNN,retention_1,validation_patch,2,cf_accuracy,50,0.70921875,0.10770786084972324,0.678608514634337,0.739828985365663
two_concepts,TinyCNN,retention_1,validation_patch,2,causal_usefulness_random,50,0.6593321493634113,0.08053619314016126,0.6364440165193808,0.6822202822074419
two_concepts,TinyCNN,retention_1,validation_patch,2,causal_usefulness_energy,50,0.5441838652051509,0.08573667050358948,0.5198177730473573,0.5685499573629446
two_concepts,TinyCNN,retention_1,validation_patch,3,fidelity,50,0.9211081844904444,0.03863208350480912,0.9101290678371292,0.9320873011437596
two_concepts,TinyCNN,retention_1,validation_patch,3,cf_accuracy,50,0.8777734375,0.06478274317345604,0.8593623855997163,0.8961844894002837
two_concepts,TinyCNN,retention_1,validation_patch,3,causal_usefulness_random,50,0.6819877132584692,0.07868026237233557,0.6596270301026724,0.7043483964142659
two_concepts,TinyCNN,retention_1,validation_patch,4,fidelity,50,0.9567017417350381,0.02374209558734047,0.9499543128262369,0.9634491706438393
two_concepts,TinyCNN,retention_1,validation_patch,4,cf_accuracy,50,0.933046875,0.04051247047356126,0.9215333582830504,0.9445603917169497
two_concepts,TinyCNN,retention_1,validation_patch,4,causal_usefulness_random,50,0.626648301796904,0.07901464654681867,0.6041925877101916,0.6491040158836164
two_concepts,TinyCNN,retention_1,validation_patch,4,causal_usefulness_energy,50,0.4506847693924803,0.09724036074995303,0.42304936464007326,0.47832017414488737
two_concepts,TinyCNN,retention_1,validation_patch,5,fidelity,50,0.9740675442987221,0.016085043274101433,0.9694962255797097,0.9786388630177345
two_concepts,TinyCNN,retention_1,validation_patch,5,cf_accuracy,50,0.95546875,0.03162640025737668,0.9464806264962042,0.9644568735037957
two_concepts,TinyCNN,retention_1,validation_patch,5,causal_usefulness_random,50,0.5546736041445952,0.07663312730604456,0.5328947103374134,0.576452497951777
two_concepts,TinyCNN,retention_1,validation_patch,6,fidelity,50,0.9834543926746059,0.008120347484327326,0.9811466154540274,0.9857621698951844
two_concepts,TinyCNN,retention_1,validation_patch,6,cf_accuracy,50,0.9679296875,0.016713565573357,0.9631797447199302,0.9726796302800698
two_concepts,TinyCNN,retention_1,validation_patch,6,causal_usefulness_random,50,0.47873952587048685,0.0739127129266587,0.45773376527557186,0.49974528646540184
two_concepts,TinyCNN,retention_1,validation_patch,7,fidelity,50,0.9883723311534187,0.0058073005531519796,0.9867219145972943,0.9900227477095431
two_concepts,TinyCNN,retention_1,validation_patch,7,cf_accuracy,50,0.973671875,0.013766866611926868,0.9697593747988612,0.9775843752011387
two_concepts,TinyCNN,retention_1,validation_patch,7,causal_usefulness_random,50,0.4061065071719585,0.07608319387433116,0.3844839027168016,0.4277291116271154
two_concepts,TinyCNN,retention_1,validation_patch,8,fidelity,50,0.990932425533254,0.004169932665339191,0.9897473437821357,0.9921175072843723
two_concepts,TinyCNN,retention_1,validation_patch,8,cf_accuracy,50,0.976484375,0.011671887592881767,0.9731672612484034,0.9798014887515966
two_concepts,TinyCNN,retention_1,validation_patch,8,causal_usefulness_random,50,0.33587618288330284,0.07630376618574801,0.3141908924708319,0.3575614732957738
two_concepts,TinyCNN,retention_1,validation_patch,8,causal_usefulness_energy,50,0.21444226906290167,0.0736931415951323,0.1934989099499635,0.23538562817583986
two_concepts,TinyCNN,retention_1,validation_patch,9,fidelity,50,0.9927141998411186,0.003989452693728399,0.9915804099304121,0.9938479897518252
two_concepts,TinyCNN,retention_1,validation_patch,9,cf_accuracy,50,0.977109375,0.012143144363724961,0.9736583315559986,0.9805604184440013
two_concepts,TinyCNN,retention_1,validation_patch,9,causal_usefulness_random,50,0.2748042721055862,0.0726711744994016,0.2541513528276748,0.29545719138349763
two_concepts,TinyCNN,retention_1,validation_patch,10,fidelity,50,0.9946152765004713,0.0030932219370160222,0.9937361925526209,0.9954943604483217
two_concepts,TinyCNN,retention_1,validation_patch,10,cf_accuracy,50,0.9793359375,0.011217003698610839,0.9761481003207708,0.9825237746792292
two_concepts,TinyCNN,retention_1,validation_patch,10,causal_usefulness_random,50,0.21464048846038977,0.06697475737110023,0.19560647301793363,0.23367450390284591
two_concepts,TinyCNN,retention_1,validation_patch,11,fidelity,50,0.9960520444528764,0.002633565470203261,0.9953035934275025,0.9968004954782503
two_concepts,TinyCNN,retention_1,validation_patch,11,cf_accuracy,50,0.980390625,0.01135407280706072,0.9771638332111637,0.9836174167888362
two_concepts,TinyCNN,retention_1,validation_patch,11,causal_usefulness_random,50,0.15993379985354644,0.058903677400604884,0.14319355995915964,0.17667403974793325
two_concepts,TinyCNN,retention_1,validation_patch,12,fidelity,50,0.9975735663922498,0.0016364813018672373,0.9971084835521816,0.998038649232318
two_concepts,TinyCNN,retention_1,validation_patch,12,cf_accuracy,50,0.9810546875,0.010714067729367342,0.9780097831417456,0.9840995918582545
two_concepts,TinyCNN,retention_1,validation_patch,12,causal_usefulness_random,50,0.11060316654604158,0.04549884189349756,0.09767253875121219,0.12353379434087096
two_concepts,TinyCNN,retention_1,validation_patch,13,fidelity,50,0.9981993345887904,0.00125738804194019,0.9978419888611331,0.9985566803164477
two_concepts,TinyCNN,retention_1,validation_patch,13,cf_accuracy,50,0.981484375,0.010936930560978398,0.9783761337257948,0.9845926162742051
two_concepts,TinyCNN,retention_1,validation_patch,13,causal_usefulness_random,50,0.07158628562776678,0.03334465020227297,0.06210984089267575,0.08106273036285781
two_concepts,TinyCNN,retention_1,validation_patch,14,fidelity,50,0.9987724445324551,0.0011081514178294136,0.9984575113840948,0.9990873776808153
two_concepts,TinyCNN,retention_1,validation_patch,14,cf_accuracy,50,0.9812890625,0.011230876004705402,0.9780972828550003,0.9844808421449998
two_concepts,TinyCNN,retention_1,validation_patch,14,causal_usefulness_random,50,0.04001400479700111,0.025605674216809173,0.03273695270173586,0.04729105689226636
two_concepts,TinyCNN,retention_1,validation_patch,15,fidelity,50,0.9992653878781396,0.001049909930290016,0.9989670067773974,0.9995637689788818
two_concepts,TinyCNN,retention_1,validation_patch,15,cf_accuracy,50,0.98109375,0.011675088732291835,0.9777757264946491,0.9844117735053509
two_concepts,TinyCNN,retention_1,validation_patch,15,causal_usefulness_random,50,0.014717182698224753,0.013534986123367771,0.010870582202785294,0.018563783193664214
two_concepts,TinyCNN,retention_1,validation_patch,16,fidelity,50,1.0,0.0,1.0,1.0
two_concepts,TinyCNN,retention_1,validation_patch,16,cf_accuracy,50,0.98046875,0.011994523024667789,0.9770599442732183,0.9838775557267817
two_concepts,TinyCNN,retention_1,validation_patch,16,causal_usefulness_random,50,0.0,0.0,0.0,0.0
two_concepts,TinyCNN,template_init,contrast,1,fidelity,50,0.10943828101955974,0.07110388982808297,0.08923077911690375,0.12964578292221574
two_concepts,TinyCNN,template_init,contrast,1,cf_accuracy,50,0.0321875,0.03941612890825588,0.020985560108459343,0.04338943989154066
two_concepts,TinyCNN,template_init,contrast,1,causal_usefulness_random,50,0.08334430843667046,0.07095258676210858,0.06317980638959125,0.10350881048374966
two_concepts,TinyCNN,template_init,contrast,1,causal_usefulness_energy,50,0.09229965933958224,0.06873894823853585,0.07276426640010661,0.11183505227905788
two_concepts,TinyCNN,template_init,contrast,2,fidelity,50,0.4095002312899062,0.1354922587110207,0.3709937574202202,0.4480067051595922
two_concepts,TinyCNN,template_init,contrast,2,cf_accuracy,50,0.2534375,0.14559629819193165,0.21205948988203438,0.2948155101179656
two_concepts,TinyCNN,template_init,contrast,2,causal_usefulness_random,50,0.34216435949595053,0.13204802063305313,0.3046367272576016,0.37969199173429946
two_concepts,TinyCNN,template_init,contrast,2,causal_usefulness_energy,50,0.30969869450685983,0.11176100804199017,0.27793656745429324,0.3414608215594264
two_concepts,TinyCNN,template_init,contrast,3,fidelity,50,0.6868386045441963,0.11494606513860138,0.6541712942801985,0.7195059148081941
two_concepts,TinyCNN,template_init,contrast,3,cf_accuracy,50,0.5678125,0.14512042505813208,0.5265697315302752,0.6090552684697249
two_concepts,TinyCNN,template_init,contrast,3,causal_usefulness_random,50,0.5649353471916756,0.12015235644888249,0.5307884253085011,0.5990822690748501
two_concepts,TinyCNN,template_init,contrast,4,fidelity,50,0.8459858178553697,0.08317333697532789,0.8223482170258949,0.8696234186848446
two_concepts,TinyCNN,template_init,contrast,4,cf_accuracy,50,0.7743359375,0.11627060118960643,0.7412921982553158,0.8073796767446841
two_concepts,TinyCNN,template_init,contrast,4,causal_usefulness_random,50,0.6469261936235976,0.10697592630889952,0.6165239717528654,0.6773284154943298
two_concepts,TinyCNN,template_init,contrast,4,causal_usefulness_energy,50,0.5786178426300878,0.11762078033620164,0.5451903867175852,0.6120452985425903
two_concepts,TinyCNN,template_init,contrast,5,fidelity,50,0.9299971148676391,0.04961322465615634,0.9158971924293563,0.944097037305922
two_concepts,TinyCNN,template_init,contrast,5,cf_accuracy,50,0.895546875,0.07318382559965357,0.8747482618914305,0.9163454881085694
two_concepts,TinyCNN,template_init,contrast,5,causal_usefulness_random,50,0.6423248396044745,0.07623213957243065,0.6206599052502781,0.6639897739586709
two_concepts,TinyCNN,template_init,contrast,6,fidelity,50,0.9627792127805438,0.03382975882219144,0.953164901701098,0.9723935238599896
two_concepts,TinyCNN,template_init,contrast,6,cf_accuracy,50,0.944765625,0.04889908746533622,0.9308686581057408,0.9586625918942593
two_concepts,TinyCNN,template_init,contrast,6,causal_usefulness_random,50,0.5677242990991695,0.07651768439819265,0.5459782138033885,0.5894703843949506
two_concepts,TinyCNN,template_init,contrast,7,fidelity,50,0.9799455793321158,0.019550018927922623,0.9743895254279182,0.9855016332363133
two_concepts,TinyCNN,template_init,contrast,7,cf_accuracy,50,0.9679296875,0.032274756692856225,0.9587573031360005,0.9771020718639994
two_concepts,TinyCNN,template_init,contrast,7,causal_usefulness_random,50,0.4748476845786474,0.07182112122713938,0.4544363477677168,0.495259021389578
two_concepts,TinyCNN,template_init,contrast,8,fidelity,50,0.9890674315613991,0.014242527578041272,0.9850197500094086,0.9931151131133896
two_concepts,TinyCNN,template_init,contrast,8,cf_accuracy,50,0.9798046875,0.024342161342365668,0.97288672179053,0.9867226532094701
two_concepts,TinyCNN,template_init,contrast,8,causal_usefulness_random,50,0.3767027280837075,0.0717157920875083,0.3563213254830521,0.39708413068436293
two_concepts,TinyCNN,template_init,contrast,8,causal_usefulness_energy,50,0.32707771181778933,0.08926364007924702,0.30170926599716474,0.3524461576384139
two_concepts,TinyCNN,template_init,contrast,9,fidelity,50,0.994422071400079,0.008548487859722492,0.9919926180311024,0.9968515247690556
two_concepts,TinyCNN,template_init,contrast,9,cf_accuracy,50,0.9866015625,0.016633817518056745,0.9818742838664785,0.9913288411335215
two_concepts,TinyCNN,template_init,contrast,9,causal_usefulness_random,50,0.2874596865488616,0.06955828310263087,0.2676914412174122,0.30722793188031106
two_concepts,TinyCNN,template_init,contrast,10,fidelity,50,0.9966202535279984,0.005021120044750107,0.9951932670002138,0.998047240055783
two_concepts,TinyCNN,template_init,contrast,10,cf_accuracy,50,0.989453125,0.009864770942892682,0.9866495881178443,0.9922566618821558
two_concepts,TinyCNN,template_init,contrast,10,causal_usefulness_random,50,0.19498534037071358,0.06259440806162947,0.17719620642798192,0.21277447431344523
two_concepts,TinyCNN,template_init,contrast,11,fidelity,50,0.9984030064959848,0.0018493266702753251,0.9978774336715082,0.9989285793204614
two_concepts,TinyCNN,template_init,contrast,11,cf_accuracy,50,0.9920703125,0.007333553256651522,0.9899861397248492,0.9941544852751508
two_concepts,TinyCNN,template_init,contrast,11,causal_usefulness_random,50,0.12503659661807345,0.045441649254270536,0.11212222279146988,0.13795097044467702
two_concepts,TinyCNN,template_init,contrast,12,fidelity,50,0.9991527577486401,0.0012456051029429195,0.9987987606951942,0.999506754802086
two_concepts,TinyCNN,template_init,contrast,12,cf_accuracy,50,0.993203125,0.006450564592488183,0.9913698948266427,0.9950363551733572
two_concepts,TinyCNN,template_init,contrast,12,causal_usefulness_random,50,0.07199043588304437,0.034480985554104386,0.06219104821417421,0.08178982355191451
two_concepts,TinyCNN,template_init,contrast,13,fidelity,50,0.9995630326432264,0.0006235168520099094,0.9993858311145366,0.9997402341719163
two_concepts,TinyCNN,template_init,contrast,13,cf_accuracy,50,0.9935546875,0.00606502933015741,0.9918310252358798,0.9952783497641201
two_concepts,TinyCNN,template_init,contrast,13,causal_usefulness_random,50,0.03663415436909105,0.023690012212502384,0.029901527391642438,0.043366781346539665
two_concepts,TinyCNN,template_init,contrast,14,fidelity,50,0.9998215240010765,0.000247859579550883,0.9997510830879637,0.9998919649141893
two_concepts,TinyCNN,template_init,contrast,14,cf_accuracy,50,0.9938671875,0.005958321649507181,0.9921738512231779,0.9955605237768221
two_concepts,TinyCNN,template_init,contrast,14,causal_usefulness_random,50,0.016298237329304174,0.015236491878839105,0.011968074248551876,0.020628400410056473
two_concepts,TinyCNN,template_init,contrast,15,fidelity,50,0.999931883989714,0.00011516096276085622,0.9998991556062216,0.9999646123732064
two_concepts,TinyCNN,template_init,contrast,15,cf_accuracy,50,0.99390625,0.00592727452601617,0.9922217372180463,0.9955907627819537
two_concepts,TinyCNN,template_init,contrast,15,causal_usefulness_random,50,0.0034029677329429743,0.0035917657733193754,0.002382199194488419,0.00442373627139753
two_concepts,TinyCNN,template_init,contrast,16,fidelity,50,1.0,0.0,1.0,1.0
two_concepts,TinyCNN,template_init,contrast,16,cf_accuracy,50,0.993671875,0.006056165985548555,0.9919507316705469,0.995393018329453
two_concepts,TinyCNN,template_init,contrast,16,causal_usefulness_random,50,0.0,0.0,0.0,0.0
two_concepts,TinyCNN,template_init,auroc,1,fidelity,50,0.11471347918345613,0.07838062587068309,0.09243795177922075,0.13698900658769153
two_concepts,TinyCNN,template_init,auroc,1,cf_accuracy,50,0.037109375,0.04785461288954988,0.023509244495824498,0.0507095055041755
two_concepts,TinyCNN,template_init,auroc,1,causal_usefulness_random,50,0.08861950660056683,0.07490781285059572,0.0673309417363649,0.10990807146476876
two_concepts,TinyCNN,template_init,auroc,1,causal_usefulness_energy,50,0.09692136921775063,0.07613398632990956,0.07528432970643545,0.11855840872906581
two_concepts,TinyCNN,template_init,auroc,2,fidelity,50,0.408354007927657,0.13531253117314268,0.369898612059082,0.4468094037962321
two_concepts,TinyCNN,template_init,auroc,2,cf_accuracy,50,0.2515234375,0.14679590067226428,0.20980450412927898,0.293242370870721
two_concepts,TinyCNN,template_init,auroc,2,causal_usefulness_random,50,0.34101813613370124,0.13086602058047064,0.303826424593492,0.37820984767391047
two_concepts,TinyCNN,template_init,auroc,2,causal_usefulness_energy,50,0.31334534718899826,0.11219105688787828,0.2814610016067207,0.3452296927712758
two_concepts,TinyCNN,template_init,auroc,3,fidelity,50,0.6813628072377932,0.11118914247491618,0.6497632025811553,0.7129624118944311
two_concepts,TinyCNN,template_init,auroc,3,cf_accuracy,50,0.5579296875,0.1400711939547059,0.5181218946325401,0.59773748036746
two_concepts,TinyCNN,template_init,auroc,3,causal_usefulness_random,50,0.5594595498852726,0.11758929350600146,0.5260410424309026,0.5928780573396426
two_concepts,TinyCNN,template_init,auroc,4,fidelity,50,0.8486943512817341,0.08132385702907491,0.8255823668372867,0.8718063357261815
two_concepts,TinyCNN,template_init,auroc,4,cf_accuracy,50,0.7787109375,0.11368000416922641,0.7464034377823644,0.8110184372176356
two_concepts,TinyCNN,template_init,auroc,4,causal_usefulness_random,50,0.6496347270499621,0.10501254187698,0.6197904928609107,0.6794789612390134
two_concepts,TinyCNN,template_init,auroc,4,causal_usefulness_energy,50,0.579302048909341,0.1148560668621675,0.5466603158725057,0.6119437819461763
two_concepts,TinyCNN,template_init,auroc,5,fidelity,50,0.9295929658825293,0.05049815629154722,0.9152415486561396,0.9439443831089189
two_concepts,TinyCNN,template_init,auroc,5,cf_accuracy,50,0.89484375,0.07443698613950275,0.8736889926065742,0.9159985073934259
two_concepts,TinyCNN,template_init,auroc,5,causal_usefulness_random,50,0.6419206906193645,0.07746408756124601,0.6199056405206125,0.6639357407181166
two_concepts,TinyCNN,template_init,auroc,6,fidelity,50,0.9638094317778336,0.03295517872462156,0.9544436736119964,0.9731751899436708
two_concepts,TinyCNN,template_init,auroc,6,cf_accuracy,50,0.946640625,0.04711427821430542,0.9332508952825435,0.9600303547174566
two_concepts,TinyCNN,template_init,auroc,6,causal_usefulness_random,50,0.5687545180964593,0.07631861469994096,0.5470650077829459,0.5904440284099727
two_concepts,TinyCNN,template_init,auroc,7,fidelity,50,0.9797490522019568,0.01955258309688985,0.9741922695690018,0.9853058348349119
two_concepts,TinyCNN,template_init,auroc,7,cf_accuracy,50,0.9678515625,0.03231602600276106,0.9586674495278971,0.977035675472103
two_concepts,TinyCNN,template_init,auroc,7,causal_usefulness_random,50,0.4746511574484883,0.07153980199221041,0.45431977067951496,0.49498254421746163
two_concepts,TinyCNN,template_init,auroc,8,fidelity,50,0.9888311702553539,0.014190968180416881,0.9847981417220395,0.9928641987886684
two_concepts,TinyCNN,template_init,auroc,8,cf_accuracy,50,0.9796875,0.02434980382731186,0.9727673623203401,0.98660763767966
two_concepts,TinyCNN,template_init,auroc,8,causal_usefulness_random,50,0.3764664667776622,0.07143385904696581,0.3561651886605893,0.3967677448947351
two_concepts,TinyCNN,template_init,auroc,8,causal_usefulness_energy,50,0.32725632507652624,0.08717484547758018,0.3024815081134718,0.3520311420395807
two_concepts,TinyCNN,template_init,auroc,9,fidelity,50,0.9936520848474681,0.009503380168669247,0.9909512540869518,0.9963529156079844
two_concepts,TinyCNN,template_init,auroc,9,cf_accuracy,50,0.985390625,0.017735705947764278,0.9803501931396484,0.9904310568603515
two_concepts,TinyCNN,template_init,auroc,9,causal_usefulness_random,50,0.28668969999625094,0.06981431302493069,0.26684869176597104,0.30653070822653083
two_concepts,TinyCNN,template_init,auroc,10,fidelity,50,0.9965691951213338,0.005119113147377812,0.9951143592619222,0.9980240309807454
two_concepts,TinyCNN,template_init,auroc,10,cf_accuracy,50,0.989765625,0.009963399118102574,0.9869340583005863,0.9925971916994136
two_concepts,TinyCNN,template_init,auroc,10,causal_usefulness_random,50,0.19493428196404913,0.06279717233867477,0.17708752305137435,0.21278104087672392
two_concepts,TinyCNN,template_init,auroc,11,fidelity,50,0.9983265911451396,0.002532972354757691,0.9976067283668598,0.9990464539234193
two_concepts,TinyCNN,template_init,auroc,11,cf_accuracy,50,0.9922265625,0.00712987537531382,0.9902002743382593,0.9942528506617406
two_concepts,TinyCNN,template_init,auroc,11,causal_usefulness_random,50,0.12496018126722824,0.04542308588488393,0.11205108309183176,0.13786927944262473
two_concepts,TinyCNN,template_init,auroc,12,fidelity,50,0.9992229634364763,0.000998278798576465,0.9989392557410128,0.9995066711319398
two_concepts,TinyCNN,template_init,auroc,12,cf_accuracy,50,0.9932421875,0.006204117497259565,0.9914789968161528,0.9950053781838473
two_concepts,TinyCNN,template_init,auroc,12,causal_usefulness_random,50,0.0720606415708804,0.03447733848933954,0.0622622903863482,0.08185899275541259
two_concepts,TinyCNN,template_init,auroc,13,fidelity,50,0.9996130979949588,0.0005755354998702092,0.9994495326156695,0.9997766633742481
two_concepts,TinyCNN,template_init,auroc,13,cf_accuracy,50,0.9934375,0.00603298292488374,0.9917229452234886,0.9951520547765114
two_concepts,TinyCNN,template_init,auroc,13,causal_usefulness_random,50,0.03668421972082334,0.02365438149796957,0.02996171888040402,0.043406720561242666
two_concepts,TinyCNN,template_init,auroc,14,fidelity,50,0.999829446756406,0.0002359425797233016,0.999762392617171,0.9998965008956409
two_concepts,TinyCNN,template_init,auroc,14,cf_accuracy,50,0.9937890625,0.006057836882527665,0.9920674443068795,0.9955106806931204
two_concepts,TinyCNN,template_init,auroc,14,causal_usefulness_random,50,0.016306160084633637,0.015219257017117486,0.011980895097387527,0.020631425071879747
two_concepts,TinyCNN,template_init,auroc,15,fidelity,50,0.9999326649055135,0.00011504445801931797,0.9998999696323022,0.9999653601787247
two_concepts,TinyCNN,template_init,auroc,15,cf_accuracy,50,0.9938671875,0.005892629908024094,0.9921925206095394,0.9955418543904606
two_concepts,TinyCNN,template_init,auroc,15,causal_usefulness_random,50,0.0034037486487423995,0.0035906156914586682,0.00238330695993622,0.004424190337548579
two_concepts,TinyCNN,template_init,auroc,16,fidelity,50,1.0,0.0,1.0,1.0
two_concepts,TinyCNN,template_init,auroc,16,cf_accuracy,50,0.993671875,0.006056165985548555,0.9919507316705469,0.995393018329453
two_concepts,TinyCNN,template_init,auroc,16,causal_usefulness_random,50,0.0,0.0,0.0,0.0
two_concepts,TinyCNN,template_init,validation_patch,1,fidelity,50,0.15356407635098318,0.06955290031241135,0.1337973607915879,0.17333079191037845
two_concepts,TinyCNN,template_init,validation_patch,1,cf_accuracy,50,0.046015625,0.047273826820430846,0.03258055207038385,0.059450697929616145
two_concepts,TinyCNN,template_init,validation_patch,1,causal_usefulness_random,50,0.1274701037680939,0.06491949948280926,0.10902018615472284,0.14592002138146495
two_concepts,TinyCNN,template_init,validation_patch,1,causal_usefulness_energy,50,0.13284063202170557,0.06772434795214663,0.11359358529320682,0.15208767875020432
two_concepts,TinyCNN,template_init,validation_patch,2,fidelity,50,0.4910367264446797,0.0986041702165509,0.46301373133037027,0.5190597215589892
two_concepts,TinyCNN,template_init,validation_patch,2,cf_accuracy,50,0.3391796875,0.11168148333276956,0.3074401611197281,0.3709192138802719
two_concepts,TinyCNN,template_init,validation_patch,2,causal_usefulness_random,50,0.42370085465072416,0.09357211682256941,0.39710795328767085,0.45029375601377747
two_concepts,TinyCNN,template_init,validation_patch,2,causal_usefulness_energy,50,0.38492655211551435,0.08872044429551418,0.3597124808285452,0.41014062340248353
two_concepts,TinyCNN,template_init,validation_patch,3,fidelity,50,0.7458088148416846,0.09458832699353288,0.7189271097435207,0.7726905199398485
two_concepts,TinyCNN,template_init,validation_patch,3,cf_accuracy,50,0.647421875,0.11675104735783652,0.6142415944650699,0.6806021555349302
two_concepts,TinyCNN,template_init,validation_patch,3,causal_usefulness_random,50,0.6239055574891637,0.09536018205261812,0.5968044936103093,0.651006621368018
two_concepts,TinyCNN,template_init,validation_patch,4,fidelity,50,0.8714352346186973,0.06579766412950926,0.8527357453741267,0.890134723863268
two_concepts,TinyCNN,template_init,validation_patch,4,cf_accuracy,50,0.81453125,0.08855374489322379,0.7893645541589748,0.8396979458410253
two_concepts,TinyCNN,template_init,validation_patch,4,causal_usefulness_random,50,0.6723756103869252,0.08328493221510368,0.6487062945412176,0.6960449262326327
two_concepts,TinyCNN,template_init,validation_patch,4,causal_usefulness_energy,50,0.592259517073,0.10225570918828499,0.5631987660652036,0.6213202680807963
two_concepts,TinyCNN,template_init,validation_patch,5,fidelity,50,0.9363171615330428,0.050136877781168425,0.922068418523261,0.9505659045428245
two_concepts,TinyCNN,template_init,validation_patch,5,cf_accuracy,50,0.9063671875,0.06549424620205027,0.8877539286763142,0.9249804463236858
two_concepts,TinyCNN,template_init,validation_patch,5,causal_usefulness_random,50,0.6486448862698783,0.06826761237534866,0.6292434455006028,0.6680463270391537
two_concepts,TinyCNN,template_init,validation_patch,6,fidelity,50,0.9673024063915183,0.03898946828421054,0.9562217221076952,0.9783830906753415
two_concepts,TinyCNN,template_init,validation_patch,6,cf_accuracy,50,0.950546875,0.05213445487510502,0.9357304268615111,0.9653633231384889
two_concepts,TinyCNN,template_init,validation_patch,6,causal_usefulness_random,50,0.5722474927101441,0.07614864506416985,0.5506062872326466,0.5938886981876416
two_concepts,TinyCNN,template_init,validation_patch,7,fidelity,50,0.9851704916945448,0.021498986874922445,0.9790605472283479,0.9912804361607418
two_concepts,TinyCNN,template_init,validation_patch,7,cf_accuracy,50,0.974140625,0.03168925582197194,0.9651346381423958,0.9831466118576042
two_concepts,TinyCNN,template_init,validation_patch,7,causal_usefulness_random,50,0.48007259694107646,0.07152984066309288,0.45974404115051487,0.5004011527316381
two_concepts,TinyCNN,template_init,validation_patch,8,fidelity,50,0.994093599766993,0.00822382418559227,0.9917564147932979,0.996430784740688
two_concepts,TinyCNN,template_init,validation_patch,8,cf_accuracy,50,0.986328125,0.012828754389031975,0.9826822333427101,0.9899740166572899
two_concepts,TinyCNN,template_init,validation_patch,8,causal_usefulness_random,50,0.38172889628930123,0.06912172425138166,0.3620847196106156,0.40137307296798685
two_concepts,TinyCNN,template_init,validation_patch,8,causal_usefulness_energy,50,0.32491789850008423,0.08091587787689429,0.3019218604477944,0.34791393655237407
two_concepts,TinyCNN,template_init,validation_patch,9,fidelity,50,0.99729246287115,0.003196964181510417,0.9963838957036323,0.9982010300386678
two_concepts,TinyCNN,template_init,validation_patch,9,cf_accuracy,50,0.990859375,0.006816720894476227,0.9889220843569978,0.9927966656430022
two_concepts,TinyCNN,template_init,validation_patch,9,causal_usefulness_random,50,0.29033007801993277,0.06877198253694779,0.270785296836725,0.30987485920314056
two_concepts,TinyCNN,template_init,validation_patch,10,fidelity,50,0.9986619407371254,0.0011217584728080298,0.9983431405065277,0.9989807409677232
two_concepts,TinyCNN,template_init,validation_patch,10,cf_accuracy,50,0.99234375,0.006505844482941819,0.9904948094556036,0.9941926905443963
two_concepts,TinyCNN,template_init,validation_patch,10,causal_usefulness_random,50,0.19702702757984084,0.062293350155106696,0.17932345334746508,0.2147306018122166
two_concepts,TinyCNN,template_init,validation_patch,11,fidelity,50,0.9992671982253519,0.0005441068886305767,0.9991125647585496,0.9994218316921543
two_concepts,TinyCNN,template_init,validation_patch,11,cf_accuracy,50,0.9933984375,0.006373466585099817,0.9915871183379076,0.9952097566620924
two_concepts,TinyCNN,template_init,validation_patch,11,causal_usefulness_random,50,0.1259007883474405,0.045433307458921435,0.11298878523284435,0.13881279146203668
two_concepts,TinyCNN,template_init,validation_patch,12,fidelity,50,0.9995244462453148,0.0004977172902633029,0.9993829965564961,0.9996658959341335
two_concepts,TinyCNN,template_init,validation_patch,12,cf_accuracy,50,0.9936328125,0.006135982684303526,0.9918889855157447,0.9953766394842554
two_concepts,TinyCNN,template_init,validation_patch,12,causal_usefulness_random,50,0.07236212437971912,0.034542702821206556,0.06254519685760873,0.0821790519018295
two_concepts,TinyCNN,template_init,validation_patch,13,fidelity,50,0.9997246466150459,0.000289881215376785,0.9996422632851686,0.9998070299449232
two_concepts,TinyCNN,template_init,validation_patch,13,cf_accuracy,50,0.9941015625,0.005885755875820137,0.9924288491878764,0.9957742758121236
two_concepts,TinyCNN,template_init,validation_patch,13,causal_usefulness_random,50,0.036795768340910306,0.02381877755842809,0.030026546657052785,0.043564990024767825
two_concepts,TinyCNN,template_init,validation_patch,14,fidelity,50,0.9998043763090891,0.0002213182482487832,0.9997414783588731,0.9998672742593052
two_concepts,TinyCNN,template_init,validation_patch,14,cf_accuracy,50,0.9942578125,0.005804778591829273,0.9926081126773532,0.9959075123226468
two_concepts,TinyCNN,template_init,validation_patch,14,causal_usefulness_random,50,0.016281089637316604,0.015204466702341112,0.01196002801102173,0.02060215126361148
two_concepts,TinyCNN,template_init,validation_patch,15,fidelity,50,0.9998908761576066,0.0002122298759545037,0.9998305610942181,0.9999511912209952
two_concepts,TinyCNN,template_init,validation_patch,15,cf_accuracy,50,0.9941015625,0.0058192450183598005,0.992447751364423,0.9957553736355771
two_concepts,TinyCNN,template_init,validation_patch,15,causal_usefulness_random,50,0.0033619599008356603,0.003583688044999011,0.0023434870273693017,0.004380432774302018
two_concepts,TinyCNN,template_init,validation_patch,16,fidelity,50,1.0,0.0,1.0,1.0
two_concepts,TinyCNN,template_init,validation_patch,16,cf_accuracy,50,0.993671875,0.006056165985548555,0.9919507316705469,0.995393018329453
two_concepts,TinyCNN,template_init,validation_patch,16,causal_usefulness_random,50,0.0,0.0,0.0,0.0
two_concepts,TwoLayerCNN,release_default,contrast,1,fidelity,50,0.006437838422477158,0.004796040760907087,0.005074818719398016,0.0078008581255563
two_concepts,TwoLayerCNN,release_default,contrast,1,cf_accuracy,50,0.005625,0.005332672908660845,0.00410947112797132,0.0071405288720286795
two_concepts,TwoLayerCNN,release_default,contrast,1,causal_usefulness_random,50,0.0013689730537648668,0.004315889737215497,0.00014241076178193065,0.002595535345747803
two_concepts,TwoLayerCNN,release_default,contrast,1,causal_usefulness_energy,50,0.0014046289152639423,0.004180158972770169,0.00021664087973040022,0.0025926169507974844
two_concepts,TwoLayerCNN,release_default,contrast,2,fidelity,50,0.025899935137516348,0.019167187924261857,0.020452680600745402,0.03134718967428729
two_concepts,TwoLayerCNN,release_default,contrast,2,cf_accuracy,50,0.01328125,0.011922913291976282,0.0098927955340721,0.0166697044659279
two_concepts,TwoLayerCNN,release_default,contrast,2,causal_usefulness_random,50,0.009351460786698507,0.018755299606191028,0.004021263614738716,0.0146816579586583
two_concepts,TwoLayerCNN,release_default,contrast,2,causal_usefulness_energy,50,0.0068463193754925485,0.015084098419621501,0.00255946603664801,0.011133172714337086
two_concepts,TwoLayerCNN,release_default,contrast,3,fidelity,50,0.06904477403165687,0.04808062094925689,0.055380412747595954,0.0827091353157178
two_concepts,TwoLayerCNN,release_default,contrast,3,cf_accuracy,50,0.0367578125,0.030792474426162536,0.02800668809515193,0.04550893690484807
two_concepts,TwoLayerCNN,release_default,contrast,3,causal_usefulness_random,50,0.024540179233823223,0.04642255568810242,0.011347034883189108,0.03773332358445734
two_concepts,TwoLayerCNN,release_default,contrast,4,fidelity,50,0.13447158625921787,0.07548021355109494,0.11302034691585051,0.15592282560258522
two_concepts,TwoLayerCNN,release_default,contrast,4,cf_accuracy,50,0.074453125,0.055185810518983205,0.058769491182521796,0.0901367588174782
two_concepts,TwoLayerCNN,release_default,contrast,4,causal_usefulness_random,50,0.0373920471771221,0.07376545243951586,0.016428137549591874,0.058355956804652324
two_concepts,TwoLayerCNN,release_default,contrast,4,causal_usefulness_energy,50,0.02099055407106327,0.06047747194491725,0.0038030467159865695,0.03817806142613997
two_concepts,TwoLayerCNN,release_default,contrast,5,fidelity,50,0.22893783605431525,0.10202645287913716,0.1999422389686812,0.25793343313994926
two_concepts,TwoLayerCNN,release_default,contrast,5,cf_accuracy,50,0.13921875,0.0874479889949278,0.11436630650821633,0.16407119349178367
two_concepts,TwoLayerCNN,release_default,contrast,5,causal_usefulness_random,50,0.041622431165997356,0.10332616355197952,0.012257460394087285,0.07098740193790742
two_concepts,TwoLayerCNN,release_default,contrast,6,fidelity,50,0.3530321961144685,0.12470835990537528,0.3175904723753311,0.3884739198536059
two_concepts,TwoLayerCNN,release_default,contrast,6,cf_accuracy,50,0.24484375,0.11736325574483449,0.2114894817665769,0.2781980182334231
two_concepts,TwoLayerCNN,release_default,contrast,6,causal_usefulness_random,50,0.050907110309172145,0.12817168300363913,0.014481121035942415,0.08733309958240187
two_concepts,TwoLayerCNN,release_default,contrast,7,fidelity,50,0.4891651484669277,0.13986948934663318,0.44941467941482105,0.5289156175190344
two_concepts,TwoLayerCNN,release_default,contrast,7,cf_accuracy,50,0.3766796875,0.14383201933246959,0.33580307988611113,0.4175562951138889
two_concepts,TwoLayerCNN,release_default,contrast,7,causal_usefulness_random,50,0.03919016629200419,0.14540641123688522,-0.0021338785504375485,0.08051421113444593
two_concepts,TwoLayerCNN,release_default,contrast,8,fidelity,50,0.6040489200938446,0.13904623608818922,0.5645324170290643,0.6435654231586249
two_concepts,TwoLayerCNN,release_default,contrast,8,cf_accuracy,50,0.49875,0.1572229156670801,0.45406774175554554,0.5434322582444545
two_concepts,TwoLayerCNN,release_default,contrast,8,causal_usefulness_random,50,0.0008701931496057614,0.14583794653592083,-0.04057649266785731,0.04231687896706884
two_concepts,TwoLayerCNN,release_default,contrast,8,causal_usefulness_energy,50,-0.023434620077499756,0.12240094399417381,-0.05822058347035289,0.011351343315353379
two_concepts,TwoLayerCNN,release_default,contrast,9,fidelity,50,0.7263324205145342,0.11582149601092587,0.6934163155494178,0.7592485254796505
two_concepts,TwoLayerCNN,release_default,contrast,9,cf_accuracy,50,0.6392578125,0.13922921177000344,0.599689308321816,0.678826316678184
two_concepts,TwoLayerCNN,release_default,contrast,9,causal_usefulness_random,50,-0.01563739817955982,0.12509512562350797,-0.05118903951960409,0.019914243160484447
two_concepts,TwoLayerCNN,release_default,contrast,10,fidelity,50,0.8364783602922458,0.08419957061886973,0.8125491070882723,0.8604076134962192
two_concepts,TwoLayerCNN,release_default,contrast,10,cf_accuracy,50,0.77734375,0.10695158825072529,0.7469484449288698,0.8077390550711302
two_concepts,TwoLayerCNN,release_default,contrast,10,causal_usefulness_random,50,-0.01582390372982592,0.09251681764628195,-0.0421168923853711,0.010469084925719262
two_concepts,TwoLayerCNN,release_default,contrast,11,fidelity,50,0.9048698544810969,0.05683506483594235,0.8887175077728262,0.9210222011893676
two_concepts,TwoLayerCNN,release_default,contrast,11,cf_accuracy,50,0.867109375,0.07350196807993026,0.8462203467989363,0.8879984032010636
two_concepts,TwoLayerCNN,release_default,contrast,11,causal_usefulness_random,50,-0.02037739196312383,0.060575592117908715,-0.037592784762825404,-0.0031619991634222536
two_concepts,TwoLayerCNN,release_default,contrast,12,fidelity,50,0.9587708766269272,0.029925026455667924,0.9502662782075998,0.9672754750462546
two_concepts,TwoLayerCNN,release_default,contrast,12,cf_accuracy,50,0.9360546875,0.042854109157183184,0.9238756844324577,0.9482336905675423
two_concepts,TwoLayerCNN,release_default,contrast,12,causal_usefulness_random,50,-0.00872119966351146,0.030043251058607067,-0.017259397143236346,-0.00018300218378657432
two_concepts,TwoLayerCNN,release_default,contrast,13,fidelity,50,0.9848225597121723,0.012945007711657885,0.9811436292261511,0.9885014901981934
two_concepts,TwoLayerCNN,release_default,contrast,13,cf_accuracy,50,0.971484375,0.02029747040119778,0.9657158977374619,0.977252852262538
two_concepts,TwoLayerCNN,release_default,contrast,13,causal_usefulness_random,50,-0.0030231613354216157,0.01408628842638144,-0.0070264402118051135,0.000980117540961882
two_concepts,TwoLayerCNN,release_default,contrast,14,fidelity,50,0.9950833672968009,0.00368089951956989,0.9940372672279434,0.9961294673656584
two_concepts,TwoLayerCNN,release_default,contrast,14,cf_accuracy,50,0.98515625,0.01025936178060839,0.982240571642558,0.988071928357442
two_concepts,TwoLayerCNN,release_default,contrast,14,causal_usefulness_random,50,-0.0014054942282749193,0.0029440669001658403,-0.002242188783671112,-0.0005687996728787266
two_concepts,TwoLayerCNN,release_default,contrast,15,fidelity,50,0.9989106474539199,0.0011995328523547535,0.9985697439892168,0.9992515509186229
two_concepts,TwoLayerCNN,release_default,contrast,15,cf_accuracy,50,0.9909765625,0.008571708311329876,0.9885405099516934,0.9934126150483066
two_concepts,TwoLayerCNN,release_default,contrast,15,causal_usefulness_random,50,-0.00022508669803471547,0.0007167503568257088,-0.0004287848956200242,-2.138850044940672e-05
two_concepts,TwoLayerCNN,release_default,contrast,16,fidelity,50,1.0,0.0,1.0,1.0
two_concepts,TwoLayerCNN,release_default,contrast,16,cf_accuracy,50,0.992578125,0.006981024555355358,0.9905941397732295,0.9945621102267704
two_concepts,TwoLayerCNN,release_default,contrast,16,causal_usefulness_random,50,0.0,0.0,0.0,0.0
two_concepts,TwoLayerCNN,release_default,auroc,1,fidelity,50,0.006361924283617221,0.004624096320765395,0.005047770649746323,0.00767607791748812
two_concepts,TwoLayerCNN,release_default,auroc,1,cf_accuracy,50,0.00546875,0.00480040472491218,0.004104490072073114,0.006833009927926886
two_concepts,TwoLayerCNN,release_default,auroc,1,causal_usefulness_random,50,0.0012930589149049306,0.004215141784405099,9.512887430834153e-05,0.0024909889555015195
two_concepts,TwoLayerCNN,release_default,auroc,1,causal_usefulness_energy,50,0.001378977822894824,0.004058404557606302,0.0002255920092935743,0.002532363636496074
two_concepts,TwoLayerCNN,release_default,auroc,2,fidelity,50,0.025360002656696266,0.018449123675929373,0.020116819721345318,0.030603185592047215
two_concepts,TwoLayerCNN,release_default,auroc,2,cf_accuracy,50,0.01296875,0.011311481660107077,0.00975406248119995,0.01618343751880005
two_concepts,TwoLayerCNN,release_default,auroc,2,causal_usefulness_random,50,0.008811528305878433,0.01799022155326583,0.003698763910768779,0.013924292700988087
two_concepts,TwoLayerCNN,release_default,auroc,2,causal_usefulness_energy,50,0.006406421203377439,0.014464672384015189,0.0022956067960643997,0.010517235610690477
two_concepts,TwoLayerCNN,release_default,auroc,3,fidelity,50,0.06781708161309863,0.04873383798004448,0.053967078102931616,0.08166708512326565
two_concepts,TwoLayerCNN,release_default,auroc,3,cf_accuracy,50,0.0360546875,0.030894749124364643,0.027274496947526115,0.04483487805247389
two_concepts,TwoLayerCNN,release_default,auroc,3,causal_usefulness_random,50,0.023312486815264977,0.04730263220267299,0.009869227486594264,0.03675574614393569
two_concepts,TwoLayerCNN,release_default,auroc,4,fidelity,50,0.12390505018977295,0.06879542162809979,0.10435360769056407,0.14345649268898183
two_concepts,TwoLayerCNN,release_default,auroc,4,cf_accuracy,50,0.06734375,0.0484129993787707,0.05358492781143664,0.08110257218856334
two_concepts,TwoLayerCNN,release_default,auroc,4,causal_usefulness_random,50,0.0268255111076772,0.07024316897812212,0.006862623364039696,0.04678839885131471
two_concepts,TwoLayerCNN,release_default,auroc,4,causal_usefulness_energy,50,0.015560445842062358,0.05910657653320038,-0.0012374573477908855,0.032358349031915604
two_concepts,TwoLayerCNN,release_default,auroc,5,fidelity,50,0.22074579870078753,0.09854690363441605,0.19273907856904576,0.2487525188325293
two_concepts,TwoLayerCNN,release_default,auroc,5,cf_accuracy,50,0.134375,0.08408766859205605,0.11047754900017062,0.15827245099982937
two_concepts,TwoLayerCNN,release_default,auroc,5,causal_usefulness_random,50,0.03343039381246966,0.10108581459169627,0.004702123170285212,0.0621586644546541
two_concepts,TwoLayerCNN,release_default,auroc,6,fidelity,50,0.3577913590214255,0.12439619097270527,0.32243835271133636,0.39314436533151464
two_concepts,TwoLayerCNN,release_default,auroc,6,cf_accuracy,50,0.248046875,0.11664548334965107,0.21489659542424966,0.28119715457575034
two_concepts,TwoLayerCNN,release_default,auroc,6,causal_usefulness_random,50,0.055666273216129145,0.1260688259108953,0.01983790931621411,0.09149463711604418
two_concepts,TwoLayerCNN,release_default,auroc,7,fidelity,50,0.4865519081671455,0.14405408364936972,0.44561219057267576,0.5274916257616152
two_concepts,TwoLayerCNN,release_default,auroc,7,cf_accuracy,50,0.3747265625,0.14543818048234824,0.3333934889378962,0.41605963606210383
two_concepts,TwoLayerCNN,release_default,auroc,7,causal_usefulness_random,50,0.03657692599222195,0.14587969326089642,-0.004881624113206431,0.07803547609765032
two_concepts,TwoLayerCNN,release_default,auroc,8,fidelity,50,0.6007965967430802,0.1360052317124105,0.562144337559445,0.6394488559267153
two_concepts,TwoLayerCNN,release_default,auroc,8,cf_accuracy,50,0.4942578125,0.14974158728047568,0.4517017242579494,0.5368139007420506
two_concepts,TwoLayerCNN,release_default,auroc,8,causal_usefulness_random,50,-0.002382130201158753,0.14242379590170753,-0.04285852514418965,0.03809426474187214
two_concepts,TwoLayerCNN,release_default,auroc,8,causal_usefulness_energy,50,-0.029166963018939687,0.11738129501025808,-0.06252635795487163,0.004192431916992263
two_concepts,TwoLayerCNN,release_default,auroc,9,fidelity,50,0.7174186433422066,0.12007402269457243,0.6832939836656863,0.751543303018727
two_concepts,TwoLayerCNN,release_default,auroc,9,cf_accuracy,50,0.62828125,0.14403129884519697,0.5873480077752293,0.6692144922247707
two_concepts,TwoLayerCNN,release_default,auroc,9,causal_usefulness_random,50,-0.024551175351887375,0.12409799018363225,-0.05981943393541561,0.010717083231640862
two_concepts,TwoLayerCNN,release_default,auroc,10,fidelity,50,0.8310830761099688,0.0763032750040379,0.8093979252897953,0.8527682269301423
two_concepts,TwoLayerCNN,release_default,auroc,10,cf_accuracy,50,0.770078125,0.09385626550750858,0.7434044694741937,0.7967517805258062
two_concepts,TwoLayerCNN,release_default,auroc,10,causal_usefulness_random,50,-0.021219187912103168,0.08369873458458431,-0.04500610509001372,0.0025677292658073878
two_concepts,TwoLayerCNN,release_default,auroc,11,fidelity,50,0.9059308203642595,0.05170626917410146,0.8912360612555641,0.920625579472955
two_concepts,TwoLayerCNN,release_default,auroc,11,cf_accuracy,50,0.86609375,0.0656411791432361,0.8474387332964604,0.8847487667035396
two_concepts,TwoLayerCNN,release_default,auroc,11,causal_usefulness_random,50,-0.019316426079961212,0.054865346775974,-0.034908985109375804,-0.0037238670505466195
two_concepts,TwoLayerCNN,release_default,auroc,12,fidelity,50,0.9550100513656422,0.032731561863373004,0.9457078444086077,0.9643122583226768
two_concepts,TwoLayerCNN,release_default,auroc,12,cf_accuracy,50,0.9309765625,0.04647236529711173,0.917769262415112,0.9441838625848881
two_concepts,TwoLayerCNN,release_default,auroc,12,causal_usefulness_random,50,-0.012482024924796336,0.03377464301174803,-0.022080672264225953,-0.00288337758536672
two_concepts,TwoLayerCNN,release_default,auroc,13,fidelity,50,0.9849218257160826,0.012938672987883036,0.9812446955386387,0.9885989558935264
two_concepts,TwoLayerCNN,release_default,auroc,13,cf_accuracy,50,0.97171875,0.019392202750156795,0.9662075469572697,0.9772299530427302
two_concepts,TwoLayerCNN,release_default,auroc,13,causal_usefulness_random,50,-0.002923895331511526,0.013609418671341685,-0.006791649323031707,0.000943858660008655
two_concepts,TwoLayerCNN,release_default,auroc,14,fidelity,50,0.99553438277655,0.003266930356736525,0.994605931442042,0.9964628341110581
two_concepts,TwoLayerCNN,release_default,auroc,14,cf_accuracy,50,0.9859375,0.010228963604812144,0.9830304607085322,0.9888445392914679
two_concepts,TwoLayerCNN,release_default,auroc,14,causal_usefulness_random,50,-0.0009544787485258644,0.0025769997219261785,-0.0016868539661106545,-0.00022210353094107428
two_concepts,TwoLayerCNN,release_default,auroc,15,fidelity,50,0.9989827821413634,0.0011891814459317205,0.9986448205138158,0.999320743768911
two_concepts,TwoLayerCNN,release_default,auroc,15,cf_accuracy,50,0.990703125,0.008694977213702819,0.9882320398172586,0.9931742101827414
two_concepts,TwoLayerCNN,release_default,auroc,15,causal_usefulness_random,50,-0.00015295201059117858,0.0006912138667384742,-0.0003493928179932974,4.3488796810940255e-05
two_concepts,TwoLayerCNN,release_default,auroc,16,fidelity,50,1.0,0.0,1.0,1.0
two_concepts,TwoLayerCNN,release_default,auroc,16,cf_accuracy,50,0.992578125,0.006981024555355358,0.9905941397732295,0.9945621102267704
two_concepts,TwoLayerCNN,release_default,auroc,16,causal_usefulness_random,50,0.0,0.0,0.0,0.0
two_concepts,TwoLayerCNN,release_default,validation_patch,1,fidelity,50,0.014479189016064185,0.006503623896381941,0.012630879555385551,0.016327498476742818
two_concepts,TwoLayerCNN,release_default,validation_patch,1,cf_accuracy,50,0.0082421875,0.006699799188909736,0.006338125638059011,0.010146249361940987
two_concepts,TwoLayerCNN,release_default,validation_patch,1,causal_usefulness_random,50,0.009410323647351894,0.0051910827856374835,0.007935034243055708,0.01088561305164808
two_concepts,TwoLayerCNN,release_default,validation_patch,1,causal_usefulness_energy,50,0.00976945403209103,0.005148201385180293,0.00830635138696403,0.01123255667721803
two_concepts,TwoLayerCNN,release_default,validation_patch,2,fidelity,50,0.06746048809680841,0.029062017748305965,0.059201154038378764,0.07571982215523805
two_concepts,TwoLayerCNN,release_default,validation_patch,2,cf_accuracy,50,0.0312890625,0.018868251220436578,0.025926764834448456,0.03665136016555154
two_concepts,TwoLayerCNN,release_default,validation_patch,2,causal_usefulness_random,50,0.050912013745990574,0.026248820939687598,0.04345218137446089,0.058371846117520255
two_concepts,TwoLayerCNN,release_default,validation_patch,2,causal_usefulness_energy,50,0.044311698142512866,0.02271853329212632,0.037855162419415514,0.05076823386561022
two_concepts,TwoLayerCNN,release_default,validation_patch,3,fidelity,50,0.18849295523006876,0.06835816505032881,0.16906577967530723,0.2079201307848303
two_concepts,TwoLayerCNN,release_default,validation_patch,3,cf_accuracy,50,0.1062109375,0.053440318658692844,0.09102336698050972,0.12139850801949029
two_concepts,TwoLayerCNN,release_default,validation_patch,3,causal_usefulness_random,50,0.14398836043223512,0.06304461626434177,0.12607127873397425,0.16190544213049599
two_concepts,TwoLayerCNN,release_default,validation_patch,4,fidelity,50,0.38798196063530843,0.10347778688253223,0.3585738989896355,0.4173900222809814
two_concepts,TwoLayerCNN,release_default,validation_patch,4,cf_accuracy,50,0.262421875,0.10316098823191203,0.23310384653465863,0.2917399034653414
two_concepts,TwoLayerCNN,release_default,validation_patch,4,causal_usefulness_random,50,0.29090242155321283,0.09708608374698773,0.2633108618399238,0.31849398126650186
two_concepts,TwoLayerCNN,release_default,validation_patch,4,causal_usefulness_energy,50,0.24832615276856182,0.09637111578242688,0.22093778470258119,0.27571452083454245
two_concepts,TwoLayerCNN,release_default,validation_patch,5,fidelity,50,0.6003355735841499,0.11334517744040314,0.5681232305699818,0.632547916598318
two_concepts,TwoLayerCNN,release_default,validation_patch,5,cf_accuracy,50,0.4801953125,0.13063818092620819,0.44306835227308944,0.5173222727269107
two_concepts,TwoLayerCNN,release_default,validation_patch,5,causal_usefulness_random,50,0.41302016869583213,0.11549605134042534,0.38019655408270986,0.4458437833089544
two_concepts,TwoLayerCNN,release_default,validation_patch,6,fidelity,50,0.7716450360910033,0.08920927826900783,0.7462920397259077,0.7969980324560989
two_concepts,TwoLayerCNN,release_default,validation_patch,6,cf_accuracy,50,0.6893359375,0.11198833479341985,0.657509204899507,0.721162670100493
two_concepts,TwoLayerCNN,release_default,validation_patch,6,causal_usefulness_random,50,0.46951995028570714,0.10394921190963655,0.43997791112972917,0.4990619894416851
two_concepts,TwoLayerCNN,release_default,validation_patch,7,fidelity,50,0.8850257020447029,0.05933333878455717,0.8681633537360689,0.9018880503533369
two_concepts,TwoLayerCNN,release_default,validation_patch,7,cf_accuracy,50,0.840703125,0.07679954226869949,0.8188769365837242,0.8625293134162758
two_concepts,TwoLayerCNN,release_default,validation_patch,7,causal_usefulness_random,50,0.43505071986977933,0.07322054985019233,0.41424166984468636,0.4558597698948723
two_concepts,TwoLayerCNN,release_default,validation_patch,8,fidelity,50,0.9436146656824451,0.03792936648449659,0.932835258996606,0.9543940723682842
two_concepts,TwoLayerCNN,release_default,validation_patch,8,cf_accuracy,50,0.9180078125,0.05150353735378732,0.9033706691371467,0.9326449558628532
two_concepts,TwoLayerCNN,release_default,validation_patch,8,causal_usefulness_random,50,0.3404359387382062,0.05268107097510431,0.3254641440229342,0.3554077334534782
two_concepts,TwoLayerCNN,release_default,validation_patch,8,causal_usefulness_energy,50,0.25799340036167423,0.07515761578385148,0.23663384228934742,0.27935295843400104
two_concepts,TwoLayerCNN,release_default,validation_patch,9,fidelity,50,0.9729455865651683,0.02241208551990936,0.9665761423353086,0.9793150307950279
two_concepts,TwoLayerCNN,release_default,validation_patch,9,cf_accuracy,50,0.9596484375,0.03027468469698855,0.9510444673079911,0.9682524076920088
two_concepts,TwoLayerCNN,release_default,validation_patch,9,causal_usefulness_random,50,0.2309757678710742,0.046547985647841204,0.21774697672029739,0.24420455902185104
two_concepts,TwoLayerCNN,release_default,validation_patch,10,fidelity,50,0.9875052670972495,0.012467448607070969,0.9839620574070653,0.9910484767874337
two_concepts,TwoLayerCNN,release_default,validation_patch,10,cf_accuracy,50,0.9775390625,0.017744526658755137,0.9724961238213217,0.9825820011786783
two_concepts,TwoLayerCNN,release_default,validation_patch,10,causal_usefulness_random,50,0.13520300307517794,0.03811961050385963,0.12436952963725903,0.14603647651309684
two_concepts,TwoLayerCNN,release_default,validation_patch,11,fidelity,50,0.9939097520548722,0.006019771341718415,0.9921989519687525,0.9956205521409919
two_concepts,TwoLayerCNN,release_default,validation_patch,11,cf_accuracy,50,0.98578125,0.011477371658534795,0.9825194170652887,0.9890430829347114
two_concepts,TwoLayerCNN,release_default,validation_patch,11,causal_usefulness_random,50,0.0686625056106515,0.024245593009011187,0.06177198431786127,0.07555302690344173
two_concepts,TwoLayerCNN,release_default,validation_patch,12,fidelity,50,0.9970031588036743,0.0027413044217176243,0.9962240887070656,0.997782228900283
two_concepts,TwoLayerCNN,release_default,validation_patch,12,cf_accuracy,50,0.99,0.008044622418516926,0.9877137436050071,0.9922862563949929
two_concepts,TwoLayerCNN,release_default,validation_patch,12,causal_usefulness_random,50,0.029511082513235597,0.014127536046341966,0.025496081192962636,0.03352608383350856
two_concepts,TwoLayerCNN,release_default,validation_patch,13,fidelity,50,0.9983861472723247,0.0015938862882726055,0.9979331698011799,0.9988391247434695
two_concepts,TwoLayerCNN,release_default,validation_patch,13,cf_accuracy,50,0.9916796875,0.007495252702742288,0.9895495602507348,0.9938098147492652
two_concepts,TwoLayerCNN,release_default,validation_patch,13,causal_usefulness_random,50,0.010540426224730585,0.006843133610461251,0.008595629170900357,0.012485223278560813
two_concepts,TwoLayerCNN,release_default,validation_patch,14,fidelity,50,0.9991817812225993,0.0009145006949100305,0.9989218830007571,0.9994416794444414
two_concepts,TwoLayerCNN,release_default,validation_patch,14,cf_accuracy,50,0.9927734375,0.0064627426461498156,0.9909367463620861,0.994610128637914
two_concepts,TwoLayerCNN,release_default,validation_patch,14,causal_usefulness_random,50,0.0026929196975233505,0.0018793862580651437,0.0021588040327193505,0.0032270353623273505
two_concepts,TwoLayerCNN,release_default,validation_patch,15,fidelity,50,0.9997309517362949,0.0003996447936704503,0.9996173739426185,0.9998445295299713
two_concepts,TwoLayerCNN,release_default,validation_patch,15,cf_accuracy,50,0.993046875,0.006388960616679335,0.9912311524828537,0.9948625975171463
two_concepts,TwoLayerCNN,release_default,validation_patch,15,causal_usefulness_random,50,0.0005952175843403773,0.000726482253557506,0.0003887536123058826,0.000801681556374872
two_concepts,TwoLayerCNN,release_default,validation_patch,16,fidelity,50,1.0,0.0,1.0,1.0
two_concepts,TwoLayerCNN,release_default,validation_patch,16,cf_accuracy,50,0.992578125,0.006981024555355358,0.9905941397732295,0.9945621102267704
two_concepts,TwoLayerCNN,release_default,validation_patch,16,causal_usefulness_random,50,0.0,0.0,0.0,0.0
two_concepts,TwoLayerCNN,release_early,contrast,1,fidelity,50,0.007445462885774372,0.0047183061376844726,0.006104535118178243,0.008786390653370502
two_concepts,TwoLayerCNN,release_early,contrast,1,cf_accuracy,50,0.0063671875,0.005591645947705933,0.004778059304616533,0.007956315695383466
two_concepts,TwoLayerCNN,release_early,contrast,1,causal_usefulness_random,50,0.00274751095815162,0.004444945631674197,0.0014842713867803325,0.004010750529522908
two_concepts,TwoLayerCNN,release_early,contrast,1,causal_usefulness_energy,50,0.002945507320379443,0.004319141710981174,0.0017180208276781467,0.00417299381308074
two_concepts,TwoLayerCNN,release_early,contrast,2,fidelity,50,0.027380110347842716,0.019957645290956758,0.021708210313053644,0.03305201038263179
two_concepts,TwoLayerCNN,release_early,contrast,2,cf_accuracy,50,0.0141015625,0.012933252704951449,0.010425972749921155,0.017777152250078844
two_concepts,TwoLayerCNN,release_early,contrast,2,causal_usefulness_random,50,0.011897798115611364,0.019439909634298397,0.006373036926422615,0.017422559304800113
two_concepts,TwoLayerCNN,release_early,contrast,2,causal_usefulness_energy,50,0.00998390838345248,0.016747973704643097,0.005224186920667742,0.014743629846237217
two_concepts,TwoLayerCNN,release_early,contrast,3,fidelity,50,0.07180336387325408,0.049321515512144816,0.057786344256418654,0.0858203834900895
two_concepts,TwoLayerCNN,release_early,contrast,3,cf_accuracy,50,0.0385546875,0.03496709405588588,0.028617149323493803,0.04849222567650619
two_concepts,TwoLayerCNN,release_early,contrast,3,causal_usefulness_random,50,0.029801921154789798,0.04690567818990607,0.016471474908323853,0.04313236740125574
two_concepts,TwoLayerCNN,release_early,contrast,4,fidelity,50,0.13329831160233876,0.06745771476680153,0.11412704118668592,0.15246958201799163
two_concepts,TwoLayerCNN,release_early,contrast,4,cf_accuracy,50,0.07546875,0.05445748137018743,0.05999210503637544,0.09094539496362455
two_concepts,TwoLayerCNN,release_early,contrast,4,causal_usefulness_random,50,0.04021585452782215,0.06561932280401789,0.02156704932716103,0.05886465972848327
two_concepts,TwoLayerCNN,release_early,contrast,4,causal_usefulness_energy,50,0.03527776356302134,0.059938742652877464,0.018243361378705785,0.052312165747336895
two_concepts,TwoLayerCNN,release_early,contrast,5,fidelity,50,0.22003598850409284,0.0934558439126928,0.1934761315364058,0.24659584547177987
two_concepts,TwoLayerCNN,release_early,contrast,5,cf_accuracy,50,0.135390625,0.0759517562938468,0.11380537469191071,0.15697587530808926
two_concepts,TwoLayerCNN,release_early,contrast,5,causal_usefulness_random,50,0.03832872246892763,0.09459210765553538,0.011445942918510917,0.06521150201934434
two_concepts,TwoLayerCNN,release_early,contrast,6,fidelity,50,0.3440271907397301,0.11599566675038403,0.31106158699814035,0.37699279448131984
two_concepts,TwoLayerCNN,release_early,contrast,6,cf_accuracy,50,0.2362890625,0.10833188729191932,0.2055014807817187,0.2670766442182813
two_concepts,TwoLayerCNN,release_early,contrast,6,causal_usefulness_random,50,0.04682380801653392,0.12380548179186884,0.011638679398150956,0.08200893663491689
two_concepts,TwoLayerCNN,release_early,contrast,7,fidelity,50,0.4777589159508821,0.1295389861750205,0.44094434341583644,0.5145734884859278
two_concepts,TwoLayerCNN,release_early,contrast,7,cf_accuracy,50,0.36203125,0.13024651597898954,0.3250155997194969,0.39904690028050316
two_concepts,TwoLayerCNN,release_early,contrast,7,causal_usefulness_random,50,0.030554856486511562,0.13261884222831066,-0.007135001454258643,0.06824471442728176
two_concepts,TwoLayerCNN,release_early,contrast,8,fidelity,50,0.6068464593404763,0.13401642202292224,0.5687594136167732,0.6449335050641795
two_concepts,TwoLayerCNN,release_early,contrast,8,cf_accuracy,50,0.5005859375,0.1473231460008795,0.4587171626648118,0.5424547123351883
two_concepts,TwoLayerCNN,release_early,contrast,8,causal_usefulness_random,50,0.005461121279049668,0.14264095014259842,-0.035076988216399985,0.045999230774499314
two_concepts,TwoLayerCNN,release_early,contrast,8,causal_usefulness_energy,50,-0.003977659881217121,0.10971549640133056,-0.035158458957628334,0.02720313919519409
two_concepts,TwoLayerCNN,release_early,contrast,9,fidelity,50,0.7340487109016018,0.13221291853807954,0.6964742151971666,0.7716232066060371
two_concepts,TwoLayerCNN,release_early,contrast,9,cf_accuracy,50,0.6518359375,0.15759585099417422,0.6070476922082821,0.6966241827917179
two_concepts,TwoLayerCNN,release_early,contrast,9,causal_usefulness_random,50,-0.00917041666619391,0.13771779747778448,-0.04830938165517802,0.0299685483227902
two_concepts,TwoLayerCNN,release_early,contrast,10,fidelity,50,0.8490063026450462,0.08377461645276942,0.8251978200788083,0.8728147852112841
two_concepts,TwoLayerCNN,release_early,contrast,10,cf_accuracy,50,0.79125,0.10946652511692088,0.7601399577797268,0.8223600422202733
two_concepts,TwoLayerCNN,release_early,contrast,10,causal_usefulness_random,50,-0.005162675208016481,0.08741280984246941,-0.030005120895292472,0.01967977047925951
two_concepts,TwoLayerCNN,release_early,contrast,11,fidelity,50,0.9273097579465248,0.04904891088015755,0.9133702117088938,0.9412493041841559
two_concepts,TwoLayerCNN,release_early,contrast,11,cf_accuracy,50,0.895078125,0.06485834757008295,0.8766455865679332,0.9135106634320667
two_concepts,TwoLayerCNN,release_early,contrast,11,causal_usefulness_random,50,-0.0003004029395792562,0.05163747933716513,-0.01497561219292731,0.014374806313768798
two_concepts,TwoLayerCNN,release_early,contrast,12,fidelity,50,0.9718077779808252,0.019855349890185236,0.9661649499772671,0.9774506059843833
two_concepts,TwoLayerCNN,release_early,contrast,12,cf_accuracy,50,0.9552734375,0.02907213437692099,0.9470112283275298,0.9635356466724703
two_concepts,TwoLayerCNN,release_early,contrast,12,causal_usefulness_random,50,0.003408190840041021,0.02286383460146176,-0.0030896390582688745,0.009906020738350917
two_concepts,TwoLayerCNN,release_early,contrast,13,fidelity,50,0.9889880112927935,0.008143836490283725,0.9866735585705835,0.9913024640150034
two_concepts,TwoLayerCNN,release_early,contrast,13,cf_accuracy,50,0.977890625,0.015095046580977739,0.9736006602281245,0.9821805897718755
two_concepts,TwoLayerCNN,release_early,contrast,13,causal_usefulness_random,50,0.00032924233723277793,0.009970910828192738,-0.0025044591665679215,0.0031629438410334778
two_concepts,TwoLayerCNN,release_early,contrast,14,fidelity,50,0.9960916993267825,0.0030829016937575513,0.9952155483596142,0.9969678502939509
two_concepts,TwoLayerCNN,release_early,contrast,14,cf_accuracy,50,0.9869921875,0.009987202454676443,0.9841538559671816,0.9898305190328183
two_concepts,TwoLayerCNN,release_early,contrast,14,causal_usefulness_random,50,-0.0005563418450673741,0.0029206811003257005,-0.0013863902296857465,0.00027370653955099825
two_concepts,TwoLayerCNN,release_early,contrast,15,fidelity,50,0.9991212531661005,0.0010032143811034115,0.9988361427936028,0.9994063635385981
two_concepts,TwoLayerCNN,release_early,contrast,15,cf_accuracy,50,0.99109375,0.008886269769578774,0.988568300074399,0.993619199925601
two_concepts,TwoLayerCNN,release_early,contrast,15,causal_usefulness_random,50,-4.173686827949386e-05,0.0006918090020384625,-0.00023834681126246388,0.00015487307470347616
two_concepts,TwoLayerCNN,release_early,contrast,16,fidelity,50,1.0,0.0,1.0,1.0
two_concepts,TwoLayerCNN,release_early,contrast,16,cf_accuracy,50,0.99296875,0.007812499999999999,0.9907484620664395,0.9951890379335604
two_concepts,TwoLayerCNN,release_early,contrast,16,causal_usefulness_random,50,0.0,0.0,0.0,0.0
two_concepts,TwoLayerCNN,release_early,auroc,1,fidelity,50,0.007216143131659527,0.004949067943634122,0.005809633584443992,0.008622652678875064
two_concepts,TwoLayerCNN,release_early,auroc,1,cf_accuracy,50,0.0062890625,0.005722111384218175,0.004662856437808877,0.007915268562191123
two_concepts,TwoLayerCNN,release_early,auroc,1,causal_usefulness_random,50,0.002518191204036775,0.004545607453116755,0.0012263438595430398,0.00381003854853051
two_concepts,TwoLayerCNN,release_early,auroc,1,causal_usefulness_energy,50,0.002608679406469047,0.004589216850155953,0.0013044384084667069,0.003912920404471387
two_concepts,TwoLayerCNN,release_early,auroc,2,fidelity,50,0.02661985438782507,0.020366722483585283,0.02083169590123595,0.03240801287441419
two_concepts,TwoLayerCNN,release_early,auroc,2,cf_accuracy,50,0.0141015625,0.012897085482963923,0.010436251360682026,0.017766873639317973
two_concepts,TwoLayerCNN,release_early,auroc,2,causal_usefulness_random,50,0.011137542155593712,0.01965588832341916,0.005551400502102753,0.01672368380908467
two_concepts,TwoLayerCNN,release_early,auroc,2,causal_usefulness_energy,50,0.00965289619149516,0.017209508489488788,0.004762007994155378,0.01454378438883494
two_concepts,TwoLayerCNN,release_early,auroc,3,fidelity,50,0.07281310609099165,0.052684046549781184,0.05784046572675318,0.08778574645523012
two_concepts,TwoLayerCNN,release_early,auroc,3,cf_accuracy,50,0.0406640625,0.03707409288789975,0.030127721880902292,0.05120040311909771
two_concepts,TwoLayerCNN,release_early,auroc,3,causal_usefulness_random,50,0.030811663372527356,0.0508996611504525,0.01634613972777059,0.04527718701728412
two_concepts,TwoLayerCNN,release_early,auroc,4,fidelity,50,0.1306407455685036,0.06517571100289672,0.11211801344678192,0.1491634776902253
two_concepts,TwoLayerCNN,release_early,auroc,4,cf_accuracy,50,0.0732421875,0.04802228856478543,0.059594404096179436,0.08688997090382056
two_concepts,TwoLayerCNN,release_early,auroc,4,causal_usefulness_random,50,0.037558288493987,0.0652996827910967,0.019000323979888694,0.0561162530080853
two_concepts,TwoLayerCNN,release_early,auroc,4,causal_usefulness_energy,50,0.03647935333723355,0.06591242454572081,0.01774724954324014,0.055211457131226965
two_concepts,TwoLayerCNN,release_early,auroc,5,fidelity,50,0.21480698752740968,0.0885451002206904,0.1896427484751352,0.23997122657968414
two_concepts,TwoLayerCNN,release_early,auroc,5,cf_accuracy,50,0.131875,0.07320403449302151,0.11107064358748234,0.15267935641251765
two_concepts,TwoLayerCNN,release_early,auroc,5,causal_usefulness_random,50,0.033099721492244535,0.08860554428146278,0.007918304427965168,0.058281138556523907
two_concepts,TwoLayerCNN,release_early,auroc,6,fidelity,50,0.333862690710545,0.11008847925229878,0.3025758910807348,0.36514949034035515
two_concepts,TwoLayerCNN,release_early,auroc,6,cf_accuracy,50,0.2280078125,0.10269738066511691,0.1988215398473258,0.25719408515267417
two_concepts,TwoLayerCNN,release_early,auroc,6,causal_usefulness_random,50,0.03665930798734882,0.11474780979029682,0.004048341269924344,0.0692702747047733
two_concepts,TwoLayerCNN,release_early,auroc,7,fidelity,50,0.47021836765294417,0.13297371184329465,0.43242765688348456,0.5080090784224038
two_concepts,TwoLayerCNN,release_early,auroc,7,cf_accuracy,50,0.3576171875,0.13224519279775818,0.3200335195524506,0.3952008554475494
two_concepts,TwoLayerCNN,release_early,auroc,7,causal_usefulness_random,50,0.02301430818857358,0.13269638245435297,-0.014697586440612278,0.060726202817759437
two_concepts,TwoLayerCNN,release_early,auroc,8,fidelity,50,0.6018791462765605,0.12981983028865082,0.5649847587275366,0.6387735338255843
two_concepts,TwoLayerCNN,release_early,auroc,8,cf_accuracy,50,0.496640625,0.14344233952781293,0.45587476316124476,0.5374064868387552
two_concepts,TwoLayerCNN,release_early,auroc,8,causal_usefulness_random,50,0.0004938082151338286,0.13628446315695786,-0.03823780766699725,0.0392254240972649
two_concepts,TwoLayerCNN,release_early,auroc,8,causal_usefulness_energy,50,-0.006563205588419735,0.11114705529793771,-0.03815084920170363,0.02502443802486416
two_concepts,TwoLayerCNN,release_early,auroc,9,fidelity,50,0.7337345463108339,0.11625501654771749,0.7006952361723685,0.7667738564492993
two_concepts,TwoLayerCNN,release_early,auroc,9,cf_accuracy,50,0.6497265625,0.14074597196276853,0.6097269998444911,0.689726125155509
two_concepts,TwoLayerCNN,release_early,auroc,9,causal_usefulness_random,50,-0.009484581256961893,0.11932208317300351,-0.04339554208592943,0.024426379572005642
two_concepts,TwoLayerCNN,release_early,auroc,10,fidelity,50,0.8557701874758225,0.0841697285136397,0.8318494153043168,0.8796909596473281
two_concepts,TwoLayerCNN,release_early,auroc,10,cf_accuracy,50,0.7998828125,0.10937016690533424,0.768800154980461,0.8309654700195391
two_concepts,TwoLayerCNN,release_early,auroc,10,causal_usefulness_random,50,0.0016012096227597937,0.08734869962198602,-0.023223016141449677,0.026425435386969266
two_concepts,TwoLayerCNN,release_early,auroc,11,fidelity,50,0.9279647460978977,0.04567935402162612,0.9149828173238753,0.9409466748719201
two_concepts,TwoLayerCNN,release_early,auroc,11,cf_accuracy,50,0.8959375,0.06028986453348159,0.8788033100813211,0.913071689918679
two_concepts,TwoLayerCNN,release_early,auroc,11,causal_usefulness_random,50,0.0003545852117937809,0.05121069701694779,-0.014199333848167333,0.014908504271754896
two_concepts,TwoLayerCNN,release_early,auroc,12,fidelity,50,0.9723088432083046,0.019074025902762047,0.9668880650250955,0.9777296213915136
two_concepts,TwoLayerCNN,release_early,auroc,12,cf_accuracy,50,0.9559765625,0.0294445417563573,0.9476085163213305,0.9643446086786694
two_concepts,TwoLayerCNN,release_early,auroc,12,causal_usefulness_random,50,0.003909256067520355,0.02073046059506128,-0.001982275646574198,0.009800787781614907
two_concepts,TwoLayerCNN,release_early,auroc,13,fidelity,50,0.9896247302479132,0.008616556818693397,0.9871759318948402,0.9920735286009862
two_concepts,TwoLayerCNN,release_early,auroc,13,cf_accuracy,50,0.9784375,0.015118339988302726,0.974140915315009,0.9827340846849909
two_concepts,TwoLayerCNN,release_early,auroc,13,causal_usefulness_random,50,0.000965961292352564,0.009976823628024172,-0.0018694206105674045,0.0038013431952725325
two_concepts,TwoLayerCNN,release_early,auroc,14,fidelity,50,0.996491454612061,0.0025165839288247677,0.9957762493728979,0.9972066598512241
two_concepts,TwoLayerCNN,release_early,auroc,14,cf_accuracy,50,0.98734375,0.009999900350268803,0.984501809765183,0.990185690234817
two_concepts,TwoLayerCNN,release_early,auroc,14,causal_usefulness_random,50,-0.00015658655978889602,0.00264532157673011,-0.0009083786336705992,0.0005952055140928072
two_concepts,TwoLayerCNN,release_early,auroc,15,fidelity,50,0.9991233356311576,0.0009630050175594466,0.9988496526333406,0.9993970186289747
two_concepts,TwoLayerCNN,release_early,auroc,15,cf_accuracy,50,0.9914453125,0.00881352003816691,0.9889405378193044,0.9939500871806957
two_concepts,TwoLayerCNN,release_early,auroc,15,causal_usefulness_random,50,-3.965440322237335e-05,0.000655997874195857,-0.0002260869362807193,0.00014677812983597262
two_concepts,TwoLayerCNN,release_early,auroc,16,fidelity,50,1.0,0.0,1.0,1.0
two_concepts,TwoLayerCNN,release_early,auroc,16,cf_accuracy,50,0.99296875,0.007812499999999999,0.9907484620664395,0.9951890379335604
two_concepts,TwoLayerCNN,release_early,auroc,16,causal_usefulness_random,50,0.0,0.0,0.0,0.0
two_concepts,TwoLayerCNN,release_early,validation_patch,1,fidelity,50,0.013527710578156634,0.0067698692381515735,0.011603735028556683,0.015451686127756584
two_concepts,TwoLayerCNN,release_early,validation_patch,1,cf_accuracy,50,0.0081640625,0.006899023317829514,0.006203381767081134,0.010124743232918865
two_concepts,TwoLayerCNN,release_early,validation_patch,1,causal_usefulness_random,50,0.00882975865053388,0.00560704944208375,0.007236252830484592,0.010423264470583168
two_concepts,TwoLayerCNN,release_early,validation_patch,1,causal_usefulness_energy,50,0.009040720826330872,0.00572685587453916,0.007413166394909595,0.010668275257752149
two_concepts,TwoLayerCNN,release_early,validation_patch,2,fidelity,50,0.06186052046834235,0.02828424719320896,0.05382222635596844,0.06989881458071626
two_concepts,TwoLayerCNN,release_early,validation_patch,2,cf_accuracy,50,0.0294921875,0.017696200301815377,0.024462983020001484,0.03452139197999851
two_concepts,TwoLayerCNN,release_early,validation_patch,2,causal_usefulness_random,50,0.04637820823611099,0.025774462459943706,0.039053187052902255,0.05370322941931972
two_concepts,TwoLayerCNN,release_early,validation_patch,2,causal_usefulness_energy,50,0.0399294252543057,0.02227406650646042,0.03359920559406689,0.046259644914544505
two_concepts,TwoLayerCNN,release_early,validation_patch,3,fidelity,50,0.17469745330292935,0.06384906492023934,0.1565517498262546,0.1928431567796041
two_concepts,TwoLayerCNN,release_early,validation_patch,3,cf_accuracy,50,0.097890625,0.0512962625435878,0.08331238848642895,0.11246886151357104
two_concepts,TwoLayerCNN,release_early,validation_patch,3,causal_usefulness_random,50,0.132696010584465,0.05854516509577688,0.11605765875976685,0.14933436240916315
two_concepts,TwoLayerCNN,release_early,validation_patch,4,fidelity,50,0.3688632400157308,0.10667163216838402,0.3385474975828789,0.3991789824485827
two_concepts,TwoLayerCNN,release_early,validation_patch,4,cf_accuracy,50,0.2520703125,0.1046539485266723,0.22232798941350776,0.2818126355864922
two_concepts,TwoLayerCNN,release_early,validation_patch,4,causal_usefulness_random,50,0.2757807829412141,0.10010230535776757,0.24733202253066322,0.304229543351765
two_concepts,TwoLayerCNN,release_early,validation_patch,4,causal_usefulness_energy,50,0.23678384510775424,0.10590159401909909,0.2066869450955409,0.2668807451199676
two_concepts,TwoLayerCNN,release_early,validation_patch,5,fidelity,50,0.5778651310215567,0.11079346740849426,0.5463779759745939,0.6093522860685194
two_concepts,TwoLayerCNN,release_early,validation_patch,5,cf_accuracy,50,0.46,0.122750252390348,0.4251147642593559,0.49488523574064414
two_concepts,TwoLayerCNN,release_early,validation_patch,5,causal_usefulness_random,50,0.3961578649863914,0.11558869615779713,0.3633079210074941,0.4290078089652887
two_concepts,TwoLayerCNN,release_early,validation_patch,6,fidelity,50,0.750349574343095,0.09846148177667119,0.7223671308347149,0.7783320178514751
two_concepts,TwoLayerCNN,release_early,validation_patch,6,cf_accuracy,50,0.665234375,0.12127106011544649,0.6307695210525566,0.6996992289474435
two_concepts,TwoLayerCNN,release_early,validation_patch,6,causal_usefulness_random,50,0.45314619161989894,0.11545763468884489,0.42033349489835453,0.48595888834144335
two_concepts,TwoLayerCNN,release_early,validation_patch,7,fidelity,50,0.872668419962185,0.07055319622930743,0.8526174234486427,0.8927194164757274
two_concepts,TwoLayerCNN,release_early,validation_patch,7,cf_accuracy,50,0.8266015625,0.08753808085393147,0.8017235151851818,0.8514796098148183
two_concepts,TwoLayerCNN,release_early,validation_patch,7,causal_usefulness_random,50,0.42546436049781455,0.08608816166795641,0.4009983756563733,0.4499303453392558
two_concepts,TwoLayerCNN,release_early,validation_patch,8,fidelity,50,0.9341304990836343,0.04925686778794276,0.9201318521467321,0.9481291460205366
two_concepts,TwoLayerCNN,release_early,validation_patch,8,cf_accuracy,50,0.9063671875,0.06536574391239026,0.8877904486229595,0.9249439263770405
two_concepts,TwoLayerCNN,release_early,validation_patch,8,causal_usefulness_random,50,0.33274516102220775,0.06817254691078073,0.3133707375590287,0.35211958448538677
two_concepts,TwoLayerCNN,release_early,validation_patch,8,causal_usefulness_energy,50,0.24514734980342112,0.06664577011779468,0.2262068315038526,0.2640878681029897
two_concepts,TwoLayerCNN,release_early,validation_patch,9,fidelity,50,0.9697157716902922,0.025296416752360534,0.9625266095939619,0.9769049337866226
two_concepts,TwoLayerCNN,release_early,validation_patch,9,cf_accuracy,50,0.9541796875,0.03364499550833525,0.9446178855733632,0.9637414894266368
two_concepts,TwoLayerCNN,release_early,validation_patch,9,causal_usefulness_random,50,0.22649664412249632,0.05102057484467073,0.21199675718605637,0.24099653105893626
two_concepts,TwoLayerCNN,release_early,validation_patch,10,fidelity,50,0.985831427650956,0.015567038943974695,0.9814073241336988,0.9902555311682132
two_concepts,TwoLayerCNN,release_early,validation_patch,10,cf_accuracy,50,0.975390625,0.022058298410772736,0.9691217259540719,0.981659524045928
two_concepts,TwoLayerCNN,release_early,validation_patch,10,causal_usefulness_random,50,0.13166244979789346,0.042233204902662136,0.11965990576705005,0.14366499382873688
two_concepts,TwoLayerCNN,release_early,validation_patch,11,fidelity,50,0.9930762495141646,0.009780673820116893,0.990296612769858,0.9958558862584712
two_concepts,TwoLayerCNN,release_early,validation_patch,11,cf_accuracy,50,0.9848046875,0.0163947151050124,0.9801453610204072,0.9894640139795929
two_concepts,TwoLayerCNN,release_early,validation_patch,11,causal_usefulness_random,50,0.06546608862806057,0.026517566795563732,0.057929879529363376,0.07300229772675776
two_concepts,TwoLayerCNN,release_early,validation_patch,12,fidelity,50,0.9964155336073043,0.004934031364896672,0.9950132974084833,0.9978177698061252
two_concepts,TwoLayerCNN,release_early,validation_patch,12,cf_accuracy,50,0.989140625,0.010146126724811981,0.9862571276893473,0.9920241223106527
two_concepts,TwoLayerCNN,release_early,validation_patch,12,causal_usefulness_random,50,0.02801594646652022,0.014901687005045907,0.023780933878104593,0.03225095905493585
two_concepts,TwoLayerCNN,release_early,validation_patch,13,fidelity,50,0.9982824621325794,0.002104705666293954,0.9976843114004746,0.9988806128646842
two_concepts,TwoLayerCNN,release_early,validation_patch,13,cf_accuracy,50,0.9912890625,0.008069454988694881,0.9889957487666486,0.9935823762333514
two_concepts,TwoLayerCNN,release_early,validation_patch,13,causal_usefulness_random,50,0.009623693177018704,0.006162014937254951,0.00787246790833313,0.011374918445704279
two_concepts,TwoLayerCNN,release_early,validation_patch,14,fidelity,50,0.9991352136325282,0.0009883541662688638,0.9988543264863585,0.9994161007786979
two_concepts,TwoLayerCNN,release_early,validation_patch,14,cf_accuracy,50,0.9924609375,0.007882044580802394,0.9902208852152588,0.9947009897847412
two_concepts,TwoLayerCNN,release_early,validation_patch,14,causal_usefulness_random,50,0.0024871724606783307,0.0017665610300673013,0.001985121370891906,0.0029892235504647554
two_concepts,TwoLayerCNN,release_early,validation_patch,15,fidelity,50,0.9996560082160946,0.0005082529131844086,0.999511564336371,0.9998004520958181
two_concepts,TwoLayerCNN,release_early,validation_patch,15,cf_accuracy,50,0.993359375,0.007307924583542854,0.9912824858131573,0.9954362641868428
two_concepts,TwoLayerCNN,release_early,validation_patch,15,causal_usefulness_random,50,0.0004930181817144819,0.0005867155073645236,0.0003262754794509026,0.0006597608839780612
two_concepts,TwoLayerCNN,release_early,validation_patch,16,fidelity,50,1.0,0.0,1.0,1.0
two_concepts,TwoLayerCNN,release_early,validation_patch,16,cf_accuracy,50,0.99296875,0.007812499999999999,0.9907484620664395,0.9951890379335604
two_concepts,TwoLayerCNN,release_early,validation_patch,16,causal_usefulness_random,50,0.0,0.0,0.0,0.0
two_concepts,TwoLayerCNN,release_late,contrast,1,fidelity,50,0.007866237542650057,0.004819053622945235,0.006496677656543716,0.009235797428756397
two_concepts,TwoLayerCNN,release_late,contrast,1,cf_accuracy,50,0.0061328125,0.004584901030832823,0.0048297980442781815,0.007435826955721819
two_concepts,TwoLayerCNN,release_late,contrast,1,causal_usefulness_random,50,0.0015328672310034395,0.004483798709971767,0.00025858573695365324,0.0028071487250532256
two_concepts,TwoLayerCNN,release_late,contrast,1,causal_usefulness_energy,50,0.000876056800665253,0.004478104865782202,-0.0003966065207701761,0.0021487201221006822
two_concepts,TwoLayerCNN,release_late,contrast,2,fidelity,50,0.030390465764948516,0.01687376567416222,0.025594994619979827,0.035185936909917205
two_concepts,TwoLayerCNN,release_late,contrast,2,cf_accuracy,50,0.0140625,0.009084163279073498,0.011480809361277534,0.016644190638722467
two_concepts,TwoLayerCNN,release_late,contrast,2,causal_usefulness_random,50,0.00987822647672634,0.015802330842231132,0.005387253741861063,0.014369199211591615
two_concepts,TwoLayerCNN,release_late,contrast,2,causal_usefulness_energy,50,0.0037802934135403045,0.012625078906391224,0.00019228568795845056,0.007368301139122159
two_concepts,TwoLayerCNN,release_late,contrast,3,fidelity,50,0.08002629158967654,0.04217162691188099,0.06804124783018087,0.09201133534917222
two_concepts,TwoLayerCNN,release_late,contrast,3,cf_accuracy,50,0.039296875,0.027673845722729958,0.031432055066126195,0.04716169493387381
two_concepts,TwoLayerCNN,release_late,contrast,3,causal_usefulness_random,50,0.02729750741132794,0.040987542574325846,0.015648976697207183,0.038946038125448695
two_concepts,TwoLayerCNN,release_late,contrast,4,fidelity,50,0.16120125298177343,0.0828273476595809,0.13766198122786893,0.18474052473567792
two_concepts,TwoLayerCNN,release_late,contrast,4,cf_accuracy,50,0.0869921875,0.0639921357324997,0.06880582374836765,0.10517855125163235
two_concepts,TwoLayerCNN,release_late,contrast,4,causal_usefulness_random,50,0.050687134265505,0.08412800438200613,0.02677821996100788,0.07459604857000213
two_concepts,TwoLayerCNN,release_late,contrast,4,causal_usefulness_energy,50,0.01699073743063546,0.06685963829877159,-0.0020105615334572967,0.035992036394728213
two_concepts,TwoLayerCNN,release_late,contrast,5,fidelity,50,0.2686971083577941,0.10743855374503852,0.23816340922444518,0.299230807491143
two_concepts,TwoLayerCNN,release_late,contrast,5,cf_accuracy,50,0.166875,0.0896912525658459,0.14138502805531328,0.1923649719446867
two_concepts,TwoLayerCNN,release_late,contrast,5,causal_usefulness_random,50,0.06432216330329053,0.10718763349403508,0.033859774916256996,0.09478455169032407
two_concepts,TwoLayerCNN,release_late,contrast,6,fidelity,50,0.3753435602914666,0.12676332898441614,0.3393178208019248,0.4113692997810084
two_concepts,TwoLayerCNN,release_late,contrast,6,cf_accuracy,50,0.2607421875,0.11519704271400294,0.2280035501982731,0.29348082480172694
two_concepts,TwoLayerCNN,release_late,contrast,6,causal_usefulness_random,50,0.057420361382853946,0.12910273972564715,0.020729768716941384,0.09411095404876652
two_concepts,TwoLayerCNN,release_late,contrast,7,fidelity,50,0.4797438996764166,0.12547227330255925,0.44408507415192844,0.5154027252009048
two_concepts,TwoLayerCNN,release_late,contrast,7,cf_accuracy,50,0.361796875,0.12956560651923685,0.3249747370468359,0.39861901295316415
two_concepts,TwoLayerCNN,release_late,contrast,7,causal_usefulness_random,50,0.01820370933732707,0.12851495856449333,-0.01831983777086595,0.054727256445520095
two_concepts,TwoLayerCNN,release_late,contrast,8,fidelity,50,0.5758956995781174,0.12451574772278967,0.540508715615601,0.6112826835406338
two_concepts,TwoLayerCNN,release_late,contrast,8,cf_accuracy,50,0.464375,0.1424071499847845,0.42390333577421546,0.5048466642257845
two_concepts,TwoLayerCNN,release_late,contrast,8,causal_usefulness_random,50,-0.03147922252426953,0.125088605504614,-0.06702901086702667,0.004070565818487609
two_concepts,TwoLayerCNN,release_late,contrast,8,causal_usefulness_energy,50,-0.07231402550745918,0.12285537198013946,-0.10722913590497302,-0.03739891510994534
two_concepts,TwoLayerCNN,release_late,contrast,9,fidelity,50,0.6750431329227113,0.11124273412759891,0.6434282976869002,0.7066579681585224
two_concepts,TwoLayerCNN,release_late,contrast,9,cf_accuracy,50,0.5728125,0.1326723544045487,0.5351074340670121,0.6105175659329878
two_concepts,TwoLayerCNN,release_late,contrast,9,causal_usefulness_random,50,-0.06317980839127534,0.11679182360673891,-0.09637167740792249,-0.029987939374628188
two_concepts,TwoLayerCNN,release_late,contrast,10,fidelity,50,0.7702578715728575,0.09047099813151094,0.744546298390322,0.795969444755393
two_concepts,TwoLayerCNN,release_late,contrast,10,cf_accuracy,50,0.6923046875,0.11191239644978321,0.6604995363379801,0.7241098386620198
two_concepts,TwoLayerCNN,release_late,contrast,10,causal_usefulness_random,50,-0.07509393486669957,0.08961367373861082,-0.10056185915263303,-0.049626010580766114
two_concepts,TwoLayerCNN,release_late,contrast,11,fidelity,50,0.8682521884668347,0.07312112689058864,0.8474713941342251,0.8890329827994443
two_concepts,TwoLayerCNN,release_late,contrast,11,cf_accuracy,50,0.8162109375,0.09711525051952544,0.7886110886816707,0.8438107863183292
two_concepts,TwoLayerCNN,release_late,contrast,11,causal_usefulness_random,50,-0.049727554975008026,0.07235658316989424,-0.07029106838630722,-0.029164041563708835
two_concepts,TwoLayerCNN,release_late,contrast,12,fidelity,50,0.9264469659431775,0.051943962933475224,0.9116846550154971,0.941209276870858
two_concepts,TwoLayerCNN,release_late,contrast,12,cf_accuracy,50,0.89203125,0.07298228226353388,0.8712899148738019,0.9127725851261982
two_concepts,TwoLayerCNN,release_late,contrast,12,causal_usefulness_random,50,-0.03710283140585516,0.05032907886938371,-0.05140619736053059,-0.022799465451179723
two_concepts,TwoLayerCNN,release_late,contrast,13,fidelity,50,0.9721015286604375,0.01981779619387897,0.9664693732992818,0.9777336840215932
two_concepts,TwoLayerCNN,release_late,contrast,13,cf_accuracy,50,0.953828125,0.029332089805312864,0.9454920373122118,0.9621642126877883
two_concepts,TwoLayerCNN,release_late,contrast,13,causal_usefulness_random,50,-0.013524823637662614,0.016761037553605355,-0.018288257805243097,-0.00876138947008213
two_concepts,TwoLayerCNN,release_late,contrast,14,fidelity,50,0.9918066716795352,0.007023154742715927,0.9898107131859953,0.993802630173075
two_concepts,TwoLayerCNN,release_late,contrast,14,cf_accuracy,50,0.980546875,0.015113189672359178,0.976251754018605,0.9848419959813951
two_concepts,TwoLayerCNN,release_late,contrast,14,causal_usefulness_random,50,-0.004021138451002515,0.005748409295009313,-0.005654818296746588,-0.002387458605258443
two_concepts,TwoLayerCNN,release_late,contrast,15,fidelity,50,0.9983903364160837,0.0014851169031851897,0.9979682708621549,0.9988124019700124
two_concepts,TwoLayerCNN,release_late,contrast,15,cf_accuracy,50,0.9898046875,0.007963406227714898,0.9875415124910483,0.9920678625089516
two_concepts,TwoLayerCNN,release_late,contrast,15,causal_usefulness_random,50,-0.000580886949590862,0.0012017510594226183,-0.0009224208217674321,-0.0002393530774142918
two_concepts,TwoLayerCNN,release_late,contrast,16,fidelity,50,1.0,0.0,1.0,1.0
two_concepts,TwoLayerCNN,release_late,contrast,16,cf_accuracy,50,0.9928125,0.00642880393924762,0.9909854541358672,0.9946395458641327
two_concepts,TwoLayerCNN,release_late,contrast,16,causal_usefulness_random,50,0.0,0.0,0.0,0.0
two_concepts,TwoLayerCNN,release_late,auroc,1,fidelity,50,0.00739857733913367,0.004968701408293994,0.005986488022999312,0.008810666655268027
two_concepts,TwoLayerCNN,release_late,auroc,1,cf_accuracy,50,0.0060546875,0.0046563390815509585,0.004731370574901343,0.007378004425098657
two_concepts,TwoLayerCNN,release_late,auroc,1,causal_usefulness_random,50,0.0010652070274870527,0.00445653384445075,-0.00020132587751614658,0.002331739932490252
two_concepts,TwoLayerCNN,release_late,auroc,1,causal_usefulness_energy,50,0.00041482941424791724,0.0045510419077101965,-0.0008785623851526082,0.0017082212136484427
two_concepts,TwoLayerCNN,release_late,auroc,2,fidelity,50,0.029532884589873288,0.016938952869824032,0.02471888744887893,0.03434688173086765
two_concepts,TwoLayerCNN,release_late,auroc,2,cf_accuracy,50,0.013984375,0.00936569478678895,0.01132267399206183,0.01664607600793817
two_concepts,TwoLayerCNN,release_late,auroc,2,causal_usefulness_random,50,0.009020645301651104,0.0156761357082303,0.0045655368270477266,0.013475753776254481
two_concepts,TwoLayerCNN,release_late,auroc,2,causal_usefulness_energy,50,0.0032227855415623776,0.012337329941999408,-0.00028344483316716925,0.006729015916291924
two_concepts,TwoLayerCNN,release_late,auroc,3,fidelity,50,0.0787026807123331,0.04348462896262482,0.06634448589875659,0.09106087552590962
two_concepts,TwoLayerCNN,release_late,auroc,3,cf_accuracy,50,0.0384765625,0.027980497235504553,0.03052459317046264,0.04642853182953736
two_concepts,TwoLayerCNN,release_late,auroc,3,causal_usefulness_random,50,0.02597389653398452,0.040964955407486695,0.014331785021654006,0.037616008046315035
two_concepts,TwoLayerCNN,release_late,auroc,4,fidelity,50,0.1632926609082025,0.08332209835086897,0.1396127825635796,0.1869725392528254
two_concepts,TwoLayerCNN,release_late,auroc,4,cf_accuracy,50,0.08765625,0.06451486587543512,0.06932132798547258,0.10599117201452743
two_concepts,TwoLayerCNN,release_late,auroc,4,causal_usefulness_random,50,0.0527785421919341,0.08379621508748064,0.028963921361628266,0.07659316302223992
two_concepts,TwoLayerCNN,release_late,auroc,4,causal_usefulness_energy,50,0.018556138492092287,0.06911500901397738,-0.0010861297372391082,0.03819840672142368
two_concepts,TwoLayerCNN,release_late,auroc,5,fidelity,50,0.26233582402876343,0.10538043189072417,0.2323870366546377,0.2922846114028892
two_concepts,TwoLayerCNN,release_late,auroc,5,cf_accuracy,50,0.161953125,0.08676050285302242,0.13729606290794272,0.1866101870920573
two_concepts,TwoLayerCNN,release_late,auroc,5,causal_usefulness_random,50,0.05796087897425987,0.10656529567326349,0.027675357038945678,0.08824640090957406
two_concepts,TwoLayerCNN,release_late,auroc,6,fidelity,50,0.358636801188872,0.1213617055607594,0.3241461860909055,0.39312741628683845
two_concepts,TwoLayerCNN,release_late,auroc,6,cf_accuracy,50,0.2472265625,0.10843790577551925,0.21640885066205517,0.2780442743379448
two_concepts,TwoLayerCNN,release_late,auroc,6,causal_usefulness_random,50,0.040713602280259345,0.12194235278519541,0.006057969066955854,0.07536923549356284
two_concepts,TwoLayerCNN,release_late,auroc,7,fidelity,50,0.4636924961061735,0.13241437374296808,0.42606074746598566,0.5013242447463614
two_concepts,TwoLayerCNN,release_late,auroc,7,cf_accuracy,50,0.3501171875,0.13399703537458615,0.31203565140079254,0.38819872359920743
two_concepts,TwoLayerCNN,release_late,auroc,7,causal_usefulness_random,50,0.002152305767083985,0.13663727249837004,-0.036679577420465945,0.04098418895463392
two_concepts,TwoLayerCNN,release_late,auroc,8,fidelity,50,0.571988776892691,0.12861887668909844,0.5354356965802562,0.6085418572051258
two_concepts,TwoLayerCNN,release_late,auroc,8,cf_accuracy,50,0.458515625,0.14358420504268274,0.4177094454280154,0.49932180457198455
two_concepts,TwoLayerCNN,release_late,auroc,8,causal_usefulness_random,50,-0.03538614520969593,0.12851015838044336,-0.07190832812067614,0.001136037701284287
two_concepts,TwoLayerCNN,release_late,auroc,8,causal_usefulness_energy,50,-0.07985099639481533,0.11773554016621693,-0.11331106669014537,-0.04639092609948527
two_concepts,TwoLayerCNN,release_late,auroc,9,fidelity,50,0.6750702548133539,0.12033256670652105,0.6408721177416304,0.7092683918850774
two_concepts,TwoLayerCNN,release_late,auroc,9,cf_accuracy,50,0.5762109375,0.14215541699216966,0.5358108149991411,0.6166110600008589
two_concepts,TwoLayerCNN,release_late,auroc,9,causal_usefulness_random,50,-0.06315268650063283,0.11999928822461273,-0.09725610687579353,-0.029049266125472123
two_concepts,TwoLayerCNN,release_late,auroc,10,fidelity,50,0.7801078816310235,0.0870140782690885,0.7553787542030892,0.8048370090589578
two_concepts,TwoLayerCNN,release_late,auroc,10,cf_accuracy,50,0.70109375,0.10822077982119892,0.6703377446755195,0.7318497553244804
two_concepts,TwoLayerCNN,release_late,auroc,10,causal_usefulness_random,50,-0.06524392480853368,0.08541399530575708,-0.08951831368975688,-0.04096953592731049
two_concepts,TwoLayerCNN,release_late,auroc,11,fidelity,50,0.8592923656570294,0.07435394546579267,0.8381612081619502,0.8804235231521086
two_concepts,TwoLayerCNN,release_late,auroc,11,cf_accuracy,50,0.803515625,0.09882511578362074,0.7754298378502935,0.8316014121497064
two_concepts,TwoLayerCNN,release_late,auroc,11,causal_usefulness_random,50,-0.0586873777848135,0.06915129420095624,-0.07833995815018537,-0.03903479741944163
two_concepts,TwoLayerCNN,release_late,auroc,12,fidelity,50,0.9264591235099969,0.05326846936425835,0.9113203920196041,0.9415978550003897
two_concepts,TwoLayerCNN,release_late,auroc,12,cf_accuracy,50,0.891875,0.07487121735924446,0.8705968354593654,0.9131531645406346
two_concepts,TwoLayerCNN,release_late,auroc,12,causal_usefulness_random,50,-0.0370906738390357,0.05076606132414993,-0.0515182288332625,-0.022663118844808903
two_concepts,TwoLayerCNN,release_late,auroc,13,fidelity,50,0.9730461152618504,0.02092711352629473,0.9670986954030752,0.9789935351206255
two_concepts,TwoLayerCNN,release_late,auroc,13,cf_accuracy,50,0.9546484375,0.030348345339273313,0.94602353318508,0.9632733418149199
two_concepts,TwoLayerCNN,release_late,auroc,13,causal_usefulness_random,50,-0.01258023703624975,0.017948474403533952,-0.017681137022679694,-0.007479337049819806
two_concepts,TwoLayerCNN,release_late,auroc,14,fidelity,50,0.9917615341284336,0.007534459934576648,0.9896202643071683,0.9939028039496989
two_concepts,TwoLayerCNN,release_late,auroc,14,cf_accuracy,50,0.9805859375,0.01519769057482732,0.976266801627837,0.984905073372163
two_concepts,TwoLayerCNN,release_late,auroc,14,causal_usefulness_random,50,-0.0040662760021041786,0.006394820162337612,-0.00588366378370122,-0.002248888220507137
two_concepts,TwoLayerCNN,release_late,auroc,15,fidelity,50,0.9984381769338804,0.001479877171029322,0.9980176004953539,0.9988587533724068
two_concepts,TwoLayerCNN,release_late,auroc,15,cf_accuracy,50,0.99,0.007986346992289403,0.9877303052978935,0.9922696947021065
two_concepts,TwoLayerCNN,release_late,auroc,15,causal_usefulness_random,50,-0.0005330464317942374,0.001171787954039982,-0.0008660648836401752,-0.00020002797994829967
two_concepts,TwoLayerCNN,release_late,auroc,16,fidelity,50,1.0,0.0,1.0,1.0
two_concepts,TwoLayerCNN,release_late,auroc,16,cf_accuracy,50,0.9928125,0.00642880393924762,0.9909854541358672,0.9946395458641327
two_concepts,TwoLayerCNN,release_late,auroc,16,causal_usefulness_random,50,0.0,0.0,0.0,0.0
two_concepts,TwoLayerCNN,release_late,validation_patch,1,fidelity,50,0.01908428574939411,0.008362223481420869,0.016707768131021743,0.021460803367766474
two_concepts,TwoLayerCNN,release_late,validation_patch,1,cf_accuracy,50,0.0093359375,0.006378350655386359,0.007523230300490069,0.011148644699509932
two_concepts,TwoLayerCNN,release_late,validation_patch,1,causal_usefulness_random,50,0.012750915437747493,0.0070899566684844255,0.010735972046963239,0.014765858828531746
two_concepts,TwoLayerCNN,release_late,validation_patch,1,causal_usefulness_energy,50,0.012930145661515544,0.007148991151356582,0.010898424856333206,0.014961866466697882
two_concepts,TwoLayerCNN,release_late,validation_patch,2,fidelity,50,0.08184503686261493,0.0306559570930304,0.07313271025456368,0.09055736347066619
two_concepts,TwoLayerCNN,release_late,validation_patch,2,cf_accuracy,50,0.0373046875,0.020306098444265962,0.03153375817475289,0.04307561682524712
two_concepts,TwoLayerCNN,release_late,validation_patch,2,causal_usefulness_random,50,0.06133279757439275,0.02777028043853326,0.05344057119752702,0.06922502395125849
two_concepts,TwoLayerCNN,release_late,validation_patch,2,causal_usefulness_energy,50,0.053600638022043665,0.024603671285485417,0.04660835200905813,0.0605929240350292
two_concepts,TwoLayerCNN,release_late,validation_patch,3,fidelity,50,0.21035636821749407,0.06606026817141597,0.191582247729973,0.22913048870501512
two_concepts,TwoLayerCNN,release_late,validation_patch,3,cf_accuracy,50,0.116953125,0.052157147683211565,0.10213022763680489,0.13177602236319513
two_concepts,TwoLayerCNN,release_late,validation_patch,3,causal_usefulness_random,50,0.15762758403914548,0.061611900922746286,0.14011767553578652,0.17513749254250444
two_concepts,TwoLayerCNN,release_late,validation_patch,4,fidelity,50,0.4066892349794309,0.10382612832324974,0.3771821757916672,0.4361962941671946
two_concepts,TwoLayerCNN,release_late,validation_patch,4,cf_accuracy,50,0.27625,0.10346120597393804,0.24684665059641078,0.30565334940358924
two_concepts,TwoLayerCNN,release_late,validation_patch,4,causal_usefulness_random,50,0.2961751162631625,0.10049256275107671,0.2676154459285992,0.3247347865977258
two_concepts,TwoLayerCNN,release_late,validation_patch,4,causal_usefulness_energy,50,0.24657082307154926,0.09967877905733476,0.2182424275038011,0.2748992186392974
two_concepts,TwoLayerCNN,release_late,validation_patch,5,fidelity,50,0.6134944618969963,0.10830692741640505,0.5827139736968497,0.6442749500971429
two_concepts,TwoLayerCNN,release_late,validation_patch,5,cf_accuracy,50,0.4862890625,0.12906045705387903,0.44961048643644586,0.5229676385635541
two_concepts,TwoLayerCNN,release_late,validation_patch,5,causal_usefulness_random,50,0.40911951684249276,0.10981576938466021,0.3779102204995281,0.4403288131854574
two_concepts,TwoLayerCNN,release_late,validation_patch,6,fidelity,50,0.7832979865350888,0.09622490636563781,0.7559511707256035,0.810644802344574
two_concepts,TwoLayerCNN,release_late,validation_patch,6,cf_accuracy,50,0.699140625,0.12358882362663114,0.664017069950895,0.7342641800491049
two_concepts,TwoLayerCNN,release_late,validation_patch,6,causal_usefulness_random,50,0.4653747876264762,0.11104768849812066,0.433815383745241,0.49693419150771145
two_concepts,TwoLayerCNN,release_late,validation_patch,7,fidelity,50,0.8883110787919719,0.059084491831776165,0.871519452004818,0.9051027055791259
two_concepts,TwoLayerCNN,release_late,validation_patch,7,cf_accuracy,50,0.8429296875,0.0787740991689301,0.8205423362216813,0.8653170387783187
two_concepts,TwoLayerCNN,release_late,validation_patch,7,causal_usefulness_random,50,0.4267708884528823,0.07478452905820764,0.4055173604548107,0.4480244164509539
two_concepts,TwoLayerCNN,release_late,validation_patch,8,fidelity,50,0.9418529192725441,0.03861224664929442,0.9308794401911891,0.9528263983538992
two_concepts,TwoLayerCNN,release_late,validation_patch,8,cf_accuracy,50,0.9163671875,0.051666829868818154,0.901683636917849,0.931050738082151
two_concepts,TwoLayerCNN,release_late,validation_patch,8,causal_usefulness_random,50,0.3344779971701572,0.05974827953651953,0.31749772400459847,0.3514582703357159
two_concepts,TwoLayerCNN,release_late,validation_patch,8,causal_usefulness_energy,50,0.2403184940907206,0.07175151584154675,0.21992693891150095,0.26071004926994024
two_concepts,TwoLayerCNN,release_late,validation_patch,9,fidelity,50,0.9726336871041249,0.02184201444992353,0.9664262552797643,0.9788411189284855
two_concepts,TwoLayerCNN,release_late,validation_patch,9,cf_accuracy,50,0.958671875,0.02973173228749127,0.950222210175454,0.9671215398245459
two_concepts,TwoLayerCNN,release_late,validation_patch,9,causal_usefulness_random,50,0.2344107457901382,0.048253792321827346,0.2206971697465309,0.24812432183374553
two_concepts,TwoLayerCNN,release_late,validation_patch,10,fidelity,50,0.9867238658215297,0.014858788776083999,0.9825010447748914,0.990946686868168
two_concepts,TwoLayerCNN,release_late,validation_patch,10,cf_accuracy,50,0.9771484375,0.019671253634863328,0.971557929073313,0.9827389459266871
two_concepts,TwoLayerCNN,release_late,validation_patch,10,causal_usefulness_random,50,0.14137205938197253,0.03911734591193369,0.13025503267846222,0.15248908608548284
two_concepts,TwoLayerCNN,release_late,validation_patch,11,fidelity,50,0.9922835745644863,0.013903751855682095,0.9883321720075086,0.9962349771214641
two_concepts,TwoLayerCNN,release_late,validation_patch,11,cf_accuracy,50,0.983984375,0.01763339878272875,0.9789730185142462,0.9889957314857538
two_concepts,TwoLayerCNN,release_late,validation_patch,11,causal_usefulness_random,50,0.0743038311226435,0.025772704582857055,0.06697930952257514,0.08162835272271185
two_concepts,TwoLayerCNN,release_late,validation_patch,12,fidelity,50,0.9951340883080614,0.014135773108093832,0.99111674604074,0.9991514305753828
two_concepts,TwoLayerCNN,release_late,validation_patch,12,cf_accuracy,50,0.98765625,0.016854341509723928,0.9828662991414853,0.9924462008585148
two_concepts,TwoLayerCNN,release_late,validation_patch,12,causal_usefulness_random,50,0.03158429095902884,0.0157355563263412,0.027112295331606737,0.03605628658645095
two_concepts,TwoLayerCNN,release_late,validation_patch,13,fidelity,50,0.9961414834774329,0.015130766094174115,0.9918413673322273,1.0004415996226386
two_concepts,TwoLayerCNN,release_late,validation_patch,13,cf_accuracy,50,0.9888671875,0.017700599059104746,0.9838367329070118,0.9938976420929883
two_concepts,TwoLayerCNN,release_late,validation_patch,13,causal_usefulness_random,50,0.010515131179332837,0.012698829593362337,0.006906163740423143,0.014124098618242532
two_concepts,TwoLayerCNN,release_late,validation_patch,14,fidelity,50,0.9968765456174499,0.01528841236900507,0.9925316268966566,1.001221464338243
two_concepts,TwoLayerCNN,release_late,validation_patch,14,cf_accuracy,50,0.990234375,0.01754931383204954,0.9852469151928238,0.9952218348071762
two_concepts,TwoLayerCNN,release_late,validation_patch,14,causal_usefulness_random,50,0.0010487354869120468,0.014305919414387093,-0.0030169618256320778,0.005114432799456171
two_concepts,TwoLayerCNN,release_late,validation_patch,15,fidelity,50,0.9997334085504199,0.00039264194312296124,0.9996218209448486,0.9998449961559912
two_concepts,TwoLayerCNN,release_late,validation_patch,15,cf_accuracy,50,0.9930859375,0.006051665123690511,0.991366073301334,0.994805801698666
two_concepts,TwoLayerCNN,release_late,validation_patch,15,causal_usefulness_random,50,0.000762185184745503,0.0008218238153547987,0.0005286254406501659,0.0009957449288408402
two_concepts,TwoLayerCNN,release_late,validation_patch,16,fidelity,50,1.0,0.0,1.0,1.0
two_concepts,TwoLayerCNN,release_late,validation_patch,16,cf_accuracy,50,0.9928125,0.00642880393924762,0.9909854541358672,0.9946395458641327
two_concepts,TwoLayerCNN,release_late,validation_patch,16,causal_usefulness_random,50,0.0,0.0,0.0,0.0
two_concepts,TwoLayerCNN,retention_0p1,contrast,1,fidelity,50,0.013365133465927492,0.008983068202382942,0.01081217373010658,0.015918093201748404
two_concepts,TwoLayerCNN,retention_0p1,contrast,1,cf_accuracy,50,0.0066015625,0.004942476674060165,0.005196926170871107,0.008006198829128891
two_concepts,TwoLayerCNN,retention_0p1,contrast,1,causal_usefulness_random,50,0.0013966122001183873,0.008095824183090466,-0.0009041955753622088,0.0036974199755989835
two_concepts,TwoLayerCNN,retention_0p1,contrast,1,causal_usefulness_energy,50,0.0004906290091584367,0.008167186496573194,-0.001830459711414851,0.0028117177297317247
two_concepts,TwoLayerCNN,retention_0p1,contrast,2,fidelity,50,0.04306177744315474,0.02464231736857093,0.03605850833487907,0.0500650465514304
two_concepts,TwoLayerCNN,retention_0p1,contrast,2,cf_accuracy,50,0.01546875,0.01302651874175663,0.011766654335536576,0.019170845664463424
two_concepts,TwoLayerCNN,retention_0p1,contrast,2,causal_usefulness_random,50,0.007004452332451606,0.022031764719862165,0.0007430940780450189,0.013265810586858193
two_concepts,TwoLayerCNN,retention_0p1,contrast,2,causal_usefulness_energy,50,0.0015559346014971187,0.017094268494713547,-0.003302202751700195,0.006414071954694432
two_concepts,TwoLayerCNN,retention_0p1,contrast,3,fidelity,50,0.10486692402637543,0.05904200936377414,0.08808737062304138,0.12164647742970948
two_concepts,TwoLayerCNN,retention_0p1,contrast,3,cf_accuracy,50,0.041875,0.03729699649922927,0.0312753108754838,0.05247468912451621
two_concepts,TwoLayerCNN,retention_0p1,contrast,3,causal_usefulness_random,50,0.02412485007431224,0.054911062518524234,0.008519298774618222,0.039730401374006255
two_concepts,TwoLayerCNN,retention_0p1,contrast,4,fidelity,50,0.2006447720523283,0.1074872087509343,0.17009724531929968,0.23119229878535694
two_concepts,TwoLayerCNN,retention_0p1,contrast,4,cf_accuracy,50,0.0967578125,0.08014878159266318,0.07397978079955109,0.11953584420044891
two_concepts,TwoLayerCNN,retention_0p1,contrast,4,causal_usefulness_random,50,0.051226247274373075,0.10818967891936264,0.020479080728397558,0.08197341382034859
two_concepts,TwoLayerCNN,retention_0p1,contrast,4,causal_usefulness_energy,50,0.01850433566594035,0.07546187436234458,-0.002941691737651811,0.039950363069532514
two_concepts,TwoLayerCNN,retention_0p1,contrast,5,fidelity,50,0.30948778506905533,0.12398649888839364,0.27425121196104907,0.3447243581770616
two_concepts,TwoLayerCNN,retention_0p1,contrast,5,cf_accuracy,50,0.173828125,0.10164678361100764,0.14494042872649673,0.20271582127350327
two_concepts,TwoLayerCNN,retention_0p1,contrast,5,causal_usefulness_random,50,0.0599046420055156,0.12372881959251149,0.024741300543125386,0.09506798346790582
two_concepts,TwoLayerCNN,retention_0p1,contrast,6,fidelity,50,0.42269957147818327,0.1290909538186143,0.3860123283299886,0.4593868146263779
two_concepts,TwoLayerCNN,retention_0p1,contrast,6,cf_accuracy,50,0.273671875,0.12647891467033634,0.23772696516417768,0.30961678483582233
two_concepts,TwoLayerCNN,retention_0p1,contrast,6,causal_usefulness_random,50,0.0612206411242086,0.12626428218651706,0.02533672916537496,0.09710455308304225
two_concepts,TwoLayerCNN,retention_0p1,contrast,7,fidelity,50,0.5228161401072822,0.13155712654699372,0.4854280184245727,0.5602042617899916
two_concepts,TwoLayerCNN,retention_0p1,contrast,7,cf_accuracy,50,0.3794140625,0.14133834559018907,0.3392461491222995,0.41958197587770046
two_concepts,TwoLayerCNN,retention_0p1,contrast,7,causal_usefulness_random,50,0.029583640428747643,0.1281377304676374,-0.006832699640514285,0.06599998049800956
two_concepts,TwoLayerCNN,retention_0p1,contrast,8,fidelity,50,0.616818450519853,0.12300215632635765,0.581861624472708,0.651775276566998
two_concepts,TwoLayerCNN,retention_0p1,contrast,8,cf_accuracy,50,0.4818359375,0.14036026513340702,0.44194599151253877,0.5217258834874612
two_concepts,TwoLayerCNN,retention_0p1,contrast,8,causal_usefulness_random,50,-0.005933748287573215,0.11909363252532584,-0.039779784160834795,0.027912287585688363
two_concepts,TwoLayerCNN,retention_0p1,contrast,8,causal_usefulness_energy,50,-0.0447400857952667,0.11474647186272961,-0.0773506722778837,-0.0121294993126497
two_concepts,TwoLayerCNN,retention_0p1,contrast,9,fidelity,50,0.7041689065943784,0.11176250150620115,0.6724063551039792,0.7359314580847776
two_concepts,TwoLayerCNN,retention_0p1,contrast,9,cf_accuracy,50,0.5915625,0.1339609103441715,0.553491230520841,0.629633769479159
two_concepts,TwoLayerCNN,retention_0p1,contrast,9,causal_usefulness_random,50,-0.03681944838171258,0.11062760639885051,-0.06825946625128518,-0.005379430512139981
two_concepts,TwoLayerCNN,retention_0p1,contrast,10,fidelity,50,0.7850091934449694,0.10614688260555598,0.7548425831877961,0.8151758037021428
two_concepts,TwoLayerCNN,retention_0p1,contrast,10,cf_accuracy,50,0.7011328125,0.13440466554697722,0.6629354291875938,0.7393301958124062
two_concepts,TwoLayerCNN,retention_0p1,contrast,10,causal_usefulness_random,50,-0.05738483846042834,0.10145579602935224,-0.08621825666378641,-0.02855142025707028
two_concepts,TwoLayerCNN,retention_0p1,contrast,11,fidelity,50,0.85251736582271,0.08393344271421933,0.8286637453323978,0.8763709863130221
two_concepts,TwoLayerCNN,retention_0p1,contrast,11,cf_accuracy,50,0.789921875,0.11285722894648052,0.7578482054134486,0.8219955445865514
two_concepts,TwoLayerCNN,retention_0p1,contrast,11,causal_usefulness_random,50,-0.060237103043526814,0.08147929870104267,-0.08339326352236046,-0.03708094256469318
two_concepts,TwoLayerCNN,retention_0p1,contrast,12,fidelity,50,0.9162833250234373,0.052595020903140347,0.9013359854680327,0.931230664578842
two_concepts,TwoLayerCNN,retention_0p1,contrast,12,cf_accuracy,50,0.8749609375,0.0751646246268851,0.8535993875365224,0.8963224874634776
two_concepts,TwoLayerCNN,retention_0p1,contrast,12,causal_usefulness_random,50,-0.04119304143008279,0.05122937474878266,-0.055752268642699165,-0.02663381421746641
two_concepts,TwoLayerCNN,retention_0p1,contrast,13,fidelity,50,0.9638123751894483,0.025940364302473606,0.9564402052242716,0.9711845451546249
two_concepts,TwoLayerCNN,retention_0p1,contrast,13,cf_accuracy,50,0.9412890625,0.039477644905005355,0.9300696399556204,0.9525084850443796
two_concepts,TwoLayerCNN,retention_0p1,contrast,13,causal_usefulness_random,50,-0.01811869215012376,0.026843512353604056,-0.025747533951478812,-0.010489850348768707
two_concepts,TwoLayerCNN,retention_0p1,contrast,14,fidelity,50,0.9889317456725505,0.009516040331572282,0.9862273169335471,0.9916361744115538
two_concepts,TwoLayerCNN,retention_0p1,contrast,14,cf_accuracy,50,0.975625,0.01853417989279454,0.9703576443552756,0.9808923556447243
two_concepts,TwoLayerCNN,retention_0p1,contrast,14,causal_usefulness_random,50,-0.005230580976095356,0.009238756483773647,-0.007856206517474613,-0.0026049554347160994
two_concepts,TwoLayerCNN,retention_0p1,contrast,15,fidelity,50,0.9979694148936282,0.0018034737586552776,0.9974568733224494,0.9984819564648071
two_concepts,TwoLayerCNN,retention_0p1,contrast,15,cf_accuracy,50,0.987734375,0.00987297502083933,0.9849285065446897,0.9905402434553104
two_concepts,TwoLayerCNN,retention_0p1,contrast,15,causal_usefulness_random,50,-0.0005628640780321059,0.0017375167147441347,-0.00105666086473366,-6.906729133055183e-05
two_concepts,TwoLayerCNN,retention_0p1,contrast,16,fidelity,50,1.0,0.0,1.0,1.0
two_concepts,TwoLayerCNN,retention_0p1,contrast,16,cf_accuracy,50,0.992421875,0.007545253699912675,0.9902775376245673,0.9945662123754327
two_concepts,TwoLayerCNN,retention_0p1,contrast,16,causal_usefulness_random,50,0.0,0.0,0.0,0.0
two_concepts,TwoLayerCNN,retention_0p1,auroc,1,fidelity,50,0.012612377055713043,0.008549821354350683,0.010182544711756336,0.01504220939966975
two_concepts,TwoLayerCNN,retention_0p1,auroc,1,cf_accuracy,50,0.0065234375,0.0049851363994456365,0.005106677411060245,0.007940197588939754
two_concepts,TwoLayerCNN,retention_0p1,auroc,1,causal_usefulness_random,50,0.0006438557899039371,0.008144385908186155,-0.001670753075146302,0.002958464654954176
two_concepts,TwoLayerCNN,retention_0p1,auroc,1,causal_usefulness_energy,50,0.00022869271537477587,0.007318132603754873,-0.0018510975587131373,0.002308482989462689
two_concepts,TwoLayerCNN,retention_0p1,auroc,2,fidelity,50,0.043696598995225704,0.026370037875523982,0.03620231715169849,0.051190880838752915
two_concepts,TwoLayerCNN,retention_0p1,auroc,2,cf_accuracy,50,0.016640625,0.014228488199206161,0.012596933395327508,0.02068431660467249
two_concepts,TwoLayerCNN,retention_0p1,auroc,2,causal_usefulness_random,50,0.007639273884522572,0.024013717004564124,0.0008146510230611108,0.014463896745984032
two_concepts,TwoLayerCNN,retention_0p1,auroc,2,causal_usefulness_energy,50,0.0028393187330849694,0.019286297663266318,-0.002641786416969961,0.0083204238831399
two_concepts,TwoLayerCNN,retention_0p1,auroc,3,fidelity,50,0.10575922034785647,0.05989147197017616,0.08873825234292176,0.12278018835279117
two_concepts,TwoLayerCNN,retention_0p1,auroc,3,cf_accuracy,50,0.0427734375,0.03687735857128751,0.03229300815505159,0.05325386684494841
two_concepts,TwoLayerCNN,retention_0p1,auroc,3,causal_usefulness_random,50,0.025017146395793256,0.05550935782108661,0.009241561452453143,0.04079273133913337
two_concepts,TwoLayerCNN,retention_0p1,auroc,4,fidelity,50,0.19840062324290503,0.10627420717707045,0.1681978277428799,0.22860341874293016
two_concepts,TwoLayerCNN,retention_0p1,auroc,4,cf_accuracy,50,0.0966796875,0.07959617091923446,0.07405870601525291,0.11930066898474709
two_concepts,TwoLayerCNN,retention_0p1,auroc,4,causal_usefulness_random,50,0.04898209846494984,0.10671225059484393,0.018654812403022865,0.0793093845268768
two_concepts,TwoLayerCNN,retention_0p1,auroc,4,causal_usefulness_energy,50,0.015254078738405487,0.07614494129703961,-0.006386074140120112,0.03689423161693109
two_concepts,TwoLayerCNN,retention_0p1,auroc,5,fidelity,50,0.29591880038600094,0.1251225390799259,0.26035936822784445,0.3314782325441574
two_concepts,TwoLayerCNN,retention_0p1,auroc,5,cf_accuracy,50,0.1646484375,0.10173271922059658,0.13573631859647645,0.19356055640352354
two_concepts,TwoLayerCNN,retention_0p1,auroc,5,causal_usefulness_random,50,0.0463356573224612,0.12241082722301994,0.011546885147047846,0.08112442949787455
two_concepts,TwoLayerCNN,retention_0p1,auroc,6,fidelity,50,0.38850787751930377,0.13179596726143486,0.35105187805658583,0.4259638769820217
two_concepts,TwoLayerCNN,retention_0p1,auroc,6,cf_accuracy,50,0.2440234375,0.12410519197504763,0.20875313218999758,0.2792937428100024
two_concepts,TwoLayerCNN,retention_0p1,auroc,6,causal_usefulness_random,50,0.0270289471653291,0.12633110116101992,-0.008873954535945711,0.06293184886660391
two_concepts,TwoLayerCNN,retention_0p1,auroc,7,fidelity,50,0.4992248578888234,0.12263548787419351,0.4643722378627929,0.5340774779148539
two_concepts,TwoLayerCNN,retention_0p1,auroc,7,cf_accuracy,50,0.351640625,0.1267213961448973,0.3156268026915915,0.3876544473084085
two_concepts,TwoLayerCNN,retention_0p1,auroc,7,causal_usefulness_random,50,0.00599235821028892,0.11979958687551046,-0.02805430766941866,0.0400390240899965
two_concepts,TwoLayerCNN,retention_0p1,auroc,8,fidelity,50,0.6069210453358128,0.12531420910828212,0.5713071411583047,0.6425349495133209
two_concepts,TwoLayerCNN,retention_0p1,auroc,8,cf_accuracy,50,0.474140625,0.1383346561806038,0.43482635070738945,0.5134548992926105
two_concepts,TwoLayerCNN,retention_0p1,auroc,8,causal_usefulness_random,50,-0.015831153471613405,0.1291807352257959,-0.052543912213411065,0.02088160527018425
two_concepts,TwoLayerCNN,retention_0p1,auroc,8,causal_usefulness_energy,50,-0.054306845927228134,0.12017955502020047,-0.08846149755884516,-0.020152194295611103
two_concepts,TwoLayerCNN,retention_0p1,auroc,9,fidelity,50,0.7128781277746629,0.11466897624989238,0.680289565301529,0.7454666902477968
two_concepts,TwoLayerCNN,retention_0p1,auroc,9,cf_accuracy,50,0.604375,0.13933368457657663,0.5647768049787031,0.6439731950212969
two_concepts,TwoLayerCNN,retention_0p1,auroc,9,causal_usefulness_random,50,-0.02811022720142794,0.10912748915828785,-0.0591239164683577,0.0029034620655018183
two_concepts,TwoLayerCNN,retention_0p1,auroc,10,fidelity,50,0.7876891842456472,0.10440409205349863,0.7580178695831561,0.8173604989081382
two_concepts,TwoLayerCNN,retention_0p1,auroc,10,cf_accuracy,50,0.7048046875,0.13349015038280065,0.666867206521556,0.7427421684784441
two_concepts,TwoLayerCNN,retention_0p1,auroc,10,causal_usefulness_random,50,-0.05470484765975074,0.09767075190485297,-0.08246256822501352,-0.02694712709448796
two_concepts,TwoLayerCNN,retention_0p1,auroc,11,fidelity,50,0.8554351369037421,0.08407692143424961,0.8315407402123668,0.8793295335951173
two_concepts,TwoLayerCNN,retention_0p1,auroc,11,cf_accuracy,50,0.79390625,0.11613461964642981,0.760901156282292,0.826911343717708
two_concepts,TwoLayerCNN,retention_0p1,auroc,11,causal_usefulness_random,50,-0.057319331962494766,0.08054179823628577,-0.0802090577572187,-0.034429606167770826
two_concepts,TwoLayerCNN,retention_0p1,auroc,12,fidelity,50,0.9112015827371691,0.055833949219416125,0.8953337499391028,0.9270694155352355
two_concepts,TwoLayerCNN,retention_0p1,auroc,12,cf_accuracy,50,0.8669921875,0.07995237100402551,0.8442699750712279,0.889714399928772
two_concepts,TwoLayerCNN,retention_0p1,auroc,12,causal_usefulness_random,50,-0.046274783716350944,0.054193027093885265,-0.06167627160622803,-0.03087329582647386
two_concepts,TwoLayerCNN,retention_0p1,auroc,13,fidelity,50,0.962364073678011,0.026662862208434748,0.954786572079858,0.9699415752761641
two_concepts,TwoLayerCNN,retention_0p1,auroc,13,cf_accuracy,50,0.93921875,0.041120151975852656,0.9275325321109561,0.9509049678890439
two_concepts,TwoLayerCNN,retention_0p1,auroc,13,causal_usefulness_random,50,-0.01956699366156088,0.02698061283857085,-0.027234798989630434,-0.011899188333491326
two_concepts,TwoLayerCNN,retention_0p1,auroc,14,fidelity,50,0.9890087973206731,0.009372569786079853,0.986345142459555,0.9916724521817913
two_concepts,TwoLayerCNN,retention_0p1,auroc,14,cf_accuracy,50,0.9756640625,0.01855923933828777,0.970389585039666,0.9809385399603341
two_concepts,TwoLayerCNN,retention_0p1,auroc,14,causal_usefulness_random,50,-0.005153529327972524,0.008923769751758296,-0.0076896366305901406,-0.0026174220253549064
two_concepts,TwoLayerCNN,retention_0p1,auroc,15,fidelity,50,0.9978978667387178,0.001835893514268223,0.9973761115749378,0.9984196219024979
two_concepts,TwoLayerCNN,retention_0p1,auroc,15,cf_accuracy,50,0.9881640625,0.009716954609945498,0.9854025345548587,0.9909255904451413
two_concepts,TwoLayerCNN,retention_0p1,auroc,15,causal_usefulness_random,50,-0.0006344122329424384,0.0017641960394944073,-0.0011357911998447693,-0.00013303326604010744
two_concepts,TwoLayerCNN,retention_0p1,auroc,16,fidelity,50,1.0,0.0,1.0,1.0
two_concepts,TwoLayerCNN,retention_0p1,auroc,16,cf_accuracy,50,0.992421875,0.007545253699912675,0.9902775376245673,0.9945662123754327
two_concepts,TwoLayerCNN,retention_0p1,auroc,16,causal_usefulness_random,50,0.0,0.0,0.0,0.0
two_concepts,TwoLayerCNN,retention_0p1,validation_patch,1,fidelity,50,0.04061115955239248,0.018698434607812415,0.035297123234159664,0.045925195870625296
two_concepts,TwoLayerCNN,retention_0p1,validation_patch,1,cf_accuracy,50,0.014921875,0.010011726821468118,0.012076573719256502,0.017767176280743497
two_concepts,TwoLayerCNN,retention_0p1,validation_patch,1,causal_usefulness_random,50,0.028642638286583377,0.017712649282461353,0.023608759058009163,0.033676517515157586
two_concepts,TwoLayerCNN,retention_0p1,validation_patch,1,causal_usefulness_energy,50,0.029336255267054953,0.017873419127829998,0.024256685753968436,0.03441582478014147
two_concepts,TwoLayerCNN,retention_0p1,validation_patch,2,fidelity,50,0.14339902661003712,0.05108570841709832,0.12888062891712604,0.1579174243029482
two_concepts,TwoLayerCNN,retention_0p1,validation_patch,2,cf_accuracy,50,0.05640625,0.034435008932228076,0.04661992874249341,0.06619257125750659
two_concepts,TwoLayerCNN,retention_0p1,validation_patch,2,causal_usefulness_random,50,0.107341701499334,0.04701478731182381,0.09398024678351313,0.12070315621515487
two_concepts,TwoLayerCNN,retention_0p1,validation_patch,2,causal_usefulness_energy,50,0.090190799635028,0.042200862439537516,0.07819744723050359,0.10218415203955242
two_concepts,TwoLayerCNN,retention_0p1,validation_patch,3,fidelity,50,0.3232500303929,0.0974502089318456,0.2955549874470676,0.3509450733387324
two_concepts,TwoLayerCNN,retention_0p1,validation_patch,3,cf_accuracy,50,0.17921875,0.08947085993541644,0.15379141294785578,0.20464608705214424
two_concepts,TwoLayerCNN,retention_0p1,validation_patch,3,causal_usefulness_random,50,0.2425079564408369,0.09146982642949995,0.2165125193968328,0.268503393484841
two_concepts,TwoLayerCNN,retention_0p1,validation_patch,4,fidelity,50,0.5227957307932514,0.11335597067020312,0.49058032037711347,0.5550111412093892
two_concepts,TwoLayerCNN,retention_0p1,validation_patch,4,cf_accuracy,50,0.3676953125,0.12705261873489884,0.3315873577730439,0.4038032672269561
two_concepts,TwoLayerCNN,retention_0p1,validation_patch,4,causal_usefulness_random,50,0.37337720601529617,0.10773938494669211,0.3427580116004023,0.40399640043019003
two_concepts,TwoLayerCNN,retention_0p1,validation_patch,4,causal_usefulness_energy,50,0.30528424166888735,0.11710172139973649,0.2720043006739452,0.3385641826638295
two_concepts,TwoLayerCNN,retention_0p1,validation_patch,5,fidelity,50,0.7015071732128735,0.11643305400730988,0.6684172653882315,0.7345970810375154
two_concepts,TwoLayerCNN,retention_0p1,validation_patch,5,cf_accuracy,50,0.5795703125,0.15714220814756658,0.5349109910788061,0.6242296339211939
two_concepts,TwoLayerCNN,retention_0p1,validation_patch,5,causal_usefulness_random,50,0.45192403014933347,0.11994362467601863,0.4178364291796489,0.486011631119018
two_concepts,TwoLayerCNN,retention_0p1,validation_patch,6,fidelity,50,0.8324772126669258,0.08255892985098531,0.8090142244101832,0.8559402009236683
two_concepts,TwoLayerCNN,retention_0p1,validation_patch,6,cf_accuracy,50,0.7542578125,0.1172550360770542,0.7209342999558629,0.7875813250441371
two_concepts,TwoLayerCNN,retention_0p1,validation_patch,6,causal_usefulness_random,50,0.4709982823129513,0.0951958491437521,0.4439439213300511,0.4980526432958515
two_concepts,TwoLayerCNN,retention_0p1,validation_patch,7,fidelity,50,0.9131311382314419,0.05376407798468315,0.8978515563295677,0.928410720133316
two_concepts,TwoLayerCNN,retention_0p1,validation_patch,7,cf_accuracy,50,0.874296875,0.07646999402933351,0.8525643431570862,0.8960294068429138
two_concepts,TwoLayerCNN,retention_0p1,validation_patch,7,causal_usefulness_random,50,0.4198986385529075,0.0716076734218132,0.399547962937063,0.44024931416875196
two_concepts,TwoLayerCNN,retention_0p1,validation_patch,8,fidelity,50,0.9566272590886206,0.029979094855801348,0.9481072945999937,0.9651472235772475
two_concepts,TwoLayerCNN,retention_0p1,validation_patch,8,cf_accuracy,50,0.93578125,0.04263524329498665,0.9236644479222694,0.9478980520777306
two_concepts,TwoLayerCNN,retention_0p1,validation_patch,8,causal_usefulness_random,50,0.33387506028119435,0.057917866730606324,0.31741498467933527,0.35033513588305343
two_concepts,TwoLayerCNN,retention_0p1,validation_patch,8,causal_usefulness_energy,50,0.22788717045981666,0.07227573427017572,0.20734663405158776,0.24842770686804555
two_concepts,TwoLayerCNN,retention_0p1,validation_patch,9,fidelity,50,0.9769538916859104,0.020106475287939022,0.9712396946339755,0.9826680887378453
two_concepts,TwoLayerCNN,retention_0p1,validation_patch,9,cf_accuracy,50,0.963984375,0.03058565191388683,0.9552920289027864,0.9726767210972136
two_concepts,TwoLayerCNN,retention_0p1,validation_patch,9,causal_usefulness_random,50,0.23596553670981943,0.05092050775391535,0.22149408852591077,0.2504369848937281
two_concepts,TwoLayerCNN,retention_0p1,validation_patch,10,fidelity,50,0.988467693858678,0.013605122576758518,0.9846011608037293,0.9923342269136268
two_concepts,TwoLayerCNN,retention_0p1,validation_patch,10,cf_accuracy,50,0.9784765625,0.02056227204732605,0.9726328294423022,0.9843202955576978
two_concepts,TwoLayerCNN,retention_0p1,validation_patch,10,causal_usefulness_random,50,0.1460736619532801,0.040485808779068426,0.13456772240606743,0.15757960150049274
two_concepts,TwoLayerCNN,retention_0p1,validation_patch,11,fidelity,50,0.9927069052269828,0.012422676896953292,0.9891764195160292,0.9962373909379364
two_concepts,TwoLayerCNN,retention_0p1,validation_patch,11,cf_accuracy,50,0.9843359375,0.017453631928010735,0.9793756701890796,0.9892962048109205
two_concepts,TwoLayerCNN,retention_0p1,validation_patch,11,causal_usefulness_random,50,0.07995243636074606,0.026128144214657992,0.07252689993500132,0.0873779727864908
two_concepts,TwoLayerCNN,retention_0p1,validation_patch,12,fidelity,50,0.9956780751001806,0.01129692157627404,0.9924675255114216,0.9988886246889396
two_concepts,TwoLayerCNN,retention_0p1,validation_patch,12,cf_accuracy,50,0.987578125,0.016901942836131053,0.9827746459942029,0.992381604005797
two_concepts,TwoLayerCNN,retention_0p1,validation_patch,12,causal_usefulness_random,50,0.03820170864666032,0.016939962003809966,0.033387424712960384,0.04301599258036026
two_concepts,TwoLayerCNN,retention_0p1,validation_patch,13,fidelity,50,0.9986066568109304,0.001143465445587851,0.9982816875269264,0.9989316260949345
two_concepts,TwoLayerCNN,retention_0p1,validation_patch,13,cf_accuracy,50,0.991171875,0.007289151275926563,0.989100321128149,0.993243428871851
two_concepts,TwoLayerCNN,retention_0p1,validation_patch,13,causal_usefulness_random,50,0.016675589471358297,0.008138949026532812,0.01436252575097764,0.018988653191738952
two_concepts,TwoLayerCNN,retention_0p1,validation_patch,14,fidelity,50,0.9992584680229198,0.0004744874694667057,0.9991236201761253,0.9993933158697144
two_concepts,TwoLayerCNN,retention_0p1,validation_patch,14,cf_accuracy,50,0.9921484375,0.007195090996141847,0.9901036152638909,0.9941932597361092
two_concepts,TwoLayerCNN,retention_0p1,validation_patch,14,causal_usefulness_random,50,0.005096141374274068,0.003058304162633339,0.0042269809481041715,0.005965301800443964
two_concepts,TwoLayerCNN,retention_0p1,validation_patch,15,fidelity,50,0.9996675230231468,0.00032351636137325774,0.9995755806905431,0.9997594653557504
two_concepts,TwoLayerCNN,retention_0p1,validation_patch,15,cf_accuracy,50,0.992421875,0.007462254214536814,0.9903011258173189,0.9945426241826811
two_concepts,TwoLayerCNN,retention_0p1,validation_patch,15,causal_usefulness_random,50,0.001135244051486266,0.0009469505328386206,0.0008661236877435242,0.0014043644152290078
two_concepts,TwoLayerCNN,retention_0p1,validation_patch,16,fidelity,50,1.0,0.0,1.0,1.0
two_concepts,TwoLayerCNN,retention_0p1,validation_patch,16,cf_accuracy,50,0.992421875,0.007545253699912675,0.9902775376245673,0.9945662123754327
two_concepts,TwoLayerCNN,retention_0p1,validation_patch,16,causal_usefulness_random,50,0.0,0.0,0.0,0.0
two_concepts,TwoLayerCNN,retention_1,contrast,1,fidelity,50,0.016233395502464224,0.00999187953702007,0.013393734757550992,0.019073056247377457
two_concepts,TwoLayerCNN,retention_1,contrast,1,cf_accuracy,50,0.008203125,0.006543548772075097,0.006343469015193314,0.010062780984806688
two_concepts,TwoLayerCNN,retention_1,contrast,1,causal_usefulness_random,50,0.0013144620508744609,0.010626646152536548,-0.0017055973701422223,0.004334521471891144
two_concepts,TwoLayerCNN,retention_1,contrast,1,causal_usefulness_energy,50,-0.0004859877670961332,0.009141843040783701,-0.0030840708127223824,0.0021120952785301157
two_concepts,TwoLayerCNN,retention_1,contrast,2,fidelity,50,0.05373603280757026,0.02543962717617577,0.046506170759117386,0.06096589485602313
two_concepts,TwoLayerCNN,retention_1,contrast,2,cf_accuracy,50,0.0205078125,0.015298984446155416,0.01615988922812455,0.02485573577187545
two_concepts,TwoLayerCNN,retention_1,contrast,2,causal_usefulness_random,50,0.012086996521502729,0.02494363087341999,0.004998095062630562,0.019175897980374897
two_concepts,TwoLayerCNN,retention_1,contrast,2,causal_usefulness_energy,50,0.00411756119149287,0.018200164074490568,-0.0010548682079837002,0.00928999059096944
two_concepts,TwoLayerCNN,retention_1,contrast,3,fidelity,50,0.1309448770882736,0.04497305400163996,0.11816367655896787,0.14372607761757933
two_concepts,TwoLayerCNN,retention_1,contrast,3,cf_accuracy,50,0.053359375,0.030346164802029996,0.04473509038690788,0.06198365961309212
two_concepts,TwoLayerCNN,retention_1,contrast,3,causal_usefulness_random,50,0.038931470750727976,0.04292783782500151,0.026731514227631897,0.051131427273824054
two_concepts,TwoLayerCNN,retention_1,contrast,4,fidelity,50,0.2329591099138363,0.08197795245300067,0.20966123360671507,0.25625698622095755
two_concepts,TwoLayerCNN,retention_1,contrast,4,cf_accuracy,50,0.1085546875,0.06386534076271264,0.0904043584800738,0.1267050165199262
two_concepts,TwoLayerCNN,retention_1,contrast,4,causal_usefulness_random,50,0.06651202314143721,0.08118741580058361,0.043438814865087015,0.0895852314177874
two_concepts,TwoLayerCNN,retention_1,contrast,4,causal_usefulness_energy,50,0.01833750420390233,0.05867461459403968,0.0016623632388523928,0.035012645168952264
two_concepts,TwoLayerCNN,retention_1,contrast,5,fidelity,50,0.3373232226171408,0.10113375805251036,0.30858132659415144,0.3660651186401302
two_concepts,TwoLayerCNN,retention_1,contrast,5,cf_accuracy,50,0.1909375,0.08934808786742116,0.16554505438352274,0.21632994561647728
two_concepts,TwoLayerCNN,retention_1,contrast,5,causal_usefulness_random,50,0.06903313978905619,0.1032497066004947,0.039689897842338895,0.09837638173577348
two_concepts,TwoLayerCNN,retention_1,contrast,6,fidelity,50,0.4473380516130925,0.10778849268126209,0.4167049009344533,0.4779712022917317
two_concepts,TwoLayerCNN,retention_1,contrast,6,cf_accuracy,50,0.2974609375,0.10747096367958903,0.26691802756516503,0.328003847434835
two_concepts,TwoLayerCNN,retention_1,contrast,6,causal_usefulness_random,50,0.06977165714177005,0.11180531186644019,0.037996939081608345,0.10154637520193177
two_concepts,TwoLayerCNN,retention_1,contrast,7,fidelity,50,0.5566192674741264,0.11189237420518128,0.5248198065710623,0.5884187283771904
two_concepts,TwoLayerCNN,retention_1,contrast,7,cf_accuracy,50,0.4171875,0.1258373629034842,0.38142491715895477,0.4529500828410452
two_concepts,TwoLayerCNN,retention_1,contrast,7,causal_usefulness_random,50,0.05341436011718672,0.11586336362894012,0.020486356506683623,0.08634236372768982
two_concepts,TwoLayerCNN,retention_1,contrast,8,fidelity,50,0.6263123301932229,0.10111796503055662,0.5975749224974115,0.6550497378890342
two_concepts,TwoLayerCNN,retention_1,contrast,8,cf_accuracy,50,0.4996484375,0.11905184856349238,0.4658142764973016,0.5334825985026983
two_concepts,TwoLayerCNN,retention_1,contrast,8,causal_usefulness_random,50,0.002601398415337828,0.09985887869000128,-0.025778180901690085,0.03098097773236574
two_concepts,TwoLayerCNN,retention_1,contrast,8,causal_usefulness_energy,50,-0.04665555618034414,0.0947429795627171,-0.07358121305236454,-0.019729899308323744
two_concepts,TwoLayerCNN,retention_1,contrast,9,fidelity,50,0.6861614754070807,0.1042997635991826,0.656519810563245,0.7158031402509164
two_concepts,TwoLayerCNN,retention_1,contrast,9,cf_accuracy,50,0.5666796875,0.13039421853234962,0.5296220606182832,0.6037373143817167
two_concepts,TwoLayerCNN,retention_1,contrast,9,causal_usefulness_random,50,-0.04680575914624188,0.09919647985630889,-0.07499708679765038,-0.018614431494833387
two_concepts,TwoLayerCNN,retention_1,contrast,10,fidelity,50,0.7502453581387932,0.08709799492873616,0.7254923818600634,0.7749983344175231
two_concepts,TwoLayerCNN,retention_1,contrast,10,cf_accuracy,50,0.643359375,0.1149296196049212,0.610696738504961,0.6760220114950389
two_concepts,TwoLayerCNN,retention_1,contrast,10,causal_usefulness_random,50,-0.0787493394684585,0.08074489332178399,-0.10169678424784766,-0.055801894689069334
two_concepts,TwoLayerCNN,retention_1,contrast,11,fidelity,50,0.8096033779937651,0.07405149217127643,0.7885581767739217,0.8306485792136086
two_concepts,TwoLayerCNN,retention_1,contrast,11,cf_accuracy,50,0.7213671875,0.10003139236662162,0.6929385803385465,0.7497957946614534
two_concepts,TwoLayerCNN,retention_1,contrast,11,causal_usefulness_random,50,-0.09169613333899443,0.06826143024252689,-0.11109581716556169,-0.07229644951242717
two_concepts,TwoLayerCNN,retention_1,contrast,12,fidelity,50,0.8985367698984272,0.051155470848608255,0.8839985459418493,0.9130749938550051
two_concepts,TwoLayerCNN,retention_1,contrast,12,cf_accuracy,50,0.8440234375,0.0725349946365671,0.823409220110888,0.8646376548891119
two_concepts,TwoLayerCNN,retention_1,contrast,12,causal_usefulness_random,50,-0.052470717225961847,0.04752371469860391,-0.06597680750478127,-0.03896462694714242
two_concepts,TwoLayerCNN,retention_1,contrast,13,fidelity,50,0.9534684351897298,0.027396727352192514,0.9456823714253628,0.9612544989540968
two_concepts,TwoLayerCNN,retention_1,contrast,13,cf_accuracy,50,0.9240234375,0.04117239158444266,0.9123223732784626,0.9357245017215375
two_concepts,TwoLayerCNN,retention_1,contrast,13,causal_usefulness_random,50,-0.025054778806829957,0.024700351173334148,-0.032074540939931784,-0.01803501667372813
two_concepts,TwoLayerCNN,retention_1,contrast,14,fidelity,50,0.9853710370663252,0.008954095854907937,0.9828263111805531,0.9879157629520974
two_concepts,TwoLayerCNN,retention_1,contrast,14,cf_accuracy,50,0.9694921875,0.017271588495346425,0.9645836563602063,0.9744007186397937
two_concepts,TwoLayerCNN,retention_1,contrast,14,causal_usefulness_random,50,-0.007459658206065958,0.008609858549197033,-0.009906552932010782,-0.005012763480121134
two_concepts,TwoLayerCNN,retention_1,contrast,15,fidelity,50,0.9968589281386834,0.002922668929961324,0.9960283148191333,0.9976895414582334
two_concepts,TwoLayerCNN,retention_1,contrast,15,cf_accuracy,50,0.9844140625,0.010591585479800688,0.9814039672119264,0.9874241577880736
two_concepts,TwoLayerCNN,retention_1,contrast,15,causal_usefulness_random,50,-0.0012118181199277922,0.0026432922425210603,-0.0019630334634085336,-0.0004606027764470507
two_concepts,TwoLayerCNN,retention_1,contrast,16,fidelity,50,1.0,0.0,1.0,1.0
two_concepts,TwoLayerCNN,retention_1,contrast,16,cf_accuracy,50,0.99109375,0.007488498302328684,0.988965542330093,0.993221957669907
two_concepts,TwoLayerCNN,retention_1,contrast,16,causal_usefulness_random,50,0.0,0.0,0.0,0.0
two_concepts,TwoLayerCNN,retention_1,auroc,1,fidelity,50,0.01595768481764024,0.009458564619556877,0.013269590495259012,0.018645779140021468
two_concepts,TwoLayerCNN,retention_1,auroc,1,cf_accuracy,50,0.0082421875,0.006366133453978044,0.0064329523907132695,0.01005142260928673
two_concepts,TwoLayerCNN,retention_1,auroc,1,causal_usefulness_random,50,0.0010387513660504743,0.010151561487862703,-0.0018462904871716585,0.003923793219272607
two_concepts,TwoLayerCNN,retention_1,auroc,1,causal_usefulness_energy,50,-0.0004962144236796056,0.009266918454621655,-0.003129843508618429,0.0021374146612592173
two_concepts,TwoLayerCNN,retention_1,auroc,2,fidelity,50,0.05109658770089473,0.02510707090780663,0.043961237098187764,0.058231938303601696
two_concepts,TwoLayerCNN,retention_1,auroc,2,cf_accuracy,50,0.019296875,0.014640543153398737,0.015136078673054543,0.02345767132694546
two_concepts,TwoLayerCNN,retention_1,auroc,2,causal_usefulness_random,50,0.009447551414827206,0.023608136070026833,0.0027381933796102624,0.01615690945004415
two_concepts,TwoLayerCNN,retention_1,auroc,2,causal_usefulness_energy,50,0.002059736846102101,0.01726384494256529,-0.002846593600340814,0.006966067292545016
two_concepts,TwoLayerCNN,retention_1,auroc,3,fidelity,50,0.12497039649653469,0.044655900750385044,0.11227932992394585,0.13766146306912352
two_concepts,TwoLayerCNN,retention_1,auroc,3,cf_accuracy,50,0.050859375,0.03054438952973623,0.042178755542612266,0.05953999445738773
two_concepts,TwoLayerCNN,retention_1,auroc,3,causal_usefulness_random,50,0.03295699015898905,0.042914985969140444,0.020760686092915967,0.04515329422506213
two_concepts,TwoLayerCNN,retention_1,auroc,4,fidelity,50,0.22732073130572775,0.07970198917760399,0.204669676604698,0.24997178600675748
two_concepts,TwoLayerCNN,retention_1,auroc,4,cf_accuracy,50,0.10703125,0.06326018482848782,0.08905290439366507,0.1250095956063349
two_concepts,TwoLayerCNN,retention_1,auroc,4,causal_usefulness_random,50,0.060873644533328684,0.08060561681512647,0.03796578169917601,0.08378150736748136
two_concepts,TwoLayerCNN,retention_1,auroc,4,causal_usefulness_energy,50,0.01955641759619568,0.060907147376090785,0.0022467978346956824,0.036866037357695676
two_concepts,TwoLayerCNN,retention_1,auroc,5,fidelity,50,0.32442940993050895,0.09648038416725249,0.29700998813315577,0.35184883172786213
two_concepts,TwoLayerCNN,retention_1,auroc,5,cf_accuracy,50,0.183671875,0.08223973597301582,0.16029960063966986,0.20704414936033017
two_concepts,TwoLayerCNN,retention_1,auroc,5,causal_usefulness_random,50,0.05613932710242428,0.09801681706815893,0.028283255905953326,0.08399539829889524
two_concepts,TwoLayerCNN,retention_1,auroc,6,fidelity,50,0.43424430196270136,0.10900301185094415,0.4032659887550993,0.46522261517030344
two_concepts,TwoLayerCNN,retention_1,auroc,6,cf_accuracy,50,0.2890234375,0.10431946717733362,0.25937617296121174,0.3186707020387882
two_concepts,TwoLayerCNN,retention_1,auroc,6,causal_usefulness_random,50,0.05667790749137894,0.11277382187906033,0.02462794193111445,0.08872787305164342
two_concepts,TwoLayerCNN,retention_1,auroc,7,fidelity,50,0.5201570133182305,0.11432923908962075,0.4876650030777408,0.5526490235587203
two_concepts,TwoLayerCNN,retention_1,auroc,7,cf_accuracy,50,0.376953125,0.11863477055685037,0.3432374962552857,0.4106687537447143
two_concepts,TwoLayerCNN,retention_1,auroc,7,causal_usefulness_random,50,0.01695210596129068,0.11530197228546792,-0.01581635199469509,0.04972056391727645
two_concepts,TwoLayerCNN,retention_1,auroc,8,fidelity,50,0.6002624755233995,0.10704566202193412,0.5698404349823072,0.6306845160644918
two_concepts,TwoLayerCNN,retention_1,auroc,8,cf_accuracy,50,0.46765625,0.12343136952775857,0.43257744291067957,0.5027350570893204
two_concepts,TwoLayerCNN,retention_1,auroc,8,causal_usefulness_random,50,-0.02344845625448549,0.10502336600974452,-0.053295766628032,0.00639885411906102
two_concepts,TwoLayerCNN,retention_1,auroc,8,causal_usefulness_energy,50,-0.05992468038213481,0.1021340468610886,-0.08895085533910971,-0.030898505425159914
two_concepts,TwoLayerCNN,retention_1,auroc,9,fidelity,50,0.6739586084905724,0.09572994090997482,0.6467524603071656,0.7011647566739793
two_concepts,TwoLayerCNN,retention_1,auroc,9,cf_accuracy,50,0.5512890625,0.11706174827099976,0.5180204817425491,0.5845576432574509
two_concepts,TwoLayerCNN,retention_1,auroc,9,causal_usefulness_random,50,-0.059008626062750064,0.09215996306848165,-0.08520019776941515,-0.032817054356084986
two_concepts,TwoLayerCNN,retention_1,auroc,10,fidelity,50,0.7504858142490369,0.08598639763192754,0.7260487504266376,0.7749228780714362
two_concepts,TwoLayerCNN,retention_1,auroc,10,cf_accuracy,50,0.642734375,0.1135200465143431,0.6104723347448947,0.6749964152551052
two_concepts,TwoLayerCNN,retention_1,auroc,10,causal_usefulness_random,50,-0.07850888335821499,0.07989807172505775,-0.10121566410264868,-0.05580210261378129
two_concepts,TwoLayerCNN,retention_1,auroc,11,fidelity,50,0.823087123085162,0.07656930650338195,0.8013263669494121,0.8448478792209119
two_concepts,TwoLayerCNN,retention_1,auroc,11,cf_accuracy,50,0.73890625,0.10302557460669125,0.7096267056611376,0.7681857943388624
two_concepts,TwoLayerCNN,retention_1,auroc,11,causal_usefulness_random,50,-0.0782123882475976,0.07424114664029682,-0.09931148867116732,-0.05711328782402788
two_concepts,TwoLayerCNN,retention_1,auroc,12,fidelity,50,0.8948634268412118,0.052517802522071166,0.8799380325068934,0.9097888211755302
two_concepts,TwoLayerCNN,retention_1,auroc,12,cf_accuracy,50,0.83875,0.07555477974890122,0.8172775691776898,0.8602224308223102
two_concepts,TwoLayerCNN,retention_1,auroc,12,causal_usefulness_random,50,-0.05614406028317732,0.04893086399240534,-0.07005005796650815,-0.042238062599846485
two_concepts,TwoLayerCNN,retention_1,auroc,13,fidelity,50,0.9539172989259578,0.029392149847673302,0.9455641423629897,0.9622704554889259
two_concepts,TwoLayerCNN,retention_1,auroc,13,cf_accuracy,50,0.9239453125,0.04391923652380974,0.9114636035841601,0.9364270214158399
two_concepts,TwoLayerCNN,retention_1,auroc,13,causal_usefulness_random,50,-0.02460591507060177,0.026902950140609706,-0.03225164890412145,-0.016960181237082088
two_concepts,TwoLayerCNN,retention_1,auroc,14,fidelity,50,0.9864446967140239,0.008256220464388024,0.9840983048197653,0.9887910886082825
two_concepts,TwoLayerCNN,retention_1,auroc,14,cf_accuracy,50,0.970703125,0.016081694699765135,0.9661327579352844,0.9752734920647156
two_concepts,TwoLayerCNN,retention_1,auroc,14,causal_usefulness_random,50,-0.006385998558367409,0.007936719638717619,-0.008641589322642161,-0.004130407794092657
two_concepts,TwoLayerCNN,retention_1,auroc,15,fidelity,50,0.996826465214464,0.0028661043597973065,0.996011927367887,0.9976410030610411
two_concepts,TwoLayerCNN,retention_1,auroc,15,cf_accuracy,50,0.984296875,0.01065366032480511,0.9812691382361707,0.9873246117638292
two_concepts,TwoLayerCNN,retention_1,auroc,15,causal_usefulness_random,50,-0.0012442810441470353,0.002599607599377498,-0.0019830813494129233,-0.0005054807388811472
two_concepts,TwoLayerCNN,retention_1,auroc,16,fidelity,50,1.0,0.0,1.0,1.0
two_concepts,TwoLayerCNN,retention_1,auroc,16,cf_accuracy,50,0.99109375,0.007488498302328684,0.988965542330093,0.993221957669907
two_concepts,TwoLayerCNN,retention_1,auroc,16,causal_usefulness_random,50,0.0,0.0,0.0,0.0
two_concepts,TwoLayerCNN,retention_1,validation_patch,1,fidelity,50,0.042985302393517145,0.014497797813941258,0.03886507384318218,0.047105530943852114
two_concepts,TwoLayerCNN,retention_1,validation_patch,1,cf_accuracy,50,0.0154296875,0.00928127643888387,0.012791977921082599,0.018067397078917403
two_concepts,TwoLayerCNN,retention_1,validation_patch,1,causal_usefulness_random,50,0.028066368941927378,0.012146458920055116,0.024614383511439655,0.0315183543724151
two_concepts,TwoLayerCNN,retention_1,validation_patch,1,causal_usefulness_energy,50,0.028011940447579244,0.01185709402114866,0.024642191611451574,0.03138168928370691
two_concepts,TwoLayerCNN,retention_1,validation_patch,2,fidelity,50,0.1461853838445178,0.03997846733772055,0.13482362913959886,0.15754713854943672
two_concepts,TwoLayerCNN,retention_1,validation_patch,2,cf_accuracy,50,0.062265625,0.028668701254168545,0.05411807025241881,0.07041317974758118
two_concepts,TwoLayerCNN,retention_1,validation_patch,2,causal_usefulness_random,50,0.10453634755845025,0.03449058253910991,0.09473423245661929,0.1143384626602812
two_concepts,TwoLayerCNN,retention_1,validation_patch,2,causal_usefulness_energy,50,0.09078331917179627,0.03214105350197202,0.08164893283421581,0.09991770550937673
two_concepts,TwoLayerCNN,retention_1,validation_patch,3,fidelity,50,0.29788539748912224,0.06867500151308013,0.2783681780079404,0.3174026169703041
two_concepts,TwoLayerCNN,retention_1,validation_patch,3,cf_accuracy,50,0.1617578125,0.058252206632769664,0.14520271854927935,0.17831290645072062
two_concepts,TwoLayerCNN,retention_1,validation_patch,3,causal_usefulness_random,50,0.20587199115157656,0.06409311165623953,0.18765693035993658,0.22408705194321654
two_concepts,TwoLayerCNN,retention_1,validation_patch,4,fidelity,50,0.4766616356065405,0.09884172673588518,0.44857112767643376,0.5047521435366473
two_concepts,TwoLayerCNN,retention_1,validation_patch,4,cf_accuracy,50,0.320390625,0.10962807251667477,0.2892346715167032,0.3515465784832968
two_concepts,TwoLayerCNN,retention_1,validation_patch,4,causal_usefulness_random,50,0.3102145488341414,0.09473454196034217,0.2832912899021839,0.3371378077660989
two_concepts,TwoLayerCNN,retention_1,validation_patch,4,causal_usefulness_energy,50,0.2648435050436197,0.10339616297669368,0.23545864065531935,0.29422836943192004
two_concepts,TwoLayerCNN,retention_1,validation_patch,5,fidelity,50,0.6464747627736626,0.09699959039351894,0.6189077841994507,0.6740417413478744
two_concepts,TwoLayerCNN,retention_1,validation_patch,5,cf_accuracy,50,0.5064453125,0.11973816546528991,0.4724161023919372,0.5404745226080628
two_concepts,TwoLayerCNN,retention_1,validation_patch,5,causal_usefulness_random,50,0.37818467994557786,0.10101840537376866,0.3494755667911599,0.40689379309999585
two_concepts,TwoLayerCNN,retention_1,validation_patch,6,fidelity,50,0.7856890096255775,0.09292636807242652,0.7592796280267551,0.8120983912244
two_concepts,TwoLayerCNN,retention_1,validation_patch,6,cf_accuracy,50,0.6930078125,0.12401688715527862,0.657762603142101,0.728253021857899
two_concepts,TwoLayerCNN,retention_1,validation_patch,6,causal_usefulness_random,50,0.408122615154255,0.10150049105571657,0.3792764947649479,0.43696873554356214
two_concepts,TwoLayerCNN,retention_1,validation_patch,7,fidelity,50,0.8678753815246649,0.06904144726146726,0.8482540193140816,0.8874967437352482
two_concepts,TwoLayerCNN,retention_1,validation_patch,7,cf_accuracy,50,0.809453125,0.09385304710839501,0.7827803841331016,0.8361258658668984
two_concepts,TwoLayerCNN,retention_1,validation_patch,7,causal_usefulness_random,50,0.36467047416772524,0.07695985152367509,0.3427987263652785,0.38654222197017196
two_concepts,TwoLayerCNN,retention_1,validation_patch,8,fidelity,50,0.9267090772966482,0.04743699801068352,0.9132276316278547,0.9401905229654417
two_concepts,TwoLayerCNN,retention_1,validation_patch,8,cf_accuracy,50,0.8916015625,0.06751799766631696,0.8724131598738647,0.9107899651261353
two_concepts,TwoLayerCNN,retention_1,validation_patch,8,causal_usefulness_random,50,0.30299814551876314,0.0639974008384323,0.2848102854405809,0.3211860055969454
two_concepts,TwoLayerCNN,retention_1,validation_patch,8,causal_usefulness_energy,50,0.21799396452985106,0.08530599932535644,0.1937502677666639,0.24223766129303823
two_concepts,TwoLayerCNN,retention_1,validation_patch,9,fidelity,50,0.9638346196522012,0.02372221561257861,0.9570928405697147,0.9705763987346877
two_concepts,TwoLayerCNN,retention_1,validation_patch,9,cf_accuracy,50,0.9435546875,0.033967487704014164,0.9339012343054294,0.9532081406945707
two_concepts,TwoLayerCNN,retention_1,validation_patch,9,causal_usefulness_random,50,0.23086738509887852,0.04887296692313691,0.2169778415805762,0.24475692861718085
two_concepts,TwoLayerCNN,retention_1,validation_patch,10,fidelity,50,0.9825974767551916,0.010882587010996666,0.9795046797470077,0.9856902737633755
two_concepts,TwoLayerCNN,retention_1,validation_patch,10,cf_accuracy,50,0.968671875,0.017743254289554693,0.9636292979246474,0.9737144520753526
two_concepts,TwoLayerCNN,retention_1,validation_patch,10,causal_usefulness_random,50,0.15360277914793982,0.03881449808673001,0.14257182084404613,0.16463373745183352
two_concepts,TwoLayerCNN,retention_1,validation_patch,11,fidelity,50,0.9891036631439932,0.012094970080933628,0.9856663106796769,0.9925410156083095
two_concepts,TwoLayerCNN,retention_1,validation_patch,11,cf_accuracy,50,0.97703125,0.017511832905017104,0.9720544421544275,0.9820080578455725
two_concepts,TwoLayerCNN,retention_1,validation_patch,11,causal_usefulness_random,50,0.08780415181123383,0.02915165621107549,0.0795193427835536,0.09608896083891405
two_concepts,TwoLayerCNN,retention_1,validation_patch,12,fidelity,50,0.9911480613313648,0.02020175826252751,0.9854067851576696,0.99688933750506
two_concepts,TwoLayerCNN,retention_1,validation_patch,12,cf_accuracy,50,0.9816796875,0.023632301895099614,0.974963461613287,0.9883959133867131
two_concepts,TwoLayerCNN,retention_1,validation_patch,12,causal_usefulness_random,50,0.040140574206975616,0.0201349423964425,0.034418286892319,0.04586286152163223
two_concepts,TwoLayerCNN,retention_1,validation_patch,13,fidelity,50,0.9960374202272729,0.01335310869267434,0.9922425087257222,0.9998323317288237
two_concepts,TwoLayerCNN,retention_1,validation_patch,13,cf_accuracy,50,0.987578125,0.01731601995823167,0.9826569665781693,0.9924992834218307
two_concepts,TwoLayerCNN,retention_1,validation_patch,13,causal_usefulness_random,50,0.017514206230713217,0.016457087607665396,0.012837153681996966,0.022191258779429467
two_concepts,TwoLayerCNN,retention_1,validation_patch,14,fidelity,50,0.9978419431796164,0.00709181135325046,0.9958264726932536,0.9998574136659791
two_concepts,TwoLayerCNN,retention_1,validation_patch,14,cf_accuracy,50,0.988828125,0.012484544814111615,0.985280056621534,0.9923761933784659
two_concepts,TwoLayerCNN,retention_1,validation_patch,14,causal_usefulness_random,50,0.005011247907225065,0.008106552742048,0.0027073911090247367,0.007315104705425393
two_concepts,TwoLayerCNN,retention_1,validation_patch,15,fidelity,50,0.9995864271843871,0.0002901667043148204,0.9995039627194512,0.9996688916493229
two_concepts,TwoLayerCNN,retention_1,validation_patch,15,cf_accuracy,50,0.9911328125,0.007530484688071331,0.9889926724312913,0.9932729525687086
two_concepts,TwoLayerCNN,retention_1,validation_patch,15,causal_usefulness_random,50,0.0015156809257758552,0.0014530375700057808,0.0011027322174630557,0.0019286296340886547
two_concepts,TwoLayerCNN,retention_1,validation_patch,16,fidelity,50,1.0,0.0,1.0,1.0
two_concepts,TwoLayerCNN,retention_1,validation_patch,16,cf_accuracy,50,0.99109375,0.007488498302328684,0.988965542330093,0.993221957669907
two_concepts,TwoLayerCNN,retention_1,validation_patch,16,causal_usefulness_random,50,0.0,0.0,0.0,0.0
two_concepts,TwoLayerCNN,template_init,contrast,1,fidelity,50,0.007506397025738068,0.004441967054054508,0.006244003956760146,0.008768790094715989
two_concepts,TwoLayerCNN,template_init,contrast,1,cf_accuracy,50,0.0062109375,0.005318785906390347,0.004699355270348858,0.007722519729651142
two_concepts,TwoLayerCNN,template_init,contrast,1,causal_usefulness_random,50,0.002859720289190253,0.0040569551752668975,0.0017067463854922732,0.004012694192888233
two_concepts,TwoLayerCNN,template_init,contrast,1,causal_usefulness_energy,50,0.0029739805935688813,0.003966974281815649,0.0018465789768444426,0.00410138221029332
two_concepts,TwoLayerCNN,template_init,contrast,2,fidelity,50,0.025605700249172258,0.017924934628954677,0.02051149019265682,0.030699910305687694
two_concepts,TwoLayerCNN,template_init,contrast,2,cf_accuracy,50,0.01375,0.009982134371801914,0.010913108800398053,0.016586891199601946
two_concepts,TwoLayerCNN,template_init,contrast,2,causal_usefulness_random,50,0.010808000270080356,0.017329083637426263,0.005883129191701307,0.015732871348459403
two_concepts,TwoLayerCNN,template_init,contrast,2,causal_usefulness_energy,50,0.009236403133254786,0.016752923791649697,0.004475274871308344,0.01399753139520123
two_concepts,TwoLayerCNN,template_init,contrast,3,fidelity,50,0.06562523892778983,0.048152657424057596,0.051940405104109556,0.07931007275147012
two_concepts,TwoLayerCNN,template_init,contrast,3,cf_accuracy,50,0.0344140625,0.034247416041514246,0.024681054552147638,0.04414707044785236
two_concepts,TwoLayerCNN,template_init,contrast,3,causal_usefulness_random,50,0.025925264578151967,0.044656224137446805,0.013234106099977072,0.038616423056326864
two_concepts,TwoLayerCNN,template_init,contrast,4,fidelity,50,0.13720886514763111,0.08401165510506911,0.11333301694177869,0.16108471335348354
two_concepts,TwoLayerCNN,template_init,contrast,4,cf_accuracy,50,0.08078125,0.07261089008143591,0.060145463364109836,0.10141703663589016
two_concepts,TwoLayerCNN,template_init,contrast,4,causal_usefulness_random,50,0.04947847024306216,0.07423144834179024,0.02838212604543166,0.07057481444069266
two_concepts,TwoLayerCNN,template_init,contrast,4,causal_usefulness_energy,50,0.04317784349154866,0.07530779574825813,0.02177560474557901,0.06458008223751832
two_concepts,TwoLayerCNN,template_init,contrast,5,fidelity,50,0.23873701883462947,0.1251810471342641,0.20316095887140886,0.27431307879785005
two_concepts,TwoLayerCNN,template_init,contrast,5,cf_accuracy,50,0.1527734375,0.1123547020119498,0.12084258448804411,0.1847042905119559
two_concepts,TwoLayerCNN,template_init,contrast,5,causal_usefulness_random,50,0.06375752319746518,0.11513169550027968,0.031037457368393827,0.09647758902653653
two_concepts,TwoLayerCNN,template_init,contrast,6,fidelity,50,0.3775102565989211,0.1548483255330459,0.3335028494036503,0.4215176637941919
two_concepts,TwoLayerCNN,template_init,contrast,6,cf_accuracy,50,0.2683203125,0.15013540475365192,0.22565230257043348,0.31098832242956653
two_concepts,TwoLayerCNN,template_init,contrast,6,causal_usefulness_random,50,0.08610971665708647,0.15014507530743923,0.043438958386542686,0.12878047492763026
two_concepts,TwoLayerCNN,template_init,contrast,7,fidelity,50,0.5194153427819121,0.16571520392923322,0.47231960291739045,0.5665110826464339
two_concepts,TwoLayerCNN,template_init,contrast,7,cf_accuracy,50,0.4036328125,0.1793916057589567,0.35265028224097483,0.45461534275902515
two_concepts,TwoLayerCNN,template_init,contrast,7,causal_usefulness_random,50,0.07661695865190371,0.16279252960463012,0.030351833640072323,0.1228820836637351
two_concepts,TwoLayerCNN,template_init,contrast,8,fidelity,50,0.6735511507987992,0.14450814223344616,0.6324823911825241,0.7146199104150743
two_concepts,TwoLayerCNN,template_init,contrast,8,cf_accuracy,50,0.573125,0.1703641817707143,0.5247080352516601,0.6215419647483399
two_concepts,TwoLayerCNN,template_init,contrast,8,causal_usefulness_random,50,0.06996223808968571,0.14107767496060708,0.02986840648523252,0.1100560696941389
two_concepts,TwoLayerCNN,template_init,contrast,8,causal_usefulness_energy,50,0.06626446568893116,0.14508671361791076,0.025031277904511436,0.10749765347335088
two_concepts,TwoLayerCNN,template_init,contrast,9,fidelity,50,0.8063874901987095,0.10566679651131458,0.7763573188998867,0.8364176614975323
two_concepts,TwoLayerCNN,template_init,contrast,9,cf_accuracy,50,0.73328125,0.1348070149580049,0.6949695202501692,0.7715929797498308
two_concepts,TwoLayerCNN,template_init,contrast,9,causal_usefulness_random,50,0.05664014119682777,0.11420554029492565,0.024183285764819026,0.08909699662883651
two_concepts,TwoLayerCNN,template_init,contrast,10,fidelity,50,0.8994973198116036,0.0665407088013107,0.8805866596078141,0.9184079800153931
two_concepts,TwoLayerCNN,template_init,contrast,10,cf_accuracy,50,0.8586328125,0.08776776241014089,0.8336894904091416,0.8835761345908584
two_concepts,TwoLayerCNN,template_init,contrast,10,causal_usefulness_random,50,0.03907440092628654,0.07573735719616169,0.017550082167580503,0.060598719684992586
two_concepts,TwoLayerCNN,template_init,contrast,11,fidelity,50,0.9535075918143552,0.037870835595079394,0.9427448194232378,0.9642703642054725
two_concepts,TwoLayerCNN,template_init,contrast,11,cf_accuracy,50,0.9300390625,0.05199277476084338,0.9152628794044706,0.9448152455955294
two_concepts,TwoLayerCNN,template_init,contrast,11,causal_usefulness_random,50,0.02214347746893779,0.04154872671342924,0.010335459987129769,0.033951494950745814
two_concepts,TwoLayerCNN,template_init,contrast,12,fidelity,50,0.9804325458425542,0.01629837026305694,0.9758006002640883,0.9850644914210201
two_concepts,TwoLayerCNN,template_init,contrast,12,cf_accuracy,50,0.9651171875,0.024566282474849304,0.958135527269428,0.972098847730572
two_concepts,TwoLayerCNN,template_init,contrast,12,causal_usefulness_random,50,0.009903392207953807,0.017860101260018142,0.0048276075910213285,0.014979176824886286
two_concepts,TwoLayerCNN,template_init,contrast,13,fidelity,50,0.9919839748258997,0.006435900344985204,0.9901549121855711,0.9938130374662284
two_concepts,TwoLayerCNN,template_init,contrast,13,cf_accuracy,50,0.9812890625,0.013253142620585804,0.9775225610417931,0.9850555639582069
two_concepts,TwoLayerCNN,template_init,contrast,13,causal_usefulness_random,50,0.0029257758014735024,0.0061580444852951405,0.001175678922749803,0.004675872680197202
two_concepts,TwoLayerCNN,template_init,contrast,14,fidelity,50,0.9969304744975552,0.003590952858826044,0.9959099369868435,0.997951012008267
two_concepts,TwoLayerCNN,template_init,contrast,14,cf_accuracy,50,0.987734375,0.010029440380514808,0.9848840395814759,0.9905847104185243
two_concepts,TwoLayerCNN,template_init,contrast,14,causal_usefulness_random,50,0.0002736188915444604,0.003062978776043065,-0.0005968700450571381,0.0011441078281460588
two_concepts,TwoLayerCNN,template_init,contrast,15,fidelity,50,0.9991804752587338,0.0009051437453291389,0.9989232362525396,0.9994377142649279
two_concepts,TwoLayerCNN,template_init,contrast,15,cf_accuracy,50,0.991171875,0.00848361124508031,0.9887608593609,0.9935828906391001
two_concepts,TwoLayerCNN,template_init,contrast,15,causal_usefulness_random,50,9.28874397995605e-06,0.0005719361587783171,-0.00015325371388914813,0.00017183120184906023
two_concepts,TwoLayerCNN,template_init,contrast,16,fidelity,50,1.0,0.0,1.0,1.0
two_concepts,TwoLayerCNN,template_init,contrast,16,cf_accuracy,50,0.993046875,0.007663193826371334,0.990869019411491,0.995224730588509
two_concepts,TwoLayerCNN,template_init,contrast,16,causal_usefulness_random,50,0.0,0.0,0.0,0.0
two_concepts,TwoLayerCNN,template_init,auroc,1,fidelity,50,0.007663099944221629,0.004493977259001743,0.006385925738544015,0.008940274149899244
two_concepts,TwoLayerCNN,template_init,auroc,1,cf_accuracy,50,0.006328125,0.005346086991963164,0.004808783887677444,0.007847466112322557
two_concepts,TwoLayerCNN,template_init,auroc,1,causal_usefulness_random,50,0.003016423207673815,0.003913078037640021,0.0019043387340671198,0.00412850768128051
two_concepts,TwoLayerCNN,template_init,auroc,1,causal_usefulness_energy,50,0.0031127907613200134,0.0038035591184714195,0.002031831220158326,0.004193750302481701
two_concepts,TwoLayerCNN,template_init,auroc,2,fidelity,50,0.025584468351369283,0.01866283840622667,0.020280548361694725,0.03088838834104384
two_concepts,TwoLayerCNN,template_init,auroc,2,cf_accuracy,50,0.0140234375,0.01056361754537383,0.011021290610945237,0.017025584389054764
two_concepts,TwoLayerCNN,template_init,auroc,2,causal_usefulness_random,50,0.010786768372277383,0.017883312183695207,0.005704387283822731,0.015869149460732035
two_concepts,TwoLayerCNN,template_init,auroc,2,causal_usefulness_energy,50,0.009652821127310092,0.017135569449716618,0.004782946172571935,0.014522696082048248
two_concepts,TwoLayerCNN,template_init,auroc,3,fidelity,50,0.06419713533356902,0.04829552250980535,0.050471699701759104,0.07792257096537894
two_concepts,TwoLayerCNN,template_init,auroc,3,cf_accuracy,50,0.0340625,0.03413646364974269,0.024361024372998842,0.04376397562700116
two_concepts,TwoLayerCNN,template_init,auroc,3,causal_usefulness_random,50,0.024497160983931156,0.04526007235274779,0.011634390741771014,0.0373599312260913
two_concepts,TwoLayerCNN,template_init,auroc,4,fidelity,50,0.1320032974007498,0.0826959045151197,0.10850138137517765,0.15550521342632193
two_concepts,TwoLayerCNN,template_init,auroc,4,cf_accuracy,50,0.0767578125,0.06996202378506643,0.056874825336166654,0.09664079966383333
two_concepts,TwoLayerCNN,template_init,auroc,4,causal_usefulness_random,50,0.04427290249618081,0.07341126482769579,0.02340965187418539,0.06513615311817622
two_concepts,TwoLayerCNN,template_init,auroc,4,causal_usefulness_energy,50,0.0383277670138492,0.07521364766250532,0.016952284857801436,0.05970324916989696
two_concepts,TwoLayerCNN,template_init,auroc,5,fidelity,50,0.2297075821945678,0.11986053646665382,0.19564359463271352,0.2637715697564221
two_concepts,TwoLayerCNN,template_init,auroc,5,cf_accuracy,50,0.147578125,0.10790321484883113,0.11691237064208206,0.17824387935791797
two_concepts,TwoLayerCNN,template_init,auroc,5,causal_usefulness_random,50,0.054728086557403556,0.11199986265896898,0.02289807777377096,0.08655809534103615
two_concepts,TwoLayerCNN,template_init,auroc,6,fidelity,50,0.3538800418641901,0.14070575442835753,0.3138919089054965,0.39386817482288367
two_concepts,TwoLayerCNN,template_init,auroc,6,cf_accuracy,50,0.248515625,0.13857643713909595,0.20913263731926723,0.28789861268073275
two_concepts,TwoLayerCNN,template_init,auroc,6,causal_usefulness_random,50,0.06247950192235541,0.13749612046900467,0.02340353684220222,0.10155546700250859
two_concepts,TwoLayerCNN,template_init,auroc,7,fidelity,50,0.5159476473702029,0.15833938319217059,0.4709480925658546,0.5609472021745512
two_concepts,TwoLayerCNN,template_init,auroc,7,cf_accuracy,50,0.405859375,0.1688000386412296,0.35788693481060485,0.4538318151893952
two_concepts,TwoLayerCNN,template_init,auroc,7,causal_usefulness_random,50,0.07314926324019451,0.1550633080620923,0.029080758686182227,0.11721776779420678
two_concepts,TwoLayerCNN,template_init,auroc,8,fidelity,50,0.676478059982721,0.1387628492707374,0.6370420945603495,0.7159140254050925
two_concepts,TwoLayerCNN,template_init,auroc,8,cf_accuracy,50,0.5757421875,0.16218705397786032,0.5296491367573758,0.6218352382426241
two_concepts,TwoLayerCNN,template_init,auroc,8,causal_usefulness_random,50,0.0728891472736074,0.1332951504531774,0.03500708466198417,0.11077120988523063
two_concepts,TwoLayerCNN,template_init,auroc,8,causal_usefulness_energy,50,0.06203132037585421,0.1313252794905848,0.024709088897532143,0.09935355185417627
two_concepts,TwoLayerCNN,template_init,auroc,9,fidelity,50,0.8024761031564381,0.11354364888024303,0.7702073551831619,0.8347448511297144
two_concepts,TwoLayerCNN,template_init,auroc,9,cf_accuracy,50,0.7305859375,0.14448729531055082,0.6895231025136586,0.7716487724863414
two_concepts,TwoLayerCNN,template_init,auroc,9,causal_usefulness_random,50,0.05272875415455635,0.11870926476974387,0.018991954388785114,0.08646555392032759
two_concepts,TwoLayerCNN,template_init,auroc,10,fidelity,50,0.8988910365336815,0.06565169580387599,0.8802330310282578,0.9175490420391053
two_concepts,TwoLayerCNN,template_init,auroc,10,cf_accuracy,50,0.8580078125,0.08784964854035957,0.8330412186284248,0.8829744063715752
two_concepts,TwoLayerCNN,template_init,auroc,10,causal_usefulness_random,50,0.03846811764836433,0.07534942227598765,0.01705404877410874,0.059882186522619923
two_concepts,TwoLayerCNN,template_init,auroc,11,fidelity,50,0.9507514032509308,0.03322421829006735,0.9413091848865899,0.9601936216152717
two_concepts,TwoLayerCNN,template_init,auroc,11,cf_accuracy,50,0.9265234375,0.045254064432669244,0.9136623746898342,0.9393845003101657
two_concepts,TwoLayerCNN,template_init,auroc,11,causal_usefulness_random,50,0.019387288905513465,0.03784674022659142,0.008631364342352437,0.030143213468674494
two_concepts,TwoLayerCNN,template_init,auroc,12,fidelity,50,0.978671665827002,0.015530730179186322,0.9742578811465247,0.9830854505074794
two_concepts,TwoLayerCNN,template_init,auroc,12,cf_accuracy,50,0.962890625,0.02339095079814139,0.9562429903361129,0.9695382596638871
two_concepts,TwoLayerCNN,template_init,auroc,12,causal_usefulness_random,50,0.008142512192401752,0.01756637474303604,0.0031502037279712994,0.013134820656832205
two_concepts,TwoLayerCNN,template_init,auroc,13,fidelity,50,0.9924261944112166,0.005407683566713419,0.9908893477460408,0.9939630410763924
two_concepts,TwoLayerCNN,template_init,auroc,13,cf_accuracy,50,0.9817578125,0.012210721699801629,0.9782875637895829,0.9852280612104172
two_concepts,TwoLayerCNN,template_init,auroc,13,causal_usefulness_random,50,0.0033679953867905075,0.0056328421650167345,0.0017671593559889923,0.0049688314175920225
two_concepts,TwoLayerCNN,template_init,auroc,14,fidelity,50,0.9970901771814742,0.0035186608318601488,0.9960901848375036,0.9980901695254448
two_concepts,TwoLayerCNN,template_init,auroc,14,cf_accuracy,50,0.98828125,0.009966836551055666,0.9854487063929501,0.9911137936070499
two_concepts,TwoLayerCNN,template_init,auroc,14,causal_usefulness_random,50,0.00043332157546311257,0.0032405493627001105,-0.0004876323634949503,0.0013542755144211754
two_concepts,TwoLayerCNN,template_init,auroc,15,fidelity,50,0.9992089476034542,0.0007706664398930597,0.9989899266246005,0.999427968582308
two_concepts,TwoLayerCNN,template_init,auroc,15,cf_accuracy,50,0.9911328125,0.008344546707978752,0.9887613185650551,0.9935043064349448
two_concepts,TwoLayerCNN,template_init,auroc,15,causal_usefulness_random,50,3.7761088700336565e-05,0.0005471284713405276,-0.00011773110240682694,0.0001932532798075001
two_concepts,TwoLayerCNN,template_init,auroc,16,fidelity,50,1.0,0.0,1.0,1.0
two_concepts,TwoLayerCNN,template_init,auroc,16,cf_accuracy,50,0.993046875,0.007663193826371334,0.990869019411491,0.995224730588509
two_concepts,TwoLayerCNN,template_init,auroc,16,causal_usefulness_random,50,0.0,0.0,0.0,0.0
two_concepts,TwoLayerCNN,template_init,validation_patch,1,fidelity,50,0.012926380340280647,0.006060277701446405,0.011204068474098688,0.014648692206462605
two_concepts,TwoLayerCNN,template_init,validation_patch,1,cf_accuracy,50,0.008046875,0.005992586499401249,0.006343800760584002,0.009749949239415998
two_concepts,TwoLayerCNN,template_init,validation_patch,1,causal_usefulness_random,50,0.008279703603732832,0.004857614157288108,0.006899184935020012,0.009660222272445652
two_concepts,TwoLayerCNN,template_init,validation_patch,1,causal_usefulness_energy,50,0.008458916748098778,0.004906016366356527,0.007064642323769667,0.009853191172427889
two_concepts,TwoLayerCNN,template_init,validation_patch,2,fidelity,50,0.0537185279835103,0.02175122212855064,0.047536899051387076,0.05990015691563353
two_concepts,TwoLayerCNN,template_init,validation_patch,2,cf_accuracy,50,0.0268359375,0.01417130570248547,0.022808496981084926,0.030863378018915075
two_concepts,TwoLayerCNN,template_init,validation_patch,2,causal_usefulness_random,50,0.03892082800441841,0.0191106572776741,0.033489639299646844,0.04435201670918997
two_concepts,TwoLayerCNN,template_init,validation_patch,2,causal_usefulness_energy,50,0.035049682216288784,0.019789859511060513,0.029425466372543126,0.04067389806003444
two_concepts,TwoLayerCNN,template_init,validation_patch,3,fidelity,50,0.1551357794363542,0.05686134409687969,0.13897596424476033,0.17129559462794808
two_concepts,TwoLayerCNN,template_init,validation_patch,3,cf_accuracy,50,0.0863671875,0.04349509849915336,0.07400601727706357,0.09872835772293642
two_concepts,TwoLayerCNN,template_init,validation_patch,3,causal_usefulness_random,50,0.11543580508671637,0.05138489916213677,0.10083237832487194,0.1300392318485608
two_concepts,TwoLayerCNN,template_init,validation_patch,4,fidelity,50,0.3322614683401063,0.1001346567701911,0.3038035137598738,0.36071942292033876
two_concepts,TwoLayerCNN,template_init,validation_patch,4,cf_accuracy,50,0.222265625,0.0923780890476575,0.19601206257595122,0.24851918742404877
two_concepts,TwoLayerCNN,template_init,validation_patch,4,causal_usefulness_random,50,0.24453107343553732,0.09293592754453038,0.2181189750648028,0.2709431718062718
two_concepts,TwoLayerCNN,template_init,validation_patch,4,causal_usefulness_energy,50,0.2167116457764565,0.10282164678201924,0.18749005708411398,0.245933234468799
two_concepts,TwoLayerCNN,template_init,validation_patch,5,fidelity,50,0.5449301065512835,0.11766979250694337,0.5114887215339752,0.5783714915685918
two_concepts,TwoLayerCNN,template_init,validation_patch,5,cf_accuracy,50,0.4301953125,0.1273176612365431,0.39401203352750386,0.4663785914724961
two_concepts,TwoLayerCNN,template_init,validation_patch,5,causal_usefulness_random,50,0.3699506109141193,0.12047352189630878,0.33571241482069236,0.4041888070075462
two_concepts,TwoLayerCNN,template_init,validation_patch,6,fidelity,50,0.7162205123176396,0.10791167340948507,0.6855523540633818,0.7468886705718975
two_concepts,TwoLayerCNN,template_init,validation_patch,6,cf_accuracy,50,0.62359375,0.12970221843728894,0.5867327873693021,0.6604547126306978
two_concepts,TwoLayerCNN,template_init,validation_patch,6,causal_usefulness_random,50,0.4248199723758051,0.1183476632812461,0.3911859386160075,0.4584540061356027
two_concepts,TwoLayerCNN,template_init,validation_patch,7,fidelity,50,0.8504566067586804,0.0776743210902645,0.8283818089520616,0.8725314045652992
two_concepts,TwoLayerCNN,template_init,validation_patch,7,cf_accuracy,50,0.7954296875,0.09650857018937545,0.7680022553237905,0.8228571196762094
two_concepts,TwoLayerCNN,template_init,validation_patch,7,causal_usefulness_random,50,0.40765822262867196,0.09271959958712976,0.3813076039831865,0.4340088412741574
two_concepts,TwoLayerCNN,template_init,validation_patch,8,fidelity,50,0.9246268214162509,0.04893121383670149,0.9107207243082711,0.9385329185242306
two_concepts,TwoLayerCNN,template_init,validation_patch,8,cf_accuracy,50,0.892890625,0.06505528564635879,0.8744021173859284,0.9113791326140717
two_concepts,TwoLayerCNN,template_init,validation_patch,8,causal_usefulness_random,50,0.3210379087071372,0.069154277686972,0.3013844804444213,0.34069133696985315
two_concepts,TwoLayerCNN,template_init,validation_patch,8,causal_usefulness_energy,50,0.26619171792977775,0.07254472515095624,0.245574735159074,0.2868087007004815
two_concepts,TwoLayerCNN,template_init,validation_patch,9,fidelity,50,0.9679343498007799,0.020928023983337093,0.9619866711929762,0.9738820284085835
two_concepts,TwoLayerCNN,template_init,validation_patch,9,cf_accuracy,50,0.9506640625,0.030045468912771142,0.9421252347130957,0.9592028902869043
two_concepts,TwoLayerCNN,template_init,validation_patch,9,causal_usefulness_random,50,0.21818700079889827,0.04718470348472313,0.20477725644104156,0.231596745156755
two_concepts,TwoLayerCNN,template_init,validation_patch,10,fidelity,50,0.9857277701338408,0.008433237402764915,0.983331070582326,0.9881244696853556
two_concepts,TwoLayerCNN,template_init,validation_patch,10,cf_accuracy,50,0.973984375,0.013539929081352722,0.9701363697314443,0.9778323802685557
two_concepts,TwoLayerCNN,template_init,validation_patch,10,causal_usefulness_random,50,0.12530485124852378,0.038532607037099355,0.11435400549452751,0.13625569700252005
two_concepts,TwoLayerCNN,template_init,validation_patch,11,fidelity,50,0.9933110146784976,0.004328399415262064,0.9920808971753505,0.9945411321816446
two_concepts,TwoLayerCNN,template_init,validation_patch,11,cf_accuracy,50,0.984375,0.00988054196965724,0.9815669810416299,0.9871830189583701
two_concepts,TwoLayerCNN,template_init,validation_patch,11,causal_usefulness_random,50,0.06194690033308036,0.021700942777369343,0.05577956063445923,0.0681142400317015
two_concepts,TwoLayerCNN,template_init,validation_patch,12,fidelity,50,0.997034817243738,0.002061108141622947,0.9964490567910521,0.9976205776964239
two_concepts,TwoLayerCNN,template_init,validation_patch,12,cf_accuracy,50,0.98953125,0.008331007860054251,0.9871636037630623,0.9918988962369376
two_concepts,TwoLayerCNN,template_init,validation_patch,12,causal_usefulness_random,50,0.02650566360913798,0.010843703890218985,0.02342391706161093,0.029587410156665026
two_concepts,TwoLayerCNN,template_init,validation_patch,13,fidelity,50,0.9985994508716044,0.0010979109870480406,0.9982874280214711,0.9989114737217377
two_concepts,TwoLayerCNN,template_init,validation_patch,13,cf_accuracy,50,0.991640625,0.008009708041580046,0.9893642911611441,0.993916958838856
two_concepts,TwoLayerCNN,template_init,validation_patch,13,causal_usefulness_random,50,0.009541251847178302,0.004718858914107335,0.008200166982261003,0.0108823367120956
two_concepts,TwoLayerCNN,template_init,validation_patch,14,fidelity,50,0.9993545563216227,0.0006129701300303749,0.9991803521381553,0.9995287605050902
two_concepts,TwoLayerCNN,template_init,validation_patch,14,cf_accuracy,50,0.992421875,0.0075658613028831215,0.9902716810086039,0.9945720689913962
two_concepts,TwoLayerCNN,template_init,validation_patch,14,causal_usefulness_random,50,0.002697700715611906,0.001575579103811917,0.002249926088723779,0.003145475342500033
two_concepts,TwoLayerCNN,template_init,validation_patch,15,fidelity,50,0.9997437655398567,0.0002832064799582057,0.9996632791487965,0.9998242519309168
two_concepts,TwoLayerCNN,template_init,validation_patch,15,cf_accuracy,50,0.992890625,0.007760108126884823,0.9906852266720325,0.9950960233279675
two_concepts,TwoLayerCNN,template_init,validation_patch,15,causal_usefulness_random,50,0.0005725790251027862,0.0005822562070307199,0.00040710364197178494,0.0007380544082337874
two_concepts,TwoLayerCNN,template_init,validation_patch,16,fidelity,50,1.0,0.0,1.0,1.0
two_concepts,TwoLayerCNN,template_init,validation_patch,16,cf_accuracy,50,0.993046875,0.007663193826371334,0.990869019411491,0.995224730588509
two_concepts,TwoLayerCNN,template_init,validation_patch,16,causal_usefulness_random,50,0.0,0.0,0.0,0.0
