task,architecture,block,profile,epoch,test_acc,alignment,full_patch_max_error,noop_max_error,checkpoint_sha256,val_acc
single_shape,TinyCNN,5000,release_default,200,1.0,0.660304769002281,0.0,0.0,a8b15c481222d6fb956e4709ec67f73a28fdb41fd9b6469526384b2b0b8c805f,1.0
single_shape,TinyCNN,5000,release_early,200,1.0,0.6012543567776223,0.0,0.0,222142460ff213a828cb7c829211dd5d23a19a79ad3dd39dc00dd3bef9b911ac,1.0
single_shape,TinyCNN,5000,release_late,200,1.0,0.7549412556006343,0.0,0.0,61926f2d3dd57960d9d5b2936963007f0f44bd460e47a6ab826db209ddf1cd03,1.0
single_shape,TinyCNN,5000,retention_0p1,200,1.0,0.845370724457267,0.0,0.0,f1d406f3656d660b0f29751514199b9dd3f14ea4af6335a53713a2f521f96063,1.0
single_shape,TinyCNN,5000,retention_1,200,1.0,0.9503227758825536,0.0,0.0,44511cb458345a38c402d685ee98708923aafc927ca60786d956a24f6558f7e1,1.0
single_shape,TinyCNN,5000,template_init,200,1.0,0.5812702700413215,0.0,0.0,0430f6bb6ace993670ff097e7c4f7b4a8bb3136c35f8c056bafaec3263dfe0ff,1.0
single_shape,TinyCNN,5001,release_default,200,1.0,0.699930775117525,0.0,0.0,a6a4cd409d129d76b6e4bd3bbc0784a594b12c7f46f3e967733804a498d043bc,1.0
single_shape,TinyCNN,5001,release_early,200,0.99609375,0.6370350381386958,0.0,0.0,b546d45fbd146aee23d3cfc33800c26a75508dd7be44ba0d9533302d9821fba5,1.0
single_shape,TinyCNN,5001,release_late,200,1.0,0.7898864399090023,0.0,0.0,f4b9ced7c4afd38e0171cdd4a50f29dafd1de8094645d3913851bce69f8c283a,1.0
single_shape,TinyCNN,5001,retention_0p1,200,0.99609375,0.8722822359160327,0.0,0.0,bb04fa35b3a48e067b0eb94e7fd5b0f24528a9ef769b5c835a6ce8d9399a27ac,1.0
single_shape,TinyCNN,5001,retention_1,200,1.0,0.963571436480837,0.0,0.0,f3bc8b715258b5b828daa84223157ce48b10ca4ec3f868aa6d38c14febb4d96d,1.0
single_shape,TinyCNN,5001,template_init,200,0.99609375,0.6206714700890805,0.0,0.0,6f8453c8abaf0585c82009a64bb0e3ee248bf6e173348edde3871af204a57c75,1.0
single_shape,TinyCNN,5002,release_default,200,1.0,0.7024943781449828,0.0,0.0,8d05d471853a8d35bd16e9b9b48308114a4881cd9225afb1e9e4bebc5cbb83ca,1.0
single_shape,TinyCNN,5002,release_early,200,1.0,0.6654129968937225,0.0,0.0,7cee9d7d06761f0425b9db5b7bf7ff3a20ede9a0c15d09802ed4fa78c95c7f46,1.0
single_shape,TinyCNN,5002,release_late,200,1.0,0.781933761154157,0.0,0.0,b836970d8a49f4dfedea1fa18557a1d1dd425ad76c3d64fd9cdb4e0179c983bb,1.0
single_shape,TinyCNN,5002,retention_0p1,200,1.0,0.8736675524989421,0.0,0.0,9c01870e18b222d3c65da8f59a71019bbdf4a46198aa602add1c21b1434cdb83,1.0
single_shape,TinyCNN,5002,retention_1,200,1.0,0.9644516086897218,0.0,0.0,16efe2ab12087723293de07b772b3ed72179e4bfa7e523edb3bdf50afe6a5f60,1.0
single_shape,TinyCNN,5002,template_init,200,1.0,0.6161102332557785,0.0,0.0,6c1025f61502742410b3fee2dfdd798ffee8348b4736f5b66d637396a66fcb54,1.0
single_shape,TinyCNN,5003,release_default,200,1.0,0.672092667289691,0.0,0.0,158cf3acb920272bc7dd25820614f3294e49124fc25f92143184606464f0f5f0,1.0
single_shape,TinyCNN,5003,release_early,200,1.0,0.6231706568575136,0.0,0.0,71eff4041d93633f91cdc08e7cd957017f1f3f6937f03006812634144ccc681e,1.0
single_shape,TinyCNN,5003,release_late,200,1.0,0.7664259937112377,0.0,0.0,82ac43e76bc2063a46f1f70158f19c5b16d76dd237c5cf4634fcd74187f98e22,1.0
single_shape,TinyCNN,5003,retention_0p1,200,1.0,0.8567933636642141,0.0,0.0,83b739b8eda252d395bc91c6ac782fb83697f3fc2781e59f2fe78ba2566cef03,1.0
single_shape,TinyCNN,5003,retention_1,200,1.0,0.9569289745702287,0.0,0.0,86034893fdeaaa3f02df8d528f41d82693d5e9ef5d8b5396646525c47174ccfc,1.0
single_shape,TinyCNN,5003,template_init,200,1.0,0.5845892156208669,0.0,0.0,91f4c76ebf6e47b3739a18d2883c855f868944e0936f19d4e62ea7f195e6ce84,1.0
single_shape,TinyCNN,5004,release_default,200,1.0,0.6437789420267688,0.0,0.0,8880f803355cb26322371bad24548afdeeb436bfa349680dd3035eed57c12592,1.0
single_shape,TinyCNN,5004,release_early,200,1.0,0.5985559835262506,0.0,0.0,64de8299dcc931a1adafad20f14889ba2cddd23f80b5407b90c7ab24fe4e7677,1.0
single_shape,TinyCNN,5004,release_late,200,1.0,0.7484587937650072,0.0,0.0,e178ee11b2950cb942bbeb0dc98aac6d4a62358595145a68eb180e5ef6510a0a,1.0
single_shape,TinyCNN,5004,retention_0p1,200,1.0,0.839947144192797,0.0,0.0,e36181cd1ca66393736ac6cfff155bb9c00475d4e65cd88debe478d91cef8ae6,1.0
single_shape,TinyCNN,5004,retention_1,200,1.0,0.9543110548280995,0.0,0.0,e80eab1a29d79b4e695e807c1df0cc9b70fbd472da85e2c4aa81e2fad80a00c6,1.0
single_shape,TinyCNN,5004,template_init,200,1.0,0.5884732249050597,0.0,0.0,b86ae334adca005c29eb73a1ed2905aeee7299cc363cc42bc7f742722cfbc266,1.0
single_shape,TinyCNN,5005,release_default,200,1.0,0.6895494461239773,0.0,0.0,4c9723e941db70f7bbf470294904f6424513b052c090a8c7c48a863d44b57cec,1.0
single_shape,TinyCNN,5005,release_early,200,1.0,0.6285066270498941,0.0,0.0,9022403094794c6617902b53665aa5b87c0e6a997a6900c8547630b3121b3848,1.0
single_shape,TinyCNN,5005,release_late,200,1.0,0.765943900947108,0.0,0.0,d743a7d28a68072f7afb585356d637bc61699eae63709507e74f5d61f4b1763d,1.0
single_shape,TinyCNN,5005,retention_0p1,200,1.0,0.8508988685202079,0.0,0.0,70d1367ddfbdc4cf28584ed1927c5618f8bc74a66b0e9d9365cbf99a87f1259a,1.0
single_shape,TinyCNN,5005,retention_1,200,1.0,0.9544614350314984,0.0,0.0,429a8e7fbe64750364ad386ebf74ac93e4be45892a990d9b561a88dcbc2e62f2,1.0
single_shape,TinyCNN,5005,template_init,200,1.0,0.6003251438620116,0.0,0.0,147bbf1d215a59cf09921f478ac5655dac459f934ea588a5e3fd4bef49758ec7,1.0
single_shape,TinyCNN,5006,release_default,200,1.0,0.6880558854859351,0.0,0.0,021d2c466d9b36d16d379ccbfe2c2b82c15375b8c0414642487f3930c74c0c3e,1.0
single_shape,TinyCNN,5006,release_early,200,1.0,0.6343424828182365,0.0,0.0,dbf99a6358ed309fd8cb73763891e268e65d7ebe2684e0a35f957a4aba4b4f2d,1.0
single_shape,TinyCNN,5006,release_late,200,1.0,0.7750688747601255,0.0,0.0,c2c5e9e5587b7b7781bf290c4f5c653ddf7b577b611d7b41c8aaa6f073e3a556,1.0
single_shape,TinyCNN,5006,retention_0p1,200,1.0,0.8710146495467213,0.0,0.0,169695b1a633c3ac0b167fa0a4eb7c9e5d9036441e7766c7eab216f4e87dda96,1.0
single_shape,TinyCNN,5006,retention_1,200,1.0,0.9589711562423697,0.0,0.0,28fa9db2ecd11e27bbe7a6d193280012c63e8f0f38a2e80e4e6446bf9182d592,1.0
single_shape,TinyCNN,5006,template_init,200,1.0,0.5800576877748315,0.0,0.0,12d05097486486de6be15377b45cf3b17adbb693053f9f8f9116c60112a6a8bb,1.0
single_shape,TinyCNN,5007,release_default,200,1.0,0.6665579760261839,0.0,0.0,be18de3ace9a7c17ed5bb367039670adb013e32f1e40fd4bd11079240168487d,1.0
single_shape,TinyCNN,5007,release_early,200,1.0,0.6301948003314986,0.0,0.0,ca5b7d0b35a53e0cf12e6b437cda892c4ded09933bb85e0393b877be748059de,1.0
single_shape,TinyCNN,5007,release_late,200,1.0,0.7452193389341168,0.0,0.0,bd322e6360de72cbf0bfa4a3e0518a259780232453156e167b40b32033f4f214,1.0
single_shape,TinyCNN,5007,retention_0p1,200,1.0,0.8495211009264765,0.0,0.0,fcc4c93f4325ec0284409887484db8579ff142d08e33d396b6bcf00c6bb2b5d1,1.0
single_shape,TinyCNN,5007,retention_1,200,1.0,0.9544119322476095,0.0,0.0,de2d8ea5fe1e14536754b952218d465a1fb4dc49748771b384a2262d7ddf807d,1.0
single_shape,TinyCNN,5007,template_init,200,1.0,0.6154913930968393,0.0,0.0,04ee4af8966dfa76994c0dc7e41d32f2c9afc125d46110bee13ec37fd7dc4b48,1.0
single_shape,TinyCNN,5008,release_default,200,1.0,0.6877504706496518,0.0,0.0,3dee786812e927245f431ad4ace1ef4c5f925ba55940405f3186451ce4ea4996,1.0
single_shape,TinyCNN,5008,release_early,200,1.0,0.6443352402477096,0.0,0.0,6740cebdc9421a47a430c872a8ccd5a370cbebe14540e502924a072da2c5a610,1.0
single_shape,TinyCNN,5008,release_late,200,1.0,0.7718091199737462,0.0,0.0,f2e6065f2607bb7edc288b2e86b546988cd764cfe9ae14e6e68cf275ad396e50,1.0
single_shape,TinyCNN,5008,retention_0p1,200,1.0,0.8603119112140033,0.0,0.0,9f2c34af5fff01fb88b4ef4b988fcf50b5428b44093d0f7a35e520885e3c4e48,1.0
single_shape,TinyCNN,5008,retention_1,200,1.0,0.9555600716711933,0.0,0.0,80c71dbed83c49ea967d0f92bb2e140d7531f2f6a5d35bc561b33c7e0863c2cd,1.0
single_shape,TinyCNN,5008,template_init,200,1.0,0.6219943764265328,0.0,0.0,0a293989bfe012c5b9a8f239cc77763c1781534beb07c05af582a01c27326ff0,1.0
single_shape,TinyCNN,5009,release_default,200,1.0,0.6890411560251708,0.0,0.0,cae9ca0bd4bdd3a63d05d772ab5a28bb3d6e50fccc7cb94d2e2c562e0efd37b2,1.0
single_shape,TinyCNN,5009,release_early,200,1.0,0.6313647441753812,0.0,0.0,2c233a2fba073f3ee6648bd8b94821212fa2ce7974e36347dec791801c163505,1.0
single_shape,TinyCNN,5009,release_late,200,1.0,0.7786967047656828,0.0,0.0,f2adccc672b71ff9e83d985dad74dda4962e134af82116336962e82050ea771d,1.0
single_shape,TinyCNN,5009,retention_0p1,200,1.0,0.8607255741647016,0.0,0.0,ee5b7470f227da83e6bcc078085b320cd5a69886590af50dd1b8d0242822e6ec,1.0
single_shape,TinyCNN,5009,retention_1,200,1.0,0.9586704499090749,0.0,0.0,35c1a5bae47373e468e8e62ae3e4463c831b8d04d53c4f9e0ec5e57402a0c6f0,1.0
single_shape,TinyCNN,5009,template_init,200,1.0,0.5990503019932186,0.0,0.0,3777a323a832daf33f2acefe3b9363f4ed5aab5766b67b9184bac8f2c9bcf81a,1.0
single_shape,TinyCNN,5010,release_default,200,1.0,0.6629220197988962,0.0,0.0,90743c0abe8721ff08ff52aacda233261fda344ff8fae36edf2c2d9ba5f8fc87,1.0
single_shape,TinyCNN,5010,release_early,200,1.0,0.6043526500178944,0.0,0.0,a314287dc7e8f8aef91c257fd31eb02be1e8aa20925c7a2bd03927658e31453d,1.0
single_shape,TinyCNN,5010,release_late,200,1.0,0.7674423487218008,0.0,0.0,efd714b838db699041a748fd705c58c8e483f5d15a6ecadccd19ccc360b5f832,1.0
single_shape,TinyCNN,5010,retention_0p1,200,1.0,0.8493045809469348,0.0,0.0,ce90d477589968e7b01ad5fbbdfd6dcadc391bdf5708b1c766148b668686e3bb,1.0
single_shape,TinyCNN,5010,retention_1,200,1.0,0.9568998046786503,0.0,0.0,5a2c44eda5c0218f34313b70cd01ea5945f4beb905a3e55d14cc49da3ad5fdc5,1.0
single_shape,TinyCNN,5010,template_init,200,1.0,0.5794861564304971,0.0,0.0,f09467576de4333942ee228089ac22a38750afd56f08d745e48ba6c23d3e5544,1.0
single_shape,TinyCNN,5011,release_default,200,1.0,0.7255097046278767,0.0,0.0,8d8a6a673a1cd804c129938eb4cd24c00ac72d6c04070ea540b2f72d1ffbbc9e,1.0
single_shape,TinyCNN,5011,release_early,200,1.0,0.691065356855719,0.0,0.0,360b554b7d3718195bf183bdbca3708dfdb168e8576739b5b1f5e73437690494,1.0
single_shape,TinyCNN,5011,release_late,200,1.0,0.7939360128692067,0.0,0.0,3f235ef9c0662cd04ceb92934b675b8e7047ad11fee7dd880c67bd834ebe4ac9,1.0
single_shape,TinyCNN,5011,retention_0p1,200,1.0,0.8767472958478271,0.0,0.0,b7d0b23e880c714e6b094d32d26ee2d95560361ad8c8e9b2f485dd4b8704d5c1,1.0
single_shape,TinyCNN,5011,retention_1,200,1.0,0.9632635519866254,0.0,0.0,283eb8576c6cca368b7cf58bc3ba8c40d72cd03a80671590c5744fea5e9bb3cd,1.0
single_shape,TinyCNN,5011,template_init,200,1.0,0.6580828072105394,0.0,0.0,028eaf0b8f6d6a78a69ccc6bd3410ad6fec6aa7ca638ec9e17f2abfe2dd0fffe,1.0
single_shape,TinyCNN,5012,release_default,200,1.0,0.6853942496620071,0.0,0.0,809e9739d21f7a3182a6e99f19a29cdcec2670de1965eecba8ba5a889ab9e11f,1.0
single_shape,TinyCNN,5012,release_early,200,1.0,0.6446933902715015,0.0,0.0,a0f22b3fcc3f748d363ffcbda9e95ac95d34d448cd66c628d22696594625c76f,1.0
single_shape,TinyCNN,5012,release_late,200,1.0,0.7727139255425638,0.0,0.0,6a1f424e08e2d2028c90224dc0919af3e762bc6e89c1f52b19c76726b9f1381b,1.0
single_shape,TinyCNN,5012,retention_0p1,200,1.0,0.8470784660120874,0.0,0.0,69007451067b0969eae75fe133f81cb28ad0d5cab32db27bcaf6071e298ed9bb,1.0
single_shape,TinyCNN,5012,retention_1,200,1.0,0.953955747572317,0.0,0.0,7bf1891d507b22a29288855dbe476367fca77a7a3f9118054709d57f22b88b9d,1.0
single_shape,TinyCNN,5012,template_init,200,1.0,0.6119755698468667,0.0,0.0,917febdc54499b600c65b94503bdb30647bc8d5c86c0fbba6e8812530cdcdd9b,1.0
single_shape,TinyCNN,5013,release_default,200,1.0,0.6900840128487988,0.0,0.0,109db8b63addac8778587d11f64766eaebd290d4c427dc5018fe8d5102b4a05f,1.0
single_shape,TinyCNN,5013,release_early,200,1.0,0.6359806268096095,0.0,0.0,4a83e3e60d5afeeda66dd819b581fffc0d002aa39dff2328eefb261a305d5fed,1.0
single_shape,TinyCNN,5013,release_late,200,1.0,0.7735828673397224,0.0,0.0,561cefa17f2e1c34cc4168e24e72d36bbdd44fa7d6d57f494e14c009e6d0cd71,1.0
single_shape,TinyCNN,5013,retention_0p1,200,1.0,0.869350481853937,0.0,0.0,2ed4790c894f3615b4884dd7e68b556ce6d286fc95b63dfe95acd247b8cbf26c,1.0
single_shape,TinyCNN,5013,retention_1,200,0.99609375,0.9623544188084648,0.0,0.0,07ff56742e2c271e914b96081842b98825ecfd87cd58cb4458b2fbf12b0471d2,1.0
single_shape,TinyCNN,5013,template_init,200,1.0,0.6184809881794199,0.0,0.0,8890beb924b2964a597c80b1673db95a2204d1e7a675178a53e1a77f636966c8,1.0
single_shape,TinyCNN,5014,release_default,200,1.0,0.6847862712571403,0.0,0.0,3d16f789a51eecdcbbe88e8471946e76d5806ec0ffef8263f093b63af2bfa808,1.0
single_shape,TinyCNN,5014,release_early,200,1.0,0.6399489619436122,0.0,0.0,c89824fb4c1e3c73a9fd22a53960da8d2f76b67e2eca600d59ca8c4f4845ede7,1.0
single_shape,TinyCNN,5014,release_late,200,1.0,0.7645869481973085,0.0,0.0,422ca007bc6d69d4da727c0b0ab8c68fe3f8399318d980c904b7b1ec0b1505c9,1.0
single_shape,TinyCNN,5014,retention_0p1,200,1.0,0.8592095435543519,0.0,0.0,6790cf1a5110d920fa42efc0d917fdeaaccedd74298da6e404271d7c7b4b273a,1.0
single_shape,TinyCNN,5014,retention_1,200,1.0,0.9523908088526971,0.0,0.0,67f635a16b6425832a6439cd472d26b56d72aa694d0d6f5134ed1ac87a14fc02,1.0
single_shape,TinyCNN,5014,template_init,200,1.0,0.6109894690016386,0.0,0.0,468ca7ecdd3be8d5aba19f635aa187fdaec3d475cb23e5950e2f0a424cf1cb35,1.0
single_shape,TinyCNN,5015,release_default,200,1.0,0.6595228261584691,0.0,0.0,990cedfbf74c04f60f8ded696c893d9076177e6e803cf03a63c1ebe549dbef84,1.0
single_shape,TinyCNN,5015,release_early,200,1.0,0.6055757747139502,0.0,0.0,eb5dd2276ff2449fe8b4828c1c4d10a60601fdf87706b9fa590a29a743731259,1.0
single_shape,TinyCNN,5015,release_late,200,1.0,0.7558105775358861,0.0,0.0,65585fa8a56de93a7281f4a513fb0254c1861f03f5116cb36273e6e6dbb8638f,1.0
single_shape,TinyCNN,5015,retention_0p1,200,1.0,0.8475612629507729,0.0,0.0,fc5717cac857175a79ef9b0a2cef7cd44a5344994bcbf269b728ebf2a1e51cc6,1.0
single_shape,TinyCNN,5015,retention_1,200,1.0,0.9572487766165833,0.0,0.0,f4acacc5623211decfe90a352960727b1e345d5908a1536cfc4d1a44f80dec50,1.0
single_shape,TinyCNN,5015,template_init,200,1.0,0.5729597085234098,0.0,0.0,7c9f930b802d1ce639871297e6057c858b5042c612eb29a9c27943f26c883943,1.0
single_shape,TinyCNN,5016,release_default,200,1.0,0.6777915419060332,0.0,0.0,a693d922b8a015274014be90cfe08d99fca0f6e33fb6555e752f207d3525ec16,1.0
single_shape,TinyCNN,5016,release_early,200,1.0,0.6406296907764775,0.0,0.0,ec2eb4486bbddcc97cc16bf459bd5ccc3af5ab1254a52a5685fe642829647b79,1.0
single_shape,TinyCNN,5016,release_late,200,1.0,0.7513750148868715,0.0,0.0,3e2d8424b6b055e4e5357815cf301471f6ab90331d05cd62ee0a9a95d9be8d6a,1.0
single_shape,TinyCNN,5016,retention_0p1,200,1.0,0.8495969346008072,0.0,0.0,7117315e3817ec33619588b019ad37f772d1736dc11fb022e652171b8e94377b,1.0
single_shape,TinyCNN,5016,retention_1,200,1.0,0.9507830410498307,0.0,0.0,8c86ea7cc8351ecd0299d2584fb551edc80e7d2c8f94abbc1cd142f82dfa0b23,1.0
single_shape,TinyCNN,5016,template_init,200,1.0,0.6063663834768852,0.0,0.0,adca0fcd9499f50925be72218ad4aa095de722a66f5067c994123bb1ae64285b,1.0
single_shape,TinyCNN,5017,release_default,200,1.0,0.7226876650631509,0.0,0.0,2dcd12dcf9bfbe0c1f47c0f50e635e28ab77582068341a95deb6815a6c14c15c,1.0
single_shape,TinyCNN,5017,release_early,200,1.0,0.672659283265516,0.0,0.0,a2a162b1556368e69418d2216d5b91453c44b7f5404a49446d11f7ebdb37c5f0,1.0
single_shape,TinyCNN,5017,release_late,200,1.0,0.8025242936257103,0.0,0.0,adaca2c27677f76a3af9cf44a2beeb916ac466f796f805a8ebbd35051c156404,1.0
single_shape,TinyCNN,5017,retention_0p1,200,1.0,0.8795579711215546,0.0,0.0,5df679c2c7252c04471f7871a6eda4d53657cad5be9590d0ff1e8a6a7a8cc03c,1.0
single_shape,TinyCNN,5017,retention_1,200,1.0,0.9637106901865444,0.0,0.0,8e3cf8c697af531790889e765cf67b7dc9206d64eae01a7bc3c354074e78fb5f,1.0
single_shape,TinyCNN,5017,template_init,200,0.99609375,0.6292549059490813,0.0,0.0,fcc06b69c2c1c62e7f7fcd96667feabb754433adccb8e6d7b1c9d9ea60d37e75,1.0
single_shape,TinyCNN,5018,release_default,200,1.0,0.6720792083979122,0.0,0.0,92cb7041c5caab7e007d38370f2f4b7a862c6e429d9c92d2ba5935b13cf9cc5a,1.0
single_shape,TinyCNN,5018,release_early,200,1.0,0.6276327323210906,0.0,0.0,59752254c74eeaf3b436022cf7ed5bdd4098a8fe67a30d4bafe7cebe2e39e37d,1.0
single_shape,TinyCNN,5018,release_late,200,1.0,0.7695185670388456,0.0,0.0,9be7129856c9be368741fd5ba22c8fa49ffaf91688e945c2b87ba529e226c268,1.0
single_shape,TinyCNN,5018,retention_0p1,200,1.0,0.8528336551574958,0.0,0.0,73e584b66f0cf9ae4a44922027da4593f2109fad778ae11fbe6eac7f726e459c,1.0
single_shape,TinyCNN,5018,retention_1,200,1.0,0.9549064790547502,0.0,0.0,6538ba31b271f80abe945e2572c5ab20dfed5c06161f5494dcc132a559012bd4,1.0
single_shape,TinyCNN,5018,template_init,200,1.0,0.6045345860386332,0.0,0.0,0cd8270626b0a529bdaf149dd33adac1e12eef7c817b314947c451c69d5fe838,1.0
single_shape,TinyCNN,5019,release_default,200,1.0,0.6717097539507241,0.0,0.0,8248e23fe3122ba7a796f4b7bbe34f2058c3b036814daa975dc35883e867a707,1.0
single_shape,TinyCNN,5019,release_early,200,1.0,0.6229937992652395,0.0,0.0,aeea7bc1e95a7948fa26aa654c6e13d440100413da08a64bce01966336344556,1.0
single_shape,TinyCNN,5019,release_late,200,1.0,0.7698156495933757,0.0,0.0,d03a4b16c7b5daceee134452c53b0e6e829386fe76777cff1aae2f5cbf7946f8,1.0
single_shape,TinyCNN,5019,retention_0p1,200,0.99609375,0.8610301233867145,0.0,0.0,0b105bc3751b75dec15df949402bb505ea61b48af0f0e9240a7bc53211561043,1.0
single_shape,TinyCNN,5019,retention_1,200,0.99609375,0.9514947334369471,0.0,0.0,6792a0f0dabddc527484d2f9572a0573f0ca096155892d7a31f017d6989ba019,1.0
single_shape,TinyCNN,5019,template_init,200,1.0,0.6007385805649708,0.0,0.0,804f1730ef9b72258f0c8b87dfe9794507dcd520f2bf13eada90ee5b9c245417,1.0
single_shape,TinyCNN,5020,release_default,200,1.0,0.6949816679931347,0.0,0.0,a5d4a39446a4e344885b98a8f0a0314a252b8f9d092853e1a0cfe17d87d6bffc,1.0
single_shape,TinyCNN,5020,release_early,200,1.0,0.6362660930926773,0.0,0.0,ae8cc97c21c286ac59f21dfaa71beb59feed010337d4d32570b09f75c908558c,1.0
single_shape,TinyCNN,5020,release_late,200,1.0,0.7824488841146322,0.0,0.0,d9cb61a471c9b694b2c9ed7f31ce14e84499aa7de94dd717f576d63d57441f48,1.0
single_shape,TinyCNN,5020,retention_0p1,200,1.0,0.8720792531611377,0.0,0.0,8979c7a8eda2d2a0908b7723d044b3b404c79170bf775363b80a1f819e6e5a46,1.0
single_shape,TinyCNN,5020,retention_1,200,1.0,0.9631564640024569,0.0,0.0,ba15413c53da918c1a06be963e20e2bfe7ee103288cd085c8277810d5b30f991,1.0
single_shape,TinyCNN,5020,template_init,200,1.0,0.6160306993253559,0.0,0.0,8e6307b6cf4aca4d3fc06e88b7425439750154117796cf6bfc5c4f1d9f33fe83,1.0
single_shape,TinyCNN,5021,release_default,200,1.0,0.6636437259862782,0.0,0.0,5301d5c8d34fa44a2fccdc6b9c92c6e3f4177f18e4f8ac2a95a7dc3fce486654,1.0
single_shape,TinyCNN,5021,release_early,200,1.0,0.6134469320860834,0.0,0.0,568b0cff43271cfbc50027aef7bd7a0135f326dcba2cd36670b9d1370b153791,1.0
single_shape,TinyCNN,5021,release_late,200,1.0,0.7561663956889298,0.0,0.0,8b075a1ac1d1a42e04a2c99ce0ac135c6db7b51f3fee61399a8ad52ef113943e,1.0
single_shape,TinyCNN,5021,retention_0p1,200,1.0,0.8542016840957732,0.0,0.0,aa329a6606e59c67a61b68c992499bb30ddf265c5ffd292740beec178f568d55,1.0
single_shape,TinyCNN,5021,retention_1,200,1.0,0.9568331294177392,0.0,0.0,0738e6c47f5fdce3698c0ddcfb424713a5ffd4d8eb0f1504e0e88a8806e0d9aa,1.0
single_shape,TinyCNN,5021,template_init,200,1.0,0.5930735569688561,0.0,0.0,0c46d28f36eff0722a851adc8585b51e453d208c6b2d26b348853a31e7a2622b,1.0
single_shape,TinyCNN,5022,release_default,200,1.0,0.6579617010926974,0.0,0.0,318b2df81ae523244b2449de7285574534610dcceba6473305e1cace076a38d5,1.0
single_shape,TinyCNN,5022,release_early,200,1.0,0.6154251805642093,0.0,0.0,8d6d756385f23ba50f61e94af984ac1707f8159f0e65c2f1e83f5bd54b5b51e7,1.0
single_shape,TinyCNN,5022,release_late,200,1.0,0.7511430436474744,0.0,0.0,acb898189753e801276ace21fc0e941d01e359e8d187a40473be1fd2255e3e4e,1.0
single_shape,TinyCNN,5022,retention_0p1,200,1.0,0.8541733337498145,0.0,0.0,5be649b08f536a1ed26a92b0103d8af2ca46784326cba7784fec7fb4cd68d9a8,1.0
single_shape,TinyCNN,5022,retention_1,200,1.0,0.9554388429543106,0.0,0.0,2760495c4f11cb6e2b7bc8872f4d836f3b39380678b4a7c83e7ae34f8f1ae140,1.0
single_shape,TinyCNN,5022,template_init,200,1.0,0.5918029792793302,0.0,0.0,c32d8bda1ae3cbb00ac1b38c38260ce4e437df659869ed045cd8a38efd88ad98,1.0
single_shape,TinyCNN,5023,release_default,200,1.0,0.6697666939198416,0.0,0.0,dc5105572c6c830fbfb1eb71b06d2a2235f8a3c1bdf89a3d7329d2a745ba1320,1.0
single_shape,TinyCNN,5023,release_early,200,1.0,0.6184937110679161,0.0,0.0,7d0fe9ca219d8c051cf5198107cd3fa988230ceb233465d9bbdecaf2bf42ff43,1.0
single_shape,TinyCNN,5023,release_late,200,1.0,0.7580987771848967,0.0,0.0,6f474eda8dd2430bae49d10df564ee5035c2282a7e3da4a1b84af9fabb1cab65,1.0
single_shape,TinyCNN,5023,retention_0p1,200,1.0,0.8571430593427614,0.0,0.0,58d84485bd79c5b0db45c1c0870c19e228873d092b5427558ae0648cb2d66ffc,1.0
single_shape,TinyCNN,5023,retention_1,200,1.0,0.9563886216141964,0.0,0.0,a186bec36653e906cdd80ff7735f46662b331c8d1824a74867ea316e1472dd1a,1.0
single_shape,TinyCNN,5023,template_init,200,1.0,0.5807161084520432,0.0,0.0,a824b039c0696559fa8fec605643a9904ee6587bf83894e2998155e506081e60,1.0
single_shape,TinyCNN,5024,release_default,200,1.0,0.6544504656722752,0.0,0.0,7240cfd1e1fe4f1ecb7beb87c89fdcf171987361987e5a90a8f3790c533105c7,1.0
single_shape,TinyCNN,5024,release_early,200,1.0,0.612196153321643,0.0,0.0,095349db35edaf84bfe3a6a8a99adc1855e747f52b2c651f308818b3707f6f49,1.0
single_shape,TinyCNN,5024,release_late,200,1.0,0.7533743784196737,0.0,0.0,20752ef62e04ea3897cfea724b075bdcdbf00de96bc5a674b7c59b35e4e3fec9,1.0
single_shape,TinyCNN,5024,retention_0p1,200,1.0,0.8429974793968751,0.0,0.0,b74e4abed5d41ad171a5ff2f20476797442e1fa12b54af50e4ca1c42a98762f5,1.0
single_shape,TinyCNN,5024,retention_1,200,1.0,0.947486910182515,0.0,0.0,22b08443ca88e3ab9c2be61aaee54cea865b37fe45108ef237eacf899df9c0f1,1.0
single_shape,TinyCNN,5024,template_init,200,1.0,0.6017886509889265,0.0,0.0,a276d2bd16a01d36ef11f36a78b6ef4986102fabccac4e703f65cba0f21d7637,1.0
single_shape,TinyCNN,5025,release_default,200,1.0,0.7042758708642256,0.0,0.0,0031311de9d9d382b6f4eb648936479f046b5bfc7561bb3ab89e8c1bf5f485e8,1.0
single_shape,TinyCNN,5025,release_early,200,1.0,0.6636944116788097,0.0,0.0,35560dbc2d2741adc417a71e143440a270cbd390ef68ebf1bc63882e94889a5c,1.0
single_shape,TinyCNN,5025,release_late,200,1.0,0.7744457191244647,0.0,0.0,498146f7975d5fdeb7dd10dd3a41810469eafc891b084d5e0e7833032432c63e,1.0
single_shape,TinyCNN,5025,retention_0p1,200,1.0,0.864151737247487,0.0,0.0,133c70269d987c8879c35b6866a45f694d34f58cdd4ac4069aaf928bdc7baf78,1.0
single_shape,TinyCNN,5025,retention_1,200,1.0,0.9547415589249812,0.0,0.0,53fa2abe512f1ce1986d8901bf2bb727cbe7f7f42e952d9ac22374a2a4c9e637,1.0
single_shape,TinyCNN,5025,template_init,200,1.0,0.6510070680855738,0.0,0.0,983ff51a401dff3e1c4ed3fc50dbe266148574d253c25d387c4239facca463d0,1.0
single_shape,TinyCNN,5026,release_default,200,1.0,0.686026845849369,0.0,0.0,7c1a161b7e60c9429e7b75576b561ecefb769abeede8acc5ce7d7e68b8cec898,1.0
single_shape,TinyCNN,5026,release_early,200,1.0,0.641429627561902,0.0,0.0,a7cf43cb1fad07ee5264ad65c0342aff7b90b23a5d4af3923e2fed7995201798,1.0
single_shape,TinyCNN,5026,release_late,200,1.0,0.7643523386436412,0.0,0.0,8214c67c43d32a2f6c655f3add9293a9d995385eadbcd66959b55c9c4cf9f7ee,1.0
single_shape,TinyCNN,5026,retention_0p1,200,1.0,0.8505707397225772,0.0,0.0,b2567d58a263ea7015ae0f7c3b67da070b8074c89fa554754bfbee204093b313,1.0
single_shape,TinyCNN,5026,retention_1,200,1.0,0.9528954990689644,0.0,0.0,790c1b610f9ef552a09c2c7430232ce812907afd6a52c79cd5dc08ceea534b71,1.0
single_shape,TinyCNN,5026,template_init,200,1.0,0.6219705310455761,0.0,0.0,aa85d5f0648ccb8ad51f720fdf175b36ebc23d4593bf440d78432ccbfb36e98e,1.0
single_shape,TinyCNN,5027,release_default,200,1.0,0.6876814875669566,0.0,0.0,c65c0d4c913f1a017941facdbf560335b19e7e0131e30f6ac2e4067dea7edd35,1.0
single_shape,TinyCNN,5027,release_early,200,1.0,0.6460799248250024,0.0,0.0,cd7bd4739b3651e3022e95236aab0bb4a952722f77f69e623a29f9e7fafbbf03,1.0
single_shape,TinyCNN,5027,release_late,200,1.0,0.775093348999724,0.0,0.0,9281a0e54f78d7f87022b53ee04bb76cf28abef399e817d547bacbb287a95284,1.0
single_shape,TinyCNN,5027,retention_0p1,200,1.0,0.8653394751451556,0.0,0.0,a84c181a56311aee1af491f4a74d5b03056cc9383ba9527a875b872f02552c66,1.0
single_shape,TinyCNN,5027,retention_1,200,1.0,0.961051631498017,0.0,0.0,18f97b265e09d89b4c493845e65ca098f5bd49c0f003d5baa710059ba67e3a8f,1.0
single_shape,TinyCNN,5027,template_init,200,1.0,0.5936080977006961,0.0,0.0,d157ae2ff23f34062ca1b2732d26303a3a87cfff45c06ae65916254b8a1f210d,1.0
single_shape,TinyCNN,5028,release_default,200,1.0,0.6606835164009921,0.0,0.0,756c257c8a200e33a8ef63d370089e0b6518a51a745a08646ee1ab425969399e,1.0
single_shape,TinyCNN,5028,release_early,200,1.0,0.6131529790386924,0.0,0.0,ac359bba2fde592d295411e842bca0539eb1e48a010bebd8f66c8a8b30ebdb33,1.0
single_shape,TinyCNN,5028,release_late,200,1.0,0.7643794079880923,0.0,0.0,b85c1a5e53c7166e3874bca44ae2ea59d5e4933cfa719876adf44b4525ba442b,1.0
single_shape,TinyCNN,5028,retention_0p1,200,1.0,0.8552152959133296,0.0,0.0,158986f85f57bac12496527af37e90a88b4c131358d1bb3f5b282e3543dd931e,1.0
single_shape,TinyCNN,5028,retention_1,200,1.0,0.9593683252339855,0.0,0.0,df323f8b9e362221d989913e731b2bac760650d3385a718e308a8c3b2554f3bb,1.0
single_shape,TinyCNN,5028,template_init,200,1.0,0.5961790229042225,0.0,0.0,560526befb95ef1d6ad9516ccfc5e62b1c7d90e7071c60f6a09c82fa12d17306,1.0
single_shape,TinyCNN,5029,release_default,200,1.0,0.6992589991193014,0.0,0.0,7916e28239c14b6ab4cbf8743a90cf7d333975b8d0c1f94fddcffcb5200ec040,1.0
single_shape,TinyCNN,5029,release_early,200,1.0,0.6584077284429007,0.0,0.0,f9f36007d0d068b125c51448933238e3e295c391dbb675de5d229cd2dd2eeeef,1.0
single_shape,TinyCNN,5029,release_late,200,1.0,0.7784805091344833,0.0,0.0,4135ecb3d2c3daa38fc0ca7537825048b34386ac0689c5bc6c109cebcd19714e,1.0
single_shape,TinyCNN,5029,retention_0p1,200,1.0,0.8676499289014861,0.0,0.0,ba8400233a8d710a510994edb5170eb1f279a5c802731d9add4e55839951293c,1.0
single_shape,TinyCNN,5029,retention_1,200,1.0,0.955697082780961,0.0,0.0,73f3ddef49bf2b98aec3e16c790fa158165efaace13ded7fd8cdc5175e20d92a,1.0
single_shape,TinyCNN,5029,template_init,200,1.0,0.6476976031019803,0.0,0.0,bf9f084edc1cee1a1159a5c6212c5cc747a1c211ea30b988b8f9c3d752fcaca3,1.0
single_shape,TinyCNN,5030,release_default,200,1.0,0.6976573856161556,0.0,0.0,bcaed15c641cdf0e5c4a8c9a754c56635be2d71968813a2ad2e17da19e8eb9b0,1.0
single_shape,TinyCNN,5030,release_early,200,1.0,0.652606571122441,0.0,0.0,6aebcba9a0861d91b369d69edaae851deff2e3f3f97da858ff66f64350eb1325,1.0
single_shape,TinyCNN,5030,release_late,200,1.0,0.7907509600356535,0.0,0.0,85c30c77ab22167769fe545c7deb23de10fafe2fda07ab85b4c0020158a729d2,1.0
single_shape,TinyCNN,5030,retention_0p1,200,1.0,0.8774230974497133,0.0,0.0,7e848933af8a8b0a6140d21b69993eec4bd0b7dba3ef56c41334c8b73fc33334,1.0
single_shape,TinyCNN,5030,retention_1,200,1.0,0.9611578458087056,0.0,0.0,b1d13d0653d97ede69750125bd70c4976d170b9d8f528c635c4c0b435433ba72,1.0
single_shape,TinyCNN,5030,template_init,200,1.0,0.641123188967601,0.0,0.0,7d4a915318caa0cd427a7af385f406915de858603716e5e9539da67a9009fc53,1.0
single_shape,TinyCNN,5031,release_default,200,1.0,0.6233051500828474,0.0,0.0,09571b1ec9b7e9e71ad6ba9417717bac34ac24d01a4c47d8586a21b5915fdb3a,1.0
single_shape,TinyCNN,5031,release_early,200,1.0,0.568229694956825,0.0,0.0,047a49e5ea1aea4cb5c52c6ab26cdbed23c08ce303ab084fbe7daced836db152,1.0
single_shape,TinyCNN,5031,release_late,200,1.0,0.7390653692243415,0.0,0.0,513989052220ad952a42d0c965ee812e29e13bd78748365f3eff5ec77cae4cbc,1.0
single_shape,TinyCNN,5031,retention_0p1,200,1.0,0.8395199088527678,0.0,0.0,1be6c9cf4e30ef212b89b529a57d39e4d61b8df73418e888877726f6065d6c49,1.0
single_shape,TinyCNN,5031,retention_1,200,1.0,0.9521231418780289,0.0,0.0,2c9533355008a55e18bafc8b52155f1867c59aed905576e64a7a764304edfd40,1.0
single_shape,TinyCNN,5031,template_init,200,1.0,0.5496002563938231,0.0,0.0,f6f86c680b20b5e6f2704801a79b0faa9695691425b517537a4ed2d14556df99,1.0
single_shape,TinyCNN,5032,release_default,200,1.0,0.6973415130010336,0.0,0.0,06206f324d6eb671f40c9c78739253d708cb7b4e8228bc7d1b5b9b5a36edb725,1.0
single_shape,TinyCNN,5032,release_early,200,1.0,0.6494282610437793,0.0,0.0,b074f24fbe6b6dec829d98ad0be10103bdbb5fe882daaa594716e1b40072ce74,1.0
single_shape,TinyCNN,5032,release_late,200,1.0,0.7943884053449184,0.0,0.0,c98188ed3091eb968a3b5b66d41360502b3c674ff94bf564669a27c4af43054e,1.0
single_shape,TinyCNN,5032,retention_0p1,200,1.0,0.872474148663485,0.0,0.0,24edc3d7c59f3c6048dec4bae80ddab4f6e162eca993c0304df2ef953c2001ca,1.0
single_shape,TinyCNN,5032,retention_1,200,1.0,0.9673353475277483,0.0,0.0,0ea7c3c7fa66af52e086ed28a20250ff7e7317d41fef93f68312944bc713f325,1.0
single_shape,TinyCNN,5032,template_init,200,1.0,0.6022576620622803,0.0,0.0,85a23b501da7bba718efd5809ef08feb228c32cc90c205ac7ea53b15ffc389b7,1.0
single_shape,TinyCNN,5033,release_default,200,1.0,0.6800851213540058,0.0,0.0,fb9adaaf847728f441acb8b75598577b2e04600edef17172e98919f1a68a869d,1.0
single_shape,TinyCNN,5033,release_early,200,1.0,0.6303230486447242,0.0,0.0,5ff559634ee5dc9ee1ff98f661bd715fd7c2cd678a7535bf8c5068e7b832bfc8,1.0
single_shape,TinyCNN,5033,release_late,200,1.0,0.7761331910658416,0.0,0.0,7b472dd51b02ae945333b9195bb07847b9bd76218d948dbd1829367b8a3bf3bd,1.0
single_shape,TinyCNN,5033,retention_0p1,200,1.0,0.8580498565552258,0.0,0.0,c20e3fb07de2c4042a427dc842a9666a50210ca3fdc7d1cdfe6a876bb34fa6d3,1.0
single_shape,TinyCNN,5033,retention_1,200,1.0,0.9586254821406026,0.0,0.0,10cfdf484473f41b101232c33034c1ebb3e00d6ae6b9f564c7a703a002307fd8,1.0
single_shape,TinyCNN,5033,template_init,200,1.0,0.6151691297827835,0.0,0.0,dd75b5468749823c7358d5384cab3f9647f3769465cd02210c9f0b721fbd839b,1.0
single_shape,TinyCNN,5034,release_default,200,1.0,0.686176732609765,0.0,0.0,1f41ef48b95f03633ba5c8775166c7508c967fbc3015faacf502a57bd3217181,1.0
single_shape,TinyCNN,5034,release_early,200,1.0,0.6504160853950915,0.0,0.0,15e9f77167b058421767a8fa2ae086311f243d2b7f791c89abcc4768831871ec,1.0
single_shape,TinyCNN,5034,release_late,200,1.0,0.7741144509849612,0.0,0.0,d17b01c01fc76f76f0c275f76b5cb479f2b9edfe0a7f5c004b900267087d05b2,1.0
single_shape,TinyCNN,5034,retention_0p1,200,1.0,0.8570819519977282,0.0,0.0,bd9537d95184bc70b93754d9c667316b04f03fcc98f63684e5ee299209673e82,1.0
single_shape,TinyCNN,5034,retention_1,200,1.0,0.9574869690855798,0.0,0.0,96ace9bab386b930b0a3f866802915ae3076e249a9bec69465cf153295827603,1.0
single_shape,TinyCNN,5034,template_init,200,1.0,0.627611251753077,0.0,0.0,90e7a19fb62427d106336c1ecb3ff93a91a7509561cb9fdde3e672f3ce8abe73,1.0
single_shape,TinyCNN,5035,release_default,200,1.0,0.6854396900753061,0.0,0.0,0ee77585c218a0275c5a174312030400777281956dcb5ad3f41e0d38be18b8fb,1.0
single_shape,TinyCNN,5035,release_early,200,1.0,0.6391950615115765,0.0,0.0,7a088ebcb16285f1a4a5f255c200ab1b76497aa6649729dc2386c856a9af3183,1.0
single_shape,TinyCNN,5035,release_late,200,1.0,0.7809252858533648,0.0,0.0,f71f30b582b8c83617a91114c063a4afb4ddcb2ff82f93b99abd01987bcc7d49,1.0
single_shape,TinyCNN,5035,retention_0p1,200,1.0,0.8668379086863647,0.0,0.0,e00af6f0129d95894f33c3c62dcb8e3c44805ee709177b0d8b724d335d564186,1.0
single_shape,TinyCNN,5035,retention_1,200,1.0,0.960345674112584,0.0,0.0,ce73ab19c47c9ab3efe7ccd5949b44ef0ad4439f763f58e558445e98219eb4ea,1.0
single_shape,TinyCNN,5035,template_init,200,1.0,0.6031380833001885,0.0,0.0,a3f2e4ac289633e0906eda93d7486202246455c80492bcb359897e0c2f38d367,1.0
single_shape,TinyCNN,5036,release_default,200,0.99609375,0.6601189197582329,0.0,0.0,cb6d068263ac738189a79b65ed285d43521b4c0cfb0112ba3ba755a89abf68fc,1.0
single_shape,TinyCNN,5036,release_early,200,0.99609375,0.6244690476229807,0.0,0.0,561bf0f863470f8a5dc0e9c37b57ed906301033831efd13a22c41dfd8178c9ae,1.0
single_shape,TinyCNN,5036,release_late,200,1.0,0.7618153191870947,0.0,0.0,4b54531d1386c18b4d618ca4eac216ac934f2a0f9c8d0bf83573808b0673f54e,1.0
single_shape,TinyCNN,5036,retention_0p1,200,1.0,0.8481473061720195,0.0,0.0,404f37ece769acf7f8d88c843cf9f6308854434bcbd230fbf9884b17c9544dc5,1.0
single_shape,TinyCNN,5036,retention_1,200,1.0,0.955271949766328,0.0,0.0,92a28f69668ec6476cf6bcfd93d5f69d08b3a4e5fdd8a5c546c455f2af8976c9,1.0
single_shape,TinyCNN,5036,template_init,200,0.99609375,0.6173087439814243,0.0,0.0,00576d98605f4544bf8bb50ae7616644af1263e865fbdc6d5b86a6e845ab3022,1.0
single_shape,TinyCNN,5037,release_default,200,1.0,0.6994204095222283,0.0,0.0,fb59982a9b52436a9bcea6112f9fa44c226f37c34a2076d26898b30994cbed6c,1.0
single_shape,TinyCNN,5037,release_early,200,1.0,0.6512549746285694,0.0,0.0,5d370e3c6775d516e1b2d00f546e0c1333fe51e8209e17a611211000cdd559eb,1.0
single_shape,TinyCNN,5037,release_late,200,1.0,0.7814735709694043,0.0,0.0,45aabc1b0f08fefb009250253eb35610c297ef64b72f7c2277c90c9cb9afd707,1.0
single_shape,TinyCNN,5037,retention_0p1,200,1.0,0.8655111338209451,0.0,0.0,e066040aefa2d96dc58c2f6f6df6ec0166776a42229ee5da870cdf411e1fffdc,1.0
single_shape,TinyCNN,5037,retention_1,200,1.0,0.9628864833260795,0.0,0.0,20c9232b286627b86c7522d1989ae913611e2f8d9ec20feeb3f089e9adc33b4e,1.0
single_shape,TinyCNN,5037,template_init,200,1.0,0.5699307874831729,0.0,0.0,848531ebdbada9b2b409ec6e328eff66a7b923262974da9ea206f46e7f71915e,1.0
single_shape,TinyCNN,5038,release_default,200,1.0,0.684356401052201,0.0,0.0,48bdb093e050fb4225e3f86fee1c90501563bc01549303c067f8f6baa8734a04,1.0
single_shape,TinyCNN,5038,release_early,200,1.0,0.6366901638813397,0.0,0.0,fa15d901c4c54f6a6caaf532062cd474c84f3fd66d95c607c051b6d51b71cfd0,1.0
single_shape,TinyCNN,5038,release_late,200,1.0,0.7749769891035225,0.0,0.0,b724d496ad8d6395c928ca0a9d723c5d87c85d3d1f8aa0c1cf1702ecca26f599,1.0
single_shape,TinyCNN,5038,retention_0p1,200,1.0,0.8640815293325299,0.0,0.0,63b3285d7a2c20f2abe6b6c04642c18c2e0b3b9f8cfade5da956226c3cdd6998,1.0
single_shape,TinyCNN,5038,retention_1,200,1.0,0.962716908429256,0.0,0.0,3bd7d141b9e169c36f7d724d2d62f86e2c64172488c5bc65ea3b05089c0febce,1.0
single_shape,TinyCNN,5038,template_init,200,1.0,0.6059174515771968,0.0,0.0,cf47233c56d8501d1cc1bff49b7f48ee9bb01675f783f8112edba4e06fc4aa62,1.0
single_shape,TinyCNN,5039,release_default,200,1.0,0.7140576187831331,0.0,0.0,34ec91e070eda500bde2d2ee8a4489e10d19d87fcd85dd4d777bfdb3585fc4b9,1.0
single_shape,TinyCNN,5039,release_early,200,1.0,0.6723951034686142,0.0,0.0,abba420df2f63f8af79a3878a775bb8a93dd4eff78b2c82faa7807fb6eba4191,1.0
single_shape,TinyCNN,5039,release_late,200,1.0,0.7956829408932389,0.0,0.0,93f08dbd355fdb1309f8671b05739923210af3706a5c87b6369f2917e5778749,1.0
single_shape,TinyCNN,5039,retention_0p1,200,1.0,0.872236403483031,0.0,0.0,911e6bc1f52c0706c5246f7c9a862e52ad1baec2e252e9b3474166df640f8444,1.0
single_shape,TinyCNN,5039,retention_1,200,1.0,0.9594846812675883,0.0,0.0,3ed4c9c1ac45b1aaf1bf8a2e615b92e87653ac81723ea2e967953942bb46630e,1.0
single_shape,TinyCNN,5039,template_init,200,1.0,0.633284052488287,0.0,0.0,7de29ec5c0584f1a0d10d36e683a199d43bd52f536b4d61c19f1208ce7d9cf1f,1.0
single_shape,TinyCNN,5040,release_default,200,1.0,0.6665594665374001,0.0,0.0,f1e39ee898a0a64e26fe49b69f26c2e451f29fef52b60eb7d1fcf39cc0a15577,1.0
single_shape,TinyCNN,5040,release_early,200,1.0,0.6158757241831732,0.0,0.0,3232d68828949d65bff3b6b2931480a9b11884dc260b238f82798c63ff5e6df8,1.0
single_shape,TinyCNN,5040,release_late,200,1.0,0.7685226967520952,0.0,0.0,ddde6234c1b6528629224df1fc7f6a52e2b5e6bc221007c0447289b85ed69134,1.0
single_shape,TinyCNN,5040,retention_0p1,200,1.0,0.8479583108812347,0.0,0.0,0cf2fb30171ee13af464e6584f39be4b408697f1a52b7ce91418721da8fde13b,1.0
single_shape,TinyCNN,5040,retention_1,200,1.0,0.9545335587371461,0.0,0.0,ab3ad2f48d25e2d6c7fcdfa2dbed9934bf7448c5e3edce1e56ee1cc05967bcf4,1.0
single_shape,TinyCNN,5040,template_init,200,1.0,0.5526492899461892,0.0,0.0,a4284738d5803f30a6994f595e90ffe011569856df6401b23065984a11e2dd15,1.0
single_shape,TinyCNN,5041,release_default,200,1.0,0.6738076672178765,0.0,0.0,c6327aeafbdae8d29d657c89c133d196021444068ad874e3aa270eeda8d7954f,1.0
single_shape,TinyCNN,5041,release_early,200,1.0,0.6372703262441581,0.0,0.0,3fc79102fd530ae6eabd9a6b6c4c1da0841dbab477cb3d9825630bb3baa5af02,1.0
single_shape,TinyCNN,5041,release_late,200,1.0,0.7756571155020642,0.0,0.0,b1a01fad27e1a7a5239654f78fbd25b99f131e11671c23dabafd89cb0bfa98f4,1.0
single_shape,TinyCNN,5041,retention_0p1,200,1.0,0.8720537162256641,0.0,0.0,abbdcc5e3d5050a307454d73464add3a04d6cb1731250620b2f6c77344a84849,1.0
single_shape,TinyCNN,5041,retention_1,200,1.0,0.9573365678381051,0.0,0.0,5cb7c02ea96ee03f43d566e2d1b303a0d7be8010c1f6e36bf47cd4d70a00fee0,1.0
single_shape,TinyCNN,5041,template_init,200,1.0,0.6104215501039449,0.0,0.0,6f2dd02ef5287c818e79d91995b0c6a85c52e58a9abb98813f7c00075cc1dc85,1.0
single_shape,TinyCNN,5042,release_default,200,1.0,0.6789738692368297,0.0,0.0,251ad336a2d35d197adc13d3253125f9e6219e011594d0a4d8a87bbeb675f7ff,1.0
single_shape,TinyCNN,5042,release_early,200,1.0,0.6352313966044706,0.0,0.0,9fda7d619f2c43152928c8b1203dddd93993009ff28894038259f4d2dc03fbcf,1.0
single_shape,TinyCNN,5042,release_late,200,1.0,0.7692661817953275,0.0,0.0,da184f7dea69ee3d390422c503a80dc6e2844ebb8656d1754722762e382e30cd,1.0
single_shape,TinyCNN,5042,retention_0p1,200,1.0,0.8525651450157778,0.0,0.0,a74560bfddfcf3ecd74f8227ee7f21931cb71c429f8ee002ca51c5e9f45b170c,1.0
single_shape,TinyCNN,5042,retention_1,200,1.0,0.9526332726318394,0.0,0.0,157d500c61fc414585998b281c19fef14a7728811d2171fadaaf6be7bb673d1d,0.99609375
single_shape,TinyCNN,5042,template_init,200,1.0,0.6011104347934072,0.0,0.0,e2e3255f7f3e1369ce1e7a1e50536a7b528ffd75f92142eef8761fcfbd3dd2e4,1.0
single_shape,TinyCNN,5043,release_default,200,1.0,0.6852133003928834,0.0,0.0,599a447dc951b82558a2e451811f1118bbe680c20529ad61ab23a2ba8078cb82,1.0
single_shape,TinyCNN,5043,release_early,200,1.0,0.6450965982363984,0.0,0.0,61f3040c5658a70d8fe267e81568c7a7d621a9b23cf3155db5d5d92bd4f0c9d7,1.0
single_shape,TinyCNN,5043,release_late,200,1.0,0.7608241618312666,0.0,0.0,d08d0113a57ec3c6cfc5d89e3beeceebd51399497f559d23fad20234c1ca0875,1.0
single_shape,TinyCNN,5043,retention_0p1,200,1.0,0.8707078328911845,0.0,0.0,f230b1b10cf616bc266833f54ef3601c5b6c3de982092f043657fdde8f78abfd,1.0
single_shape,TinyCNN,5043,retention_1,200,1.0,0.9610311857493246,0.0,0.0,5d8bf81a7e084e3fb177ee0a8d49b4e05cad3f09cce949e8cb728888c40949b5,1.0
single_shape,TinyCNN,5043,template_init,200,1.0,0.6353615918914215,0.0,0.0,cbbf87f9085bb083093907b06a2e4e269d9a9d989e3d3325a42f4b6c19e4579b,1.0
single_shape,TinyCNN,5044,release_default,200,1.0,0.7034596060807408,0.0,0.0,1a0f2166938f1deaf13e6a44d994a637e7316951fddbce7e80fb910273a563b5,1.0
single_shape,TinyCNN,5044,release_early,200,1.0,0.6520083183925957,0.0,0.0,6fc057ff442c944e230583219286dfe972003dbeb0527c5ae579a2c83bd12e4b,1.0
single_shape,TinyCNN,5044,release_late,200,1.0,0.7803490509064228,0.0,0.0,bb50e0a6212b38648150f53dd9e09c94cbdd7f71d0ce10457221aa5c9854566e,1.0
single_shape,TinyCNN,5044,retention_0p1,200,1.0,0.8729994394833973,0.0,0.0,5180a7e1ef21b97fd37825c6aa7e9de21ea8e3ee23ec9426bd7123f9b37e7be3,1.0
single_shape,TinyCNN,5044,retention_1,200,0.99609375,0.9642631674939998,0.0,0.0,ac4d509db9c0a016c3e1ecb43ae69183d1045bd8f1fd2be74a7b868c50a017e0,1.0
single_shape,TinyCNN,5044,template_init,200,1.0,0.6246465032496766,0.0,0.0,44bf18747d868ec1a8305f61d9e1c6a6a1789538ca800849cdd6acfa6bcd3164,1.0
single_shape,TinyCNN,5045,release_default,200,1.0,0.6665424771935443,0.0,0.0,d61c4a3340c9a3c951ae334ced71c476fe063f42940800e5bd96c32930799a4a,1.0
single_shape,TinyCNN,5045,release_early,200,1.0,0.6267887023573313,0.0,0.0,2a91af110d58566692742d5486aba6596e76ad75dd9c8b669ab3a55dc8806f30,1.0
single_shape,TinyCNN,5045,release_late,200,1.0,0.7507797525466942,0.0,0.0,6aaf9fa9a810b4435b9f4e2e11686e0de5c49bb397ca4c91020261d68460f297,1.0
single_shape,TinyCNN,5045,retention_0p1,200,1.0,0.8492053334777964,0.0,0.0,17066a6b4cfc62a7e31d2fe5418997ad3b28ae225bc8376ec33e0c42c6c37f50,1.0
single_shape,TinyCNN,5045,retention_1,200,1.0,0.9583276799528346,0.0,0.0,39fa6cedc877c9443bcb5ff44e42490b589640999e8c9eee7cb9018d3a518977,1.0
single_shape,TinyCNN,5045,template_init,200,1.0,0.5961410937094087,0.0,0.0,28ba6d19cb91982c568f3ae78e14d9e2966016a27481b1052142a340c1b9bee8,1.0
single_shape,TinyCNN,5046,release_default,200,1.0,0.7093778998736784,0.0,0.0,c20950cfaa48768dac04147265d4d9786a95899d50f771dce108bc668171aa67,1.0
single_shape,TinyCNN,5046,release_early,200,1.0,0.6527229500253277,0.0,0.0,389272b6fbc7a2264849c57a2a2c3ceae26f44663cb1a8463ef46bbac19479b0,1.0
single_shape,TinyCNN,5046,release_late,200,1.0,0.7898326539456217,0.0,0.0,a4c67489826644cd3c553fad46135eff41b1f12cfe2d693af4bb5cf3856290d1,1.0
single_shape,TinyCNN,5046,retention_0p1,200,1.0,0.8791216056981052,0.0,0.0,d96566e308392f621817051827fca67093187003bcd6f764ef0d46069e4cf2ad,1.0
single_shape,TinyCNN,5046,retention_1,200,1.0,0.960723623058231,0.0,0.0,50d53afeb194f4ffa4739fe325e3fb244109457fab5b6a9974e4dab88aad5070,1.0
single_shape,TinyCNN,5046,template_init,200,1.0,0.6266567934619167,0.0,0.0,e691bc6fc0f751e2919ed0fe33ef43c1f59045d4c155d631d810ba3bd1d80cc2,1.0
single_shape,TinyCNN,5047,release_default,200,1.0,0.702521216030842,0.0,0.0,e9ef1a2cda18c693424ed327708eb94af4c0eb597ad2aaad71b61341e2df73f2,1.0
single_shape,TinyCNN,5047,release_early,200,1.0,0.6551749294041616,0.0,0.0,0ca20a89fd423763bcca32e67a2cb1eda2bdf8a2d48e6fc7c6ba80e0f135a3a0,1.0
single_shape,TinyCNN,5047,release_late,200,1.0,0.7796731123674137,0.0,0.0,490c5340a4a54c214d65074eba1a9f92d4ee31c8161891f03e8dc4917f6147e5,1.0
single_shape,TinyCNN,5047,retention_0p1,200,1.0,0.8651004858042957,0.0,0.0,9d30a96e27f658a2378f2a7fb218b2047654dd0d58e8e3845c0a73161cb78d7e,1.0
single_shape,TinyCNN,5047,retention_1,200,1.0,0.9589813139055041,0.0,0.0,0e662f68c264d17edc99193866f1dc53a1524042145088ff2199ca9bbba2e20c,1.0
single_shape,TinyCNN,5047,template_init,200,1.0,0.6451820454668966,0.0,0.0,58ecbbf964172750c797c9fc0585988d3604e99a842a2bb3006fe4499a3be371,1.0
single_shape,TinyCNN,5048,release_default,200,1.0,0.6953736592705617,0.0,0.0,68442cc3990f8fedb41de7b9834abff7993eb79d4ca468d75aa16d7741fe04a2,0.99609375
single_shape,TinyCNN,5048,release_early,200,1.0,0.6402826389776854,0.0,0.0,6281008242eda886f46890f27a1b4fe0bcb992000d32745474dde3f20055d934,0.99609375
single_shape,TinyCNN,5048,release_late,200,1.0,0.782338999400283,0.0,0.0,5d766471f3d0c23b403f778f0e3d8861786a8e4b6a45ea44156539bb81f0eb26,1.0
single_shape,TinyCNN,5048,retention_0p1,200,1.0,0.8666440580881186,0.0,0.0,19cb4ee0689b4a8d21006f90538fc61c90daa97aff7e72f76e0e6230f2d97676,1.0
single_shape,TinyCNN,5048,retention_1,200,1.0,0.9608138856884635,0.0,0.0,b725062797c9e64c3763b6a88d397c664b9fb8dfec0a5e643d2975f9e5491b66,0.99609375
single_shape,TinyCNN,5048,template_init,200,1.0,0.6221425206930872,0.0,0.0,a013b35371da191d2b3e9dbef8b99983bdd094483dc3b0f0e43a07fdf7cbfac0,0.99609375
single_shape,TinyCNN,5049,release_default,200,1.0,0.6609771073476753,0.0,0.0,9e5fa5c9f98c976209d9599cc6022e84b5694db0e154e07b6d1e2ad5e778cf22,1.0
single_shape,TinyCNN,5049,release_early,200,1.0,0.6204733770961435,0.0,0.0,254ed8311fea9825cfcd6f1c9d43a388d6f458a73110b45f61cc3491f8c1ef48,1.0
single_shape,TinyCNN,5049,release_late,200,1.0,0.7476281704451457,0.0,0.0,8388e6b3fd1c84aaaec6cf1998f43e0226fe20ac737bbf05cf1928466075ca25,1.0
single_shape,TinyCNN,5049,retention_0p1,200,1.0,0.8375030968256433,0.0,0.0,ba1d2e822c501339f5f9605737f1221c740e566dabfe17bf20f856d433089536,1.0
single_shape,TinyCNN,5049,retention_1,200,1.0,0.9509207883399546,0.0,0.0,d0f47f3d9b9986033904fb09712f165d404ea9cc0066c5d8d6a2fd9a84b3a3b9,1.0
single_shape,TinyCNN,5049,template_init,200,1.0,0.5824139475879888,0.0,0.0,67963f6eefcb1271d62c5b3a7d9c40b5fff69a9d86321daa30c3ff80b8c98d06,1.0
single_shape,TwoLayerCNN,5000,release_default,200,1.0,0.9382730885590141,0.0,0.0,e115470e8640668ac01de4e43d016aa0c05f00eee6490678631b94bd1ac644c0,1.0
single_shape,TwoLayerCNN,5000,release_early,200,1.0,0.8917656637472482,0.0,0.0,349da30894ebd1e3aa4b41d2dae3e0c22529d41d39fbecb314ae53ed42e9e677,1.0
single_shape,TwoLayerCNN,5000,release_late,200,1.0,0.9816645378556743,0.0,0.0,beccd0ed14b788bf93ec77bee5c5820fc235ae6f7f9f9c5c7fd16339b4c4d2c8,1.0
single_shape,TwoLayerCNN,5000,retention_0p1,200,1.0,0.9947043767305035,0.0,0.0,444d3b1b67df4967c776b85c3af89f58e36e9a4f6538ad5450b7c886908e4eec,1.0
single_shape,TwoLayerCNN,5000,retention_1,200,1.0,0.9999388659646355,0.0,0.0,a88224775cf9bf66de68fa2d92b97242d26bce19d11ebdb8a342d0fd123abdf4,1.0
single_shape,TwoLayerCNN,5000,template_init,200,1.0,0.78378465086518,0.0,0.0,af6e06fa6b6088f5c910cf3e1203ee31d9cbb38a864714f8b700f142281ec2bb,1.0
single_shape,TwoLayerCNN,5001,release_default,200,0.99609375,0.9359101788201166,0.0,0.0,cc4a836e5ff6ef03da6142fc460a64d46aafe7df0dba0c37bb86eb975fbaaef8,1.0
single_shape,TwoLayerCNN,5001,release_early,200,0.99609375,0.8851565277930541,0.0,0.0,eddada4366af16a79ba60e20cee749d14ad62e5599b422ffd4a3a9e192cf8666,1.0
single_shape,TwoLayerCNN,5001,release_late,200,0.99609375,0.9803173819671762,0.0,0.0,53acb66df101d2b4d1948e0724cfa42712989b3fa2b59dceb4b0628e64de808f,1.0
single_shape,TwoLayerCNN,5001,retention_0p1,200,0.99609375,0.9948905855571373,0.0,0.0,c255b2eaf218f143aa053225708ff1c1e87761344f1e0c760240b9a0bde24884,1.0
single_shape,TwoLayerCNN,5001,retention_1,200,1.0,0.9999247166027287,0.0,0.0,663d48ac2f8da6ee4608e94c332ac508b8a060e1ae7649137c0ed92cb8f38e6f,1.0
single_shape,TwoLayerCNN,5001,template_init,200,1.0,0.7878673023487477,0.0,0.0,6f1b0f82aea57066695bc7ac3207a33a634bda077826b9d4c039bb45140855e8,1.0
single_shape,TwoLayerCNN,5002,release_default,200,1.0,0.9429135471191425,0.0,0.0,01069d67d35a4492d14006d66c328380be9622998cb0c3fc9c75fb2ceeaa35a4,1.0
single_shape,TwoLayerCNN,5002,release_early,200,1.0,0.8998235328586733,0.0,0.0,2fe89a6b1f66725b19774df3d8fcd9a39950f4040256325cbf5156b788334e9b,1.0
single_shape,TwoLayerCNN,5002,release_late,200,1.0,0.9816071028820363,0.0,0.0,180220651d5771b5daec3e531c972a063ffab1ead9cc78715c19fc6c14d875bc,1.0
single_shape,TwoLayerCNN,5002,retention_0p1,200,1.0,0.9953794509071341,0.0,0.0,1fd7712caaca09c714d1ea3382f7d63e01be9241fe655d505319aee3e518457a,1.0
single_shape,TwoLayerCNN,5002,retention_1,200,1.0,0.9999461317720155,0.0,0.0,07cac3b619dc09eff098ad375c396da34b2650e52a2fd03a5edf2491718dd543,1.0
single_shape,TwoLayerCNN,5002,template_init,200,1.0,0.8009523098683126,0.0,0.0,86e2b62832019ea2725cbea1e5ebe799fd3935058e5716f4c6e64504b39287fe,1.0
single_shape,TwoLayerCNN,5003,release_default,200,1.0,0.9357810553171547,0.0,0.0,406c1e59d93d41c53486d605461e330e45befbe5e99c50d0d10b542c58f50687,1.0
single_shape,TwoLayerCNN,5003,release_early,200,1.0,0.88778999218709,0.0,0.0,f5f354a8036e74e8d0882614e3b8cc2bf30b7f3e5a7b5090fe2014381e47e438,1.0
single_shape,TwoLayerCNN,5003,release_late,200,1.0,0.9808924770156746,0.0,0.0,7a4811a0cc725f37b035323c84ff4edd0e9249dbd783e5f92f62f39a4868b2cc,1.0
single_shape,TwoLayerCNN,5003,retention_0p1,200,1.0,0.9952248460728655,0.0,0.0,14fe35e7eddc377c7652afd611c76d2f1608fa5c016820e3999f8ffc4d9b4c2d,1.0
single_shape,TwoLayerCNN,5003,retention_1,200,1.0,0.999948447168326,0.0,0.0,e853f657ab001a9c0e2746c6ec0ae9ddaae7dd67eb568c28b36b8c24c41fb16a,1.0
single_shape,TwoLayerCNN,5003,template_init,200,1.0,0.7943599229001569,0.0,0.0,5c456060aa2b747d4a8da2bfc513ba2abadce6804b32de3292b45a59d0e7cf79,1.0
single_shape,TwoLayerCNN,5004,release_default,200,1.0,0.9437331396642055,0.0,0.0,c684aa92f0398ac3018f675452b2dde51975a7e3623b2c1d49b6d78a371c1e87,1.0
single_shape,TwoLayerCNN,5004,release_early,200,1.0,0.9037350787522801,0.0,0.0,5457b07f3dba045ca7e7b34e0a43ba03473cc746cf6add5c573d11e8753d0043,1.0
single_shape,TwoLayerCNN,5004,release_late,200,1.0,0.9822974906766321,0.0,0.0,1d732f41cf4977a7eb1a749be4f2517eb45bdd966cbbbe62b3d1d75e8ff36934,1.0
single_shape,TwoLayerCNN,5004,retention_0p1,200,1.0,0.9951215897659316,0.0,0.0,8d03dc09356cb715c57f6b066bbec4432d79ed3d2002fffe9a4a77b3304d3eca,1.0
single_shape,TwoLayerCNN,5004,retention_1,200,1.0,0.999944375842301,0.0,0.0,47150e3028182d6119e41d532e00728be79c94bd3f24497a28ca731d408edaaf,1.0
single_shape,TwoLayerCNN,5004,template_init,200,1.0,0.8137633508193822,0.0,0.0,cd8406d696c4336d51ea9a9b2c7318320b4fda4b62cc4a8a5099c7ad32927ec8,1.0
single_shape,TwoLayerCNN,5005,release_default,200,1.0,0.9378675671990961,0.0,0.0,9ee659ac6e688cfaa14a65d497e553893c330d7f24d77392408135698a9a7a8a,1.0
single_shape,TwoLayerCNN,5005,release_early,200,1.0,0.8953786955426046,0.0,0.0,6d32ae614b29227ab5109811d98ac144e054f33ce5a9a3b27c0779ad6ce5ae45,1.0
single_shape,TwoLayerCNN,5005,release_late,200,1.0,0.9796634521150194,0.0,0.0,f7919d1a683d4c950e246850dbae1a1619f33cc6d601b4691f6938759f091364,1.0
single_shape,TwoLayerCNN,5005,retention_0p1,200,1.0,0.993558950180754,0.0,0.0,f15634e68925a99d08c78736784eb228952b6155bbef0f871a383add69748852,1.0
single_shape,TwoLayerCNN,5005,retention_1,200,1.0,0.9999342476713842,0.0,0.0,85e08d99a189913295211eef5d18de69de113de2d9a939b5e14066b2baf21d38,1.0
single_shape,TwoLayerCNN,5005,template_init,200,1.0,0.7881176968772714,0.0,0.0,bce0c90cc8e75cceb7fee6a77c88b96b2674c2475b87169fef444ca12f3c8298,1.0
single_shape,TwoLayerCNN,5006,release_default,200,1.0,0.9346286315486831,0.0,0.0,9a8f55f2cf6568f150ea5263ac636a23c5c8d58b48074690d84ffe461cff7093,1.0
single_shape,TwoLayerCNN,5006,release_early,200,1.0,0.8808273236506126,0.0,0.0,c42c56557fdbc0c2babfdabae2773433ca2df823215c832e33b7895667995a73,1.0
single_shape,TwoLayerCNN,5006,release_late,200,1.0,0.9789412429792861,0.0,0.0,e350042b5ce3ba03e1d8f45d9cf2de8826fd0d4460efb765710ee107e2660380,1.0
single_shape,TwoLayerCNN,5006,retention_0p1,200,1.0,0.9943079810189814,0.0,0.0,35af24f1e6768518f425677aeb760eac5dea578cd79b0553b5e8d4118032080b,0.99609375
single_shape,TwoLayerCNN,5006,retention_1,200,1.0,0.9998873193081639,0.0,0.0,ff093ea7ad44d7c735c865a1a3db601fa0f1f24f005002e0bd1ad40b5d8a5346,0.99609375
single_shape,TwoLayerCNN,5006,template_init,200,1.0,0.7849708600399521,0.0,0.0,4464bf1ea08c2e5c9493d774b6f45caed5bfc01a334a617f9bde7586e67bef75,1.0
single_shape,TwoLayerCNN,5007,release_default,200,1.0,0.9415938586310906,0.0,0.0,0ae6a49cdc3b90383c4f6376ac8b8befc3fa9a6cf0e279f053770e27543015f4,1.0
single_shape,TwoLayerCNN,5007,release_early,200,1.0,0.898174955796621,0.0,0.0,d40d2424252d94f01b10507d2710a3ed5f6a58061e2defdff1dbf4a05176fac5,1.0
single_shape,TwoLayerCNN,5007,release_late,200,1.0,0.9826010703318504,0.0,0.0,1813a815647ac17683ed6c1125a1cb1d5951bf88a6acd393242e851ad0c8d1cb,1.0
single_shape,TwoLayerCNN,5007,retention_0p1,200,1.0,0.9960120530709629,0.0,0.0,f1310818cd80c93ee61891adbbabe3a1620a03698a8d2c2e7499e40f94c6ae3b,1.0
single_shape,TwoLayerCNN,5007,retention_1,200,1.0,0.999955937470786,0.0,0.0,64d035ffc7d9d39d9c9109333724312bf882d1f909daa7b960dd1a69dbb1b0bf,1.0
single_shape,TwoLayerCNN,5007,template_init,200,1.0,0.8055615842345856,0.0,0.0,dbf500a7d43219469d12bd983e3b7e1d1bce39a9deecf0e8f2217856029b069b,1.0
single_shape,TwoLayerCNN,5008,release_default,200,1.0,0.9466969727098891,0.0,0.0,4f9140332c0e46231a95bb29763cdf941819dafe3e690e13ef154fdaabf0c771,1.0
single_shape,TwoLayerCNN,5008,release_early,200,1.0,0.9072505527497006,0.0,0.0,e71b76a5cf91e98948d729f125013761eedb9f8a8f76a788a2ec9da132d612a3,1.0
single_shape,TwoLayerCNN,5008,release_late,200,1.0,0.9831919535184704,0.0,0.0,0f0a4c6d0c11ae6a8ef1bef527d0d717e246a27ce24681262ac9da06c749d706,1.0
single_shape,TwoLayerCNN,5008,retention_0p1,200,1.0,0.9957204944390401,0.0,0.0,9e202f8cfcadf051bfef40cc204a1347ba814c61010026df7e267068609a9770,1.0
single_shape,TwoLayerCNN,5008,retention_1,200,1.0,0.9999570852993191,0.0,0.0,62b9b35a2884eef4b867986e463b0d5f9b99fc745fcafc32f5e0515800e4f2f0,1.0
single_shape,TwoLayerCNN,5008,template_init,200,1.0,0.8174260135670632,0.0,0.0,c5d8f18703fcf9e7b1a400c73b56909ae67063ded10e256c71ff93e15814c9eb,1.0
single_shape,TwoLayerCNN,5009,release_default,200,1.0,0.9424316367345192,0.0,0.0,e80e8793fb3851ce773e8fcbef91d3f60ddd235bcbfae481495b0b67d692a2cd,1.0
single_shape,TwoLayerCNN,5009,release_early,200,1.0,0.8958305381739122,0.0,0.0,739424c5079c31c53a0641c9f6a840ddd5050e47a9fa283a79f01997858b3d55,1.0
single_shape,TwoLayerCNN,5009,release_late,200,1.0,0.9820689389319234,0.0,0.0,4ed4090d2ac9e63b480a4a5d34b10845a3bd3a0dabfbfe5a2619edc290acfec4,1.0
single_shape,TwoLayerCNN,5009,retention_0p1,200,1.0,0.9941315180870456,0.0,0.0,3776adae08f666dee461a757607c74b55d0788e5b7f3a04a0830e029c0046c08,1.0
single_shape,TwoLayerCNN,5009,retention_1,200,1.0,0.9999412797517314,0.0,0.0,62370e7fe65d1dd4a5744e998387c2efd62cfad18798464eada4cfde1fc77d6d,1.0
single_shape,TwoLayerCNN,5009,template_init,200,1.0,0.8000888611751805,0.0,0.0,47dc75028fa4d9df2a1d6eb7a31b0f63227840539063da6f8529f9b989bc3b6c,1.0
single_shape,TwoLayerCNN,5010,release_default,200,1.0,0.9479613735260186,0.0,0.0,90df66d30fc52ef225f92f8b1ca740130f684cd4681f7f28d46dd5b1c5b23c52,1.0
single_shape,TwoLayerCNN,5010,release_early,200,1.0,0.9073922285717835,0.0,0.0,484f8ca3667f4c25d99a6ebe60e607f612aeafee9e40be4f97e85a0c149a2e96,1.0
single_shape,TwoLayerCNN,5010,release_late,200,1.0,0.9846889608434519,0.0,0.0,9fc734e351ecd701eddc8367a93a2690356e3afde86399db38bf73821b8debd2,1.0
single_shape,TwoLayerCNN,5010,retention_0p1,200,1.0,0.9960022125604449,0.0,0.0,bdf7d0e9639808c8bf47a57f141b0edd744e8a5e3f394167b35cb49cb1c984e1,1.0
single_shape,TwoLayerCNN,5010,retention_1,200,1.0,0.9999576548478649,0.0,0.0,6d5349ec798739532762fd1120aff8bbb7e4f32e386d977958974d31ef3699d4,1.0
single_shape,TwoLayerCNN,5010,template_init,200,1.0,0.8112265167911117,0.0,0.0,125a93fad62c815ad3eb6bfb806e6e04d79764c858bd145458ecd3b5d2db5921,1.0
single_shape,TwoLayerCNN,5011,release_default,200,1.0,0.9441591502290858,0.0,0.0,64140a9682025ddb57a65bd9e967c95198c7db0a7290276fa92a61f80044db1c,1.0
single_shape,TwoLayerCNN,5011,release_early,200,1.0,0.8966623334444446,0.0,0.0,5388d1c10ac6900fca5a9855be8d99d82759505a4e8983504497fd42e5741c6a,1.0
single_shape,TwoLayerCNN,5011,release_late,200,1.0,0.983141589110204,0.0,0.0,07ccc3faaa3fc6a9e3cc5c41315283a5b3ced9bf9a077a5ee2d502f266301213,1.0
single_shape,TwoLayerCNN,5011,retention_0p1,200,1.0,0.9951698409259442,0.0,0.0,db1d57c90fa4c7a23c33c41bbd5573abeb02cd0a4a4961404244323a5ed55957,1.0
single_shape,TwoLayerCNN,5011,retention_1,200,1.0,0.9999409181679841,0.0,0.0,34fa5747a5c3c38f3159e518e404160ff385926ffa2cf63043045a9717b56e88,1.0
single_shape,TwoLayerCNN,5011,template_init,200,1.0,0.7969020221254084,0.0,0.0,a519b9a34fe3cce582cd061992f6e9614dcc6b5a2b13274c3990df0abb69455a,1.0
single_shape,TwoLayerCNN,5012,release_default,200,1.0,0.9513064495031058,0.0,0.0,da1e485e80adac2ce5dd505fbaa56b0fdd0c465afeee0cdf2a2a66442723144b,1.0
single_shape,TwoLayerCNN,5012,release_early,200,1.0,0.9061756318616732,0.0,0.0,89b3014275bffa4ad13319927a94c0f26f7a36c43a775ae318067c4f95898dc4,1.0
single_shape,TwoLayerCNN,5012,release_late,200,0.99609375,0.9858017107895028,0.0,0.0,7dcf01835309db36b2fff001689ab958f7562d86b46e245326901a4a5090aad1,1.0
single_shape,TwoLayerCNN,5012,retention_0p1,200,1.0,0.9955871855893474,0.0,0.0,8a85e6aab76b11af3b96ab5e0e9bc1020413aa8d943cf7da35b78ccf9db0b192,1.0
single_shape,TwoLayerCNN,5012,retention_1,200,1.0,0.9999646550302647,0.0,0.0,6cf52e35c279e8e96f68615fb1f841958fb96888ce1e7bff6724f5e65774a917,1.0
single_shape,TwoLayerCNN,5012,template_init,200,1.0,0.8001050807318,0.0,0.0,ca58652b9d6a8e645106c947255549940972a81fbfbffe7e0995b399f1b37b28,1.0
single_shape,TwoLayerCNN,5013,release_default,200,1.0,0.9479482108974524,0.0,0.0,969284ecd00b6e0bc5e068fdd6666ab41f364d02688586d43572d2f6ff970a1d,1.0
single_shape,TwoLayerCNN,5013,release_early,200,1.0,0.9061347304701588,0.0,0.0,bdb65c7945e992e5d5d8ab24ddb3e30391c96bbc4129615182aa93883d6a61bf,1.0
single_shape,TwoLayerCNN,5013,release_late,200,1.0,0.9841775008433953,0.0,0.0,05f0b0f04be59d0503ba816e52256d7681f675264ce81ea9ae6084a45283e708,1.0
single_shape,TwoLayerCNN,5013,retention_0p1,200,1.0,0.9957660916338527,0.0,0.0,c6921a79e1111c13117a3901d03525126158304b49e162134e0bfd275d68c6f0,1.0
single_shape,TwoLayerCNN,5013,retention_1,200,1.0,0.9999557557897969,0.0,0.0,775c367474bb83740bdcf908773b7a824b4ad7f82972c1b2f125b6de05c60fb9,1.0
single_shape,TwoLayerCNN,5013,template_init,200,1.0,0.8194272940040876,0.0,0.0,fd2f2398e54ed8e17edfebf3dd7e62f0499810bcf58fe324c3c7a25d8451be05,1.0
single_shape,TwoLayerCNN,5014,release_default,200,1.0,0.9510811185612295,0.0,0.0,14a4392ea64053d753cfc9d03e7f1e12d1efa26948d984d5485a22b42bfc5073,1.0
single_shape,TwoLayerCNN,5014,release_early,200,1.0,0.9109138287497798,0.0,0.0,b5ce19c4cb2879d0f3972099699a9431c054f4d6153a04264e9a672bc3dd3477,1.0
single_shape,TwoLayerCNN,5014,release_late,200,1.0,0.9854617219624999,0.0,0.0,16855718bc9a9424aaf49afacdeaca87f787844cd1a42d610e289782a4a2a4a2,1.0
single_shape,TwoLayerCNN,5014,retention_0p1,200,1.0,0.9958746065139907,0.0,0.0,07e62001d5b4a707d2c633b9c55802151394318594ca837f9db0628cd9a1c2b6,1.0
single_shape,TwoLayerCNN,5014,retention_1,200,1.0,0.9999537189945741,0.0,0.0,7e1b41667b5a5ca360f8eab08782b4f9fa2833fc65007254ba25b61d241fe91c,1.0
single_shape,TwoLayerCNN,5014,template_init,200,1.0,0.8128536767592645,0.0,0.0,2957fe365b5bb2563053c69e67c2389dcdaa8caf425f8205dc12d7068e7216d6,1.0
single_shape,TwoLayerCNN,5015,release_default,200,1.0,0.9320577152940022,0.0,0.0,171091d21b4dec4f48ca7f3f194e200b22e94af77d969b04d555958e38c025a0,1.0
single_shape,TwoLayerCNN,5015,release_early,200,1.0,0.8852405350868671,0.0,0.0,774b6d5324653c8179edab1a300b1bd42d3fb91e3a96cad49a374e3f8cb3e797,1.0
single_shape,TwoLayerCNN,5015,release_late,200,1.0,0.9781607672534964,0.0,0.0,b6442043a68c6552f7bb29fa8764089ef4104597718bfe7fc6c76403cf7d9d07,1.0
single_shape,TwoLayerCNN,5015,retention_0p1,200,1.0,0.9945998208762674,0.0,0.0,74db91bfcf4dd411b6afe94bbf1174662dce1ceb4894b3b39a32c45153f6c4a1,1.0
single_shape,TwoLayerCNN,5015,retention_1,200,1.0,0.9999446264814391,0.0,0.0,abd4e81e3731ed118b86aefa7bfd8d19768099a2989e3fab0f2fdf8d204072eb,1.0
single_shape,TwoLayerCNN,5015,template_init,200,1.0,0.8006291467226978,0.0,0.0,de41d0968d0ff6dd6c3c9c5713d1f1d6883d94662e62a438c0c7999cf98e8be7,1.0
single_shape,TwoLayerCNN,5016,release_default,200,1.0,0.9307128907699664,0.0,0.0,30e9397c14d3dd7bffbe6c79343f55e2069d7e0e6691440742d81b12bc868752,1.0
single_shape,TwoLayerCNN,5016,release_early,200,1.0,0.8803688440120769,0.0,0.0,1476f6825f0999d54a5c71c6d80a8135898b2b549c3b11be34139aa5858513c0,1.0
single_shape,TwoLayerCNN,5016,release_late,200,0.99609375,0.9780197420889895,0.0,0.0,d37dc5f388ed0460618d46806be4eb5cbad4d8cc78ff995ec0b862477d70709e,1.0
single_shape,TwoLayerCNN,5016,retention_0p1,200,1.0,0.9916889640412896,0.0,0.0,0dd9f940894016a9ce65c37ae991ad190b2bee78e8afe3cdf614ede1cd3f47fe,1.0
single_shape,TwoLayerCNN,5016,retention_1,200,0.99609375,0.9999155222676432,0.0,0.0,842b062455cda320022c0643e4f16213bfe1b381e63bde30bfa128a8b76676f1,1.0
single_shape,TwoLayerCNN,5016,template_init,200,1.0,0.75321731428004,0.0,0.0,64e97dbf90d249b7879cd9a89380806fa99b854bddf6dfae2ce3c80de47505ae,1.0
single_shape,TwoLayerCNN,5017,release_default,200,1.0,0.9477294159428327,0.0,0.0,edc3a08b993f872fdb0c7f06c61980888039352712a6195a42cbe5b12c37299b,1.0
single_shape,TwoLayerCNN,5017,release_early,200,1.0,0.9014790505633417,0.0,0.0,7f23513caac5f91b0cf7b9c2a6c1f45d976ca77543ec432bb0631b9149c91f60,1.0
single_shape,TwoLayerCNN,5017,release_late,200,1.0,0.984699831919601,0.0,0.0,e9189b543546d4c6435f9005f8f36ec477d3ac1a9ae729e259575f5f59bf4a76,1.0
single_shape,TwoLayerCNN,5017,retention_0p1,200,1.0,0.9953432148614959,0.0,0.0,778991b2629785abfe9ba6d6253bef54060fd259876b401b0d9fba0a1fa1c111,1.0
single_shape,TwoLayerCNN,5017,retention_1,200,1.0,0.999961797077509,0.0,0.0,2f2dd68a4d10fa3422129babf64d628a8ac1397394faaf101a7239d3a8d3c7f7,1.0
single_shape,TwoLayerCNN,5017,template_init,200,1.0,0.8023757135917392,0.0,0.0,752a1f0371fd7cbe988db0b597136ddd8ec5bc3eb684edd9445f8c1911987bf8,1.0
single_shape,TwoLayerCNN,5018,release_default,200,1.0,0.9463100295783315,0.0,0.0,d126f3ea06463be2f193f294b16b8168c0796c338d79ffc51e75ef01de8f5316,1.0
single_shape,TwoLayerCNN,5018,release_early,200,1.0,0.9049684733540219,0.0,0.0,9bd08162ac624d1854c5a50f487fc226bed79554acb538771d3b4d57c008c32d,1.0
single_shape,TwoLayerCNN,5018,release_late,200,1.0,0.9826117169101971,0.0,0.0,6ba5f4c7ff96cbc8469a8c76c1eacb073cd80e4a35a9aaa5fbcb3ec347821ffa,1.0
single_shape,TwoLayerCNN,5018,retention_0p1,200,1.0,0.9954024718290128,0.0,0.0,b7c322aa43478bf06fd6d2b34191dbed3fdae4706c282f71bc5f00e9ab3793f7,1.0
single_shape,TwoLayerCNN,5018,retention_1,200,1.0,0.9999369905862314,0.0,0.0,10d3bad7f376bbaf8f6946f4cf12f15119b3e93eb2bc2d773f4d9dd977e4f323,1.0
single_shape,TwoLayerCNN,5018,template_init,200,1.0,0.8079440957866122,0.0,0.0,2b5ba66ba467e3f1f1b7cffaa6f3558351ca77f89331b3f3e79cb4cd3ed8c858,1.0
single_shape,TwoLayerCNN,5019,release_default,200,1.0,0.940827442923184,0.0,0.0,d1828b8a7c5402223e26a7071061e9bcfdacea11b57b27ee3a525aeb58051067,1.0
single_shape,TwoLayerCNN,5019,release_early,200,1.0,0.9025985957696367,0.0,0.0,3af5dd4e026ac9a12bb1ab7a9e1d432e4938bd77bed440e2882b63d309d1ab51,1.0
single_shape,TwoLayerCNN,5019,release_late,200,1.0,0.980495857399792,0.0,0.0,b0f372d10a320c20056d8eab0858f7144ee76022b2b210cc27d35b1eb1ee1636,1.0
single_shape,TwoLayerCNN,5019,retention_0p1,200,1.0,0.9948386679520803,0.0,0.0,fb3fa6bb63c64d9e0a6c452656e1c020a7edc01e4b66e11c54221f9cc9bc7dda,1.0
single_shape,TwoLayerCNN,5019,retention_1,200,1.0,0.9999347987322305,0.0,0.0,efa2b9b6c372e106cecd354a07772d0b2b9b64d0d99cc2da0d402f5b1f51f6a2,1.0
single_shape,TwoLayerCNN,5019,template_init,200,1.0,0.8073620157844567,0.0,0.0,642eb9edd10241c4c3d7ecc958ceb2964ac10cbcaef287c8da9719614fd7175a,1.0
single_shape,TwoLayerCNN,5020,release_default,200,1.0,0.946905053509132,0.0,0.0,cd91c02002753e832f4051dd0f345b1f6de42176f0fd59d84b653db4f384a8fa,1.0
single_shape,TwoLayerCNN,5020,release_early,200,1.0,0.9032441441991077,0.0,0.0,04d3addf2489164ca75233db0bb56497e921ec9b1199fb27f931da6955f0cbfb,1.0
single_shape,TwoLayerCNN,5020,release_late,200,1.0,0.9835812722728582,0.0,0.0,572e03b99caefdf8532a3e9cc62f58888ccbedd534fd2a98bb8e9a28f23da59b,1.0
single_shape,TwoLayerCNN,5020,retention_0p1,200,1.0,0.9955518280980227,0.0,0.0,dd9106010492bfe78efb0bfc4109c6b16fef4e6a145f3c3bec3b203dea457d99,1.0
single_shape,TwoLayerCNN,5020,retention_1,200,1.0,0.9999449065487155,0.0,0.0,051ba1530c551d59768ff07d54d9ff8bd1f40cbc253ae034226d98439eea0ff2,1.0
single_shape,TwoLayerCNN,5020,template_init,200,1.0,0.8096435203698688,0.0,0.0,d19929bd4e814b88f541266368e811eb03e5884255cbc5b3c5462f7b42d63fbf,1.0
single_shape,TwoLayerCNN,5021,release_default,200,1.0,0.9416686322587748,0.0,0.0,b6a9f0b7d62f69981f5ee97f9a6d9bbd0c5ebef79cbdc13e3e5b89b5fd7b1990,1.0
single_shape,TwoLayerCNN,5021,release_early,200,1.0,0.8955023408194307,0.0,0.0,da5b56e12357e49db8b87e9fa728494cd3abff9fb4eac07c179eafb961e2e30e,1.0
single_shape,TwoLayerCNN,5021,release_late,200,1.0,0.98117766144374,0.0,0.0,b064e13d2cf469dba87950061ebab6e53e18bc470ef095a22336caf5bc9fff42,1.0
single_shape,TwoLayerCNN,5021,retention_0p1,200,1.0,0.9948474997437311,0.0,0.0,3fec141f6f891ef2ed4857bcb11973ad72d3b29193d706242b35b051f71c9ccf,1.0
single_shape,TwoLayerCNN,5021,retention_1,200,1.0,0.9999429616905403,0.0,0.0,c7cfbd13ca815fa6404a954eb67274aaf3a0c7b8e448475173ace3b571c1c41d,1.0
single_shape,TwoLayerCNN,5021,template_init,200,1.0,0.7843868770900366,0.0,0.0,a9187eaa7361e51b6184d0af4043780176fd16f60b615fe0164614061a723d2a,1.0
single_shape,TwoLayerCNN,5022,release_default,200,1.0,0.9310595738082525,0.0,0.0,47563cd087981123dea4511b6e3505aadc62cc777f6525ee36ed6540796eebdc,1.0
single_shape,TwoLayerCNN,5022,release_early,200,1.0,0.8763382588581403,0.0,0.0,a3cf8ff58983e2930f1d0044bc5e180e7a205f446087f4341dae225566cc3816,1.0
single_shape,TwoLayerCNN,5022,release_late,200,1.0,0.978014512008311,0.0,0.0,077cd61d3c9029d4affec1a0ba0bb52cee997dc0c5bab09a620946b4c48739ab,1.0
single_shape,TwoLayerCNN,5022,retention_0p1,200,1.0,0.9939231056375503,0.0,0.0,313f96a16eb29686709200144098e27b410395a5b8f72441af6c4e075965ba8b,1.0
single_shape,TwoLayerCNN,5022,retention_1,200,1.0,0.9999359461490752,0.0,0.0,e80ec68abf55e74ec7153186e562294fd410134d8029bc46f9fc1236f02c89dc,1.0
single_shape,TwoLayerCNN,5022,template_init,200,1.0,0.7872340952268544,0.0,0.0,5967979bfef1182a203a4ad5e2cd5992a675f7def12d1e1d9768269c3225abd1,1.0
single_shape,TwoLayerCNN,5023,release_default,200,1.0,0.9343303382751417,0.0,0.0,19df932679fec34c9503011bdd37b1d051c9a4b3fe208e85bd518dbe5c7a416c,1.0
single_shape,TwoLayerCNN,5023,release_early,200,1.0,0.8838327953652737,0.0,0.0,22750bd3baa3542b82858fe16b1022ac370a44cd32b48204e62d9e1f02e8f4d3,1.0
single_shape,TwoLayerCNN,5023,release_late,200,1.0,0.9792132908548487,0.0,0.0,1b373b9f88cde2605bd77b67c9c611f8bc28035880e513c9df20aa0d5d848f96,1.0
single_shape,TwoLayerCNN,5023,retention_0p1,200,1.0,0.9935910854569798,0.0,0.0,dc0453901d408a49206d01c3b0d0a28aabd53a5eedd8e1019594eccc392332d5,1.0
single_shape,TwoLayerCNN,5023,retention_1,200,1.0,0.999932285753915,0.0,0.0,0510106ccd89e7e982cb3d445e0b3a215cbaa257dc529077e9c8a24595787142,1.0
single_shape,TwoLayerCNN,5023,template_init,200,1.0,0.7764480729734442,0.0,0.0,27198003e12e9fc166390803b2595b873d874fb7e8d8db2f8b94586f345e5146,1.0
single_shape,TwoLayerCNN,5024,release_default,200,1.0,0.9427790477290449,0.0,0.0,12cd58e2ed5d6afd48063622eac137386b937035522c8a87b6f587f20e488965,1.0
single_shape,TwoLayerCNN,5024,release_early,200,1.0,0.8945308399658249,0.0,0.0,1a31b74dc9163d833588a805cde5c0b6b34a888ee07463fa4e280ddbfe5ea461,1.0
single_shape,TwoLayerCNN,5024,release_late,200,1.0,0.9826700664490828,0.0,0.0,122d2ec98b19793ee0d4823cc3dca2e89e8f4cb84bd4696228762b2d52318190,1.0
single_shape,TwoLayerCNN,5024,retention_0p1,200,1.0,0.9949264773418965,0.0,0.0,7624cdd3b42577e80245dbab5a5c4e83e5e0c654ef33417c22209e0f14cf1346,1.0
single_shape,TwoLayerCNN,5024,retention_1,200,1.0,0.9999588369848035,0.0,0.0,c24d9fc94211ae44bcda9c1908bca34e7a3c84b6ad6ffb01b420bfd7541cc896,1.0
single_shape,TwoLayerCNN,5024,template_init,200,1.0,0.7890657163525056,0.0,0.0,c22a2ab13ed7ace8572a68ad87c56db09bb8d4ba8825f09c837c8321dd5ba871,1.0
single_shape,TwoLayerCNN,5025,release_default,200,1.0,0.9413161899459858,0.0,0.0,20d63fa1c19c345114c9402297ccf78fd25c524ba8c566f444b4d2d9c9e54202,1.0
single_shape,TwoLayerCNN,5025,release_early,200,1.0,0.8924938143480496,0.0,0.0,1dc3125976af3334781801b24b6cdc5ef45d46ceeb906f5931e176a0aa156c4d,1.0
single_shape,TwoLayerCNN,5025,release_late,200,1.0,0.9832126463799932,0.0,0.0,0b0d9d7908c799f1d05ce5d39d7385b9873d2bd0af42fe86f7d4e6b4190c4f75,1.0
single_shape,TwoLayerCNN,5025,retention_0p1,200,1.0,0.995472261521858,0.0,0.0,a4eb2c39360e1c62fada3bf7713f7f4c476681b4b30276a083e381c9f777e4f8,1.0
single_shape,TwoLayerCNN,5025,retention_1,200,1.0,0.9999589488002838,0.0,0.0,5f97ec8aa587467dbf870fcb73b06e7ef418f463ce35f959d496d84ae4bc40a7,1.0
single_shape,TwoLayerCNN,5025,template_init,200,1.0,0.7993114761422565,0.0,0.0,096934cb86b167bd33dec57d16709b2f21dd5161c610337bd8e9e790c8f183b2,1.0
single_shape,TwoLayerCNN,5026,release_default,200,1.0,0.9404600982030966,0.0,0.0,09df115091487b0df4dc6caa796957eb498834cb402b57e8b8637fcadf4eeab2,1.0
single_shape,TwoLayerCNN,5026,release_early,200,1.0,0.8983561661719878,0.0,0.0,8357ae06a96a828eb09601ff1cf2e44afe41b558881d495c0be5e37a77aad923,1.0
single_shape,TwoLayerCNN,5026,release_late,200,1.0,0.9810940079671101,0.0,0.0,ef83b02d83f992ca61c1805077e3472944d59434fee1b3e3d12a7918c4ca4958,1.0
single_shape,TwoLayerCNN,5026,retention_0p1,200,1.0,0.9953317157548194,0.0,0.0,c95ffe8b12a59cfd873b38ed7bbe6eff31987d2c72be264705d1d731a1a9231e,1.0
single_shape,TwoLayerCNN,5026,retention_1,200,1.0,0.9999471684057499,0.0,0.0,251f3f56e1fa97956030f1153e3193bc0363b725e457b84e141649d513205947,1.0
single_shape,TwoLayerCNN,5026,template_init,200,1.0,0.8093543250162021,0.0,0.0,0e59f6c3324e4be9ac92779c467d757093ed5862b9200046d4fe8132cb86e37e,1.0
single_shape,TwoLayerCNN,5027,release_default,200,1.0,0.9326177407216195,0.0,0.0,e6293b7aa1362244d42b921018dc00067f633ce0b804316e54f61c959c88f641,1.0
single_shape,TwoLayerCNN,5027,release_early,200,1.0,0.8820585160339589,0.0,0.0,3492937c929219908cc1d648e55e15f56fba50d0c68d744d447192c40c7a53a7,1.0
single_shape,TwoLayerCNN,5027,release_late,200,1.0,0.9780533699975134,0.0,0.0,b9605e172b7989b97b7318d388d9d2c28c3102b12ac22d8272abda6edbf16760,1.0
single_shape,TwoLayerCNN,5027,retention_0p1,200,1.0,0.9942453073030455,0.0,0.0,da4ed41a6b70a05123ece8140a846349dd100c8785f0e917f60a49bcd2689376,1.0
single_shape,TwoLayerCNN,5027,retention_1,200,1.0,0.9999387406624092,0.0,0.0,80db6dc4c735adb76a1d20f8937a92704d368d6bab228cc0eca6d3314487224a,1.0
single_shape,TwoLayerCNN,5027,template_init,200,1.0,0.7897652343187154,0.0,0.0,40d4a2285adbb308f55aaf01e75089e85b6fbd9e1ccd73f029743dd496bf69bf,1.0
single_shape,TwoLayerCNN,5028,release_default,200,1.0,0.946097320374414,0.0,0.0,9463dfd700ba0656e8ca42f1f7fe665f40ebc69735b01e4607fcd109c76484f6,1.0
single_shape,TwoLayerCNN,5028,release_early,200,1.0,0.9024295913632124,0.0,0.0,a6dd8981cd99acc4e6947532711b63fc86aae487517e6095af2f8b80c55f3043,1.0
single_shape,TwoLayerCNN,5028,release_late,200,1.0,0.9836411693496194,0.0,0.0,ea550336ee16292888fd41854074ee59a5ba0edb224844eb41ba9a2f1d0aeb28,1.0
single_shape,TwoLayerCNN,5028,retention_0p1,200,1.0,0.9959249564428851,0.0,0.0,ff53e75c82b220ed8f07f82b6523c45c41087573407ee939db6636810e5dfa3f,1.0
single_shape,TwoLayerCNN,5028,retention_1,200,1.0,0.9999562585445465,0.0,0.0,4df4ce9db76ec8b9b5a77d2ec89b0527e27a46c1cdc3cdc765978e66a0613a89,1.0
single_shape,TwoLayerCNN,5028,template_init,200,1.0,0.8001842310374576,0.0,0.0,df92ce79f25ae2f104ea279084db276902ba7b0d524b3533d9d55d4e1f421383,1.0
single_shape,TwoLayerCNN,5029,release_default,200,1.0,0.9521516709620444,0.0,0.0,c751fac06f9ecc4041ba64d9c904474d8dffbc0a50b49bed4d98163ce1f0d3a0,0.99609375
single_shape,TwoLayerCNN,5029,release_early,200,1.0,0.9105597160898954,0.0,0.0,b5c4106352edbced1400d88e2718b83563c3dd4e3bb406ad389b777e11f4bff9,0.99609375
single_shape,TwoLayerCNN,5029,release_late,200,1.0,0.9860952635277689,0.0,0.0,c931e5c864d51ca147bd9a75ddbe11abdbbfc7678f50adfa49594f709f516356,1.0
single_shape,TwoLayerCNN,5029,retention_0p1,200,1.0,0.9966143662153013,0.0,0.0,4dc7eafecaf76353310fe52a694c250d7d13c1c5da9b4fcb7c17b16a53d19231,1.0
single_shape,TwoLayerCNN,5029,retention_1,200,1.0,0.9999566262876403,0.0,0.0,c530374abc9eaea5a4a0e4125c6a8edcff12b9f4dfc60483ed0f7a441d323d10,1.0
single_shape,TwoLayerCNN,5029,template_init,200,1.0,0.8051402288531337,0.0,0.0,d26bab042428f7e391359f292c09e63de1f456deeda2b32240ffcbe79323b840,1.0
single_shape,TwoLayerCNN,5030,release_default,200,1.0,0.947092046615778,0.0,0.0,698e515d5804286135d6ed1770092608af40e85cd0014bfe3921204643ba36aa,1.0
single_shape,TwoLayerCNN,5030,release_early,200,1.0,0.9046302148168662,0.0,0.0,84986101fc1c337c2395ebf8153b8060d14918d8750aa08218d26a1bc8740644,1.0
single_shape,TwoLayerCNN,5030,release_late,200,1.0,0.9834605800087266,0.0,0.0,d8449ccd586b97f7f890b9ec6b58c7ecfe6646a9a184ff4769de4c6dcb2a11bb,1.0
single_shape,TwoLayerCNN,5030,retention_0p1,200,1.0,0.995721709325571,0.0,0.0,4cd326598906c8db5333c2a870199dc27a0e903173e16c1161455775be6e0f32,1.0
single_shape,TwoLayerCNN,5030,retention_1,200,1.0,0.9999569990659662,0.0,0.0,a04fd2c08f16bc220d2f8154a392ae7591c6e356965ad645ee6b12cd82101c79,1.0
single_shape,TwoLayerCNN,5030,template_init,200,1.0,0.8152677705870784,0.0,0.0,45c8e23ddf9527eb35d78da988ac7df857c98f2e288dafb61b234017786dbe29,1.0
single_shape,TwoLayerCNN,5031,release_default,200,1.0,0.939131903125793,0.0,0.0,f3d0785e45408a6701a47a578c5a97420a228b859f81cd8a0a57f1773abffdcc,1.0
single_shape,TwoLayerCNN,5031,release_early,200,1.0,0.8986623079524714,0.0,0.0,161763561dcf6fb8343b0911386dc8c588ec485a62ffd3c4157f17227d4fd075,1.0
single_shape,TwoLayerCNN,5031,release_late,200,1.0,0.9818681756622714,0.0,0.0,352d081e0ad8fff8ed9fdf1fccac21fd65611bb4fb62007ae75321cac97d8a3b,1.0
single_shape,TwoLayerCNN,5031,retention_0p1,200,1.0,0.9939345713408365,0.0,0.0,df8273102c90246fb4c3bf73c1ba75dcc23e1e7d8309e09fb8825e25d33e70da,1.0
single_shape,TwoLayerCNN,5031,retention_1,200,1.0,0.9999388044271489,0.0,0.0,4b28b0478ec2ffc370b4d4b64f58f503f81f0494f0c776df31a780131537303d,1.0
single_shape,TwoLayerCNN,5031,template_init,200,1.0,0.8114883299531671,0.0,0.0,54643138296b49f959463ec0cd949517e2b83bbe3ceb28ae7dcf843fee227d9e,1.0
single_shape,TwoLayerCNN,5032,release_default,200,1.0,0.9416900011688336,0.0,0.0,eb5bc8b413dad7619ef4ac1c312b97c75bdf9026a15914861135cdedf5a045b0,1.0
single_shape,TwoLayerCNN,5032,release_early,200,1.0,0.8950177943894901,0.0,0.0,6794437a8239ed7f411768d529a019a1389fce4cf3fae675a60b8656938f8f49,1.0
single_shape,TwoLayerCNN,5032,release_late,200,1.0,0.9830650858796686,0.0,0.0,8b6a9f57a8451bd794cd8a428e7462ec51dda9560376c72f66c6bd1d59cb1058,1.0
single_shape,TwoLayerCNN,5032,retention_0p1,200,1.0,0.9954738226716053,0.0,0.0,5c2c5ba45877f07826af06ae0df0928da5441768abc7a821ff6d41b52f6a4171,1.0
single_shape,TwoLayerCNN,5032,retention_1,200,1.0,0.9999335624730905,0.0,0.0,923032b832d4fec2e6a91f40ca6e28af3875261db4890f26adb51f7b8894765d,0.99609375
single_shape,TwoLayerCNN,5032,template_init,200,1.0,0.790604901343599,0.0,0.0,30e2a05bda4d4c904e0536b909be12246fe1fd9b8a4f05f8bb999f7d9db7780b,1.0
single_shape,TwoLayerCNN,5033,release_default,200,1.0,0.9506103511057162,0.0,0.0,d33f2e45b9527622c95971e24c3aea9460ed732e7a1883753649f608a3423eeb,1.0
single_shape,TwoLayerCNN,5033,release_early,200,1.0,0.9010992078484726,0.0,0.0,39bc5abf9cc58e2c92f9cb2d9889c8dc9a203ea90d1df0a99f7d7d381fa46a79,1.0
single_shape,TwoLayerCNN,5033,release_late,200,1.0,0.9866315837162909,0.0,0.0,19b43a131d1ac9b409efc06f367a5d693a8d3a30506469a1a169a52f678e1bd7,1.0
single_shape,TwoLayerCNN,5033,retention_0p1,200,1.0,0.9960470370174762,0.0,0.0,ae62df155a9093634df68e3efa0f5bccf4069968f8284cdc59bdd7c03c7b3366,1.0
single_shape,TwoLayerCNN,5033,retention_1,200,1.0,0.999967454301302,0.0,0.0,ecbf9fbc1a1ae6769917d9091ff6c0870b47862a2d15171f8520eba8db2883c7,1.0
single_shape,TwoLayerCNN,5033,template_init,200,1.0,0.799330737661345,0.0,0.0,8a5a0d02f6e479a54a31f70ab88601796781b10389a5869b2927bf5554916fbd,1.0
single_shape,TwoLayerCNN,5034,release_default,200,1.0,0.9454153606276481,0.0,0.0,2be917bff11daecdc922add94354229c6d9a78b09920015ba6b151b0440e4751,1.0
single_shape,TwoLayerCNN,5034,release_early,200,1.0,0.9021787859942314,0.0,0.0,ee575b15a6d34eb7521f6c4fafadbcc721ff7d96c9ffad3cd9a1ea464a114d4b,1.0
single_shape,TwoLayerCNN,5034,release_late,200,1.0,0.9831057036659756,0.0,0.0,997ad52d611882cb4bc7a5413acf6a55f9aac2e6b75e52130e7d70b32f258791,1.0
single_shape,TwoLayerCNN,5034,retention_0p1,200,1.0,0.996135442549717,0.0,0.0,2313d661be21c3a41212511a88a87c637bb3ed32dd9d4320cc49b183f6009271,1.0
single_shape,TwoLayerCNN,5034,retention_1,200,1.0,0.9999568796001623,0.0,0.0,4d7339596bdaf48856d26d94b6c246d87522b3a752d2d6d4ca5e363491b7f258,1.0
single_shape,TwoLayerCNN,5034,template_init,200,1.0,0.8188187482991898,0.0,0.0,f14c73b8a3b4dc9386f417337cb7609cf1859b6a6ac4b5180cf5b3481a3e445a,1.0
single_shape,TwoLayerCNN,5035,release_default,200,1.0,0.938520196348541,0.0,0.0,e006c3e631eae21dab4b77a844b42bf1fdf218111c0857e95e8539b68613202e,1.0
single_shape,TwoLayerCNN,5035,release_early,200,1.0,0.8910565342732599,0.0,0.0,94261a65c30ec374574177988aad93d39830a8ff2a502f7bf29e94a8af0e2e1c,1.0
single_shape,TwoLayerCNN,5035,release_late,200,1.0,0.9804118097620627,0.0,0.0,bec7eb7caa35f2681a39045b90e422aec3a6f1600a033eff6b99769972a0737a,1.0
single_shape,TwoLayerCNN,5035,retention_0p1,200,1.0,0.9944862095902066,0.0,0.0,02b3d052fac773ad8e1cb175a1c5560450fd59f935e898758385be245414489b,1.0
single_shape,TwoLayerCNN,5035,retention_1,200,1.0,0.9999355792627038,0.0,0.0,c55de6e9934d7200296976c717406328e5f4916ef71c1d9b1f0d0f2401625b99,1.0
single_shape,TwoLayerCNN,5035,template_init,200,1.0,0.8048132599702991,0.0,0.0,2ceda1ca970beb3c5ffd9dd640c27402ab6cdeb728b8dcff165021c74797ee8b,1.0
single_shape,TwoLayerCNN,5036,release_default,200,1.0,0.942979084888687,0.0,0.0,ad20bdec1a1fc432bef09aa61d29d2b93853696d4d2f31ee060bebe6270abd3f,1.0
single_shape,TwoLayerCNN,5036,release_early,200,1.0,0.90427986398277,0.0,0.0,14dce7e79b449c5f6a400beeeb7657fabcc15e89a3a15c1263d4604f779eade2,1.0
single_shape,TwoLayerCNN,5036,release_late,200,0.99609375,0.9807928265404633,0.0,0.0,b3a0de30bb534227d45f8d32fccd40cd56261b25b0ba04b0fb6d08a04745fa20,1.0
single_shape,TwoLayerCNN,5036,retention_0p1,200,0.99609375,0.9953686056568802,0.0,0.0,7e773a5523da2ae807c04c6d9aed6ea11cbbeced84b030eae5c0474cfa09d446,0.99609375
single_shape,TwoLayerCNN,5036,retention_1,200,0.99609375,0.9999348551490937,0.0,0.0,6a14aec492100e17defde7ba57dd8fe9ee4bbb622b9d76b18cf0c62354133887,1.0
single_shape,TwoLayerCNN,5036,template_init,200,1.0,0.8149382720127951,0.0,0.0,857fd27518c11b71c6cde91bc33b63210b8b77e864dc578ac879a966e294633e,1.0
single_shape,TwoLayerCNN,5037,release_default,200,1.0,0.9436021076180658,0.0,0.0,72632dbdb0c37c8979cb849b5bfd205f30931d788f827ed32d73789d9adc9add,1.0
single_shape,TwoLayerCNN,5037,release_early,200,1.0,0.898212452700646,0.0,0.0,bca64ae88114bbdc3d23288bd49a2322d1c761a6271f9f8ebd7bd677a43b08f9,1.0
single_shape,TwoLayerCNN,5037,release_late,200,1.0,0.9832179221751453,0.0,0.0,db2743fda9941e7ef57f05cc9f4f262f30f5fd26fdf2a1782a586ec9f7f7b4a1,1.0
single_shape,TwoLayerCNN,5037,retention_0p1,200,1.0,0.9952201413183694,0.0,0.0,158c964f64c35e7ceab9f053045ee81fd58a12409f3ffc72cd67ef1c831d1fb8,1.0
single_shape,TwoLayerCNN,5037,retention_1,200,1.0,0.9999459075014138,0.0,0.0,a656e02a314f266c6283bee30813f776dae972545547114ba262ccdb60176631,1.0
single_shape,TwoLayerCNN,5037,template_init,200,1.0,0.8033570258324578,0.0,0.0,bafd47ca6d29a7c2edaa0cfb3caa56c28766d3486cbccf082818806744bc0d76,1.0
single_shape,TwoLayerCNN,5038,release_default,200,1.0,0.9424928332105644,0.0,0.0,19ed8c7d3c72ec88e3544da5d79537b70b5ea551648d99d80467216f0c3d6023,1.0
single_shape,TwoLayerCNN,5038,release_early,200,1.0,0.8977566983013637,0.0,0.0,938e86eb772442e5e79df0aa4033c9dbb8976d348b207194869eff0b7c96e2eb,1.0
single_shape,TwoLayerCNN,5038,release_late,200,1.0,0.9828264929939627,0.0,0.0,0552d5f86e77142caa5534288607ce3360b518509244c42b8e09d8cb17e948cf,1.0
single_shape,TwoLayerCNN,5038,retention_0p1,200,1.0,0.9959182173641312,0.0,0.0,330aef9c9732c01d20051a7fd4a253813b6a8253e716d41b5cb9a2251ac2512f,1.0
single_shape,TwoLayerCNN,5038,retention_1,200,1.0,0.9999634926211767,0.0,0.0,27dee5fa52b34318e156b25dba37c7e4b741151ec1f3af4fe9e5dff270eeb3e1,1.0
single_shape,TwoLayerCNN,5038,template_init,200,1.0,0.8017909215087881,0.0,0.0,1a43f5b093c564e59ca177b747c246fa0e30409191a22e9ce2bc53b4303211ce,1.0
single_shape,TwoLayerCNN,5039,release_default,200,1.0,0.9441795525237284,0.0,0.0,b944f49eee4b1649f6d2824c78965733f67919a396617fd237fddf755f100198,1.0
single_shape,TwoLayerCNN,5039,release_early,200,1.0,0.8998920510339202,0.0,0.0,e9d8d2f089c14c2d6ebaed8519cb4e69776dfc78317452508ed216eebfc46acb,1.0
single_shape,TwoLayerCNN,5039,release_late,200,1.0,0.9839163506323185,0.0,0.0,31ffbd810e3a9ba81128b709f6072316e3f05cb4bd5feb4fd302a53714bcc914,1.0
single_shape,TwoLayerCNN,5039,retention_0p1,200,1.0,0.9951892296412643,0.0,0.0,a5ee1eed64dd486d925cde39b0d241a0c025775cebfc728fa94c17203e143f27,1.0
single_shape,TwoLayerCNN,5039,retention_1,200,1.0,0.999938129694518,0.0,0.0,7c0ee65c6a927888595fd4eb389a4996ea2c573944106660fe4f16cae4805cab,1.0
single_shape,TwoLayerCNN,5039,template_init,200,1.0,0.7950949859447288,0.0,0.0,4664fa4179adf5b9ef6a3f1fa844042f3a47e7b4d2bfb1fd83fc279d448c5134,1.0
single_shape,TwoLayerCNN,5040,release_default,200,1.0,0.9364230573470347,0.0,0.0,a8e37386a42fa9468ed597ddffb9ede9d72e4005add26991a8921e4c820aa18a,1.0
single_shape,TwoLayerCNN,5040,release_early,200,1.0,0.890092098528788,0.0,0.0,02c5d214dd1bb56c3ac1e7fec80ea8a17949707c79b8db0b6f91190d84cc8c7a,1.0
single_shape,TwoLayerCNN,5040,release_late,200,1.0,0.980651212743489,0.0,0.0,9f99a969fbe1b6f7d029881f01a8e8b4f4c04ef7646f4aea178bf8cfad3a5499,1.0
single_shape,TwoLayerCNN,5040,retention_0p1,200,1.0,0.9965689357835039,0.0,0.0,80f653affd8512e1956551f86bdeed8ce00302efba1d32f2c563251edd715f51,1.0
single_shape,TwoLayerCNN,5040,retention_1,200,1.0,0.9999435177198286,0.0,0.0,28a224eb19b0dcc3e053168c5fd8f201635e5fc7a828dddec0a577bec5b2b7fb,1.0
single_shape,TwoLayerCNN,5040,template_init,200,1.0,0.7962579775313419,0.0,0.0,2e1984bd55b9890a559d26ecef82c8a5c0ccbea813af630771f6bd0d47f3986a,1.0
single_shape,TwoLayerCNN,5041,release_default,200,1.0,0.9327698238089233,0.0,0.0,a52fd80a55b026ed32c2df556d87965497f6ee8c2783a8c0f174cf247bdcfd26,1.0
single_shape,TwoLayerCNN,5041,release_early,200,1.0,0.8826134196721271,0.0,0.0,7b5dcb67821d309c559abf64e9f002e5fc58bb662e0ad0e8ce3d40ede140026d,1.0
single_shape,TwoLayerCNN,5041,release_late,200,1.0,0.9773668339002142,0.0,0.0,88edd0c85f756140dd0649f3988818a6674539fd032ce32e7756f69ecdb0da08,1.0
single_shape,TwoLayerCNN,5041,retention_0p1,200,1.0,0.9930657233433768,0.0,0.0,6763aa167ba6b1f7a36e576c8eb5d1ab4e36c1b131a89d1ac9d70c5687209b03,1.0
single_shape,TwoLayerCNN,5041,retention_1,200,1.0,0.9998469701067334,0.0,0.0,7fa9fb6845cbb251cdd3b71d733dcfc1b848fe0bb0b585599d33482c8b3fee8f,1.0
single_shape,TwoLayerCNN,5041,template_init,200,1.0,0.7896055612234487,0.0,0.0,0d6f1726aa064ae4108e64ba6236ac4f6ed423350a11763494e6cb444dc34895,1.0
single_shape,TwoLayerCNN,5042,release_default,200,1.0,0.9332803823635252,0.0,0.0,bf6be36e25d4202d16654664294d859f9e57601863cad8eee67378923b2cf133,1.0
single_shape,TwoLayerCNN,5042,release_early,200,1.0,0.8812244901271022,0.0,0.0,535a8657edfb8d14a5b835a9395c5bf79cd882ef307982b603a27de28a58595a,1.0
single_shape,TwoLayerCNN,5042,release_late,200,1.0,0.9797734176674024,0.0,0.0,a1c93f08eebdc5b72adef898ba33bef80df865ae48ba4544324a3f468b24bde1,1.0
single_shape,TwoLayerCNN,5042,retention_0p1,200,1.0,0.9945210863469505,0.0,0.0,3a4154dcf30fd58482f8c631f61b9b47f8a694be8d565be5e49440f805a223e9,1.0
single_shape,TwoLayerCNN,5042,retention_1,200,1.0,0.9999409088919332,0.0,0.0,d8b69d0900a5771982f3b605e54d3d370e9e2d819154f3c7514d73ec38fe9d99,1.0
single_shape,TwoLayerCNN,5042,template_init,200,1.0,0.7799431483326187,0.0,0.0,6c08d74103057b9dc87e1c3c2be897a9ff1fe6aa7336ccd4185ea3ce4ddc55b7,1.0
single_shape,TwoLayerCNN,5043,release_default,200,1.0,0.9461061343164484,0.0,0.0,91b28a98a2202f554f7ec5602fb612c4769a5ae214c828ef108cb49856a8c883,1.0
single_shape,TwoLayerCNN,5043,release_early,200,1.0,0.9063170761341897,0.0,0.0,e35bbe3a581c29582a0ed3d2302a4dcf6f92be89660438fd8f8ab3207d3eef25,1.0
single_shape,TwoLayerCNN,5043,release_late,200,1.0,0.9837830743244921,0.0,0.0,a0c9d04f92c73df2bf38feaf68cdd102fa12210a94e0e28c424c6f08a9afe6f7,1.0
single_shape,TwoLayerCNN,5043,retention_0p1,200,1.0,0.9965087316845339,0.0,0.0,ab97d465a4f17057a63e8cdfef3b47f6723f218a36aa2c640bd46ae03d58caaa,1.0
single_shape,TwoLayerCNN,5043,retention_1,200,1.0,0.999964342215442,0.0,0.0,743a29058e349335b80679f0a9f372b6143aaf47731f4ca07997cf6f46039843,1.0
single_shape,TwoLayerCNN,5043,template_init,200,1.0,0.8200630039303021,0.0,0.0,db5cf43c8c52de79cae33145be71f0687116b59b9c4ea632c77f6cb010b2f7c8,1.0
single_shape,TwoLayerCNN,5044,release_default,200,1.0,0.9412131619975681,0.0,0.0,579313a57080baac7df88287d88b8256eebc12a7e8d7d7ccbb4b8cbb46e65b59,0.99609375
single_shape,TwoLayerCNN,5044,release_early,200,1.0,0.8935030155460616,0.0,0.0,c7d3327e6877f4abf2e3d180c2e37bf7ed6072b65bccf83679e112310fe245a4,1.0
single_shape,TwoLayerCNN,5044,release_late,200,1.0,0.9821205184168874,0.0,0.0,3e05db5f1190adfb741c35b0af442a1442062f983cf848d509967d614ed5c0f0,1.0
single_shape,TwoLayerCNN,5044,retention_0p1,200,1.0,0.9955304266831738,0.0,0.0,56dd5cb8c65257031d2ca9e1bfd4dca0962f479692eb529722d9adab1302a54b,1.0
single_shape,TwoLayerCNN,5044,retention_1,200,1.0,0.9999595561303326,0.0,0.0,5089c413100714e3ad5670e57580631e16dc246ba2412552e353ffa5708247ee,1.0
single_shape,TwoLayerCNN,5044,template_init,200,1.0,0.7961926489921575,0.0,0.0,d9e74973e638d82ca668e7f7704a3b56faa822c77ed1d6272c0caad8563cf614,1.0
single_shape,TwoLayerCNN,5045,release_default,200,1.0,0.9482326892802277,0.0,0.0,59d2939f599b7a2682f37d30d13f9ff28bc8eb411fd4807ec5d53bcf4fd16ae5,1.0
single_shape,TwoLayerCNN,5045,release_early,200,1.0,0.9077377147377894,0.0,0.0,e18574bb1febb6bbd68da3c85411f962363bbe02188a18db3f7e979de9d3d862,1.0
single_shape,TwoLayerCNN,5045,release_late,200,1.0,0.9836618853614096,0.0,0.0,4aded68300d429a57788bedec8aca89cbb0a63cd5b39a74d1432b2750d710d54,1.0
single_shape,TwoLayerCNN,5045,retention_0p1,200,1.0,0.996314257056347,0.0,0.0,d7cd15028ecfaec1b4b69d263057449e49a202cf06b0c1f01d67703c6044afc3,1.0
single_shape,TwoLayerCNN,5045,retention_1,200,1.0,0.9999638568530915,0.0,0.0,076dab77a3b945511c100f637fea27f2fbd04d4c8706ed1000d341f186560661,1.0
single_shape,TwoLayerCNN,5045,template_init,200,1.0,0.8077976694491688,0.0,0.0,0ee8696a94d0ee8c83214e1d5544da8b76c0965a21df428f959901a083b6d869,1.0
single_shape,TwoLayerCNN,5046,release_default,200,1.0,0.9433172613729385,0.0,0.0,ce64afc0522c938f28b0fefdecb2f20e9b47463c2247b986d55f67124fe392a9,0.99609375
single_shape,TwoLayerCNN,5046,release_early,200,1.0,0.9025350759141071,0.0,0.0,2b46f701795250946374ca466354d78a2c1291ccc0c24fd695c994014ebf5f33,0.99609375
single_shape,TwoLayerCNN,5046,release_late,200,1.0,0.9818783331322101,0.0,0.0,4de3b37f82262303fb40bb092a424143fcdebcf36c5ebc09127b12cce0a0f060,0.99609375
single_shape,TwoLayerCNN,5046,retention_0p1,200,1.0,0.9949935982617242,0.0,0.0,e8142b2daaf191b9235d473bb92cea8638c2f46761a0d5984cf22adc638e4564,0.99609375
single_shape,TwoLayerCNN,5046,retention_1,200,1.0,0.9999452277544955,0.0,0.0,867ce6c9c7b435d9f42dfa6d505fd5b19c9e5a004b051e3b3c454ac8b074d192,0.99609375
single_shape,TwoLayerCNN,5046,template_init,200,1.0,0.8053431549648371,0.0,0.0,804570f5b1a3a8f2136c33b7efe3b5e615ff20be6e81c109e16bc0e4a5891217,0.99609375
single_shape,TwoLayerCNN,5047,release_default,200,1.0,0.9470713453204178,0.0,0.0,fb3ddcba3b21d0b503feacfea38af94c0ffc3d0a0086ba7663d8595750450a49,1.0
single_shape,TwoLayerCNN,5047,release_early,200,1.0,0.9054065054713851,0.0,0.0,4dbdd7aeaf2eedd8ba8c873267b9eae4ac4ba0818db5c25c9476921490bcf841,1.0
single_shape,TwoLayerCNN,5047,release_late,200,1.0,0.9840605149249742,0.0,0.0,d6d3bad81acc0cdc7c8cd6a414d65f6c0e9a2cff12d29d1b81ed92e778941e51,1.0
single_shape,TwoLayerCNN,5047,retention_0p1,200,1.0,0.9960123830577888,0.0,0.0,fc0252c25cfe66777cc6498603ed08856c7bb6323fc281e34881edf193def619,1.0
single_shape,TwoLayerCNN,5047,retention_1,200,1.0,0.9999684366854709,0.0,0.0,7e5069375667a2418385521377cae0f95e617040c321a8079b187a90042aba4d,1.0
single_shape,TwoLayerCNN,5047,template_init,200,1.0,0.8042385654185228,0.0,0.0,34eb3ea1b86c8a4a8a80d46b4ebeeb9cd23574cf6245b8c18abd80e7b34ae970,1.0
single_shape,TwoLayerCNN,5048,release_default,200,1.0,0.94536331915868,0.0,0.0,959e8bb2c3e503c7abcf1855b19cb394d7835d84ee528f4d8f9f4509abf9a0fa,1.0
single_shape,TwoLayerCNN,5048,release_early,200,1.0,0.8997586395047443,0.0,0.0,62f2fb90656e97eb281f4648360be00addfffa31919480f48824d26ea340eda3,1.0
single_shape,TwoLayerCNN,5048,release_late,200,1.0,0.984181336054287,0.0,0.0,1b4ae9dad1e41df525b321c9da0c125a02b67e890b5f19b0d4454e83b2aa732b,1.0
single_shape,TwoLayerCNN,5048,retention_0p1,200,1.0,0.9942481815113666,0.0,0.0,904e48144a57630405764442683e58e3186926ef40e3b02a6e0591bc31fd7942,1.0
single_shape,TwoLayerCNN,5048,retention_1,200,1.0,0.9999324619175292,0.0,0.0,ef066984e0524ed716e240befd3439fb2a8329e4e74ae2109c3612f9ad2ab4c2,1.0
single_shape,TwoLayerCNN,5048,template_init,200,1.0,0.7903516249394864,0.0,0.0,ff8e03edb92bc6bf22dc8b6b18b75e36a00675dc03083b3f6d21b26d458c5d97,1.0
single_shape,TwoLayerCNN,5049,release_default,200,1.0,0.937333662049337,0.0,0.0,574bf09c2c0770ec7bef8f06e94df5ed0e6c8f6221511fcd19c98ca136e3e1af,1.0
single_shape,TwoLayerCNN,5049,release_early,200,1.0,0.8950021528798398,0.0,0.0,020ffd28c145ec17a1da46875ab8a882189a879a10321f7a0b842cdbedc46a2d,1.0
single_shape,TwoLayerCNN,5049,release_late,200,1.0,0.9790126354842323,0.0,0.0,c337e2907544544986e9c061f3be3a7bc18251e0e69fa317bffc69707bf15150,1.0
single_shape,TwoLayerCNN,5049,retention_0p1,200,1.0,0.9945852501173538,0.0,0.0,ae918e549073a29008515f5c3dd5dee4b03490284d05e32ef780bb52a94dd7d8,1.0
single_shape,TwoLayerCNN,5049,retention_1,200,1.0,0.99992623186738,0.0,0.0,11bd77efbb7590a06ac784e3b2d239692214fd220c929c192c068d49f6c6a7ea,1.0
single_shape,TwoLayerCNN,5049,template_init,200,1.0,0.7935056765105122,0.0,0.0,dd514b311f3726b959d6ade535da75eb4acf8c05ed2e6e3dea96b9aca09fcb12,1.0
two_concepts,TinyCNN,5000,release_default,200,0.98828125,0.5681025615986504,0.0,0.0,ac2663e946cd63a65b9b786139d1bc1ba80af82dd40b4619c9534d9056423b11,0.9921875
two_concepts,TinyCNN,5000,release_early,200,0.98828125,0.507408234154263,0.0,0.0,4f883e04106d6d32f1098be7c07244d8a5213cd25132ba27d4da7628666524bd,0.9921875
two_concepts,TinyCNN,5000,release_late,200,0.984375,0.7106253121493242,0.0,0.0,1eb065c1f95165fac19212958333f3ed74201733e3b081c54771cd925c50a597,0.99609375
two_concepts,TinyCNN,5000,retention_0p1,200,0.984375,0.7796080908310703,0.0,0.0,5e65cc0d391c947126fc5d7fc5393d75f583305b070797d99116d6b4c57b98be,0.9921875
two_concepts,TinyCNN,5000,retention_1,200,0.98046875,0.9493175131663212,0.0,0.0,dd5117beb467d584627619b67bdd6eb1eb3cea6d24b5f13093d09000e085d4f8,0.9921875
two_concepts,TinyCNN,5000,template_init,200,0.984375,0.40757295774911423,0.0,0.0,3eecb58817362a04c518586da8969522e24d36b9b24d6c9b1f21032938248216,1.0
two_concepts,TinyCNN,5001,release_default,200,0.99609375,0.5914644996405549,0.0,0.0,5c82249ab42bd81e40220e81d6eb1b64782f2863fe4f4240606f259ec116ce70,1.0
two_concepts,TinyCNN,5001,release_early,200,0.99609375,0.567496915696491,0.0,0.0,328f69e5c49afbfe203c6fdcabaf1100a8f9fe95c1a6ba83014330c9f366285f,1.0
two_concepts,TinyCNN,5001,release_late,200,0.99609375,0.6911327146305306,0.0,0.0,3362124eea17f37c671fbe74b05a2c2bec9e722eb0948ea0931ac0ecee2dac86,1.0
two_concepts,TinyCNN,5001,retention_0p1,200,0.99609375,0.8117433757141732,0.0,0.0,baae3a2663cf690fcc6144c795ae208bc38e5e601246518d825aa9c420eef260,1.0
two_concepts,TinyCNN,5001,retention_1,200,0.9921875,0.9448780688907854,0.0,0.0,59637a0c6b9778cba81b311d7a03eedc3ffd95ba2730f2ca8deab3f3866662c3,0.99609375
two_concepts,TinyCNN,5001,template_init,200,0.99609375,0.5341411248176838,0.0,0.0,ffc4d989d560afc5afdac4e05eae8471a778df87f2647508e07621ce0e243277,1.0
two_concepts,TinyCNN,5002,release_default,200,1.0,0.5884039590879564,0.0,0.0,2d1b753d3344c29fec3506b884a3b81f25976ca9684a5a0dac506bc14036fbe0,1.0
two_concepts,TinyCNN,5002,release_early,200,1.0,0.5568070374368148,0.0,0.0,a494a8d1eeed0d0528505858f34f6871543a979b75bbb6d78cdedca454f20ab2,1.0
two_concepts,TinyCNN,5002,release_late,200,1.0,0.6857581428907351,0.0,0.0,d1254b1b00a0fdb53b714fbb6b60156d0efd1f82e4e4e778e5a84e51d623e27b,1.0
two_concepts,TinyCNN,5002,retention_0p1,200,0.99609375,0.7963536066579614,0.0,0.0,05ed282d8bfb499ea94c250a3eb54fe978b30d551b5dae4107158722e14b6354,0.99609375
two_concepts,TinyCNN,5002,retention_1,200,0.984375,0.9455817013531834,0.0,0.0,7cc8105111180cea1c5d2198c5c4c85efea145fa3e8398073be3164db277270a,0.9765625
two_concepts,TinyCNN,5002,template_init,200,1.0,0.4890409566213988,0.0,0.0,4b7be6c9ca874ff3cd6fe516e0c57b6b087aef105e9f57fdb6bb8a3f83eb9a44,0.99609375
two_concepts,TinyCNN,5003,release_default,200,0.99609375,0.5906997855557685,0.0,0.0,f46478049a5449b840939fabda93765b412fa17ce7dcce61bebd6a62d8149c4d,0.9921875
two_concepts,TinyCNN,5003,release_early,200,1.0,0.5405463821150873,0.0,0.0,1bf3e75798720d9f804b0081b5f698e8427a5c0c144423a46c6c4633061debc3,0.9921875
two_concepts,TinyCNN,5003,release_late,200,0.98828125,0.698909909891681,0.0,0.0,1bfd429818cb723f19b5a160607ded950ad750959e303e8be1d048f7d0ddd2b4,0.984375
two_concepts,TinyCNN,5003,retention_0p1,200,0.97265625,0.8178726363788604,0.0,0.0,6ea8f3b78079c729ee9c978047fbe105eebe35c0693c1f8c5065f95b0714910b,0.98046875
two_concepts,TinyCNN,5003,retention_1,200,0.98046875,0.9516630178385328,0.0,0.0,5636a0a285ed04277577832771f17886656ed7df407b5bc74a1a055461cf05f2,0.97265625
two_concepts,TinyCNN,5003,template_init,200,0.98828125,0.518558949037865,0.0,0.0,02f0258829eb0192c0833028ac3139a67b11f540f98f7b547d6f0465a831d7ad,0.98828125
two_concepts,TinyCNN,5004,release_default,200,0.9921875,0.5930402268421819,0.0,0.0,dfa9abb92d9f5289f79f5df1048c6f5d2651fd53325e66839a6aa52ce4feadec,0.9921875
two_concepts,TinyCNN,5004,release_early,200,0.9921875,0.5508845643955109,0.0,0.0,ecb6414d05915af310123b6955301187b5dee80faee8a6bb20809ebca1c6c1fd,0.99609375
two_concepts,TinyCNN,5004,release_late,200,0.9921875,0.6909093808011009,0.0,0.0,916cef6e8ca16134931534f189f405b4b800d70d4e054bab5fd6d2e2ba37fe59,0.9921875
two_concepts,TinyCNN,5004,retention_0p1,200,0.9921875,0.8214655334595002,0.0,0.0,e37b73045f1f3e06cdffdeea9ec8412635f234de38e670805f27ea320b1e4119,0.9921875
two_concepts,TinyCNN,5004,retention_1,200,0.98828125,0.942044044664347,0.0,0.0,6469d8ea3bfa284326b7a60ce07e1f7af26ae23a2919a3c6a5cfabae2dd45215,0.98828125
two_concepts,TinyCNN,5004,template_init,200,0.9921875,0.5350543055085492,0.0,0.0,6effca4790d36d4a6e66eda2ff82a2fc9029588fd4bf054d73feecd27af07d71,0.9921875
two_concepts,TinyCNN,5005,release_default,200,1.0,0.5878816870732964,0.0,0.0,032c2c6130fd089cfb7d5cb1fe8e63c460525d96ea106e6425ac68f7d5e06b70,0.99609375
two_concepts,TinyCNN,5005,release_early,200,0.9921875,0.5346077960949436,0.0,0.0,9371d97eb6a81055dadc580ccd200170ffff688351364b70a9195f6e19f9cd77,0.984375
two_concepts,TinyCNN,5005,release_late,200,1.0,0.6910411068458681,0.0,0.0,8c3c592e9f435aa2f608fd9011b07988b57ba91a17ab08ccd252af24a9b8a295,0.9921875
two_concepts,TinyCNN,5005,retention_0p1,200,0.98046875,0.8009865095073684,0.0,0.0,042e733cc3eeade0ef1c5f71cfee9453ea6aae9ec4b80f3bcf7e6372fd64bf73,0.98046875
two_concepts,TinyCNN,5005,retention_1,200,0.99609375,0.9497381846238574,0.0,0.0,540ad3147c5d06fb0d3583f92192522302e99bf810c6f6c7deccf961e21b7504,0.98046875
two_concepts,TinyCNN,5005,template_init,200,0.984375,0.5126712888908096,0.0,0.0,39ad27f28bc4fa9b8c48b9e815d2bbbe34f245618525efacf52e44dc6f44523a,0.984375
two_concepts,TinyCNN,5006,release_default,200,0.9921875,0.5223129674948808,0.0,0.0,43ec5b9425a48fd2f4e6f22ae6841591dda568abd7db21185e5c1b585381b03e,0.99609375
two_concepts,TinyCNN,5006,release_early,200,0.9921875,0.49695567257448503,0.0,0.0,72236f0e13c573929df186addc810dbe36b5b2b600c3634c9f0e9022cf30032a,0.99609375
two_concepts,TinyCNN,5006,release_late,200,0.9921875,0.6758535815372371,0.0,0.0,d7c265d90fc401534601aa13ac8248a27788771b390c8c028ea693c029a16aa0,1.0
two_concepts,TinyCNN,5006,retention_0p1,200,0.98828125,0.78487598405123,0.0,0.0,ed57fbd21a4350ba1f6cad4a5143470be2182ba2f8a449dede6215f2468f2ffc,0.99609375
two_concepts,TinyCNN,5006,retention_1,200,0.98828125,0.9465276608965425,0.0,0.0,8925a843a231ff9c16604476f9d82275fd873b194409b1ab81930991c2d57025,0.984375
two_concepts,TinyCNN,5006,template_init,200,0.99609375,0.46362472932941967,0.0,0.0,e5670577a784ef2c2177dd765c847de9c2172b1e2a7eabe885eaec146363f2a8,0.99609375
two_concepts,TinyCNN,5007,release_default,200,0.9921875,0.5038556228906288,0.0,0.0,8fd3caf025065d3ad2961f4b40eefe3bad8c3fdb45ba539d13bf1d7769f1f7de,0.9765625
two_concepts,TinyCNN,5007,release_early,200,0.9921875,0.4742062124142725,0.0,0.0,de98a3174be249ee766dd0d73bdc21bcee19629994362d85b5eeaf8cde2c942d,0.984375
two_concepts,TinyCNN,5007,release_late,200,0.9921875,0.648534655446183,0.0,0.0,33007dbd4009d158f0220e478d07c0d7fdc53f810f402a0e33c77fccfd2268cc,0.97265625
two_concepts,TinyCNN,5007,retention_0p1,200,0.9921875,0.7827990516892446,0.0,0.0,ba77041b60d18efdedf0b73e68ce5396158a6ea9249afc1d51a5bd3e4e15068d,0.97265625
two_concepts,TinyCNN,5007,retention_1,200,0.984375,0.9313322068444803,0.0,0.0,4187ac8eb5a526d939744a6d072b1d27db629ffbb0b5da36f7d62ad3c6de6b88,0.953125
two_concepts,TinyCNN,5007,template_init,200,0.9921875,0.4809900552278822,0.0,0.0,f6d36591ec055c63b81e0b86616e7138604183e4c2f7c6ed5b8461b6c8265f6b,0.984375
two_concepts,TinyCNN,5008,release_default,200,0.99609375,0.5533122071111951,0.0,0.0,3e6441d95c171ed4b7cca9274d38f872de987bceeb07e2dcb54f2f8d66724458,1.0
two_concepts,TinyCNN,5008,release_early,200,0.99609375,0.5240097970184312,0.0,0.0,76603a0a7ff46598bc8dee24fff6726a5b51580fc6a6c1ef4dee351655c67652,1.0
two_concepts,TinyCNN,5008,release_late,200,0.99609375,0.6513153358405713,0.0,0.0,2438978339b35334c53f7d1abacceee037175b176f518c52309d5f7b2975f383,1.0
two_concepts,TinyCNN,5008,retention_0p1,200,0.99609375,0.7864293978036239,0.0,0.0,75193391a65f0c505c85707f9116117883f8fcb6448ddb5755e672619845f03e,1.0
two_concepts,TinyCNN,5008,retention_1,200,0.98828125,0.9329748406890404,0.0,0.0,5abaa42d1e97c658f86ef4bce7c4b2a382cded8a7aef551f6806075e64036466,0.98828125
two_concepts,TinyCNN,5008,template_init,200,0.99609375,0.5021108456675277,0.0,0.0,b7dd26c90e4afdc40c859b80ac04f4a59ead125a973f940b54c61d29fb860bd9,1.0
two_concepts,TinyCNN,5009,release_default,200,0.99609375,0.5805628309442774,0.0,0.0,d638a05322f9e25ed936e01c9e336131ad81eff5f23c5e9e816911379eb40dd9,1.0
two_concepts,TinyCNN,5009,release_early,200,1.0,0.540425658803146,0.0,0.0,3e8dae6cc028aa8c2a833d4f1a4e57a007095773eef5fd58650e1f19e2d311e3,0.99609375
two_concepts,TinyCNN,5009,release_late,200,0.98828125,0.6765542984363905,0.0,0.0,8bd922d7df099b30ad325e6c474ef7fb95491db41744bca92712fe2431676c96,0.9921875
two_concepts,TinyCNN,5009,retention_0p1,200,0.9921875,0.7832680992130765,0.0,0.0,6a0a54d0c8d1ba7ba94c790e001e227d2c0e0e52c4ea0334f0632690cc8fa0f7,0.98828125
two_concepts,TinyCNN,5009,retention_1,200,0.9609375,0.9291296100082794,0.0,0.0,1565f7e9ec197f55833d14e9ec65efbcfd39504f0d515cede1d7c11dc253c6b7,0.953125
two_concepts,TinyCNN,5009,template_init,200,0.99609375,0.5205392330102385,0.0,0.0,0ce720b545e3536a4cbdf5f929344360149a2803ebc64daf134cd1e1a8aee067,1.0
two_concepts,TinyCNN,5010,release_default,200,0.99609375,0.5802972089397346,0.0,0.0,7246193d7cb247ab7e3826a8f5b5f3636ca2e9c19da544c1ab3cab121271e04e,0.98828125
two_concepts,TinyCNN,5010,release_early,200,1.0,0.542146960341216,0.0,0.0,c1552d85939f42387fc84fc28a002122f01055e78b57c235e339875ebc0e273a,0.9921875
two_concepts,TinyCNN,5010,release_late,200,0.9921875,0.6875341570633666,0.0,0.0,de5fcefa975f4cec64b8f7f76360b7e9fee20d1471c6b1179f8b2eafbc3ce950,0.98828125
two_concepts,TinyCNN,5010,retention_0p1,200,0.9921875,0.8255862973081359,0.0,0.0,9481d23bbab4ea6b6b192720dacef177192c9a83290c81ce7812607d68462c68,0.99609375
two_concepts,TinyCNN,5010,retention_1,200,0.9765625,0.9498688804468158,0.0,0.0,083f00e6d07b1b8d3aa504cc52511c2e007daa946bdf4c202ae0f2c3d02925c7,0.97265625
two_concepts,TinyCNN,5010,template_init,200,1.0,0.5299563387274584,0.0,0.0,ed31728ed853eefc8577742992d1c6ee05342f3f5da16395d7155304caf7c738,0.99609375
two_concepts,TinyCNN,5011,release_default,200,1.0,0.6068449533907478,0.0,0.0,9e9c9648499b42e66742671ffe569fd0f4081453788e9d558bdac61e32a1218b,0.9921875
two_concepts,TinyCNN,5011,release_early,200,1.0,0.5602905630272565,0.0,0.0,3d7614c740632154eb0568e318e23b1a2aec2aec5ab23863ecd8098530aae88f,0.9921875
two_concepts,TinyCNN,5011,release_late,200,1.0,0.7049927705155977,0.0,0.0,e663ab777f7f441f4729fc1df8d0507e73dbce26cb65429c15d9d2e2300ba198,0.9921875
two_concepts,TinyCNN,5011,retention_0p1,200,0.99609375,0.8103287405410089,0.0,0.0,c42e75a75a419776335dce677ebf56484686cd7c66f81ea9c6a23c416d8a79dc,0.98828125
two_concepts,TinyCNN,5011,retention_1,200,0.98828125,0.9456267387140616,0.0,0.0,6b9a31da0c243c0af5e95c0378db6e823dc9032dbdd9cbaa0ce30dee61a2a72c,0.98828125
two_concepts,TinyCNN,5011,template_init,200,1.0,0.5171023939353641,0.0,0.0,6cc1a20b9514bbd4fe0b76c71af7376f32dea81ceaa395df05742438bbf16e83,0.9921875
two_concepts,TinyCNN,5012,release_default,200,0.99609375,0.5673180108071421,0.0,0.0,444037caaafcefbdc3b136fd324eb6c9fffaecfad04b182787360596ae8ae037,0.9921875
two_concepts,TinyCNN,5012,release_early,200,0.99609375,0.537469289655423,0.0,0.0,0a40f1a188e271bd3baa1d4d1abb4827cbd09422539b66f4e707eb41b9f6f587,0.99609375
two_concepts,TinyCNN,5012,release_late,200,0.99609375,0.678782737447901,0.0,0.0,bdb37213b005d12b454d2f0e232398336d26479cc58540d33617399bd668f2b4,0.984375
two_concepts,TinyCNN,5012,retention_0p1,200,0.9921875,0.7863907993843584,0.0,0.0,d7ddaab762b70de5dcc0a4cd067021229bcd4ca46e437342f8ad460bd6cabd06,0.99609375
two_concepts,TinyCNN,5012,retention_1,200,0.9609375,0.944263279388559,0.0,0.0,8ea0e748486dfde30953e34b383266c8356e9b22cd1aa39735419a5f3bc7b46a,0.98046875
two_concepts,TinyCNN,5012,template_init,200,0.99609375,0.529012680277533,0.0,0.0,19d729c3ef309464e6a419e4b1f79ad0cdb11c72dd5934a38f1a3c2e356df313,1.0
two_concepts,TinyCNN,5013,release_default,200,1.0,0.5538029567486782,0.0,0.0,e950dffcf12ebaba713a3529b8b0c588bfb8882477901a997ec9331c68617e45,0.9921875
two_concepts,TinyCNN,5013,release_early,200,1.0,0.5157706253338138,0.0,0.0,ab91a41f5346dd98e73586e95447ca8c3cda844adbeb8ddda583c8932a91e89e,0.98828125
two_concepts,TinyCNN,5013,release_late,200,1.0,0.6771657265818688,0.0,0.0,c3fa26b6b015e42faf8d327f2f59245400d77d8970e75ead3fe2dcc0773d36ca,0.99609375
two_concepts,TinyCNN,5013,retention_0p1,200,1.0,0.7971720587993032,0.0,0.0,62b99e2ace244c0841e23ab83b708f71eff5b6334da9ddb1272523a0ddbba43b,0.9765625
two_concepts,TinyCNN,5013,retention_1,200,0.98828125,0.9395535292697146,0.0,0.0,a7e16daaca701608472a137c61d645d287004d3d13dda9c185e499f1a152bc99,0.95703125
two_concepts,TinyCNN,5013,template_init,200,1.0,0.48348344203954907,0.0,0.0,dc5431620ef87657a63a7edb8a6d36e13490dc8a1ef2c175c0b478f89b82a19f,0.9921875
two_concepts,TinyCNN,5014,release_default,200,0.9921875,0.5624985067870267,0.0,0.0,4728deb9fd88807c48f61786967cf9a1bc3c625f22db1ead0fc4f49664f01b5e,0.9921875
two_concepts,TinyCNN,5014,release_early,200,0.98828125,0.5235057042361604,0.0,0.0,729d806702f93f2f836cc4489c7852c3df3f8d3a060e5bf254842cb8cae606b0,0.9921875
two_concepts,TinyCNN,5014,release_late,200,0.9921875,0.6638462071888336,0.0,0.0,9d8522bec3a1392d58797d506f5f8c56f858242b32f13f5497aa9454161657f2,0.9921875
two_concepts,TinyCNN,5014,retention_0p1,200,0.984375,0.7995981936513006,0.0,0.0,4933cdbd5bae2d711c31be3a0db81d1a4c1750579b7f6020a30e993433f785e2,1.0
two_concepts,TinyCNN,5014,retention_1,200,0.9765625,0.9408195695159238,0.0,0.0,e561c4380d89b8267be781d39ed6bdd88b6b1aa01e65e626c8e3aebb2d676328,0.9765625
two_concepts,TinyCNN,5014,template_init,200,0.9921875,0.49569070437373913,0.0,0.0,4b9b38af5c0b8e21ca746fc1dde5f5e594d9dce6ddb505dd6a427e4f3de8bce6,1.0
two_concepts,TinyCNN,5015,release_default,200,0.99609375,0.5717869312705044,0.0,0.0,9463aa90676ecafcf8e8c2bcb400e4882ff2b43bc66ad4cfdf7c17303e76c898,1.0
two_concepts,TinyCNN,5015,release_early,200,0.99609375,0.5197947201570854,0.0,0.0,9dcfe6c33f0f3c0743b1c604ece463cc26c22d1f79f4c86d58f5e07dcaf7d4d6,1.0
two_concepts,TinyCNN,5015,release_late,200,0.99609375,0.6816069738192049,0.0,0.0,a3db9a6d0891c26a7c2a27dc4fc32d4edfb390015744da7ad6837f8863de6382,1.0
two_concepts,TinyCNN,5015,retention_0p1,200,1.0,0.7958719998518555,0.0,0.0,04b15b7d6f4c046d352f0c3dc66b68d6936d2df96ba052b0a2f46e306e377a73,1.0
two_concepts,TinyCNN,5015,retention_1,200,0.984375,0.945411226455861,0.0,0.0,cf9015c0f91f044869441915b46ab8fd85cf73500df0336cc9d198857611aa61,0.9921875
two_concepts,TinyCNN,5015,template_init,200,1.0,0.495955936456737,0.0,0.0,26cdd759b4cf306a32dcd0cb8a277d4579cf4ac5a30cda54964023af6b1ccc46,1.0
two_concepts,TinyCNN,5016,release_default,200,0.99609375,0.5569311262169081,0.0,0.0,944107205a4c7204247ce5e665e279704e5114b7fab399ee235dd256ead2cfd5,0.99609375
two_concepts,TinyCNN,5016,release_early,200,0.99609375,0.5351070452135038,0.0,0.0,8f4fec6e54fe47dc37710925731ed89b0099069594f1530ff99bb1054269ff74,0.99609375
two_concepts,TinyCNN,5016,release_late,200,0.99609375,0.6727234559606069,0.0,0.0,f4b2bd036fc5c1d85f41ce6a913964fc782846f3bdc2af002ec28cfafa13abed,0.99609375
two_concepts,TinyCNN,5016,retention_0p1,200,0.99609375,0.8037345773946998,0.0,0.0,fd72fe8b06753ea3f501d200de9865e473151c2ffb12c45f1577fa5499bc171f,0.984375
two_concepts,TinyCNN,5016,retention_1,200,0.984375,0.9490351197452669,0.0,0.0,a2faa8e76a86fb5391dc26df1c9af62c2b92ccd08d546ae5244981a4eec20b06,0.97265625
two_concepts,TinyCNN,5016,template_init,200,1.0,0.4988427470423535,0.0,0.0,bf4dfe492ded6d5a9bc4d1d94678e115f0159ef0b4a0d7bf0e337fa589f04a7f,0.99609375
two_concepts,TinyCNN,5017,release_default,200,1.0,0.5481633390890897,0.0,0.0,555b22f0f006ba34db6cc2365a5e936ed2cd1772d4a5670cca92c78a2a868cf2,1.0
two_concepts,TinyCNN,5017,release_early,200,0.99609375,0.5129364449031788,0.0,0.0,dbdaf55cea179bd2c1710de1ddfc2f430fc93f01c7b9ab34f5c8b6c1c5c69c5f,0.99609375
two_concepts,TinyCNN,5017,release_late,200,1.0,0.6543022750062958,0.0,0.0,dee9eac761bb97337adc9ead7e63eb092c41e029e3a437602de3eb355b316d6b,0.9921875
two_concepts,TinyCNN,5017,retention_0p1,200,1.0,0.7946056907908999,0.0,0.0,40f0f92ffd817a186771ed5c07c2727e75386ace9188f7e42e4956a8963ba774,0.984375
two_concepts,TinyCNN,5017,retention_1,200,0.984375,0.937910420107976,0.0,0.0,9cac076388556e158bbd92495cf9a60ed208515376551622f305882931205fb4,0.984375
two_concepts,TinyCNN,5017,template_init,200,1.0,0.4826279373905972,0.0,0.0,e0d056295e21d3e9baedd0c325ebcfb001cfb21a2fe46241549e18b6eab5be2e,1.0
two_concepts,TinyCNN,5018,release_default,200,0.98828125,0.5528453045064301,0.0,0.0,d0b131ca907d95b8f844b68e65b864e52d43da4de8f10b0380eb14d9d98820cc,0.98828125
two_concepts,TinyCNN,5018,release_early,200,0.98828125,0.5201186653580574,0.0,0.0,5fa934ab9b8ce8cd09af35f64ed877fda522e6ae795bc7ba96ca6f6f3cf629de,0.9765625
two_concepts,TinyCNN,5018,release_late,200,0.9765625,0.6640682390180652,0.0,0.0,ff4a35d1fe5c29cc91a62a11e4e7a06a98c751b6f07f2dd14b2a904745748b26,0.98828125
two_concepts,TinyCNN,5018,retention_0p1,200,0.98046875,0.7974957531690527,0.0,0.0,6ac78cceb80b81f90e1edad69ce8a11afc32e14aff79d78f6e2e2c29b76a5a2d,0.984375
two_concepts,TinyCNN,5018,retention_1,200,0.94921875,0.9343626028822627,0.0,0.0,15b706aad794eecb59ae2a12bee18c7deb93f021a65ad14cdcb073c8ef19d272,0.96875
two_concepts,TinyCNN,5018,template_init,200,0.98828125,0.5083441758185149,0.0,0.0,8f215a77bf9f17d0696449901926e8bbca5593de3eea0064eb2014c0c02c0f1b,0.9765625
two_concepts,TinyCNN,5019,release_default,200,1.0,0.5840745412822683,0.0,0.0,cdbe69482f6c4fd5dbb54f955534da8706641a56f0aee564721e43a9e863117f,1.0
two_concepts,TinyCNN,5019,release_early,200,1.0,0.5470642586406771,0.0,0.0,fe733916beefe6db6f24a2079cf2b01f20e3aac6a1750c7819d87e4525826f0c,1.0
two_concepts,TinyCNN,5019,release_late,200,1.0,0.6969849555768893,0.0,0.0,090b1f6303483147baff5a8b2b41c8c1689a6897d05a0f92582d32f7cd55684e,1.0
two_concepts,TinyCNN,5019,retention_0p1,200,1.0,0.8099483081086121,0.0,0.0,2fe44c784e766aba3d25fd57d564a010df6309a94ddfc3ccc27cff9c54ed02c1,1.0
two_concepts,TinyCNN,5019,retention_1,200,0.99609375,0.9510863593063281,0.0,0.0,53d41a0a3cdff57e9010387a859f070c1fac32d82ffb849885a9bb43f3899367,0.98828125
two_concepts,TinyCNN,5019,template_init,200,1.0,0.5048990973105664,0.0,0.0,3a1d4803600dfeb58782bd0fa307a4b66118f2ddb491fecb6d7ef2277590156a,1.0
two_concepts,TinyCNN,5020,release_default,200,0.9921875,0.5996791680409413,0.0,0.0,0621af78ee6c56ef859f18aa0f71abb9a40ad63055322541e889a41acdd9214b,0.99609375
two_concepts,TinyCNN,5020,release_early,200,0.99609375,0.5320043667407877,0.0,0.0,12c715bb3c2fbed918b301b48ca01d633aff67a8877e78655b98d23e462b7912,0.99609375
two_concepts,TinyCNN,5020,release_late,200,0.9921875,0.6988797363775789,0.0,0.0,bf0a1b2be54372a3ddce23176d41ade7d5358769a4b755824d22dd83e951cba9,0.99609375
two_concepts,TinyCNN,5020,retention_0p1,200,0.99609375,0.8165466103766285,0.0,0.0,e3f812d84adb8ad6a940dac2ed3c47acd3936b813686ecb58c6d47d1eda29337,0.99609375
two_concepts,TinyCNN,5020,retention_1,200,0.9765625,0.944557101522479,0.0,0.0,8e02f67d7dd0379b1f324d7535a38ac79b8c5468f7564e14d28713c6b2e3a296,0.9765625
two_concepts,TinyCNN,5020,template_init,200,0.984375,0.4956267547445987,0.0,0.0,2a009539f1e1075aebab8f7aad976b011bb639200161bae197c090b6aa5b5d9b,0.9921875
two_concepts,TinyCNN,5021,release_default,200,1.0,0.5729340654032071,0.0,0.0,9170d483b68a8add3c3e5b327a2ae12f0aec3e7b01bb15d02d76837f72337f5c,0.9921875
two_concepts,TinyCNN,5021,release_early,200,1.0,0.5307063327954722,0.0,0.0,e96c8c42b3dcf8b28694cf6c0dbe02dd8c6fdc4999147b65af331c32ad3acd79,0.9921875
two_concepts,TinyCNN,5021,release_late,200,1.0,0.6902010444031919,0.0,0.0,bea411d9af6db3d6c76254033254790857406e98000306255912bc6af8e99db1,0.984375
two_concepts,TinyCNN,5021,retention_0p1,200,0.99609375,0.8069809171141993,0.0,0.0,01c5ee1145e03a0647dcd4202c47ad48045a9dbb6fa502e0b20b3d80f3f42bf8,0.98046875
two_concepts,TinyCNN,5021,retention_1,200,0.98828125,0.9452500234604468,0.0,0.0,03055b07baab8b2fde56ea402d81b483cb66eeb9555a2651218adc70ab24d77c,0.95703125
two_concepts,TinyCNN,5021,template_init,200,1.0,0.5219398493162921,0.0,0.0,3b6d1b6dae60a78b477bbebe698f9706f10462ab8c29f050c70baee098d87832,0.9921875
two_concepts,TinyCNN,5022,release_default,200,0.9921875,0.5864621465633235,0.0,0.0,4ed4f5fe6f01efd924b3a09b1c57b25d9a9648a304cdc58034ea42a144e7cbcd,0.98828125
two_concepts,TinyCNN,5022,release_early,200,0.98828125,0.5104105559132641,0.0,0.0,144e306f05c1215ea7f98da21c7e837a3959ec46759997693c51b39b960173b9,0.984375
two_concepts,TinyCNN,5022,release_late,200,0.99609375,0.6916299017419736,0.0,0.0,bc0af0b37dc1da1f62bf4a1da61e5c432a9bed8778c7ebfa0ef3631952bb46d8,0.98046875
two_concepts,TinyCNN,5022,retention_0p1,200,0.9921875,0.7979567642120621,0.0,0.0,09f3fe95d28189847f6328a8e65bd1101ecdffdf31c9312884026e72668a8325,0.98046875
two_concepts,TinyCNN,5022,retention_1,200,0.9765625,0.946566612264141,0.0,0.0,eb025d0ea77c65db831f46713fb8d1c51f5956c2b1cc5eb95aa179bcff8ebce7,0.9609375
two_concepts,TinyCNN,5022,template_init,200,0.99609375,0.47950674277503835,0.0,0.0,25ccab611646691a3f89eebe466b7fd4ac0030d6fd1274b414b2ac69192f851e,0.98828125
two_concepts,TinyCNN,5023,release_default,200,0.98828125,0.5812894716629391,0.0,0.0,5d4e4a21d09dcae4f94de869456aee7e17f1f39ae5785d3a2bfc93e0ddaf0d81,0.98828125
two_concepts,TinyCNN,5023,release_early,200,0.984375,0.5268846283958615,0.0,0.0,e9cf3f2ffcfd438023cb1ebd114f1e3c549f4ad2965bc2cd2ee46d28a24a8ec6,0.98828125
two_concepts,TinyCNN,5023,release_late,200,0.984375,0.6970945806282618,0.0,0.0,9a04b0a2014b807c56f68d8bf760309085c5e171908f90a034214bb46c034e10,0.98828125
two_concepts,TinyCNN,5023,retention_0p1,200,0.98046875,0.798342842003246,0.0,0.0,187d5e9cea125961add56d917c2af3b7dc638fdcf566d33d467a68c39ead9637,0.98046875
two_concepts,TinyCNN,5023,retention_1,200,0.98046875,0.9486129309034459,0.0,0.0,468b92748ad47129430ca7a957ea86c9b9e0e045b6ad9b54b8ea072aff349fd6,0.98046875
two_concepts,TinyCNN,5023,template_init,200,0.98046875,0.5080357137843119,0.0,0.0,fd70c45988976ff67ac15e3981ad66f2bf5717e4d1113af4cff23da796d47208,0.98828125
two_concepts,TinyCNN,5024,release_default,200,0.9921875,0.6261561552002832,0.0,0.0,d1456f38f9ecf6a9e0fbdb5e8253063b692199f924570faaed9df61396422901,1.0
two_concepts,TinyCNN,5024,release_early,200,0.9921875,0.5795608768134138,0.0,0.0,bdb10bd3f93ef637709fdb36a3f5e891ce8b6361ea452e071f8c3fd96d3f2ace,1.0
two_concepts,TinyCNN,5024,release_late,200,0.99609375,0.7119354349618512,0.0,0.0,1d5835133efbd593ef04624bed78fc1617aa1e31fe04fc9fc094970554d75fd7,0.9921875
two_concepts,TinyCNN,5024,retention_0p1,200,0.98828125,0.8286166706106352,0.0,0.0,23b1922223a8742ddd0101366c77fa4f66d9a03bdba6c02f9e6d609f651244e1,0.9921875
two_concepts,TinyCNN,5024,retention_1,200,0.9921875,0.946064192877964,0.0,0.0,c208c7dd9af6ca865e7d0e7515005cf821bcf6504baaa6e34bce6cdf4a9e57e5,0.984375
two_concepts,TinyCNN,5024,template_init,200,0.99609375,0.5405058956558946,0.0,0.0,9710917e486163e942c3b3a185658e15433b9f305a3a35c41f0f61cc0ff17947,1.0
two_concepts,TinyCNN,5025,release_default,200,0.98828125,0.566582160179256,0.0,0.0,bd90793eed16e617c683df81d88050d2a8a59d08a4e06da94a5ec61556d4be2b,0.9921875
two_concepts,TinyCNN,5025,release_early,200,0.99609375,0.5377072869878691,0.0,0.0,d32343b0b5ae2899ae50ea3d2c1b697a3f50b35f7654ef2e09f6536c0bbabc10,0.9921875
two_concepts,TinyCNN,5025,release_late,200,0.984375,0.6838978899295345,0.0,0.0,185c9a93dd0ded5046129e0db49977dd34c473ea6414ecd3975bdebaff5a24d3,0.9921875
two_concepts,TinyCNN,5025,retention_0p1,200,0.984375,0.8133786998878265,0.0,0.0,78e782dc957d010990967c2a4e8c860917aa8353732023a9d867b4f7b384b33b,0.9921875
two_concepts,TinyCNN,5025,retention_1,200,0.98046875,0.94236286979728,0.0,0.0,be61f4373b0cd1636b6446e484349ce3318ce6187dc0a4ce8de66be1e4eb606b,0.98828125
two_concepts,TinyCNN,5025,template_init,200,0.9921875,0.4951196315681048,0.0,0.0,2f7179d019c93f6ee3ba75e4aff85bf12640be7ddf20c5450807beb35ebb065c,0.9921875
two_concepts,TinyCNN,5026,release_default,200,1.0,0.5930990457629882,0.0,0.0,cec90e6a204941bc2632e48adaaef54f283b911086e5ce6e5611221918c3ea6f,1.0
two_concepts,TinyCNN,5026,release_early,200,1.0,0.5608005012179819,0.0,0.0,68629b78b04c54cc5b2f400855fc06def36636425996535f581b57b9f62c47de,1.0
two_concepts,TinyCNN,5026,release_late,200,1.0,0.6964409715250259,0.0,0.0,49f39615f64b4f9a565cd92a509dc2e2d9188dac4e5cdd5d7856770368703f07,0.99609375
two_concepts,TinyCNN,5026,retention_0p1,200,0.98828125,0.8180460013842714,0.0,0.0,3da70f837796aa30678e231bd27f94c92c4c67cf030557b9b5a1a7543cb2f955,0.9765625
two_concepts,TinyCNN,5026,retention_1,200,0.98828125,0.946564238562899,0.0,0.0,957bb4a641375f0653e25461497a15f57e62b587b32a9cc208997dfd195b5174,0.9765625
two_concepts,TinyCNN,5026,template_init,200,0.9921875,0.5442527018920006,0.0,0.0,40dc7d084a838fa4c1d2f0f001fe657bb8cc2ae093e52777d187177bc9df02b3,0.9921875
two_concepts,TinyCNN,5027,release_default,200,0.99609375,0.5650443181125238,0.0,0.0,835d202b840bff50cbd9c22ac1d5cb7114a1f4372256c4522e787c4aa076622b,1.0
two_concepts,TinyCNN,5027,release_early,200,0.9921875,0.5276277594923693,0.0,0.0,9bf674b416ba57b8a7a7aa64399ebb3e61a1057d4eb5dac812fc484e642220cc,1.0
two_concepts,TinyCNN,5027,release_late,200,0.9921875,0.6564789514232902,0.0,0.0,0188d53900993025149288b3537170a8974be7b2a7be9879dbacbc3307ad6e34,1.0
two_concepts,TinyCNN,5027,retention_0p1,200,0.9921875,0.8003281569594829,0.0,0.0,45dcfbd8b9450205c18cc9249aa9578a0a0d8aa10f56cd5c8a0040d0d8b41d32,1.0
two_concepts,TinyCNN,5027,retention_1,200,0.953125,0.9479452138259179,0.0,0.0,8dded57f445e2273e1534f46f7e64f2606cae8f12a011bf02b134ad6cd808c9f,0.98046875
two_concepts,TinyCNN,5027,template_init,200,0.9921875,0.5168171068767805,0.0,0.0,d594714348f8aad8a3e1fdea305b4a8ebeff088194603f7f8beff8fa49c97032,1.0
two_concepts,TinyCNN,5028,release_default,200,0.99609375,0.5436173509550657,0.0,0.0,098f4e0314793b4a373b4d935590cc46f5f70c871647cb7d5e8ac857fadf1584,0.98828125
two_concepts,TinyCNN,5028,release_early,200,1.0,0.5110232904413794,0.0,0.0,c3a44ce0a9a56d8f2735834a6ed61470787ccc72df4d38297cbae570790494c2,0.98828125
two_concepts,TinyCNN,5028,release_late,200,0.99609375,0.6673360474277132,0.0,0.0,947867a1b7f47a68b063cb429a2a8a512add1312ec6fdbda57b4a026aa4ca252,0.9921875
two_concepts,TinyCNN,5028,retention_0p1,200,0.984375,0.8296300280636226,0.0,0.0,b5580c82f52a71ca48427a7587890dbc706f26ce431821f07d29b6e9afc5eabe,0.9921875
two_concepts,TinyCNN,5028,retention_1,200,0.97265625,0.9471680533876965,0.0,0.0,6bff04c1d0d186313697c96b95fa7f11e62fc9d0b3d2bd9e86272e6c5902fa90,0.9765625
two_concepts,TinyCNN,5028,template_init,200,1.0,0.5118524992928023,0.0,0.0,8ca6a2211cdd61c023bfb69e6513c3491e6bfb7df88f67ba1da6a26a1aa13fb2,0.9921875
two_concepts,TinyCNN,5029,release_default,200,1.0,0.5540282328439186,0.0,0.0,91369e9f65d357b41f505d49c1687cedc0a4d2f0117ad7a7d869a828d18fa1e5,0.99609375
two_concepts,TinyCNN,5029,release_early,200,1.0,0.5190559792895819,0.0,0.0,e063b95ba6875f827117c86e5f1af506de5b6fefc687432f5dfce52c8eb6d5e4,0.99609375
two_concepts,TinyCNN,5029,release_late,200,1.0,0.6748264578704348,0.0,0.0,48bb8b74d2e3c2e97a97d136accf27b85f6f50037c2ca51cadd5f94ef0d43217,0.99609375
two_concepts,TinyCNN,5029,retention_0p1,200,1.0,0.7850328516249554,0.0,0.0,a2ecf9a5788a7c0195598eb0cbc05a2bd8761d7440146928f556f7f78492e0c0,0.99609375
two_concepts,TinyCNN,5029,retention_1,200,1.0,0.9311895294781901,0.0,0.0,4a2cfc579a59f0065fa2a3f01c6816f1eacc534053e90ded95cf2ba95d63f710,0.9921875
two_concepts,TinyCNN,5029,template_init,200,1.0,0.5035931446213037,0.0,0.0,65f4598c622f2ee16e9a0c345c1a5d7686bb0320ecb9afc91044534fe48319e2,1.0
two_concepts,TinyCNN,5030,release_default,200,0.99609375,0.5438070804619609,0.0,0.0,e3f09ee8ea4e1b7fbb379754561e2ef2ed02730b690bc55612e1435a90621b78,0.9921875
two_concepts,TinyCNN,5030,release_early,200,0.99609375,0.5012169340529596,0.0,0.0,68e92fe5f144815aa78ae3237cca0cfed975ee22c180332a51dabdf9ff863c6f,0.9921875
two_concepts,TinyCNN,5030,release_late,200,0.99609375,0.6519622874158695,0.0,0.0,8eaebcbfeea364b9c7f398fa496f51e83078acea0bfc1a1a2c336c6db57e6660,0.9921875
two_concepts,TinyCNN,5030,retention_0p1,200,0.9921875,0.8102952008622828,0.0,0.0,21be72b8cc3e354b42a9440887b0c064b2091794697607554e1e05aad8059a6a,0.984375
two_concepts,TinyCNN,5030,retention_1,200,0.98828125,0.9463859269340007,0.0,0.0,4e1e9cb3990fd436425c35def73e916583eae60c034c61f6c6452b5860cbfa9c,0.9609375
two_concepts,TinyCNN,5030,template_init,200,0.99609375,0.4991501036647829,0.0,0.0,e222af59c1ae9c57b03f5c36dcf24b50133dbc47b6446a2bfc1e00c0759bc3ae,0.99609375
two_concepts,TinyCNN,5031,release_default,200,0.98828125,0.5725244428055689,0.0,0.0,ceb4981a713b34d4bf1d8a88349f2eb381be0c306069dcd8c3fab35d9c80e753,0.99609375
two_concepts,TinyCNN,5031,release_early,200,0.98828125,0.5415019089199669,0.0,0.0,60f25ae10f8dc74d3cbb8ec22ff04aa856b28847b91069e694d533e52e57da1f,0.99609375
two_concepts,TinyCNN,5031,release_late,200,0.98828125,0.6648838176107451,0.0,0.0,ee3e6b60d21c91af548202c50934a08e60f653dd9e607a53394f3b517bf9386c,0.99609375
two_concepts,TinyCNN,5031,retention_0p1,200,0.984375,0.7994707524330444,0.0,0.0,236577083bd1f5ed2c125e540c16e28d0b64d00b2d9863ebb54aee28893eb05f,0.99609375
two_concepts,TinyCNN,5031,retention_1,200,0.984375,0.9402204548781905,0.0,0.0,2b970dc3197e633b0a8921d671467fc9a77f2080fd55076465ee9612aafa6e67,0.99609375
two_concepts,TinyCNN,5031,template_init,200,0.98828125,0.531064798130255,0.0,0.0,48b8b54ad7cbe26c1881b715f34313c3d6c85e18701ac2c7bb1f996f4d25db5c,0.99609375
two_concepts,TinyCNN,5032,release_default,200,0.98828125,0.5671392806043709,0.0,0.0,fa76fb692f2ee980dd4a5104e65c44637540eb11012f5fdd8fb5dcc4942b988b,1.0
two_concepts,TinyCNN,5032,release_early,200,0.98828125,0.5309158479653342,0.0,0.0,61a3fab7839c37764e60cfee18f8eaafd936d7d225343912dace035aa06941ea,1.0
two_concepts,TinyCNN,5032,release_late,200,0.98828125,0.6724376132966539,0.0,0.0,db0a12900f8712712085a3983738add3b3151fcf05aca54fa8bc218ecedb6808,0.99609375
two_concepts,TinyCNN,5032,retention_0p1,200,0.99609375,0.8013927752878398,0.0,0.0,94090036e2be7c840d36c9e45ee9f8f8b2bd0f12ba605841fc702d722b9f2c5c,0.99609375
two_concepts,TinyCNN,5032,retention_1,200,0.9921875,0.9433111264851219,0.0,0.0,fd646baa95ed8999ec40a2a932383303097a172ff754f54c34eb499215357c58,0.99609375
two_concepts,TinyCNN,5032,template_init,200,0.98828125,0.5188808832763041,0.0,0.0,2703854c752734b06f8633c0bb497bd7769ba2f9841ab6bc57c6c0fb3fb68858,0.9921875
two_concepts,TinyCNN,5033,release_default,200,0.9921875,0.583553557291286,0.0,0.0,4f7a09ded7d2a390f1849b2eba371a4e3451bc503a97d1a9a987e06f13ebf450,0.984375
two_concepts,TinyCNN,5033,release_early,200,0.9921875,0.5188500923620518,0.0,0.0,ab101569386ef080727b42de4e32de10d9d6bf03a715d32673d916675fc32fb1,0.984375
two_concepts,TinyCNN,5033,release_late,200,0.9921875,0.7071234750364057,0.0,0.0,c8e9686d3b9fd15ba84a6cb1397eca1cb5d93d9d5d3395e9adcc6170cb832301,0.984375
two_concepts,TinyCNN,5033,retention_0p1,200,0.98046875,0.8322422450319209,0.0,0.0,a9e19da7540beed41ba54ed279916c540ba7c8ac42527b80377adb51b8e88c26,0.98046875
two_concepts,TinyCNN,5033,retention_1,200,0.98828125,0.947229317122353,0.0,0.0,3fab721bb181d4a77b50854b0ce6eb0a4cb5f739d6fad36de10b9b16c1284ded,0.9765625
two_concepts,TinyCNN,5033,template_init,200,0.9921875,0.49873682750927606,0.0,0.0,17a493102db6f4a8ee15948f1306ab50dc63329fc2a80671ecd3755ac5112e65,0.98828125
two_concepts,TinyCNN,5034,release_default,200,0.9921875,0.5671869579232615,0.0,0.0,c596cb0036097d207dae807555cab1b499450725aac70d457b40c7b682689c02,0.99609375
two_concepts,TinyCNN,5034,release_early,200,0.9921875,0.5262548235721672,0.0,0.0,5aecbc66520a432fc4e6725a1eaadb1a9d47d8622d97f5c2536a903a003f7593,0.99609375
two_concepts,TinyCNN,5034,release_late,200,0.984375,0.6765142241685702,0.0,0.0,60db547ba0e7fc1165446a874420d6651132c8b025859d8652859115a4357b7c,1.0
two_concepts,TinyCNN,5034,retention_0p1,200,0.98046875,0.8022063514586065,0.0,0.0,3a5456ca4f398c2faf6a6277cfcb1878c57ae2add24f012ad503a947e5e145cf,1.0
two_concepts,TinyCNN,5034,retention_1,200,0.97265625,0.9462597213711369,0.0,0.0,fe2f7133590eb6225ee7e044e0567c6c6538d643646392244eaef682ecb66a2f,0.99609375
two_concepts,TinyCNN,5034,template_init,200,0.9921875,0.4935986704957235,0.0,0.0,168da2419865255876b671d3624c48f5235ddb2fd1e25608faffbe1e86115b01,0.99609375
two_concepts,TinyCNN,5035,release_default,200,0.98828125,0.5941700855515895,0.0,0.0,b15ef93045e29cf03378665bad5bc88857d41276df03955cb079af07e7f5bb5c,0.99609375
two_concepts,TinyCNN,5035,release_early,200,0.9921875,0.5472874230070743,0.0,0.0,d26f8c57c72d533322c4437f83993e1e86bac53cba9e50adc5b1e396cb3643d3,1.0
two_concepts,TinyCNN,5035,release_late,200,0.9921875,0.69044292256189,0.0,0.0,39f295331c61a9f6dd10d18f3bbd245844399c5fbce5c52120154e30f3a7135d,1.0
two_concepts,TinyCNN,5035,retention_0p1,200,0.98828125,0.7983963079577474,0.0,0.0,d93ef62d89334ecacba482af0afb4545e376743cee8c51b7c0f638d7d07dd15d,1.0
two_concepts,TinyCNN,5035,retention_1,200,0.984375,0.9446825259196154,0.0,0.0,4621349a5cbffa91cd955b47b7f161b2a0ed06160915c7ef41b54dcf257974c9,0.9921875
two_concepts,TinyCNN,5035,template_init,200,0.984375,0.5243791716119217,0.0,0.0,41fd304135d2bbaf42a59893f83412079276afa280451af8fe2c97dad7fbdde6,1.0
two_concepts,TinyCNN,5036,release_default,200,1.0,0.5784001532051469,0.0,0.0,512376a5ee9998bbcf13707b0b55cb543184ea79054e09935113107d813f3367,0.9921875
two_concepts,TinyCNN,5036,release_early,200,1.0,0.5243052359445998,0.0,0.0,2a3ea3c07b46c2a16456413c17ad0a4d1f620e8fa4beb3d5f855b160a5241a2f,0.9921875
two_concepts,TinyCNN,5036,release_late,200,0.99609375,0.693373733671395,0.0,0.0,7169cceb2c1285262ef5b89e0449a61e045b5364a8c5c36867b1ac6a16547cb0,0.98046875
two_concepts,TinyCNN,5036,retention_0p1,200,0.9921875,0.7833368998140315,0.0,0.0,91032b4b84bd27dd63a798333e182b7693654dc2e9eca62108653d3cc6948e2c,0.9921875
two_concepts,TinyCNN,5036,retention_1,200,0.98828125,0.9464453657278458,0.0,0.0,06ca3faf273f85f594304163e5c1fcf0cc7aba106274a9636cfabc90804f2399,0.96875
two_concepts,TinyCNN,5036,template_init,200,1.0,0.5060306873674504,0.0,0.0,e649ce9a1a1d7c2918e41cf40ad21b1e231e0313738a5c6fcc0546d57a25080d,0.98046875
two_concepts,TinyCNN,5037,release_default,200,0.9921875,0.5448545656768009,0.0,0.0,0787d24ce370ac31dd64fb77e1d4d6f819d542d07c8dce69f9dccc2a935be300,1.0
two_concepts,TinyCNN,5037,release_early,200,0.9921875,0.49047966129045906,0.0,0.0,8d1aade51e361c1b19866bc0449aae21f640eecb82fa4a9d9ac8a6014363b7d4,1.0
two_concepts,TinyCNN,5037,release_late,200,0.984375,0.672809216394255,0.0,0.0,5ae50194fd467a29b266d5999ad6cfaecc807fcf48eb5d309edaf810ac8ac4b0,1.0
two_concepts,TinyCNN,5037,retention_0p1,200,0.98046875,0.8028656460453899,0.0,0.0,8cfe20e2abfed5f07f208e1468534bea6b6f1d1cf90d25d8794271d2cd27f180,0.99609375
two_concepts,TinyCNN,5037,retention_1,200,0.9765625,0.9492594080385555,0.0,0.0,e8f45f3e364f5fa80311b6099bb0bc630212fb65028fa702dde008dc28df122c,0.9921875
two_concepts,TinyCNN,5037,template_init,200,0.9765625,0.4833679627223031,0.0,0.0,b4ee7f3fc94b13d6b5793c687c735cf937079b75fb96d2af09c7b224b0412142,0.9921875
two_concepts,TinyCNN,5038,release_default,200,0.97265625,0.6139084294120212,0.0,0.0,8b56b3efb30a9fdf762fb06d266b770ab621274484551d49d7a45d54f515ea41,0.984375
two_concepts,TinyCNN,5038,release_early,200,0.9765625,0.549809289702335,0.0,0.0,d3fd6260f10ba1a6b67a09e95f9ad03471e5d6750f6910386c00205984d147e0,0.984375
two_concepts,TinyCNN,5038,release_late,200,0.9765625,0.7241906569117602,0.0,0.0,44970dc4c07aa0bad394ffafca2ad9980449a5ff877c3e05a811135bd9657d31,0.9921875
two_concepts,TinyCNN,5038,retention_0p1,200,0.9765625,0.8098288897764522,0.0,0.0,ee9a53576b77f03f30504068ab6840c6bc965910639ec239940e50ca59dd71a7,0.98828125
two_concepts,TinyCNN,5038,retention_1,200,0.9609375,0.9489768620799512,0.0,0.0,841e0011639eedb3516d1663ca6d4574ae579a0d62a88a6c98c7fd7e6206024b,0.98046875
two_concepts,TinyCNN,5038,template_init,200,0.984375,0.5127988533178403,0.0,0.0,572c87a9927182cc9e1d591bee8e3fa7ee4795f9e7a3db926045a24577615f4e,0.9921875
two_concepts,TinyCNN,5039,release_default,200,1.0,0.5785284421629493,0.0,0.0,0d95ca1923dec23c6a33075ec1fe62a3db28ac193dd9fe763905a25996d291cf,1.0
two_concepts,TinyCNN,5039,release_early,200,1.0,0.535545414589808,0.0,0.0,f3d146cf09b42f11c5816aff74d3c388f0d3e034372a6e112ce267c99afd62c0,1.0
two_concepts,TinyCNN,5039,release_late,200,1.0,0.6957663745203728,0.0,0.0,ffbaa2100b0f94046389da4200bdea2b86e33c230e077c524d85a7c64174beca,0.9921875
two_concepts,TinyCNN,5039,retention_0p1,200,1.0,0.7968709573919215,0.0,0.0,482aa2ab2657fbd5f79230d38c76baff91c503e70f902b1c54dd271311d96465,0.984375
two_concepts,TinyCNN,5039,retention_1,200,0.98828125,0.9387221334168787,0.0,0.0,b6c479b7c1446a29e6a1388883ab20988856e7aaf833ad108a3d3845eba49a09,0.98046875
two_concepts,TinyCNN,5039,template_init,200,0.99609375,0.5200907573718945,0.0,0.0,348b717dfed51c6448752ca6003aef3abc3653b9e60e3d41a5f4405b628e6729,0.9921875
two_concepts,TinyCNN,5040,release_default,200,0.984375,0.5652124862291119,0.0,0.0,d24c87e12690ce690b99a6ebc07d4e8a1ad3ccdef56cd8d00a1a59c42df364d5,0.99609375
two_concepts,TinyCNN,5040,release_early,200,0.98828125,0.5385661441772405,0.0,0.0,ce840af6eb88d0f0249b62da7fe4d8abe5020287d1e56b56cfe6ed72e4e53b7f,0.99609375
two_concepts,TinyCNN,5040,release_late,200,0.984375,0.6572467916407381,0.0,0.0,3aaf34fa3d0b8d5b7a275907adbb787b9fd8fc0f17bb5a1adef1cb5a035205a9,0.99609375
two_concepts,TinyCNN,5040,retention_0p1,200,0.98046875,0.8100428168440511,0.0,0.0,418147962fe4de095efa8e02bc7441b937a97e6564db8ab330b4b55c4e87be5f,0.9921875
two_concepts,TinyCNN,5040,retention_1,200,0.953125,0.9447309102837376,0.0,0.0,9210138fa5991be8bce231bda14ea6e61dbd0f9528830e6d5ba96779c823391c,0.9921875
two_concepts,TinyCNN,5040,template_init,200,0.984375,0.5151110232319119,0.0,0.0,52a6ba155d81b84ecd9fc13b2c2e9bc79c0f2fc05133bb2e38ae0114c9034b6a,0.99609375
two_concepts,TinyCNN,5041,release_default,200,1.0,0.5778287971344702,0.0,0.0,0746eaea01052829144d4a67c513c62e068e48f428b98f71865a76cb86ac003b,1.0
two_concepts,TinyCNN,5041,release_early,200,1.0,0.5290573946368703,0.0,0.0,622e2f4b96a41425ea58aa2129bca0b10215cf7619504566fe28f61ea29a0a6d,1.0
two_concepts,TinyCNN,5041,release_late,200,1.0,0.6857225900560554,0.0,0.0,7b5d3bf9e404bb9207a0e767f2d033977226a11b0d9984aa362eaedd91e9e6c9,0.99609375
two_concepts,TinyCNN,5041,retention_0p1,200,0.9921875,0.7888465238436737,0.0,0.0,dd9d9fe4c3c66d45a276978e8d4e27df31a728d07759eea856e1d1a6faeab6d2,0.99609375
two_concepts,TinyCNN,5041,retention_1,200,0.984375,0.9456875123187654,0.0,0.0,c5a4d57e4da827c06ebd5cde479e1a75f91d8a5e9a0e64128d80cd00dc71d8a8,0.984375
two_concepts,TinyCNN,5041,template_init,200,0.99609375,0.49997372596545825,0.0,0.0,aba5c51d3bb048420970500a3c44514c670d38335181c7139b6effdc9a44f54e,0.99609375
two_concepts,TinyCNN,5042,release_default,200,0.99609375,0.602170500542147,0.0,0.0,e9c908240e6fc29abe30ad527420ba762900dff71259df066624cab12e11abd9,0.98828125
two_concepts,TinyCNN,5042,release_early,200,0.98828125,0.5551520589092315,0.0,0.0,eb2ad006030d06a9c93e8f1081b9e55f98f08cb7ae0cad59777d2652b80ef0d9,0.98828125
two_concepts,TinyCNN,5042,release_late,200,0.98828125,0.702354939124342,0.0,0.0,6e6fcc70f77438932d9695857c8be056b5132e6dde5f86e93d812903a4a382f5,0.9921875
two_concepts,TinyCNN,5042,retention_0p1,200,0.984375,0.8322488238822314,0.0,0.0,c0ef45c29257db262457f003de00fc8e0e56682e44618a8f0b79197e4d2aae02,0.984375
two_concepts,TinyCNN,5042,retention_1,200,0.9765625,0.953443254642397,0.0,0.0,4ab456eb0af24f2a100416b24a5eb66153be9d30916d754068e1d110fd78886a,0.984375
two_concepts,TinyCNN,5042,template_init,200,0.9921875,0.5233743153908902,0.0,0.0,a081ce4c299c0d9fe77ec61980e0c9bda5b09a50d3d4bcda6455b12e61c41ea1,0.98828125
two_concepts,TinyCNN,5043,release_default,200,0.99609375,0.5649703314655627,0.0,0.0,c15ccaa141de925d392c117740607225ef3db0efe2eab29d699412332fbfe21e,1.0
two_concepts,TinyCNN,5043,release_early,200,1.0,0.521094019705959,0.0,0.0,8a42af0875cc617bfa1fc7328fd729977b7e6d64250b82908cccc93e2fba5d91,1.0
two_concepts,TinyCNN,5043,release_late,200,0.9921875,0.6903397135215987,0.0,0.0,8e7e5967a55fcc3ed898c1e0201a4c1805e18b0bbfa322173c776034ec96b050,0.99609375
two_concepts,TinyCNN,5043,retention_0p1,200,0.9921875,0.8112012162893388,0.0,0.0,fc2a7bf30d27245efff7e808f4c4d82edc10b5144e89bc286b5fcde31e193f11,1.0
two_concepts,TinyCNN,5043,retention_1,200,0.98828125,0.9454319621233284,0.0,0.0,84b53403e6e02fed9e28622584c98edcc27a91a7db21c6f06f2e07921d8c5c70,0.97265625
two_concepts,TinyCNN,5043,template_init,200,0.9921875,0.48070290819200884,0.0,0.0,cd1edf62005e2a170582209b204e2708a1316216d20a95b751eb80b1c7773c81,1.0
two_concepts,TinyCNN,5044,release_default,200,0.984375,0.5890833218481828,0.0,0.0,f2dc5f64a80dfb8e71ec5e6ed1da5f93071aac63e8663d05f445d11e889101ca,0.98828125
two_concepts,TinyCNN,5044,release_early,200,0.98828125,0.5382324111054462,0.0,0.0,e4c0b97ee7581f1662082800fabc1489fc451c4542ab20374cbcfcdf8554bedc,0.9921875
two_concepts,TinyCNN,5044,release_late,200,0.984375,0.7057763155673165,0.0,0.0,5d08341d726b1d24d46cf8822fba6159656bdb931dfea41125a9b523dab902b5,0.98828125
two_concepts,TinyCNN,5044,retention_0p1,200,0.984375,0.8171868952641553,0.0,0.0,f7a2864c963cd16a17fe63ac4f7303d8970d7a7015a5fcc72e7325e4889db9bd,0.9765625
two_concepts,TinyCNN,5044,retention_1,200,0.953125,0.9490737377428549,0.0,0.0,7f4af9a49908b228a7b24b9dba1fb9aa89a00cdeb76f7994f30f55db26e74dac,0.96875
two_concepts,TinyCNN,5044,template_init,200,0.9921875,0.48848265359128185,0.0,0.0,b9f5e5f986e475d8874e595a803bfd057adeae4079245afad2f4e516569febda,0.9921875
two_concepts,TinyCNN,5045,release_default,200,1.0,0.5421542694390515,0.0,0.0,3927e9d9ba4cae62fd78ee89c2c4fee8bafd514d2a8b268f9080e47ee47021ba,0.97265625
two_concepts,TinyCNN,5045,release_early,200,1.0,0.4941279545086941,0.0,0.0,f6b627fb7a5cbd40d19a6f243c1e3cd6074993dbf7e504ee24dbd6e20fa5e267,0.9765625
two_concepts,TinyCNN,5045,release_late,200,0.99609375,0.6623086431517785,0.0,0.0,71113ed7ef6b1083e15e5e314e62f4a50f5ab84675d3a86de9e7d54f8146534f,0.96875
two_concepts,TinyCNN,5045,retention_0p1,200,0.9921875,0.7902926177478019,0.0,0.0,3ce81c74e1eb57b36e57a32c2e85fe9e13e160ca6e47a5ed78d0a713c43b7322,0.96875
two_concepts,TinyCNN,5045,retention_1,200,0.98828125,0.9331684637035277,0.0,0.0,23aac1695d8038e1ff490f69a17e6c7719674e62685c2c0b1d75755a8bb036df,0.94140625
two_concepts,TinyCNN,5045,template_init,200,0.99609375,0.484436221013225,0.0,0.0,7dbeb547fb194fe67d28ba4a97440fa098d4d5cbf207f9b4fe265ddf95eef86b,0.984375
two_concepts,TinyCNN,5046,release_default,200,1.0,0.5890427062245993,0.0,0.0,80be51ea2ef55cfc4de6527aff063ba98303484478c6a0cdeaed8e0a6adc05cb,0.99609375
two_concepts,TinyCNN,5046,release_early,200,1.0,0.5381101059962241,0.0,0.0,0098ae15c33bcd43902206fa87b5dceb1271c8ad0adf4fe0db581abadc904780,0.9921875
two_concepts,TinyCNN,5046,release_late,200,1.0,0.6987567890160038,0.0,0.0,789a2362b95e2aff64a5a5ef7f6eb7c2848dd4e8a10ddc0e91fce8087b7aea7b,1.0
two_concepts,TinyCNN,5046,retention_0p1,200,0.99609375,0.7979412970916082,0.0,0.0,a6bfde091339eca170e0c46f46ae3583ab9f66fc65318d78cc9e30e1e6ee50c3,1.0
two_concepts,TinyCNN,5046,retention_1,200,0.98046875,0.941206040933334,0.0,0.0,97fabcef23c475663717bc3260c45d6d31dc310a8a35cd1c8b7e2a1c3e6bbbc7,0.98046875
two_concepts,TinyCNN,5046,template_init,200,1.0,0.4886209099306266,0.0,0.0,6057aa0e96e6faeeffc9a790c48b6b02ba7c83bfe19f7264e8a96aafeae87f08,0.9921875
two_concepts,TinyCNN,5047,release_default,200,0.99609375,0.612356324871,0.0,0.0,9bba2d03b5b46dc1a30f490ab3d1b17f94df7ec2321e8e6bdc8854a54f96ee1b,0.9921875
two_concepts,TinyCNN,5047,release_early,200,0.9921875,0.5870655699448388,0.0,0.0,b9d4ae18f31a613eeacbd73cb9d4402a27211bd31561d27c7d6371893800348e,0.98828125
two_concepts,TinyCNN,5047,release_late,200,0.9921875,0.7161438127333284,0.0,0.0,d4f66318d425c2b71901dcfd2eafff9176a6c24dddadfc420611834bba8934dc,0.9921875
two_concepts,TinyCNN,5047,retention_0p1,200,0.98828125,0.8145462455787778,0.0,0.0,204bb30fb8dbaa514665cf761324c27481fef0bbb4b83cad2c0fb00291684fe5,0.9921875
two_concepts,TinyCNN,5047,retention_1,200,0.96484375,0.942762901910594,0.0,0.0,e10c5611e93a8e2e5f145bd5ca8dbee0b3e4bac1d85acd496d4cbe4cf4cf7af1,0.98046875
two_concepts,TinyCNN,5047,template_init,200,0.99609375,0.5036836880345338,0.0,0.0,5e20c49bf8ab6fe1e6677e137d0b4eff93056e23ff028899a381ea1e0584c99a,0.9921875
two_concepts,TinyCNN,5048,release_default,200,1.0,0.5756218227668755,0.0,0.0,1b5ac4d581010727015615d39f6e4b2e94657d13c1af96d7659810eabc5606a0,0.99609375
two_concepts,TinyCNN,5048,release_early,200,0.99609375,0.5447550836246393,0.0,0.0,21c6e99288c3c493741a3a11cc4fee0c8986802d1a8854d103961dbe766214b2,0.99609375
two_concepts,TinyCNN,5048,release_late,200,1.0,0.6696575037233825,0.0,0.0,c321d27d39f030497d90bcff57b0cad2d427e10031395b98280090767c5d1901,0.99609375
two_concepts,TinyCNN,5048,retention_0p1,200,0.99609375,0.8125413870226781,0.0,0.0,5ef039c8c9c6403bc48fc45f04eca2074320cfe98d929cbd859f8449b13d839d,0.99609375
two_concepts,TinyCNN,5048,retention_1,200,0.984375,0.9438844993858205,0.0,0.0,4163cea2f41e67a89e76faa5671cf235e12901592189c2bb40f1ad10fe384407,0.98828125
two_concepts,TinyCNN,5048,template_init,200,1.0,0.5079048946529083,0.0,0.0,13f97abc14999198b10cd565ac9f0ad95bef58c166aefc652ff26e55c05eee51,0.9921875
two_concepts,TinyCNN,5049,release_default,200,1.0,0.5899907225238444,0.0,0.0,35fc5058ebf3291a0d30b7b5c53fe541ac8c713e082608ffba485be0773b32a0,0.99609375
two_concepts,TinyCNN,5049,release_early,200,1.0,0.543759944239789,0.0,0.0,b14feef3fe14cc415e5ac1027c638fac47b49deeb7e8ec6276700952d16a8aa1,0.99609375
two_concepts,TinyCNN,5049,release_late,200,0.99609375,0.7005490974385373,0.0,0.0,ba47a3318ff63f80229efd6ae6eb5fca664d78e9c5c4a9c7fb0483454367b605,0.98828125
two_concepts,TinyCNN,5049,retention_0p1,200,0.9921875,0.8203800999619977,0.0,0.0,80fa53b77a67b226e9736030b279ead5b024208980496efc20c2af25fdf7ca6e,0.98828125
two_concepts,TinyCNN,5049,retention_1,200,0.984375,0.9490416239941375,0.0,0.0,3c007a5dfae6b0495e4f2e7bcce05647be9338150986726b46f9c6b051112b3e,0.984375
two_concepts,TinyCNN,5049,template_init,200,1.0,0.5201786032633063,0.0,0.0,16280b13e39188421a80c9a85013660270786bafcf5e82b23f2f80f10e27dad4,0.9921875
two_concepts,TwoLayerCNN,5000,release_default,200,0.99609375,0.8961211708151164,0.0,0.0,cd01b73d92c870e8ffd63b68d86e1a95ad468aa1399f54eac46f1a3909549a28,1.0
two_concepts,TwoLayerCNN,5000,release_early,200,0.99609375,0.8422971374262258,0.0,0.0,3df5ad9e41af59910d59e08a518c94107b229f2f472fd18d4ec239e5b07f3aba,0.99609375
two_concepts,TwoLayerCNN,5000,release_late,200,0.99609375,0.959789694413447,0.0,0.0,12b4d7f501ee757706cbbb8f2a9a6e5b3e52b293382f3e550a4056b7da1e3e10,0.99609375
two_concepts,TwoLayerCNN,5000,retention_0p1,200,1.0,0.9773378833928084,0.0,0.0,77d8e8bdc772d9ce408831a44f9222af2fc15bb515f9bf8ed0e17cd7140f9a02,0.9921875
two_concepts,TwoLayerCNN,5000,retention_1,200,0.9921875,0.9980862945971789,0.0,0.0,dbcc94e01d201abaf8b15cd074180653b036cb3aae0dfc1f0b2883ac6edfef84,0.99609375
two_concepts,TwoLayerCNN,5000,template_init,200,0.9921875,0.7349226252744272,0.0,0.0,713bdb2e6adb951e20b59ec2df4c8d5cb7f14dc524f35ba73b9206ee40cffddb,1.0
two_concepts,TwoLayerCNN,5001,release_default,200,0.99609375,0.8932507249118375,0.0,0.0,312ccf7fbe13106fefbc7b55783c303c6eca8f1a95fc4c7647edab48eae88078,0.9921875
two_concepts,TwoLayerCNN,5001,release_early,200,1.0,0.8385930321405762,0.0,0.0,912e139f3d2ed545eb4b7f8b481e1c8e20eeb7dd2d518a78a4d6a18d2d3831a6,0.9921875
two_concepts,TwoLayerCNN,5001,release_late,200,0.9921875,0.9563058291875126,0.0,0.0,284fad2cc844d1d6b3f5300b3d37c428f2b5ed51529e7bbd27968b9caa50dd6e,0.9921875
two_concepts,TwoLayerCNN,5001,retention_0p1,200,0.9921875,0.9744026582181118,0.0,0.0,b42a999305265fbce71efa4c83599da650b36fff2aacb5ca7afc6449a4d66e92,0.9921875
two_concepts,TwoLayerCNN,5001,retention_1,200,0.9921875,0.9988303905079605,0.0,0.0,03794783e0a9839bcae821f2123cf077e94f97f96aba15a8c448b01c2f74aa78,0.9921875
two_concepts,TwoLayerCNN,5001,template_init,200,0.99609375,0.7400369444663125,0.0,0.0,5a4b75e7cd1960c77303ecc750386cb460778ae342e338569f2546f67eb1d400,1.0
two_concepts,TwoLayerCNN,5002,release_default,200,1.0,0.907101895868385,0.0,0.0,ca31ff253675eefa12d12896b5f51ca4669f897d7998680938c4bb796f24553d,0.99609375
two_concepts,TwoLayerCNN,5002,release_early,200,0.99609375,0.8405135195034451,0.0,0.0,5b80b33dce1b7eb4f7f8c328d2e1e3803a40273bf43bc74293b4523a3ab2f776,1.0
two_concepts,TwoLayerCNN,5002,release_late,200,1.0,0.9665517861156115,0.0,0.0,458a6888c3c2f8ccf5d93b13fd236abe282a62bdf57ea8c58bd84fd568f1ecb2,0.99609375
two_concepts,TwoLayerCNN,5002,retention_0p1,200,0.99609375,0.9784977009800429,0.0,0.0,e5b7d25d498252196d95e14c6d38732d402e1fe4859f82aa657746a095b282e3,0.99609375
two_concepts,TwoLayerCNN,5002,retention_1,200,1.0,0.9992580361814398,0.0,0.0,b57fa3f94c2712e3f0dc1a30825128138163894c763ef6c73c4d500050203d68,0.99609375
two_concepts,TwoLayerCNN,5002,template_init,200,0.9921875,0.7295111567678229,0.0,0.0,f9ada87947b0368f02381f727b1ba19406a382e8cb053f2bdf8958c1a27e9296,1.0
two_concepts,TwoLayerCNN,5003,release_default,200,0.98046875,0.9033629135343749,0.0,0.0,94b7a5931fb2db5fd157502955393346a288f18e35d826c72ccb48ee92f2f9e5,0.984375
two_concepts,TwoLayerCNN,5003,release_early,200,0.98046875,0.8421321337586172,0.0,0.0,bbf8c6d6dd4800f0e901e84b093437c32db2490dd7593fc578197e10c71e9e2f,0.984375
two_concepts,TwoLayerCNN,5003,release_late,200,0.984375,0.9641748793716601,0.0,0.0,5da024e385567efa1089659bc3cc8310dbf46fd5a406bd8b9e7a34be0c553b56,0.98828125
two_concepts,TwoLayerCNN,5003,retention_0p1,200,0.98828125,0.9797068023109061,0.0,0.0,471b66ddd4272892272bd767074f024437ad64f4d8abf2153254ef5b7dbd6961,0.98828125
two_concepts,TwoLayerCNN,5003,retention_1,200,0.98046875,0.9994341526321202,0.0,0.0,f892698f8f67e64d8cf47254fedad4e39765d1b69cef5737c3992f361019a9d0,0.98828125
two_concepts,TwoLayerCNN,5003,template_init,200,0.984375,0.7462123761807211,0.0,0.0,befd205bc6a63ee5f34844b39fceff7ba23596ff8b176741bd775a606f190c4d,0.984375
two_concepts,TwoLayerCNN,5004,release_default,200,0.98828125,0.8876375585639079,0.0,0.0,4baee59f9f21c4cff7fe447d342482f6512ef90b319236ecb10fab20adb99594,0.9921875
two_concepts,TwoLayerCNN,5004,release_early,200,0.98828125,0.8239477371854222,0.0,0.0,c98bf839afec041dfe65719c647ae0d4919f943a391272b644fd7047c09f6961,0.99609375
two_concepts,TwoLayerCNN,5004,release_late,200,0.98828125,0.9582880540674734,0.0,0.0,3bf60752c4a9808c89c2172e8e814957312c46a230c29657d453f7eaa80abd46,0.99609375
two_concepts,TwoLayerCNN,5004,retention_0p1,200,0.98828125,0.9685922999757677,0.0,0.0,d6f944821e5702e981f73203889acc2fb1732659e4e45d316fae36caa0a42d68,0.99609375
two_concepts,TwoLayerCNN,5004,retention_1,200,1.0,0.9990392672741324,0.0,0.0,6cfdffa13f94d3d05ddeafc9c636539cb6e0ec9ab91639205dc28d318eb3c90a,0.99609375
two_concepts,TwoLayerCNN,5004,template_init,200,0.98828125,0.7305876995120221,0.0,0.0,b866a0e84510c6a211e8510d8e2b68727550ecc714878c5cdf9ae29fede0d689,1.0
two_concepts,TwoLayerCNN,5005,release_default,200,0.99609375,0.9060231714791818,0.0,0.0,7047a1d51d4a60d943bddc02a5b64a7653f9bf96afb7efdfb42dbbeac6f1ec5c,0.99609375
two_concepts,TwoLayerCNN,5005,release_early,200,1.0,0.8490625630009084,0.0,0.0,991e00d76d3d3dc18529a4a6bc9acaf3d15e61832114782dbdf2ae4396fed824,0.99609375
two_concepts,TwoLayerCNN,5005,release_late,200,0.99609375,0.9659237121710564,0.0,0.0,325cb8217eacfb96f52a8fc1fb6797c463c11c1f5839c5816a386a5689eaecb1,0.99609375
two_concepts,TwoLayerCNN,5005,retention_0p1,200,0.98828125,0.975994511710425,0.0,0.0,0b4abf381e5b2bbbd1de24fe82b6f5172dd1ce0cb107eb1f9763f870e35ba60d,0.99609375
two_concepts,TwoLayerCNN,5005,retention_1,200,0.98828125,0.9988658842598646,0.0,0.0,baf3278c2e60e5907666a04352510b911087ebf7f7692893e7ee9fa10890e126,0.98828125
two_concepts,TwoLayerCNN,5005,template_init,200,0.9921875,0.7503733370432711,0.0,0.0,57a9354653e3a0f3ff3b0f37def9a7fcc01177416278ec999e616132b41e2c1b,1.0
two_concepts,TwoLayerCNN,5006,release_default,200,0.9921875,0.8798720784680311,0.0,0.0,c279f0314b355e69b753d242f84345e72af75282395815a6047e26c489b2b7ff,0.98828125
two_concepts,TwoLayerCNN,5006,release_early,200,0.9921875,0.813862035224107,0.0,0.0,d87dfe97a39836c261fa6e62aceed6768a95898c6c86fb0d97ca684e23d552a1,0.98828125
two_concepts,TwoLayerCNN,5006,release_late,200,0.9921875,0.9547115285698029,0.0,0.0,ee4213c8947136b7909a8a9bd45f8caec7c81879e5f0cc6d5bd4ae88da43830b,0.9921875
two_concepts,TwoLayerCNN,5006,retention_0p1,200,0.98828125,0.9731148728909531,0.0,0.0,09ce40483357cbcea560a4794a9f7b5f96a941c19e449bd448011113d367fca1,0.98828125
two_concepts,TwoLayerCNN,5006,retention_1,200,0.98046875,0.9986419495461472,0.0,0.0,a3c767662b6044c4b8305e79525347a00e0d12d4779903b1f068c6568d60d825,0.9921875
two_concepts,TwoLayerCNN,5006,template_init,200,0.9921875,0.7046171109001573,0.0,0.0,4ba09d2f54ac07497fb7c3645c25600187294b3ffc84f74fb4cbe262f8a8f7ea,0.9921875
two_concepts,TwoLayerCNN,5007,release_default,200,0.984375,0.9022275901772463,0.0,0.0,cee94f979df4f64ed215bda21b8e6818224d5ad52e9682f7442295abf7015720,0.99609375
two_concepts,TwoLayerCNN,5007,release_early,200,0.984375,0.8478609471935625,0.0,0.0,7b6e0829d18af4ef3d868e69154eb51584bdb008824c7a3bc5476893e26bf520,1.0
two_concepts,TwoLayerCNN,5007,release_late,200,0.984375,0.962174751583331,0.0,0.0,43e24e2f07e8d0b3075742b6348af308b8be0437ed132d51b442a0ba23d43caa,0.99609375
two_concepts,TwoLayerCNN,5007,retention_0p1,200,0.984375,0.9740709042087994,0.0,0.0,f50fd53914f4cb8563b475e80b1a6a6e29d66553aea296adecfb91137379d8aa,0.98828125
two_concepts,TwoLayerCNN,5007,retention_1,200,0.984375,0.998800211968409,0.0,0.0,c5050ffa77cc1c8e54635ddda256aa8e32cf039c0ec6e4eafd3df4f9207f97be,0.9921875
two_concepts,TwoLayerCNN,5007,template_init,200,0.984375,0.7555821756942137,0.0,0.0,49e364a1be67918dad187bad0af26e231157db0d87e6800205e5fe98c4e8ab85,1.0
two_concepts,TwoLayerCNN,5008,release_default,200,0.9921875,0.8858744917418215,0.0,0.0,92668c9f8e037a8f6da10429e4c8bfddd971b7470767711d421f2ebb31058c50,0.99609375
two_concepts,TwoLayerCNN,5008,release_early,200,0.9921875,0.8319125633866817,0.0,0.0,6c5b65b8768212b2ab2031ca6c39f59be23bc010129de31177f26e794f06f293,0.99609375
two_concepts,TwoLayerCNN,5008,release_late,200,0.99609375,0.9533509037316081,0.0,0.0,6a4579a9fe5f3f50cb5f4d058e3f858b7ecd18379172039d099482f81ac930b1,0.99609375
two_concepts,TwoLayerCNN,5008,retention_0p1,200,0.9921875,0.9697407865204001,0.0,0.0,db803d6690534a9ef10d40b76e7276d7164973a5b8d96fd5841b2a850662526c,0.99609375
two_concepts,TwoLayerCNN,5008,retention_1,200,0.9921875,0.9984912950844727,0.0,0.0,bc293c9783ebe985318929889dc61940a9e3a182d8604779be9135359e68035b,0.9921875
two_concepts,TwoLayerCNN,5008,template_init,200,1.0,0.7453014363596369,0.0,0.0,85dba36a66aab76af92ebeb19317f154fe62af258c3c85dc5e5508b166b61cc5,1.0
two_concepts,TwoLayerCNN,5009,release_default,200,0.99609375,0.8967966070103943,0.0,0.0,4e46462f13285f88ec5b3bc15f81844f01a7462c5936bf6652e7f929d220c52d,0.99609375
two_concepts,TwoLayerCNN,5009,release_early,200,0.99609375,0.8339433261018405,0.0,0.0,602b3d537b39d5a9c8135263d82a682edb098973217dfae7886dbee8179d7747,0.99609375
two_concepts,TwoLayerCNN,5009,release_late,200,0.99609375,0.9600136204948343,0.0,0.0,23a464324d116350ba0c0d2cde2100fcd66f5ce715d5bc75999c3b1844088840,0.99609375
two_concepts,TwoLayerCNN,5009,retention_0p1,200,0.99609375,0.9758772043002827,0.0,0.0,3cec01f3821b6466d9774821159c297eddfe1bc1a76a0839f93e8e93407fc8f9,0.99609375
two_concepts,TwoLayerCNN,5009,retention_1,200,0.99609375,0.9989693004361788,0.0,0.0,2aef7300e30adc75fc2f35c73aa8430a62a9faafd1d8d6e0dc26fc7e5e22e087,0.99609375
two_concepts,TwoLayerCNN,5009,template_init,200,0.99609375,0.7062199246220753,0.0,0.0,a62e16bd955605bf4f70feda4f7f9824f380818d39b0a42cdb82a8bcd99418e4,0.99609375
two_concepts,TwoLayerCNN,5010,release_default,200,0.9921875,0.8847736964352773,0.0,0.0,e3c32c50c7adfd7387baa80877c13c0d5efcb8c3df7479ee5fb8fb54fe4d737e,0.9921875
two_concepts,TwoLayerCNN,5010,release_early,200,1.0,0.8183405403423227,0.0,0.0,f2c8b45851c6b85855a3abb46bcaab27968861f559357271410d9ef433d0d08c,0.9921875
two_concepts,TwoLayerCNN,5010,release_late,200,0.9921875,0.9568798328430237,0.0,0.0,42aed6bc84586ea5306e9a663d4f38892719f73dc1b1bae009321cbd66131e72,0.984375
two_concepts,TwoLayerCNN,5010,retention_0p1,200,0.9921875,0.9636311372459685,0.0,0.0,d64bf9a650bc058706e9e97c309c04caf0dc6865d484a895ea75ea94eb35c8cf,0.9921875
two_concepts,TwoLayerCNN,5010,retention_1,200,0.98828125,0.9976875643029112,0.0,0.0,aae7651fa04e79d3214ac1c578241d5390caa405cb18eb7a3922589a60907cd2,0.9921875
two_concepts,TwoLayerCNN,5010,template_init,200,1.0,0.7163837256119173,0.0,0.0,cd38ed63614419d86a4f3597b160cc71e6707575724fefe55222c72fd8731302,0.99609375
two_concepts,TwoLayerCNN,5011,release_default,200,0.98828125,0.8865570994526869,0.0,0.0,12907f2981dd2c4ab39a203fb3449cb7cea481908e6b3e85df9d75036e3b495a,0.9921875
two_concepts,TwoLayerCNN,5011,release_early,200,0.98828125,0.8247832008087428,0.0,0.0,31dce268b7c5771a9db49fb6c37d202ec4c8482ea5704c079cd89e61edffd3ef,0.9921875
two_concepts,TwoLayerCNN,5011,release_late,200,0.9921875,0.9594212988020441,0.0,0.0,c734b2721cbea6e6933650f265010312e5c92a66101f553778d1d223b122f47a,0.99609375
two_concepts,TwoLayerCNN,5011,retention_0p1,200,0.98828125,0.9733855968701053,0.0,0.0,b5316b883e3c468d7769dbab8f8b0fad9d8baf2ae3b033af457783299bf0fffc,0.9921875
two_concepts,TwoLayerCNN,5011,retention_1,200,0.9765625,0.9986491910184011,0.0,0.0,d4a68d72a9ad6befff469b0ae095f7b65e54e6126f2f725c612f1584a248caf1,0.99609375
two_concepts,TwoLayerCNN,5011,template_init,200,0.98828125,0.727588220829525,0.0,0.0,a383d379e1f55f69613ba56964dd787caf54920214e2607a9d19e9cc7fb1ea6e,0.9921875
two_concepts,TwoLayerCNN,5012,release_default,200,0.98828125,0.8881973424692577,0.0,0.0,f0ac93d226b7b95dd01902c63da5993d394f05b588d8e47008b1c8f8ac88219d,0.9921875
two_concepts,TwoLayerCNN,5012,release_early,200,1.0,0.8338521785087765,0.0,0.0,16b193faf4095057107d8eb5139fe06fbb6e9e7ab11bc95bb787b871b89a954c,0.9921875
two_concepts,TwoLayerCNN,5012,release_late,200,0.98828125,0.9561268943399834,0.0,0.0,fbd4f0a28fc2b67c2c7fa589173f39a038cd6d3f21610beeb675961d1e93cd4b,0.9921875
two_concepts,TwoLayerCNN,5012,retention_0p1,200,0.99609375,0.9729321774843414,0.0,0.0,3583a36c8095d658011e57e08d0a8d8640718691ef3a95e0604a1b0e907a0d18,0.9921875
two_concepts,TwoLayerCNN,5012,retention_1,200,0.98828125,0.9986157050628269,0.0,0.0,0fc4955b5d9dd46d783022f36063025d54b7c762ace4477d3fb788bc2c7f5863,0.9921875
two_concepts,TwoLayerCNN,5012,template_init,200,0.99609375,0.7448091808194115,0.0,0.0,07d9f680882a4aea41311d7c6a8838480bcd664199b5e00ad48e84d4aaabfae3,0.9921875
two_concepts,TwoLayerCNN,5013,release_default,200,0.9921875,0.9039715905266436,0.0,0.0,41bbddb2d4303ea9d389dd29bc52953e64ab3ba05fadd95933993998156d7ffb,0.9921875
two_concepts,TwoLayerCNN,5013,release_early,200,0.99609375,0.8393838270681525,0.0,0.0,0db3534f32ae4e655df4c0666085672d9cc3c3d5111aa7fc0b8f4ddb8173f0a2,0.99609375
two_concepts,TwoLayerCNN,5013,release_late,200,0.9921875,0.965822525260837,0.0,0.0,36cb821ae6104ad69a4578532881b342d92949bc6bd2424438e806be0690ad13,0.98828125
two_concepts,TwoLayerCNN,5013,retention_0p1,200,0.98828125,0.9697122454916411,0.0,0.0,f6c598cdfd92dda567a2eb602acadfbf5cb8d43daf93ef7de8053710ecd1057d,0.98828125
two_concepts,TwoLayerCNN,5013,retention_1,200,0.98828125,0.9989536592925486,0.0,0.0,93de47f9455d1c7818f764d457082520cf70fd15e62f11e1c47fd4783ccc08d9,0.96875
two_concepts,TwoLayerCNN,5013,template_init,200,0.99609375,0.7307433451845173,0.0,0.0,750e813c998e5acab860b02e6fc00594929fe82d55537f181a30d29d085076b8,0.9921875
two_concepts,TwoLayerCNN,5014,release_default,200,1.0,0.9051332416486029,0.0,0.0,e9fbba4f6addda68bda5311b071e8013a2b7822c19a6d8f04b90fe28dfb9c470,1.0
two_concepts,TwoLayerCNN,5014,release_early,200,1.0,0.8590908344016263,0.0,0.0,4b9e9ab87bb77a24ea38ea89c34f4b1c392a9d7a6197762381b6bbf6c01cc96c,1.0
two_concepts,TwoLayerCNN,5014,release_late,200,1.0,0.9627422505020291,0.0,0.0,3fdad3d7fbb6d4052396fbf71b41c6b0d6fdc9f4eba4367660f8f5569d7104ca,1.0
two_concepts,TwoLayerCNN,5014,retention_0p1,200,1.0,0.9805154271322696,0.0,0.0,d9326206ff4ffb4a30f3d9a57c96db508a68be959df25f0a73195480b411e453,1.0
two_concepts,TwoLayerCNN,5014,retention_1,200,1.0,0.9988371828016038,0.0,0.0,9fa6f6eb904ceab218d166738428f850379d7e33ae5b54f53139bcefa8cfd0c2,1.0
two_concepts,TwoLayerCNN,5014,template_init,200,1.0,0.760272823023938,0.0,0.0,ff0f787101d76e4d930ebdd0c066b20bb5587d1b563d936eaea9bbfc25e7eac5,1.0
two_concepts,TwoLayerCNN,5015,release_default,200,0.99609375,0.9024621433956441,0.0,0.0,ee533cbb1f98037d155a71ea5fad8073cc7f41f22c9b49e654cc29b502538ed8,0.99609375
two_concepts,TwoLayerCNN,5015,release_early,200,0.99609375,0.8410185186248016,0.0,0.0,ab41d1b145c89aa79e2ca58fa539dc244b0bfbda145f16091a040d21d717bc29,1.0
two_concepts,TwoLayerCNN,5015,release_late,200,0.99609375,0.9653708832382026,0.0,0.0,d408ca0e6da403c94c3eba5dca9e17a895bbf4532c0a989e956b3b56bba9994a,0.99609375
two_concepts,TwoLayerCNN,5015,retention_0p1,200,0.984375,0.9795858999282965,0.0,0.0,80e967c8125e7d1a2ee35acefbf13e5e5aeaafd1400319e3370d1d867bf1cc0e,0.99609375
two_concepts,TwoLayerCNN,5015,retention_1,200,0.99609375,0.9992234061537362,0.0,0.0,298ef478918978d679913a3928f8e19b72f3d7033befed37214bbd04e35c61c8,0.99609375
two_concepts,TwoLayerCNN,5015,template_init,200,0.99609375,0.7216322984561689,0.0,0.0,a089dea303f34f9ac1deca79c59a9cad6d9ec5abecb737a4d1f456a1da405aa7,1.0
two_concepts,TwoLayerCNN,5016,release_default,200,1.0,0.9105616076324734,0.0,0.0,a7f8aca07bd6b59b2a874b6bae44f2cfa4153e0602779551eafb735a4328641e,0.9921875
two_concepts,TwoLayerCNN,5016,release_early,200,1.0,0.8560617937305106,0.0,0.0,29ad621df85e7643c70a1a9ccf9031a023e79773ac8ceb216f605a73960cfb86,0.9921875
two_concepts,TwoLayerCNN,5016,release_late,200,1.0,0.968156522575976,0.0,0.0,7f0bd161226aba493481af1e53b6b430e5fdf6e0a2e1602dc7cc7edd754ac383,0.9921875
two_concepts,TwoLayerCNN,5016,retention_0p1,200,1.0,0.9834465411194411,0.0,0.0,53f86e23bb0ab866191ba92c641c91ec3f56ba72341b7752c447f06b224fe0cf,0.9921875
two_concepts,TwoLayerCNN,5016,retention_1,200,0.99609375,0.9995011475950974,0.0,0.0,02058d8e2b14811483f1e779c59bf4263cf2b240d50f5ac6857bfa36a8a37173,0.98828125
two_concepts,TwoLayerCNN,5016,template_init,200,1.0,0.7636574305499662,0.0,0.0,6268f7a41d07d5e434ed3e9519a47a126cec0b86e56fc96f84bc0aa0fe35b2b1,0.98828125
two_concepts,TwoLayerCNN,5017,release_default,200,0.98828125,0.9019920429661108,0.0,0.0,feece0c0da83400d9a905c93a292264bb08c0cb292a124ddc96c0266a68c2dd9,1.0
two_concepts,TwoLayerCNN,5017,release_early,200,0.9921875,0.8495848514533404,0.0,0.0,c3329dcfe2031c19fe860bfb47de6f8708288ec875021cf89eb8f570401a273d,0.9921875
two_concepts,TwoLayerCNN,5017,release_late,200,0.98828125,0.9639912211702742,0.0,0.0,3180e776ce1dde19aa44342b1c12850dbbdc31c8132125d97f114390d81c9076,1.0
two_concepts,TwoLayerCNN,5017,retention_0p1,200,0.9921875,0.9734164592462003,0.0,0.0,013c2842f06525249dc76ac07eee44a3ebeba5d0cb7112cab00a03d7925c8654,1.0
two_concepts,TwoLayerCNN,5017,retention_1,200,0.98828125,0.9988440115869616,0.0,0.0,42fc2f465eca4e3abd94992da3dffd94852c2c6ca4e6f098065d9947faa09064,0.9921875
two_concepts,TwoLayerCNN,5017,template_init,200,0.99609375,0.745821824808646,0.0,0.0,03503182b6d6aa5bdef7ca6f2a9d0f00cc1b70395cbece971d99c3b53b48cbaf,0.984375
two_concepts,TwoLayerCNN,5018,release_default,200,0.9921875,0.9047162554282934,0.0,0.0,bfd25268aa0c1e79f674c87158c90da6a6b3a707b2e1a2bf91596bd0eba27f9f,0.9921875
two_concepts,TwoLayerCNN,5018,release_early,200,0.98828125,0.8371710644873095,0.0,0.0,537f3d31797dc6faf93a64a51e9683a65e4c3ce87ada46bfc11ec3f1c576bfa6,0.9921875
two_concepts,TwoLayerCNN,5018,release_late,200,0.9921875,0.9604220613292953,0.0,0.0,ea7c7ce4965e79ee1d5ae16d6e3a189edc3e020e30053d4113768c5d137c578f,0.99609375
two_concepts,TwoLayerCNN,5018,retention_0p1,200,0.9921875,0.9640495857775022,0.0,0.0,00a020562445c4c2b728ddb2ac47fd5166363fd5015a32aa2d21ce5ae2dc62a3,0.9921875
two_concepts,TwoLayerCNN,5018,retention_1,200,0.98828125,0.9979525411455339,0.0,0.0,35d958bf1ff2c1ce7233f6108a0188a33c1bade1406d6fa3e0c9ddef8036d567,0.9921875
two_concepts,TwoLayerCNN,5018,template_init,200,0.98828125,0.7221656808655674,0.0,0.0,61ed0c454d4163ed9386b3b88e2adb3bcfbde96a7301174c0b31e6a5afb2be2c,0.9921875
two_concepts,TwoLayerCNN,5019,release_default,200,1.0,0.8978297244622068,0.0,0.0,5848a2f63cf611fbe85d4b2a1a84147bcc681de8245079b8371529e17a752288,0.9921875
two_concepts,TwoLayerCNN,5019,release_early,200,1.0,0.8385718952861374,0.0,0.0,d1b0d1474b2469c4028d2fe78ada30422238c782b4db61c7cd8408ac6b43e2a8,0.9921875
two_concepts,TwoLayerCNN,5019,release_late,200,1.0,0.9615447298991486,0.0,0.0,79b2398b3077c3a2ecdbd6b62f03e8f220bf720d27bad349ad60ac2aee7fa1f4,1.0
two_concepts,TwoLayerCNN,5019,retention_0p1,200,1.0,0.9786514144116345,0.0,0.0,242768723821a8a4a75cf49bcdaea9dd30d0fa369488dfcaba1c15ba71436f79,1.0
two_concepts,TwoLayerCNN,5019,retention_1,200,0.99609375,0.9988444119023387,0.0,0.0,ea87c88af1389257cc4cf34fe17132ec3719564370bfce41fc06c557b1d85205,0.9921875
two_concepts,TwoLayerCNN,5019,template_init,200,1.0,0.7377696842710071,0.0,0.0,1cde81576ee732675aaeac412ce09b61824d59149c89e8b1212d4c83fc585a70,1.0
two_concepts,TwoLayerCNN,5020,release_default,200,0.9921875,0.8635324415058776,0.0,0.0,657d41fd178aad9eaed8d8ae5479c7996951aad371bcd7ab8fc4a16941dbc94f,0.98828125
two_concepts,TwoLayerCNN,5020,release_early,200,0.99609375,0.7851231479705704,0.0,0.0,7a59a03d478a349fb540be3b70775c7db6c5b030b342678cd676b68987f816c5,0.98828125
two_concepts,TwoLayerCNN,5020,release_late,200,0.99609375,0.9457925786818435,0.0,0.0,a7d45202a6b5dfa23a3e6cc9baba3cc0671d6000e15282c20b553c1d831d1d68,0.9921875
two_concepts,TwoLayerCNN,5020,retention_0p1,200,0.9921875,0.9619948059398911,0.0,0.0,eaef6e36911fa43d01eda7597892caee2c2dc3550bb2b66299434800acf064f5,0.98828125
two_concepts,TwoLayerCNN,5020,retention_1,200,0.99609375,0.997359819232207,0.0,0.0,119753872f68327224310e74ae1bcda6abc692b9973f3e4a82914feb83c8c3b7,0.9765625
two_concepts,TwoLayerCNN,5020,template_init,200,0.9921875,0.6683235054183982,0.0,0.0,3e1bee3af13d94cdf0a7749f7949e1dcedd28a26ab3257358cf003e3373e4e8a,0.98828125
two_concepts,TwoLayerCNN,5021,release_default,200,1.0,0.9116720040686367,0.0,0.0,7df2f92cbb961ccb105791b1fca44ca424378782d584bcbdd32cc63fc0f032d9,0.98828125
two_concepts,TwoLayerCNN,5021,release_early,200,1.0,0.864071881082854,0.0,0.0,b192666545bba2e82d67beabe0da55fac742192e7988f3b2cf0ec24827452e5c,0.98828125
two_concepts,TwoLayerCNN,5021,release_late,200,1.0,0.9656983968747026,0.0,0.0,50066d50a2b160e236a48fa52510a11b6900e7dab6bb28d748e29d7edeaa1a04,0.98828125
two_concepts,TwoLayerCNN,5021,retention_0p1,200,1.0,0.9811489168147411,0.0,0.0,30522a7a6582e1e104cf789df668848fb40aa3a4cd23c07f7b96c8929fe77149,0.98828125
two_concepts,TwoLayerCNN,5021,retention_1,200,1.0,0.999231134175065,0.0,0.0,9b96bb5e6c8c9fc9f0aa9f409ef932cfadf76b27d37e9710dd18737fb7aa677d,0.98828125
two_concepts,TwoLayerCNN,5021,template_init,200,1.0,0.7541258498855973,0.0,0.0,8bd59fbd83ffbdd73971131d777b83f2873f64ff6f9eb5cfba5bb5b0bb495747,0.98828125
two_concepts,TwoLayerCNN,5022,release_default,200,1.0,0.8871646988380035,0.0,0.0,f97152924376fc7d03f133ae23d64c3bf56373598b9529cedc887884a25e44d8,0.9921875
two_concepts,TwoLayerCNN,5022,release_early,200,1.0,0.8159374200227008,0.0,0.0,fb26e83f6ca87f97715aec830c9e07b2959ef567fd3dbb93b0231805702b02ec,0.9921875
two_concepts,TwoLayerCNN,5022,release_late,200,1.0,0.9553546863817397,0.0,0.0,204fdfccab07ff5bd5c72a41ca923b88f6f39c175780635ce675e33f65a5d5f2,0.9921875
two_concepts,TwoLayerCNN,5022,retention_0p1,200,1.0,0.9696226311682348,0.0,0.0,2511a59f10bfcd1cbf6e3a38fbed87c86e30f3e46ae559c865856d9f72dcdfe9,0.9921875
two_concepts,TwoLayerCNN,5022,retention_1,200,0.9921875,0.9977347073283827,0.0,0.0,2ada187556a15a63e45b7a0375fc7efbeb07cf2560cf9a580d793106672beca3,0.98828125
two_concepts,TwoLayerCNN,5022,template_init,200,0.99609375,0.718734352701869,0.0,0.0,51b39ff34987b731a6c7606ebac69af0447a3bf15ed1f5f705e9df9e4e22216f,0.9921875
two_concepts,TwoLayerCNN,5023,release_default,200,0.97265625,0.8943195577954584,0.0,0.0,1d69d60b3621a27b15f35a70235f3d86834aac98963c299f46b3080c4e88c6b1,0.984375
two_concepts,TwoLayerCNN,5023,release_early,200,0.9765625,0.8289440083700799,0.0,0.0,45c3a145660115e0db4f536f181fa1fd6bb48262a98c3490016c19003e1bb286,0.984375
two_concepts,TwoLayerCNN,5023,release_late,200,0.9765625,0.9576814202052818,0.0,0.0,1fa0c3fb6b55e056e421ac56d69b8623c5e3800f7d3a6af5cbaedb4604ae464d,0.984375
two_concepts,TwoLayerCNN,5023,retention_0p1,200,0.984375,0.9722132531371346,0.0,0.0,087ab9c149226f0c81b0203ded72bcfbade538b668d9d392f75be69b744a94db,0.9921875
two_concepts,TwoLayerCNN,5023,retention_1,200,0.97265625,0.998256880220558,0.0,0.0,d396bf9066518ce2987aac6b0868f8ccb3649689918a06fdce477d13aa5e29be,0.96875
two_concepts,TwoLayerCNN,5023,template_init,200,0.98046875,0.7300179938800337,0.0,0.0,00c8ba3fb932003251cfbd0e838490111a818fd43536ac551c6d506d69b6bf41,0.984375
two_concepts,TwoLayerCNN,5024,release_default,200,0.9921875,0.9102393163522504,0.0,0.0,f0a305aa83800da46744d0307d23edacdeec2c339108d775ac60da906f5b9e7b,1.0
two_concepts,TwoLayerCNN,5024,release_early,200,1.0,0.8420447090901619,0.0,0.0,b36dd378430af52f1ed03367997fd1c68675cf7aef76a116c6aa31fe7d87f78b,1.0
two_concepts,TwoLayerCNN,5024,release_late,200,0.9921875,0.9734510667101163,0.0,0.0,26c62736c5d4db33bedf4ecb0799a6afc2097428ac294e3181809a77b01d7a91,1.0
two_concepts,TwoLayerCNN,5024,retention_0p1,200,1.0,0.9816956834136383,0.0,0.0,b6c94ebd72f2f45a8ad50a26998f6f38d71f195822f133ce77f9f0067d5c42a0,1.0
two_concepts,TwoLayerCNN,5024,retention_1,200,0.98828125,0.9995186216421551,0.0,0.0,8ba497a8f961d49a603bf436ebad2a7547abb4c9be0efb017635841744f183ff,0.99609375
two_concepts,TwoLayerCNN,5024,template_init,200,0.99609375,0.714835259592566,0.0,0.0,6fde4371b4c094487853a9ce47b307084bbb0f001bb6ca8638547970f1ca5b11,1.0
two_concepts,TwoLayerCNN,5025,release_default,200,1.0,0.9157916786459864,0.0,0.0,2b13cb35d68c3a25fe3ba2f8ac906a963269ffa87c7c1ea32a1146b50aaaf40f,1.0
two_concepts,TwoLayerCNN,5025,release_early,200,1.0,0.8600544763351421,0.0,0.0,b1095786b83a5976071a22f2ef58cef016d86b0620df80d2bc2d9c4f6164cc26,1.0
two_concepts,TwoLayerCNN,5025,release_late,200,1.0,0.9687738263144589,0.0,0.0,e2b961e6b98b5aec4980504fe1c4e4ab30a2dcf55e3518f2dce1894391bb581b,1.0
two_concepts,TwoLayerCNN,5025,retention_0p1,200,1.0,0.9808901956596796,0.0,0.0,ff1078453f28ecb5d359d2807967ec550b960b5d5713e7d3dc84f819b4c15751,1.0
two_concepts,TwoLayerCNN,5025,retention_1,200,1.0,0.9995088375810117,0.0,0.0,e5eaa95749885f6e29a2009cda86cb26126b1c54511424776bcaffa66a709f42,0.99609375
two_concepts,TwoLayerCNN,5025,template_init,200,0.9921875,0.7373066359698044,0.0,0.0,dde037bb75c0f71fc4de86bac529e614d71e32ad9b0aafd2ac5f2a2e973d779e,1.0
two_concepts,TwoLayerCNN,5026,release_default,200,0.99609375,0.8988075341512705,0.0,0.0,db1be7cdca35cb46087ef2534a51fe7d19a8d67b9cf30190cce27049432d2789,0.98046875
two_concepts,TwoLayerCNN,5026,release_early,200,0.99609375,0.8343475976317325,0.0,0.0,bee39a23e3106d96c39250125dee57523f77b4c03adc033e0b11c0bb8214859c,0.98828125
two_concepts,TwoLayerCNN,5026,release_late,200,0.9921875,0.9637144661319632,0.0,0.0,a763dd07bad3f134e6b8bbee6499f9a71cfc843e060d5eb383f0ee2320439eef,0.984375
two_concepts,TwoLayerCNN,5026,retention_0p1,200,0.99609375,0.9798909037690016,0.0,0.0,d9ac9dbc099f20e8f034f5b28923163af27710d4650ec60f5c8fd2d01ef92366,0.98828125
two_concepts,TwoLayerCNN,5026,retention_1,200,0.99609375,0.9990543089543816,0.0,0.0,d5a2ed6918a997f636c28dae837dbbc4e97a2424fb88f952149e82e943f87cda,0.96484375
two_concepts,TwoLayerCNN,5026,template_init,200,1.0,0.7184731841283681,0.0,0.0,b80a4cd277aec33c388c980a480c2e89b6b582dbd1db91403c96b4643d453f39,0.9921875
two_concepts,TwoLayerCNN,5027,release_default,200,0.9921875,0.89797199260717,0.0,0.0,f9deb9557931e9e9378b0b7d40073f771a9ac2653030ef12f643ed5b4da61552,1.0
two_concepts,TwoLayerCNN,5027,release_early,200,0.98828125,0.8397425368949551,0.0,0.0,47b7ae2ed4ac906bcaaea4165d91957a54192d523a2c2991b83f13330cf8de6e,1.0
two_concepts,TwoLayerCNN,5027,release_late,200,0.9921875,0.9583001926962225,0.0,0.0,b8d75f360c0be86bd46b6e4992a49667335aefbce2c07c55e54b6c58a34a2389,1.0
two_concepts,TwoLayerCNN,5027,retention_0p1,200,0.984375,0.9743917603687625,0.0,0.0,a3cc8ef8820254c8d1ec6313840eebae0cd085243745f614df2c20f45453e84c,1.0
two_concepts,TwoLayerCNN,5027,retention_1,200,0.98828125,0.9983507087100273,0.0,0.0,4e07dca2b1a5f6c22bab09acef1fcdcc3082c11f3fc969c7a714f303af020aa9,1.0
two_concepts,TwoLayerCNN,5027,template_init,200,0.984375,0.7378708790444226,0.0,0.0,c5d6b4507f46f898d6f07f7fdf016738bb234274372b968eb2c7b2ee01237323,1.0
two_concepts,TwoLayerCNN,5028,release_default,200,1.0,0.892948412093523,0.0,0.0,658d3232480b784daaf547ba5cd8064a58a55fa3144a0acb4cd275dbba444fc5,1.0
two_concepts,TwoLayerCNN,5028,release_early,200,0.99609375,0.837480130813573,0.0,0.0,14ad63c81061ddf6ebb2900447bc9285de705a31ab0ecb394be05519fd69b2ab,1.0
two_concepts,TwoLayerCNN,5028,release_late,200,1.0,0.9674139790208192,0.0,0.0,206602b32cb644fe7381f2278b151cc88f0999ccb7eacae14003c0ad07f98266,1.0
two_concepts,TwoLayerCNN,5028,retention_0p1,200,0.9921875,0.9785798477029852,0.0,0.0,dc3da0eac56036c000e11c2904147aae5ecce5364f82aed8d9574df4d095b948,1.0
two_concepts,TwoLayerCNN,5028,retention_1,200,0.99609375,0.99871847142196,0.0,0.0,123ff556678a1743d75fdddc86327cc1888f60e818391ae5af627e540b206880,1.0
two_concepts,TwoLayerCNN,5028,template_init,200,1.0,0.7467382387964038,0.0,0.0,17f553eb3782d45cbcd718bd28cc744e9724a7f1827b1be91fcdc4c8ce3b6acb,1.0
two_concepts,TwoLayerCNN,5029,release_default,200,0.98828125,0.9041113920980719,0.0,0.0,9bb34ed1676370d0e174b5204b89ec5f9381392b393a94fdcc64d9e50dda15f7,0.984375
two_concepts,TwoLayerCNN,5029,release_early,200,0.9921875,0.8465965690124034,0.0,0.0,5e6ad0431cfa86ef5df1b2d86051dc34cfc32e103ed84e83e45ec0edba2857a2,0.984375
two_concepts,TwoLayerCNN,5029,release_late,200,0.99609375,0.9650342695561653,0.0,0.0,9db918d3a2ddbaa3a9a6af6236e6feba51812839ab0d61271ddc72646efa271b,0.98828125
two_concepts,TwoLayerCNN,5029,retention_0p1,200,0.99609375,0.9818059703896744,0.0,0.0,68fbac49ae52c442f9380ff6c162f594278574f3256d7ce13cb1f38a4ec3f600,0.984375
two_concepts,TwoLayerCNN,5029,retention_1,200,0.99609375,0.9991640048550514,0.0,0.0,c91dff416ec823382d77ffaa209de18b8fefff2f6587552732dbda19d209ae36,0.98828125
two_concepts,TwoLayerCNN,5029,template_init,200,1.0,0.7433356119760132,0.0,0.0,150cf94cbdb03b72cf937f07194960e3fe9b190a04f82d7dc61a692ba90af77c,0.984375
two_concepts,TwoLayerCNN,5030,release_default,200,0.98828125,0.8963555262886406,0.0,0.0,ce5505a5af7a2e8ba2e85418d8c4a422e37fafe904ef3bbf267de4a89f871c75,0.984375
two_concepts,TwoLayerCNN,5030,release_early,200,0.9921875,0.8459665137042429,0.0,0.0,bdcbcacb0f1d65fd64609bf85a803ac489991cb6f16ac8811f32c062bf23c43a,0.984375
two_concepts,TwoLayerCNN,5030,release_late,200,0.9921875,0.9621128124302925,0.0,0.0,76ab549e076f2461a60d45de709a0ea69037f58257492e7cceefbbab8ad0bc23,0.98828125
two_concepts,TwoLayerCNN,5030,retention_0p1,200,0.9921875,0.9734064133939486,0.0,0.0,fe49db4e6409cf7082fa93eb644ad5fca779067c3a79c05aeb71693fec5beb9c,0.984375
two_concepts,TwoLayerCNN,5030,retention_1,200,0.98828125,0.9990852187696624,0.0,0.0,0c5f6a2ff7a0f345dd60fb276f10fc89c669c5dd8572eefa20fe0c515abd7c71,0.984375
two_concepts,TwoLayerCNN,5030,template_init,200,0.9921875,0.7501838871527134,0.0,0.0,b5c4e62cada764eebc26b16ea068761f27497d3635431004898c1def2ea44147,0.98828125
two_concepts,TwoLayerCNN,5031,release_default,200,0.984375,0.9022401453147872,0.0,0.0,e7b9f12cda548060499f71ef9b309f167f24fb95332e0a0bb25b1de6a5f87101,0.984375
two_concepts,TwoLayerCNN,5031,release_early,200,0.984375,0.8378852313792033,0.0,0.0,3e270fd57820f3196310027fe404c2a2b4c7af1f0213ba6bb25298e9fdcf742e,0.98828125
two_concepts,TwoLayerCNN,5031,release_late,200,0.984375,0.9654547921281185,0.0,0.0,9ca045086e727689270e53c5a4c925c38780d2cf02e53afc389738d4ebeea41f,0.984375
two_concepts,TwoLayerCNN,5031,retention_0p1,200,0.9765625,0.9798857733523844,0.0,0.0,48fd39d272596d3244b449070d5553ae444da6558a4b4e9f94ce222d25f7e271,0.984375
two_concepts,TwoLayerCNN,5031,retention_1,200,0.984375,0.9990674007394368,0.0,0.0,6e47867ae102d82124e6f6f53c727543214d7be73a4eef37b2b2caca780c5a1c,0.984375
two_concepts,TwoLayerCNN,5031,template_init,200,0.984375,0.729833483358331,0.0,0.0,36ffb3773cc387b0f18d66f8013c2d70293bba663eb74c76dd817c32b5d4765a,0.9921875
two_concepts,TwoLayerCNN,5032,release_default,200,0.99609375,0.8999418301854811,0.0,0.0,154fa0d66835d66fe91035de7af04b47fb6f705c0dedb70e8d492193d5fc1d3f,1.0
two_concepts,TwoLayerCNN,5032,release_early,200,0.99609375,0.837486578109859,0.0,0.0,cc6489c13ce9603d414c593776866dd1f777e0dcae698ed3ecfaceb53bff60f6,1.0
two_concepts,TwoLayerCNN,5032,release_late,200,0.9921875,0.9644380349513534,0.0,0.0,44f726448ad2e17a638092bcdff6c08d8e91edaf5254eb8acc57e063acad8ea7,1.0
two_concepts,TwoLayerCNN,5032,retention_0p1,200,0.9921875,0.9780964977481267,0.0,0.0,2d0c14578ca7403101cc6287ae97fcd59081e886190ab3824a4e441d4aeab16e,1.0
two_concepts,TwoLayerCNN,5032,retention_1,200,0.99609375,0.9991045524159914,0.0,0.0,ac8064f1621052ee6ce2e42afcefb46030c9fc5ef450c1edf56c3f9ed1428414,1.0
two_concepts,TwoLayerCNN,5032,template_init,200,1.0,0.7248971960721746,0.0,0.0,cef70c9bfbfa498e4b02f51025a95f3a0863ec5449d8a25f9da5d15c700819d3,1.0
two_concepts,TwoLayerCNN,5033,release_default,200,0.9921875,0.890553466589655,0.0,0.0,9c1e5bce80e661f62536679c0a2b0e428cba5999dcadf164a9f582c499e85c36,0.9921875
two_concepts,TwoLayerCNN,5033,release_early,200,0.9921875,0.8331011692099239,0.0,0.0,73b2b2a70fb330aab15d732d341e9eae1e6f8117aa49b2e7f0c6b0f68f1bbb34,0.98828125
two_concepts,TwoLayerCNN,5033,release_late,200,0.9921875,0.9637269321104979,0.0,0.0,26172d1679f8b49a6fdc48f34887f7400e7d9089b77b12a9eb7c6807af1d88f2,0.98046875
two_concepts,TwoLayerCNN,5033,retention_0p1,200,0.9921875,0.9763853159976138,0.0,0.0,081973c2dcbb3408a90de893c1568f0c7a9b1acc39d1ac9cd2c394cb9e35637f,0.99609375
two_concepts,TwoLayerCNN,5033,retention_1,200,0.99609375,0.9988346877426336,0.0,0.0,22a899c5dba7868db46c51776d6847059b1e5afcb7b2a766082795e9172d546c,0.98828125
two_concepts,TwoLayerCNN,5033,template_init,200,0.9921875,0.7345622293353098,0.0,0.0,bbe8c55a37611ffcab199fb18e0e041d548b370fb9934f3e8e79a50edcb78c3a,0.98828125
two_concepts,TwoLayerCNN,5034,release_default,200,0.99609375,0.8612557917300786,0.0,0.0,23e5db80b4665eeb02c12591253714b452733b0b5e9758c26c71ea1b37e1546f,0.98828125
two_concepts,TwoLayerCNN,5034,release_early,200,0.99609375,0.7991374230425226,0.0,0.0,4d0efa1da5dbbcd3f36185e2a70f81b3113736d1004aabcb6a3c4cb702572a52,0.9921875
two_concepts,TwoLayerCNN,5034,release_late,200,0.9921875,0.9489036948652427,0.0,0.0,65fb0604dd7facc8da385d96a5436b1a2efef43e9b12fcde9d0ab5f94fe49aa5,0.9921875
two_concepts,TwoLayerCNN,5034,retention_0p1,200,0.99609375,0.9629424906327544,0.0,0.0,879a389a2b75d6eba48c3ebdf95dfb999e4025eeb9c46e7236c2d464f494bf5e,0.9921875
two_concepts,TwoLayerCNN,5034,retention_1,200,0.9921875,0.9979864195142089,0.0,0.0,e1e2193b9bd7a94a66e693ba01ed2afa40ff7b1c4379614df9374346fd5692c2,0.9765625
two_concepts,TwoLayerCNN,5034,template_init,200,0.99609375,0.6824630957281468,0.0,0.0,a802f118d3296190f875414ad74c74151cbd35cb21303a9baf13e45e210314b0,0.9921875
two_concepts,TwoLayerCNN,5035,release_default,200,0.9921875,0.9050048271074485,0.0,0.0,8d795aabb270d522011f35de574508a16a47561d61be4acc3d8ef52dc5ef927b,1.0
two_concepts,TwoLayerCNN,5035,release_early,200,0.98828125,0.8446679328120923,0.0,0.0,0ba6357b190e7183d2f9afb2290312922d668b7b0b356019d943ed2e8f9a38f6,1.0
two_concepts,TwoLayerCNN,5035,release_late,200,0.98828125,0.9668561093746546,0.0,0.0,a542ef39b78d9ef9969e2d2cb2c253abd05bd539091a6db97098b3931fdbd85a,0.99609375
two_concepts,TwoLayerCNN,5035,retention_0p1,200,0.984375,0.9751078611172136,0.0,0.0,64dd34097db995d8980f3d3fef5c2d1d2dbcd4b5320e7be908b9810fe72408bc,1.0
two_concepts,TwoLayerCNN,5035,retention_1,200,0.984375,0.9991891364984353,0.0,0.0,41df2abc0c474934cecf95d79ddd4ddc3c31fbd336d3a658da43e89da4bcd7d0,0.9921875
two_concepts,TwoLayerCNN,5035,template_init,200,0.98828125,0.7339520924366717,0.0,0.0,01788941f9d41710900f58ca8d982cb49f7ee1a765c11283aebde0ad3d37b70f,1.0
two_concepts,TwoLayerCNN,5036,release_default,200,0.9765625,0.9018969875110634,0.0,0.0,d185e47bb79310f71899a8ea654b6e272601794ab116963ae803af74c45e6fef,1.0
two_concepts,TwoLayerCNN,5036,release_early,200,0.97265625,0.8464451318975557,0.0,0.0,ee3285e7dab6d48a8f63b8646984d5db248160166973a072bd50eddea133edc9,1.0
two_concepts,TwoLayerCNN,5036,release_late,200,0.98046875,0.9634450371656337,0.0,0.0,d8125db2545388ca011048ef6b25babf60e159279fd82511dc063e609888263e,1.0
two_concepts,TwoLayerCNN,5036,retention_0p1,200,0.97265625,0.9758540270755267,0.0,0.0,38a41fc573b13c5e161089411a74794be114f2c7c37ac2cc56a6b026906d5351,1.0
two_concepts,TwoLayerCNN,5036,retention_1,200,0.97265625,0.9989157187887762,0.0,0.0,7c8e4667183835a1efdbf945cec5e79bf7aeb7954eaae37aea12e81480df8918,0.9921875
two_concepts,TwoLayerCNN,5036,template_init,200,0.9765625,0.750247351013869,0.0,0.0,1b0fc602ae82c719bd3fa17786c504d35543ac05c0b8dc7fff6851403ff64769,1.0
two_concepts,TwoLayerCNN,5037,release_default,200,0.984375,0.8840693254204779,0.0,0.0,8030185a1cbda6eac9030dba9bbf129743d929a4255a087f29d8a94a491ebfc4,0.9921875
two_concepts,TwoLayerCNN,5037,release_early,200,0.9765625,0.8144956353443462,0.0,0.0,563c515a395db2f304b8f6f6fc826477b16aa7e36fdddbdd9f0369c3c28870dd,0.99609375
two_concepts,TwoLayerCNN,5037,release_late,200,0.984375,0.9561029197544215,0.0,0.0,6f5609cb38d688b34ef9aeb83e363970def8f28418d9188631a1285fd665a3ae,0.9921875
two_concepts,TwoLayerCNN,5037,retention_0p1,200,0.98828125,0.9753301523562743,0.0,0.0,702403b2cadf3bdbbd7cd1a68cb6454e14383fe34886ac8b091c40f177c21c74,0.98828125
two_concepts,TwoLayerCNN,5037,retention_1,200,0.984375,0.9987730804340356,0.0,0.0,4c148b0512c645eff82197565aa7e6e22db694757f7c3039f5064f080b07c303,0.98828125
two_concepts,TwoLayerCNN,5037,template_init,200,0.984375,0.7049480028430208,0.0,0.0,f150abf36dac2dfa65ca9acf787fd6f1dce178407682d374611ead5687c71252,0.98828125
two_concepts,TwoLayerCNN,5038,release_default,200,0.97265625,0.8969295105098938,0.0,0.0,13d9fabddbd62a79e6b9525f033ad43a8bc94e85b2ce056b9ca7a2686b41e579,0.9921875
two_concepts,TwoLayerCNN,5038,release_early,200,0.96875,0.830571710329305,0.0,0.0,e0129f940ad5e18faff2cdb11b7a60371ad2c053466742645bf3e27e18dd0703,0.9921875
two_concepts,TwoLayerCNN,5038,release_late,200,0.97265625,0.9621178504570375,0.0,0.0,7d747b76d5d68b03ab415cee16b54cf1488761384b042e17fdc462437fbc7ebe,0.9921875
two_concepts,TwoLayerCNN,5038,retention_0p1,200,0.96484375,0.9798029059244511,0.0,0.0,1513e22a247ac744036463e484ce9b3c761f4f105e09eac50a3ac8cd0e7b9d24,0.9921875
two_concepts,TwoLayerCNN,5038,retention_1,200,0.9765625,0.9990086144755432,0.0,0.0,d04ebb47a909855908c51d86c2999435e65962a67eab267ab4047fce83a21a09,0.984375
two_concepts,TwoLayerCNN,5038,template_init,200,0.9609375,0.7142100655610666,0.0,0.0,c5bcfbe19b9fe16ceda7fbbe1c6cf4846cd048fdac574bb5d0a8f24ec0c5c25b,0.9921875
two_concepts,TwoLayerCNN,5039,release_default,200,1.0,0.8853153276738674,0.0,0.0,2ae5cf4c8c100a6c20084acbc5ee185ebc1257d2a174bb81531d8e397d8a29ce,0.99609375
two_concepts,TwoLayerCNN,5039,release_early,200,1.0,0.8199238431768028,0.0,0.0,f3e00847b6d8172df25f991495c8f0b04e0e2d6636facd35c8913a9e580347e1,0.99609375
two_concepts,TwoLayerCNN,5039,release_late,200,1.0,0.9526146731141885,0.0,0.0,dc02742db0127e3c8be98c9b7f4c75fdd55ed665942511e2ee4aac3810fde719,0.99609375
two_concepts,TwoLayerCNN,5039,retention_0p1,200,1.0,0.9722832837858082,0.0,0.0,64e75ac8be2d3a90a01d256fc85021539dc65b954ae5aa405f0bd74ad5bd4dc1,0.99609375
two_concepts,TwoLayerCNN,5039,retention_1,200,0.99609375,0.9978276936924175,0.0,0.0,370cd7e23f1da8337ff76154612cf639e2ea199c92e6f13590b367af8fc7f8c3,0.9921875
two_concepts,TwoLayerCNN,5039,template_init,200,1.0,0.7206036783658333,0.0,0.0,ee0f8d1a39f59d698f1321825c3dfc7914ee88778378b167d604a07a1959946d,0.9921875
two_concepts,TwoLayerCNN,5040,release_default,200,0.984375,0.897393155221367,0.0,0.0,099022fdd3474946cd3dbd24024c5b119a9e6d0abc1895132e88fa41c9f302f7,0.98828125
two_concepts,TwoLayerCNN,5040,release_early,200,0.98046875,0.8411955453855509,0.0,0.0,10d761c4f2e4dabcbe034ffd75fd3c21c8108d2a85fdcd65f2589c92b7d9fd64,0.984375
two_concepts,TwoLayerCNN,5040,release_late,200,0.984375,0.9612724471300943,0.0,0.0,be3ba7f77b1bdb6e1a004b5565d29d098990c3b50d31bdc93ea2f83d105efe30,0.98828125
two_concepts,TwoLayerCNN,5040,retention_0p1,200,0.9921875,0.9800512687858739,0.0,0.0,d9f940b6b66fd908ffc674d9ad56e87dd36a49bb881547383ec69f7815db9e18,0.9921875
two_concepts,TwoLayerCNN,5040,retention_1,200,0.98046875,0.9990046804503319,0.0,0.0,0ea79bfbfa0f7e54450fb866c9b9b04e71203d46e6795e0547e89845f32b6c3f,0.984375
two_concepts,TwoLayerCNN,5040,template_init,200,0.984375,0.7349204274267496,0.0,0.0,b515d4c446594b36563160f16f949c4aab8953aeb7fdff940a1dc14ab9aa4868,0.9921875
two_concepts,TwoLayerCNN,5041,release_default,200,1.0,0.8926856438371864,0.0,0.0,e1a5c6b0c081a07687e5536bcf0d31fd3e45aec3203d005227a2f53f8d3dbd64,1.0
two_concepts,TwoLayerCNN,5041,release_early,200,1.0,0.8380188777814135,0.0,0.0,8801eecb94f9441be873c0d284e0ab382104a2e679e03618d461e857813ead1b,1.0
two_concepts,TwoLayerCNN,5041,release_late,200,1.0,0.9558415360017186,0.0,0.0,9904d224bdb21d5581b125131fb92df67d08bb3d3a9db01a42f2763edc2f1ea8,1.0
two_concepts,TwoLayerCNN,5041,retention_0p1,200,1.0,0.9756102231025023,0.0,0.0,e0517fede0db25972324600e8255f94426627da12bcbf1b65808014af648289f,1.0
two_concepts,TwoLayerCNN,5041,retention_1,200,1.0,0.9983816211038723,0.0,0.0,c1e1c26155f628a8c493c2b4e85ed30c7e2eef85e59a2d520dcbb76ac3105aaf,0.99609375
two_concepts,TwoLayerCNN,5041,template_init,200,1.0,0.7415015200080033,0.0,0.0,b490758ebcc87f4fddd24032df5f5d4bb87bf66d785705833c08ea1642f98285,1.0
two_concepts,TwoLayerCNN,5042,release_default,200,0.99609375,0.9051067596349847,0.0,0.0,46d6f5748b6c47e7bf470153e234f389e18609ed698fa0326f43241ba68900b0,0.99609375
two_concepts,TwoLayerCNN,5042,release_early,200,0.99609375,0.8506412406765785,0.0,0.0,144ce215268ccc326f15c3830495b48be4fd3c4b33eea10e26dfa4376d25733c,0.99609375
two_concepts,TwoLayerCNN,5042,release_late,200,0.9921875,0.9632319600119004,0.0,0.0,0f15858641513f67035655e2c8039b066076511d174a037ffd1f7e943b135698,0.99609375
two_concepts,TwoLayerCNN,5042,retention_0p1,200,1.0,0.9770734616322951,0.0,0.0,38da3b1e9bc89194522991b00e181b418bf13da493351704672ace6fe8fdc148,1.0
two_concepts,TwoLayerCNN,5042,retention_1,200,0.9921875,0.9989866681207002,0.0,0.0,5e60c6b93fdaeaf097d8ccbd5bc1bc6337c2bceff5c7976925c26402896eb563,0.99609375
two_concepts,TwoLayerCNN,5042,template_init,200,1.0,0.7382993691464349,0.0,0.0,5b1f1b9a43a3c5c8d007c3aa1778f958cbfc306c967b0b7d5a0f4ea33eeed5c9,1.0
two_concepts,TwoLayerCNN,5043,release_default,200,0.99609375,0.9067459600339995,0.0,0.0,5bc5ae33250dcabfeb5d88c13074fb458b0bb1340bb63ee708e040f929f9bfb6,1.0
two_concepts,TwoLayerCNN,5043,release_early,200,0.99609375,0.8496191642503541,0.0,0.0,fc1daf8470321dca5be9f5f8c3c29d0e4415054a71981ab43552f648c5b155ed,1.0
two_concepts,TwoLayerCNN,5043,release_late,200,0.99609375,0.964146647452384,0.0,0.0,25646174cf3d1bad20de3d7d561d2dd8142d8c36775a29286634aa9c67278bc9,1.0
two_concepts,TwoLayerCNN,5043,retention_0p1,200,0.99609375,0.9832675394683288,0.0,0.0,15d19a7464cdd5ca02a0712df1c735820193b2a3ea38ecb54e40c485908ed98b,1.0
two_concepts,TwoLayerCNN,5043,retention_1,200,0.99609375,0.9994405027286687,0.0,0.0,bfdb948337ca58491d04d044769256b7a1960cc2f514b1cadb14bf68634dc742,1.0
two_concepts,TwoLayerCNN,5043,template_init,200,0.99609375,0.7353506564853545,0.0,0.0,5232b310b337825eaac6a4c0f9cfca571eed11af3505617973853254f5428552,1.0
two_concepts,TwoLayerCNN,5044,release_default,200,0.9921875,0.9001451969289018,0.0,0.0,a99916d63e2fcde0dd230b9c43f1ebcae8212204ec3f5df4a5e09e4af85f925c,0.98828125
two_concepts,TwoLayerCNN,5044,release_early,200,0.9921875,0.8332673414919621,0.0,0.0,a667e6179fe6f963ad87ff7dacb793e54f13c0e64c1c83eb9bc191f013206714,0.984375
two_concepts,TwoLayerCNN,5044,release_late,200,0.99609375,0.9608166145394406,0.0,0.0,f61b5654746abd6233995089e0559ddca37bd68eab0bfd60eef57c1a45aea2a7,0.99609375
two_concepts,TwoLayerCNN,5044,retention_0p1,200,1.0,0.9736026227876547,0.0,0.0,9331a23367d34509d03dab92c24ec02617ddb19e8e1772525fe4cc4bebba7112,0.9921875
two_concepts,TwoLayerCNN,5044,retention_1,200,1.0,0.9985245311085472,0.0,0.0,593c525563a21932d69caafad363d830ef2032a46dc37996f728f00f9efe26ef,0.9921875
two_concepts,TwoLayerCNN,5044,template_init,200,0.99609375,0.7437035784030586,0.0,0.0,99c7e500b8783c11f76482938abeb067e9de53e345610b79cafaf51f9b578cbe,0.9921875
two_concepts,TwoLayerCNN,5045,release_default,200,1.0,0.8941325567602589,0.0,0.0,f3e8550f7df463ef51fcb0d6edf13316925b8bade3b1fc10e4bacc972be1c014,0.984375
two_concepts,TwoLayerCNN,5045,release_early,200,1.0,0.8324217047343241,0.0,0.0,ee27d4f4db26891702df7628a6d217e544200553bcc233b7c030c206f832c349,0.98046875
two_concepts,TwoLayerCNN,5045,release_late,200,1.0,0.9589484031084359,0.0,0.0,275944971cc8ae29a2e9e62f9dfbed4a44c6799bbcc71270ecfc5b695f5be3a8,0.984375
two_concepts,TwoLayerCNN,5045,retention_0p1,200,1.0,0.9766095273619003,0.0,0.0,c2b4fcb0548a81105cf5429183aca0e20a2630497418fa4049ed25c8129a7512,0.984375
two_concepts,TwoLayerCNN,5045,retention_1,200,1.0,0.9989095089411573,0.0,0.0,e6c7be2807d0c9cef732ca58a75601681865b0d71e17760b6d0c760e4f1b665c,0.98828125
two_concepts,TwoLayerCNN,5045,template_init,200,1.0,0.7221462134084524,0.0,0.0,a60215a2c99b95b2640e03a1530940653b0c59df2f59e95e39eda4dd61df91d6,0.98046875
two_concepts,TwoLayerCNN,5046,release_default,200,0.99609375,0.872549314558246,0.0,0.0,a2d4faf9f28723563ca20adc6295f0313087cbd32c1471d42b31cc80ff091a47,1.0
two_concepts,TwoLayerCNN,5046,release_early,200,0.99609375,0.806400758166861,0.0,0.0,ada1c1c2af09486ac674fc78bf8e40e3bad7245d7b05f06b58cb3f9c1260d1a1,1.0
two_concepts,TwoLayerCNN,5046,release_late,200,0.99609375,0.9499166395789327,0.0,0.0,7ceb541b68ce38fbe0c16b51ba21a9b8cf518f3ab594a9154d6c461041560c3b,1.0
two_concepts,TwoLayerCNN,5046,retention_0p1,200,0.99609375,0.9694910816923736,0.0,0.0,dab4601055abb2c2b3d8e23184ef93d2fc4d8857ffc4dfffe27b67053fdc4f08,1.0
two_concepts,TwoLayerCNN,5046,retention_1,200,0.99609375,0.9983034665498454,0.0,0.0,d0faaddaa42f0b72ac9de65b136ee5e77d2e1c12cf036717eb3280dbd4165250,1.0
two_concepts,TwoLayerCNN,5046,template_init,200,0.99609375,0.7172022548810266,0.0,0.0,f3cd8e9a87f4aa4aef091a46be103a30da4b2a11a39a93b3417eb3a8c17ffa45,1.0
two_concepts,TwoLayerCNN,5047,release_default,200,0.99609375,0.8872654771099178,0.0,0.0,cd200c59bd0102449d28f4635a765a5a304d32692beb352c8fc8694c0149f7c3,0.98828125
two_concepts,TwoLayerCNN,5047,release_early,200,0.99609375,0.8296158697820873,0.0,0.0,8fd4030f99062aa3b63e927525226e5996905cd9c4e2f7b41a7079a128a01097,0.98828125
two_concepts,TwoLayerCNN,5047,release_late,200,0.99609375,0.9541624426920905,0.0,0.0,e53d8e084844423e761e70d93b337b41196b0941b73fdb483a5f7f74a8ce697d,0.98828125
two_concepts,TwoLayerCNN,5047,retention_0p1,200,0.99609375,0.9759762937379871,0.0,0.0,a3a34009bd09f91a8486fac2b5fe5e87c7e35dc42e435b325cf290b38f8cd142,0.98828125
two_concepts,TwoLayerCNN,5047,retention_1,200,0.9921875,0.9984572783099377,0.0,0.0,1502cbc4c3e93a1250fed95201ec6956e69ecd3a52625ab1888f31a00430a84c,0.984375
two_concepts,TwoLayerCNN,5047,template_init,200,0.99609375,0.7469670255760145,0.0,0.0,e9c3b43cb62aa26b783dc315acdc36aa371ca10c9f8d5b2a7ca3dc7fce4396e4,0.98828125
two_concepts,TwoLayerCNN,5048,release_default,200,0.9921875,0.8847473224535376,0.0,0.0,b34f505921756bcafe531adb8400ed77ed7a6287456c592c17ddd746d5185771,0.99609375
two_concepts,TwoLayerCNN,5048,release_early,200,0.9921875,0.8243071031014918,0.0,0.0,ca792a45d7a917b09fbf2f8ae88612d3f677680d999cb3b6d8e33706ee91a85f,1.0
two_concepts,TwoLayerCNN,5048,release_late,200,0.98828125,0.953672954250604,0.0,0.0,0390db6272c4bee70e908d21241bf28767570f25e63a87e20dedcb9933eb981c,1.0
two_concepts,TwoLayerCNN,5048,retention_0p1,200,0.98828125,0.9697761039754783,0.0,0.0,53bb65b20d68405b3af3b74cb4f4fab6c62e053ebcf48b935d2cfe5ff3493ac8,0.9921875
two_concepts,TwoLayerCNN,5048,retention_1,200,0.98828125,0.9982306578493199,0.0,0.0,f203a18cde30a3434931e584e80e114bb47f6a81a78a404529f76435e7a214c6,0.984375
two_concepts,TwoLayerCNN,5048,template_init,200,0.98828125,0.7317368519878522,0.0,0.0,26f8100a77e7dd23a1797704b1e6ffbb323fe8fa8b84efec2db336883c0323b2,1.0
two_concepts,TwoLayerCNN,5049,release_default,200,1.0,0.8990376743163719,0.0,0.0,d018c6c82df308955f68ad48f1bd7520b8fcdfc144dc7cbc0a3fb5a4dbd308d6,0.984375
two_concepts,TwoLayerCNN,5049,release_early,200,1.0,0.837696545230784,0.0,0.0,c6e2141d22fd91f64535e934a04b4f9627171ab79fa63d9a9d8e1d6e5768203b,0.9921875
two_concepts,TwoLayerCNN,5049,release_late,200,1.0,0.9656682576722027,0.0,0.0,502f73783e54bfe8daa67ca1770d80298ffb391a378d53003c12d0cc9e4729b4,0.984375
two_concepts,TwoLayerCNN,5049,retention_0p1,200,1.0,0.9766625706074011,0.0,0.0,76d7d160be53c40ba247f6822b8e8e1a9185874b1dd602597296e5d7c336f5fd,0.9921875
two_concepts,TwoLayerCNN,5049,retention_1,200,1.0,0.9991553271279958,0.0,0.0,cf44865586579211d4bc7c4ab0a0e37af4bbe1f807263e9b14115a2f0e7786e6,0.984375
two_concepts,TwoLayerCNN,5049,template_init,200,1.0,0.7109254630895527,0.0,0.0,248e9418fceded42b365c5d9e38ff70f6eed130331678d8e68dbfdf4781b4612,0.984375
