task,architecture,profile,method,k,metric,n,mean,sd,ci_low,ci_high
single_shape,TinyCNN,template_init,contrast,1,fidelity,50,-0.11484682424130123,0.033010162295774706,-0.1242282085651641,-0.10546543991743836
single_shape,TinyCNN,template_init,contrast,2,fidelity,50,-0.20854094698199993,0.07002803740922263,-0.22844269501023834,-0.18863919895376152
single_shape,TinyCNN,template_init,contrast,3,fidelity,50,-0.21826700355227943,0.0615754202500946,-0.2357665443631844,-0.20076746274137447
single_shape,TinyCNN,template_init,contrast,4,fidelity,50,-0.17880460018459313,0.06488243976608159,-0.19724398554300462,-0.16036521482618163
single_shape,TinyCNN,template_init,contrast,5,fidelity,50,-0.11452544336333145,0.056676758556601814,-0.1306327999248084,-0.09841808680185452
single_shape,TinyCNN,template_init,contrast,6,fidelity,50,-0.06703392093070086,0.05322772803944418,-0.08216107386469279,-0.05190676799670894
single_shape,TinyCNN,template_init,contrast,7,fidelity,50,-0.027061890968291848,0.05053733565857202,-0.04142444284759023,-0.01269933908899346
single_shape,TinyCNN,template_init,contrast,8,fidelity,50,-0.008511853344825961,0.04517104026972758,-0.021349320948953525,0.004325614259301603
single_shape,TinyCNN,template_init,contrast,9,fidelity,50,0.018123118934072487,0.032814068245845346,0.00879746392258096,0.02744877394556401
single_shape,TinyCNN,template_init,contrast,10,fidelity,50,0.02074575681834721,0.02501095504083821,0.013637722042795918,0.027853791593898503
single_shape,TinyCNN,template_init,contrast,11,fidelity,50,0.02175628805229075,0.017879588211051893,0.01667496530515128,0.02683761079943022
single_shape,TinyCNN,template_init,contrast,12,fidelity,50,0.016430734010946316,0.012349862374364052,0.012920941958347023,0.019940526063545606
single_shape,TinyCNN,template_init,contrast,13,fidelity,50,0.010089069842796911,0.007048297206095582,0.008085965940225209,0.012092173745368614
single_shape,TinyCNN,template_init,contrast,14,fidelity,50,0.0048788409025064365,0.002994697381997703,0.0040277573233813944,0.005729924481631479
single_shape,TinyCNN,template_init,contrast,15,fidelity,50,0.001499999571265198,0.0008222425389524264,0.0012663208272400933,0.0017336783152903028
single_shape,TinyCNN,template_init,contrast,16,fidelity,50,0.0,0.0,0.0,0.0
single_shape,TinyCNN,retention_0p1,contrast,1,fidelity,50,-0.0652176643512294,0.03664528877547953,-0.07563214018995365,-0.05480318851250515
single_shape,TinyCNN,retention_0p1,contrast,2,fidelity,50,-0.11006960423713527,0.06373641878856365,-0.12818329403740403,-0.09195591443686653
single_shape,TinyCNN,retention_0p1,contrast,3,fidelity,50,-0.11975340136108273,0.0634137951672461,-0.13777540254266438,-0.10173140017950108
single_shape,TinyCNN,retention_0p1,contrast,4,fidelity,50,-0.0902372029512096,0.060539838126697026,-0.10744243457903739,-0.07303197132338181
single_shape,TinyCNN,retention_0p1,contrast,5,fidelity,50,-0.04076631162845078,0.04651509702562833,-0.053985755936213124,-0.02754686732068843
single_shape,TinyCNN,retention_0p1,contrast,6,fidelity,50,-0.02736845053777932,0.038152542406492684,-0.03821128311887203,-0.01652561795668661
single_shape,TinyCNN,retention_0p1,contrast,7,fidelity,50,-0.022119784061991207,0.03937580130149669,-0.03331026297450124,-0.010929305149481181
single_shape,TinyCNN,retention_0p1,contrast,8,fidelity,50,-0.007623319235861736,0.03140864385346261,-0.016549557054401094,0.0013029185826776216
single_shape,TinyCNN,retention_0p1,contrast,9,fidelity,50,0.008948560209698647,0.02543754628624469,0.0017192895436208252,0.01617783087577647
single_shape,TinyCNN,retention_0p1,contrast,10,fidelity,50,0.013458355610758876,0.017762793310315828,0.008410225607146531,0.01850648561437122
single_shape,TinyCNN,retention_0p1,contrast,11,fidelity,50,0.012441353140377748,0.013778073020468419,0.00852566811317007,0.016357038167585426
single_shape,TinyCNN,retention_0p1,contrast,12,fidelity,50,0.009867378570437626,0.01134243801522626,0.0066438933528550955,0.013090863788020156
single_shape,TinyCNN,retention_0p1,contrast,13,fidelity,50,0.006890652270092034,0.007059138373743482,0.004884467341764897,0.008896837198419171
single_shape,TinyCNN,retention_0p1,contrast,14,fidelity,50,0.0036167875264530337,0.0033104780275126527,0.0026759600808462314,0.004557614972059836
single_shape,TinyCNN,retention_0p1,contrast,15,fidelity,50,0.0012052882494998673,0.0008104893628421283,0.0009749497211673968,0.0014356267778323378
single_shape,TinyCNN,retention_0p1,contrast,16,fidelity,50,0.0,0.0,0.0,0.0
single_shape,TinyCNN,release_early,contrast,1,fidelity,50,-0.10686329929081843,0.03739777007692212,-0.117491627949232,-0.09623497063240487
single_shape,TinyCNN,release_early,contrast,2,fidelity,50,-0.20323008043119864,0.06895907610211523,-0.22282803301731052,-0.18363212784508676
single_shape,TinyCNN,release_early,contrast,3,fidelity,50,-0.21400207376054964,0.06881957366887496,-0.23356038019380063,-0.19444376732729865
single_shape,TinyCNN,release_early,contrast,4,fidelity,50,-0.1662159569289734,0.0708204812495317,-0.18634291500478462,-0.14608899885316218
single_shape,TinyCNN,release_early,contrast,5,fidelity,50,-0.09725676397157304,0.06392616381354264,-0.11542437871128677,-0.07908914923185931
single_shape,TinyCNN,release_early,contrast,6,fidelity,50,-0.05648765527009798,0.04479385564974052,-0.06921792819128388,-0.04375738234891209
single_shape,TinyCNN,release_early,contrast,7,fidelity,50,-0.02831304195708925,0.04591395407357646,-0.04136164332817503,-0.015264440586003463
single_shape,TinyCNN,release_early,contrast,8,fidelity,50,-0.006774127217251718,0.04184003302687566,-0.018664933037327264,0.0051166786028238286
single_shape,TinyCNN,release_early,contrast,9,fidelity,50,0.019463264651734865,0.032156225039817805,0.010324566610805594,0.028601962692664136
single_shape,TinyCNN,release_early,contrast,10,fidelity,50,0.023723401033278524,0.02331180153170743,0.017098260342026734,0.030348541724530314
single_shape,TinyCNN,release_early,contrast,11,fidelity,50,0.024749477238016473,0.014166367757026602,0.020723440067673418,0.02877551440835953
single_shape,TinyCNN,release_early,contrast,12,fidelity,50,0.018049344695917183,0.009842305316318809,0.015252192474190473,0.020846496917643894
single_shape,TinyCNN,release_early,contrast,13,fidelity,50,0.010416903829233139,0.006435923851778765,0.008587834508347648,0.01224597315011863
single_shape,TinyCNN,release_early,contrast,14,fidelity,50,0.004860687445097465,0.002797492196800217,0.004065648959493001,0.005655725930701928
single_shape,TinyCNN,release_early,contrast,15,fidelity,50,0.001517944052741953,0.0008037155434803599,0.001289530622571793,0.0017463574829121129
single_shape,TinyCNN,release_early,contrast,16,fidelity,50,0.0,0.0,0.0,0.0
single_shape,TinyCNN,release_default,contrast,1,fidelity,50,-0.10983783907229958,0.033728660891710796,-0.11942341843780559,-0.10025225970679356
single_shape,TinyCNN,release_default,contrast,2,fidelity,50,-0.2036835964690169,0.07252551042804754,-0.2242951184758908,-0.18307207446214302
single_shape,TinyCNN,release_default,contrast,3,fidelity,50,-0.21252672305866266,0.07836675308138212,-0.23479830785980177,-0.19025513825752355
single_shape,TinyCNN,release_default,contrast,4,fidelity,50,-0.16970436574301703,0.07292597062787916,-0.19042969727943423,-0.14897903420659983
single_shape,TinyCNN,release_default,contrast,5,fidelity,50,-0.09531466510331274,0.053740128229671814,-0.11058744056012278,-0.0800418896465027
single_shape,TinyCNN,release_default,contrast,6,fidelity,50,-0.0513174780255092,0.0371906927960607,-0.061886955971857345,-0.04074800007916105
single_shape,TinyCNN,release_default,contrast,7,fidelity,50,-0.027620818391758794,0.04001271473438217,-0.038992306099117864,-0.016249330684399724
single_shape,TinyCNN,release_default,contrast,8,fidelity,50,-3.913157510583964e-05,0.04128026082526659,-0.011770851895690165,0.011692588745478487
single_shape,TinyCNN,release_default,contrast,9,fidelity,50,0.01832018756273589,0.02460012961350974,0.011328908081789038,0.025311467043682742
single_shape,TinyCNN,release_default,contrast,10,fidelity,50,0.021765985979476064,0.019254173409775394,0.016294010441248404,0.027237961517703725
single_shape,TinyCNN,release_default,contrast,11,fidelity,50,0.023168307018421926,0.015212338049778859,0.01884500837993673,0.02749160565690712
single_shape,TinyCNN,release_default,contrast,12,fidelity,50,0.01748636682913516,0.010053392430232743,0.01462922431339844,0.02034350934487188
single_shape,TinyCNN,release_default,contrast,13,fidelity,50,0.01026499390200979,0.006491182282089039,0.008420220308990489,0.012109767495029091
single_shape,TinyCNN,release_default,contrast,14,fidelity,50,0.004895147898745979,0.0028130193353987213,0.004095696649176975,0.005694599148314983
single_shape,TinyCNN,release_default,contrast,15,fidelity,50,0.0015235018994572648,0.0008175339188001479,0.0012911613304731613,0.0017558424684413682
single_shape,TinyCNN,release_default,contrast,16,fidelity,50,0.0,0.0,0.0,0.0
single_shape,TinyCNN,release_late,contrast,1,fidelity,50,-0.1059609607948434,0.032826393236654844,-0.11529011852996701,-0.0966318030597198
single_shape,TinyCNN,release_late,contrast,2,fidelity,50,-0.2020371096506008,0.06555263276950142,-0.22066696175315942,-0.18340725754804216
single_shape,TinyCNN,release_late,contrast,3,fidelity,50,-0.20075830466763261,0.06998471513465876,-0.22064774064166703,-0.1808688686935982
single_shape,TinyCNN,release_late,contrast,4,fidelity,50,-0.14983845124984385,0.06282318234758802,-0.1676926021252632,-0.1319843003744245
single_shape,TinyCNN,release_late,contrast,5,fidelity,50,-0.08398443504563494,0.053528580224244955,-0.09919708922451627,-0.0687717808667536
single_shape,TinyCNN,release_late,contrast,6,fidelity,50,-0.04566158621790832,0.036495309663060804,-0.05603343846449313,-0.03528973397132351
single_shape,TinyCNN,release_late,contrast,7,fidelity,50,-0.02168952980059897,0.036109331515499984,-0.03195168827135692,-0.01142737132984102
single_shape,TinyCNN,release_late,contrast,8,fidelity,50,0.0009320342271337401,0.03304768195498964,-0.00846001306589729,0.010324081520164771
single_shape,TinyCNN,release_late,contrast,9,fidelity,50,0.016225131773056182,0.02561455248486375,0.00894555650192757,0.023504707044184794
single_shape,TinyCNN,release_late,contrast,10,fidelity,50,0.017583903159377145,0.016652968692806788,0.01285118182221262,0.02231662449654167
single_shape,TinyCNN,release_late,contrast,11,fidelity,50,0.016372859853403313,0.015376991424641844,0.012002767243535297,0.02074295246327133
single_shape,TinyCNN,release_late,contrast,12,fidelity,50,0.015017812592725228,0.00985642078955234,0.012216648797891715,0.017818976387558742
single_shape,TinyCNN,release_late,contrast,13,fidelity,50,0.009580455340470036,0.006114602631788179,0.007842704499909921,0.01131820618103015
single_shape,TinyCNN,release_late,contrast,14,fidelity,50,0.004860317665773175,0.0028837065757403423,0.00404077732477541,0.005679858006770939
single_shape,TinyCNN,release_late,contrast,15,fidelity,50,0.0014975656538408222,0.0008341042127217881,0.0012605158594295486,0.0017346154482520957
single_shape,TinyCNN,release_late,contrast,16,fidelity,50,0.0,0.0,0.0,0.0
single_shape,TinyCNN,template_init,auroc,1,fidelity,50,-0.14021199080465435,0.04182581310137087,-0.15209875536661605,-0.12832522624269266
single_shape,TinyCNN,template_init,auroc,2,fidelity,50,-0.22236574925615663,0.06917291823813293,-0.24202447510489722,-0.20270702340741603
single_shape,TinyCNN,template_init,auroc,3,fidelity,50,-0.2216561824604401,0.07063587028204635,-0.24173067467980194,-0.20158169024107828
single_shape,TinyCNN,template_init,auroc,4,fidelity,50,-0.17544741703134561,0.0676495715591709,-0.19467321254409534,-0.1562216215185959
single_shape,TinyCNN,template_init,auroc,5,fidelity,50,-0.12709024788074716,0.07235989136187418,-0.14765470146980442,-0.10652579429168989
single_shape,TinyCNN,template_init,auroc,6,fidelity,50,-0.0702603985151391,0.059183551191272096,-0.08708017766076918,-0.053440619369509015
single_shape,TinyCNN,template_init,auroc,7,fidelity,50,-0.04095443860002729,0.06134485884632263,-0.05838845458498158,-0.023520422615072988
single_shape,TinyCNN,template_init,auroc,8,fidelity,50,-0.01712333131692836,0.051561098614470786,-0.03177683340906619,-0.0024698292247905297
single_shape,TinyCNN,template_init,auroc,9,fidelity,50,0.007304328567800507,0.034327592650457824,-0.0024514653201979323,0.017060122455798944
single_shape,TinyCNN,template_init,auroc,10,fidelity,50,0.01270421418238402,0.026856496423752298,0.005071682349121302,0.020336746015646737
single_shape,TinyCNN,template_init,auroc,11,fidelity,50,0.015514766554377873,0.016001608941292322,0.010967159610390239,0.020062373498365507
single_shape,TinyCNN,template_init,auroc,12,fidelity,50,0.012513418419043267,0.011117548075395625,0.009353846215193227,0.015672990622893308
single_shape,TinyCNN,template_init,auroc,13,fidelity,50,0.007920183422054526,0.005467428108111783,0.006366357546080189,0.009474009298028862
single_shape,TinyCNN,template_init,auroc,14,fidelity,50,0.004505977664405616,0.0031603256465046223,0.003607823053326493,0.005404132275484739
single_shape,TinyCNN,template_init,auroc,15,fidelity,50,0.0015030131513262645,0.0009151606662862037,0.0012429273676943485,0.0017630989349581806
single_shape,TinyCNN,template_init,auroc,16,fidelity,50,0.0,0.0,0.0,0.0
single_shape,TinyCNN,retention_0p1,auroc,1,fidelity,50,-0.07725972346347404,0.036919484276994416,-0.08775212480151989,-0.06676732212542819
single_shape,TinyCNN,retention_0p1,auroc,2,fidelity,50,-0.11362861970454405,0.06639448807522731,-0.13249772443777239,-0.09475951497131571
single_shape,TinyCNN,retention_0p1,auroc,3,fidelity,50,-0.10311264163468749,0.0688024937004135,-0.12266609399460976,-0.08355918927476522
single_shape,TinyCNN,retention_0p1,auroc,4,fidelity,50,-0.07787501125539135,0.057226146621642014,-0.09413850217739961,-0.06161152033338311
single_shape,TinyCNN,retention_0p1,auroc,5,fidelity,50,-0.04540998453400922,0.04782825487690891,-0.059002624173875036,-0.0318173448941434
single_shape,TinyCNN,retention_0p1,auroc,6,fidelity,50,-0.033996458591010456,0.042924698007367125,-0.046195522787808016,-0.021797394394212896
single_shape,TinyCNN,retention_0p1,auroc,7,fidelity,50,-0.02423280493940269,0.03693118291518458,-0.03472853099363577,-0.013737078885169611
single_shape,TinyCNN,retention_0p1,auroc,8,fidelity,50,-0.010412840413207329,0.03357564996197323,-0.019954934553625445,-0.0008707462727892152
single_shape,TinyCNN,retention_0p1,auroc,9,fidelity,50,0.0027684441445247863,0.0286235492045613,-0.005366278532538835,0.010903166821588407
single_shape,TinyCNN,retention_0p1,auroc,10,fidelity,50,0.007403640321187759,0.02276031249724444,0.000935231079370726,0.013872049563004793
single_shape,TinyCNN,retention_0p1,auroc,11,fidelity,50,0.008513531907019289,0.013297623978832947,0.00473438898667035,0.012292674827368228
single_shape,TinyCNN,retention_0p1,auroc,12,fidelity,50,0.007830681066143397,0.008823097475169881,0.005323184507967803,0.010338177624318991
single_shape,TinyCNN,retention_0p1,auroc,13,fidelity,50,0.005029875044518941,0.006136975933091874,0.0032857657820812578,0.0067739843069566244
single_shape,TinyCNN,retention_0p1,auroc,14,fidelity,50,0.0034229853603656778,0.0034900114026149673,0.0024311350940982622,0.004414835626633093
single_shape,TinyCNN,retention_0p1,auroc,15,fidelity,50,0.0010847631647049405,0.0011244902865823264,0.0007651865612227513,0.00140433976818713
single_shape,TinyCNN,retention_0p1,auroc,16,fidelity,50,0.0,0.0,0.0,0.0
single_shape,TinyCNN,release_early,auroc,1,fidelity,50,-0.13166178996708242,0.040623644104973496,-0.14320690188049354,-0.12011667805367131
single_shape,TinyCNN,release_early,auroc,2,fidelity,50,-0.21237742579513388,0.07237173025739344,-0.23294524396107028,-0.1918096076291975
single_shape,TinyCNN,release_early,auroc,3,fidelity,50,-0.20345252208147183,0.0762683576041514,-0.2251277494863955,-0.18177729467654816
single_shape,TinyCNN,release_early,auroc,4,fidelity,50,-0.15183036350974752,0.07293863652448503,-0.17255929465415215,-0.13110143236534288
single_shape,TinyCNN,release_early,auroc,5,fidelity,50,-0.09500830727835226,0.06108693472623383,-0.11236902203942081,-0.0776475925172837
single_shape,TinyCNN,release_early,auroc,6,fidelity,50,-0.06037474571124127,0.04947691196186409,-0.0744359285104421,-0.04631356291204043
single_shape,TinyCNN,release_early,auroc,7,fidelity,50,-0.037340415491793656,0.04459286182005108,-0.05001356659860776,-0.02466726438497955
single_shape,TinyCNN,release_early,auroc,8,fidelity,50,-0.009853320648737944,0.04327689019771031,-0.02215247675856119,0.0024458354610853005
single_shape,TinyCNN,release_early,auroc,9,fidelity,50,0.005017487933806401,0.026953799283658614,-0.002642697066272433,0.012677672933885236
single_shape,TinyCNN,release_early,auroc,10,fidelity,50,0.015092698853272815,0.022823973737614075,0.008606197287125774,0.021579200419419856
single_shape,TinyCNN,release_early,auroc,11,fidelity,50,0.01719593146595983,0.01311789436107536,0.013467867137817047,0.020923995794102614
single_shape,TinyCNN,release_early,auroc,12,fidelity,50,0.014142576828500446,0.007980432932565076,0.011874562883570885,0.016410590773430007
single_shape,TinyCNN,release_early,auroc,13,fidelity,50,0.00799895711021397,0.004935751717128404,0.006596231992698428,0.00940168222772951
single_shape,TinyCNN,release_early,auroc,14,fidelity,50,0.004618515835078519,0.0031164943233946735,0.00373281794819946,0.005504213721957577
single_shape,TinyCNN,release_early,auroc,15,fidelity,50,0.0014970219621180036,0.0009144973812867538,0.0012371246819972287,0.0017569192422387785
single_shape,TinyCNN,release_early,auroc,16,fidelity,50,0.0,0.0,0.0,0.0
single_shape,TinyCNN,release_default,auroc,1,fidelity,50,-0.12657670139045785,0.03876181063765646,-0.13759268608700073,-0.11556071669391495
single_shape,TinyCNN,release_default,auroc,2,fidelity,50,-0.20519341509910194,0.0710983393393248,-0.2253993395703064,-0.1849874906278975
single_shape,TinyCNN,release_default,auroc,3,fidelity,50,-0.2032667642183883,0.07945039105588689,-0.2258463155243774,-0.1806872129123992
single_shape,TinyCNN,release_default,auroc,4,fidelity,50,-0.14961748605331565,0.06878620130207644,-0.16916630816486206,-0.13006866394176925
single_shape,TinyCNN,release_default,auroc,5,fidelity,50,-0.09411295255653095,0.05292921698694081,-0.10915526958807069,-0.0790706355249912
single_shape,TinyCNN,release_default,auroc,6,fidelity,50,-0.061069252073144564,0.04849139190991768,-0.07485035317255424,-0.047288150973734885
single_shape,TinyCNN,release_default,auroc,7,fidelity,50,-0.03065736275490919,0.042707369260545816,-0.04279466280525131,-0.018520062704567075
single_shape,TinyCNN,release_default,auroc,8,fidelity,50,-0.006610065555349753,0.0439083076838163,-0.01908866852922934,0.005868537418529833
single_shape,TinyCNN,release_default,auroc,9,fidelity,50,0.0036766744166528077,0.030026934902974443,-0.004856886062947508,0.012210234896253122
single_shape,TinyCNN,release_default,auroc,10,fidelity,50,0.009484481326313044,0.025693560326275157,0.002182452275095806,0.016786510377530282
single_shape,TinyCNN,release_default,auroc,11,fidelity,50,0.014374217425190397,0.012930431348309662,0.01069942949579738,0.01804900535458341
single_shape,TinyCNN,release_default,auroc,12,fidelity,50,0.01319302978380503,0.008475681868110648,0.010784267648705811,0.015601791918904248
single_shape,TinyCNN,release_default,auroc,13,fidelity,50,0.00797174017779017,0.005080805101582551,0.006527791344533746,0.009415689011046592
single_shape,TinyCNN,release_default,auroc,14,fidelity,50,0.004535769346599123,0.003216249155527626,0.003621721450107375,0.005449817243090871
single_shape,TinyCNN,release_default,auroc,15,fidelity,50,0.0014650890922265792,0.0010080053165932076,0.001178617150927812,0.0017515610335253463
single_shape,TinyCNN,release_default,auroc,16,fidelity,50,0.0,0.0,0.0,0.0
single_shape,TinyCNN,release_late,auroc,1,fidelity,50,-0.12040226704773041,0.034872724186875786,-0.1303129856042104,-0.11049154849125042
single_shape,TinyCNN,release_late,auroc,2,fidelity,50,-0.18484772026487253,0.06434152704124813,-0.2031333799277887,-0.16656206060195636
single_shape,TinyCNN,release_late,auroc,3,fidelity,50,-0.17386270144070537,0.07334596828124682,-0.19470739498952525,-0.1530180078918855
single_shape,TinyCNN,release_late,auroc,4,fidelity,50,-0.12881317910969495,0.058440469761417334,-0.14542177684958305,-0.11220458136980685
single_shape,TinyCNN,release_late,auroc,5,fidelity,50,-0.07951774539332922,0.05445186858362736,-0.09499279522066284,-0.0640426955659956
single_shape,TinyCNN,release_late,auroc,6,fidelity,50,-0.05428933090841314,0.042754557613261114,-0.06644004174021297,-0.042138620076613315
single_shape,TinyCNN,release_late,auroc,7,fidelity,50,-0.027708051014972365,0.0404870913045651,-0.03921435505189827,-0.01620174697804646
single_shape,TinyCNN,release_late,auroc,8,fidelity,50,-0.003126366996345875,0.03291671613575737,-0.012481194215373671,0.006228460222681922
single_shape,TinyCNN,release_late,auroc,9,fidelity,50,0.007597752814445833,0.02893585965125443,-0.0006257275095064435,0.01582123313839811
single_shape,TinyCNN,release_late,auroc,10,fidelity,50,0.010925982616431447,0.02409290076803919,0.004078855978384054,0.01777310925447884
single_shape,TinyCNN,release_late,auroc,11,fidelity,50,0.010998066724276431,0.013471916910675908,0.007169390300762591,0.014826743147790271
single_shape,TinyCNN,release_late,auroc,12,fidelity,50,0.010206818913901435,0.008553945471770278,0.007775814508742384,0.012637823319060486
single_shape,TinyCNN,release_late,auroc,13,fidelity,50,0.007143021357464608,0.00480555913010375,0.005777296563790326,0.008508746151138889
single_shape,TinyCNN,release_late,auroc,14,fidelity,50,0.004369084859973987,0.0031202630282610336,0.0034823159190226173,0.005255853800925356
single_shape,TinyCNN,release_late,auroc,15,fidelity,50,0.0014439111985996677,0.00100278973841241,0.0011589215082194752,0.0017289008889798602
single_shape,TinyCNN,release_late,auroc,16,fidelity,50,0.0,0.0,0.0,0.0
single_shape,TinyCNN,template_init,validation_patch,1,fidelity,50,-0.1596166680822353,0.04859401897071164,-0.17342693546961138,-0.1458064006948592
single_shape,TinyCNN,template_init,validation_patch,2,fidelity,50,-0.19246996497666047,0.06946541151194571,-0.2122118164940723,-0.17272811345924863
single_shape,TinyCNN,template_init,validation_patch,3,fidelity,50,-0.1878780622713198,0.08319189654624293,-0.2115209376724881,-0.1642351868701515
single_shape,TinyCNN,template_init,validation_patch,4,fidelity,50,-0.17287765908457373,0.07769989480869512,-0.19495972486155386,-0.1507955933075936
single_shape,TinyCNN,template_init,validation_patch,5,fidelity,50,-0.1310033180328158,0.07095882530576637,-0.15116959305438543,-0.1108370430112462
single_shape,TinyCNN,template_init,validation_patch,6,fidelity,50,-0.08033609995377793,0.061910199298323934,-0.09793078391747553,-0.06274141599008032
single_shape,TinyCNN,template_init,validation_patch,7,fidelity,50,-0.0424295658443145,0.05589094561329203,-0.05831359683829496,-0.02654553485033405
single_shape,TinyCNN,template_init,validation_patch,8,fidelity,50,-0.01633375251598214,0.04602900370041234,-0.029415050629240637,-0.0032524544027236393
single_shape,TinyCNN,template_init,validation_patch,9,fidelity,50,0.003799291054690506,0.030016775232950075,-0.00473138207863601,0.012329964188017021
single_shape,TinyCNN,template_init,validation_patch,10,fidelity,50,0.008717149034553411,0.01858730959258042,0.0034346940962164396,0.013999603972890382
single_shape,TinyCNN,template_init,validation_patch,11,fidelity,50,0.0077812420241778505,0.008863788918776221,0.005262181085683753,0.010300302962671948
single_shape,TinyCNN,template_init,validation_patch,12,fidelity,50,0.0047197876405773755,0.0037709666806021295,0.00364809076777108,0.005791484513383671
single_shape,TinyCNN,template_init,validation_patch,13,fidelity,50,0.0023811642017317045,0.0020602505738024374,0.0017956474671237787,0.00296668093633963
single_shape,TinyCNN,template_init,validation_patch,14,fidelity,50,0.001156036298963341,0.00086727314348241,0.0009095599987297433,0.0014025125991969389
single_shape,TinyCNN,template_init,validation_patch,15,fidelity,50,0.0003719224117713016,0.00023050263421010546,0.00030641428794530716,0.000437430535597296
single_shape,TinyCNN,template_init,validation_patch,16,fidelity,50,0.0,0.0,0.0,0.0
single_shape,TinyCNN,retention_0p1,validation_patch,1,fidelity,50,-0.06766095632201181,0.04599797634443879,-0.08073343655826828,-0.054588476085755344
single_shape,TinyCNN,retention_0p1,validation_patch,2,fidelity,50,-0.07508517088239992,0.05595080896085131,-0.09098621485151617,-0.059184126913283674
single_shape,TinyCNN,retention_0p1,validation_patch,3,fidelity,50,-0.06177384819536469,0.06180208614880783,-0.07933780674193208,-0.0442098896487973
single_shape,TinyCNN,retention_0p1,validation_patch,4,fidelity,50,-0.045057417390740186,0.059744678214274406,-0.0620366670718412,-0.028078167709639165
single_shape,TinyCNN,retention_0p1,validation_patch,5,fidelity,50,-0.019472834038098075,0.05242007056728922,-0.03437045325818593,-0.004575214818010218
single_shape,TinyCNN,retention_0p1,validation_patch,6,fidelity,50,-0.004552520775446449,0.04411071907000251,-0.017088648428796687,0.007983606877903789
single_shape,TinyCNN,retention_0p1,validation_patch,7,fidelity,50,0.01272071370463296,0.03634940370384086,0.00239032747285655,0.02305109993640937
single_shape,TinyCNN,retention_0p1,validation_patch,8,fidelity,50,0.010644311228395112,0.02723342345233066,0.0029046579188590754,0.018383964537931147
single_shape,TinyCNN,retention_0p1,validation_patch,9,fidelity,50,0.011733578908589361,0.018750840892364,0.006404648889078767,0.017062508928099955
single_shape,TinyCNN,retention_0p1,validation_patch,10,fidelity,50,0.009380932241932174,0.01109246954073971,0.006228487278771786,0.012533377205092563
single_shape,TinyCNN,retention_0p1,validation_patch,11,fidelity,50,0.006534511220995971,0.0076925479282182714,0.004348313289046148,0.008720709152945795
single_shape,TinyCNN,retention_0p1,validation_patch,12,fidelity,50,0.0036410458521083065,0.003264674368900966,0.0027132356622491458,0.004568856041967467
single_shape,TinyCNN,retention_0p1,validation_patch,13,fidelity,50,0.001789175223797157,0.0018034103795641452,0.0012766516647566666,0.0023016987828376476
single_shape,TinyCNN,retention_0p1,validation_patch,14,fidelity,50,0.0009371882244354057,0.0007727343010986034,0.0007175795659294922,0.0011567968829413193
single_shape,TinyCNN,retention_0p1,validation_patch,15,fidelity,50,0.000307498259101322,0.00019951422175272648,0.0002507969446525194,0.0003641995735501246
single_shape,TinyCNN,retention_0p1,validation_patch,16,fidelity,50,0.0,0.0,0.0,0.0
single_shape,TinyCNN,release_early,validation_patch,1,fidelity,50,-0.1418727102497399,0.04867606536245768,-0.15570629496365498,-0.12803912553582483
single_shape,TinyCNN,release_early,validation_patch,2,fidelity,50,-0.1612061638706869,0.06912090504248326,-0.18085010773277957,-0.14156222000859423
single_shape,TinyCNN,release_early,validation_patch,3,fidelity,50,-0.16143281550844513,0.07191891205176355,-0.18187194416423028,-0.14099368685265998
single_shape,TinyCNN,release_early,validation_patch,4,fidelity,50,-0.13866557493367282,0.07503021245641171,-0.15998892538096157,-0.11734222448638407
single_shape,TinyCNN,release_early,validation_patch,5,fidelity,50,-0.09639071542220419,0.068066494290621,-0.11573499906421672,-0.07704643178019166
single_shape,TinyCNN,release_early,validation_patch,6,fidelity,50,-0.057102411152028354,0.06000334449839253,-0.07415517297769851,-0.0400496493263582
single_shape,TinyCNN,release_early,validation_patch,7,fidelity,50,-0.022631070854962364,0.054344936239596645,-0.03807573084637166,-0.007186410863553065
single_shape,TinyCNN,release_early,validation_patch,8,fidelity,50,-0.002968468862625,0.04426409274656309,-0.015548184832569574,0.009611247107319575
single_shape,TinyCNN,release_early,validation_patch,9,fidelity,50,0.00815157294094327,0.02536780925141041,0.0009421213208769463,0.015361024561009594
single_shape,TinyCNN,release_early,validation_patch,10,fidelity,50,0.013062171172116714,0.013953560508993063,0.00909661315249149,0.01702772919174194
single_shape,TinyCNN,release_early,validation_patch,11,fidelity,50,0.00898156075802633,0.008190544444247315,0.006653833782173223,0.011309287733879438
single_shape,TinyCNN,release_early,validation_patch,12,fidelity,50,0.005006224765369491,0.003414103408440207,0.004035947312353531,0.005976502218385451
single_shape,TinyCNN,release_early,validation_patch,13,fidelity,50,0.002494112770710697,0.001919419468194847,0.0019486197934724353,0.0030396057479489583
single_shape,TinyCNN,release_early,validation_patch,14,fidelity,50,0.0012061623855326809,0.0008724353305843425,0.0009582190079572331,0.0014541057631081286
single_shape,TinyCNN,release_early,validation_patch,15,fidelity,50,0.0003793206197894561,0.00022915872718377186,0.0003141944301144243,0.0004444468094644879
single_shape,TinyCNN,release_early,validation_patch,16,fidelity,50,0.0,0.0,0.0,0.0
single_shape,TinyCNN,release_default,validation_patch,1,fidelity,50,-0.1296528975816577,0.040318052549071975,-0.14111116133581555,-0.11819463382749987
single_shape,TinyCNN,release_default,validation_patch,2,fidelity,50,-0.1437025757625542,0.061814310196101625,-0.16127000834492394,-0.12613514318018448
single_shape,TinyCNN,release_default,validation_patch,3,fidelity,50,-0.14909166802879514,0.06448189243854482,-0.16741721909624346,-0.13076611696134682
single_shape,TinyCNN,release_default,validation_patch,4,fidelity,50,-0.12811560832500773,0.064330670703876,-0.14639818265098056,-0.1098330339990349
single_shape,TinyCNN,release_default,validation_patch,5,fidelity,50,-0.0806343002302892,0.06897009097055458,-0.10023538320737524,-0.061033217253203154
single_shape,TinyCNN,release_default,validation_patch,6,fidelity,50,-0.04245648066058656,0.05690377021337825,-0.05862835322108024,-0.026284608100092886
single_shape,TinyCNN,release_default,validation_patch,7,fidelity,50,-0.010982157747997115,0.04463938277930901,-0.02366852996514697,0.00170421446915274
single_shape,TinyCNN,release_default,validation_patch,8,fidelity,50,0.0036895817781974973,0.03975417498981114,-0.007608429746733817,0.01498759330312881
single_shape,TinyCNN,release_default,validation_patch,9,fidelity,50,0.013480801138751488,0.0216380730312637,0.007331328824279389,0.019630273453223587
single_shape,TinyCNN,release_default,validation_patch,10,fidelity,50,0.013119423406736252,0.014476007354220907,0.00900538763653361,0.017233459176938894
single_shape,TinyCNN,release_default,validation_patch,11,fidelity,50,0.008883470778838753,0.007530091871158036,0.006743442347461682,0.011023499210215823
single_shape,TinyCNN,release_default,validation_patch,12,fidelity,50,0.00500401109576164,0.0032121454623846514,0.004091129455957045,0.005916892735566235
single_shape,TinyCNN,release_default,validation_patch,13,fidelity,50,0.0025157273586157245,0.0018082621466719083,0.00200182494261961,0.003029629774611839
single_shape,TinyCNN,release_default,validation_patch,14,fidelity,50,0.0012021485186157932,0.0008745685553829272,0.0009535988852605222,0.0014506981519710643
single_shape,TinyCNN,release_default,validation_patch,15,fidelity,50,0.00037480464945790495,0.00023249150780744007,0.00030873129400956953,0.00044087800490624036
single_shape,TinyCNN,release_default,validation_patch,16,fidelity,50,0.0,0.0,0.0,0.0
single_shape,TinyCNN,release_late,validation_patch,1,fidelity,50,-0.1144049055342315,0.02578964812302337,-0.12173424243513609,-0.1070755686333269
single_shape,TinyCNN,release_late,validation_patch,2,fidelity,50,-0.13183719632997312,0.050510735797216856,-0.14619218861231775,-0.11748220404762849
single_shape,TinyCNN,release_late,validation_patch,3,fidelity,50,-0.13266508964199145,0.0456341296433355,-0.14563416578991187,-0.11969601349407102
single_shape,TinyCNN,release_late,validation_patch,4,fidelity,50,-0.10547807355634309,0.05556904015846911,-0.12127062003229594,-0.08968552708039024
single_shape,TinyCNN,release_late,validation_patch,5,fidelity,50,-0.07211180301082122,0.044669242548191525,-0.08480666128039331,-0.059416944741249124
single_shape,TinyCNN,release_late,validation_patch,6,fidelity,50,-0.03504774810646606,0.0511142403148119,-0.04957425447498867,-0.020521241737943455
single_shape,TinyCNN,release_late,validation_patch,7,fidelity,50,-0.01279547713535069,0.04337592327359844,-0.025122778133931413,-0.0004681761367699693
single_shape,TinyCNN,release_late,validation_patch,8,fidelity,50,0.00522654948848214,0.033238027330360055,-0.004219593361687317,0.014672692338651597
single_shape,TinyCNN,release_late,validation_patch,9,fidelity,50,0.013043531312525163,0.018337184152132584,0.007832161237842951,0.018254901387207374
single_shape,TinyCNN,release_late,validation_patch,10,fidelity,50,0.012769014500577651,0.008809050454621114,0.010265510061471101,0.0152725189396842
single_shape,TinyCNN,release_late,validation_patch,11,fidelity,50,0.00843549617402952,0.006337997191982667,0.006634257301927281,0.01023673504613176
single_shape,TinyCNN,release_late,validation_patch,12,fidelity,50,0.004822361521945382,0.0027828844810609053,0.004031474503220007,0.005613248540670757
single_shape,TinyCNN,release_late,validation_patch,13,fidelity,50,0.0024974641803816723,0.001666276217427967,0.002023913719001325,0.0029710146417620195
single_shape,TinyCNN,release_late,validation_patch,14,fidelity,50,0.0011861647876992775,0.0008229676710689755,0.0009522799634068305,0.0014200496119917245
single_shape,TinyCNN,release_late,validation_patch,15,fidelity,50,0.0003737584107838199,0.00022543900094375245,0.0003096893556095066,0.0004378274659581332
single_shape,TinyCNN,release_late,validation_patch,16,fidelity,50,0.0,0.0,0.0,0.0
single_shape,TwoLayerCNN,template_init,contrast,1,fidelity,50,-0.005698431022342351,0.003730109443342097,-0.006758516396795103,-0.0046383456478896
single_shape,TwoLayerCNN,template_init,contrast,2,fidelity,50,-0.03619262843431574,0.018870357368749414,-0.041555524660595,-0.030829732208036482
single_shape,TwoLayerCNN,template_init,contrast,3,fidelity,50,-0.08369465069533145,0.04844345634526932,-0.09746212865800166,-0.06992717273266125
single_shape,TwoLayerCNN,template_init,contrast,4,fidelity,50,-0.09168464511598329,0.07070893830591014,-0.1117799030379645,-0.07158938719400207
single_shape,TwoLayerCNN,template_init,contrast,5,fidelity,50,-0.06650371689272278,0.08258441186407127,-0.08997394705745608,-0.04303348672798947
single_shape,TwoLayerCNN,template_init,contrast,6,fidelity,50,-0.030939927665944687,0.0813255037386484,-0.054052380100074786,-0.007827475231814589
single_shape,TwoLayerCNN,template_init,contrast,7,fidelity,50,0.009608152557535866,0.09180390320087042,-0.016482228054385876,0.035698533169457605
single_shape,TwoLayerCNN,template_init,contrast,8,fidelity,50,0.06503733076296679,0.08416501511511136,0.04111789812450157,0.08895676340143202
single_shape,TwoLayerCNN,template_init,contrast,9,fidelity,50,0.10014268818429446,0.086927617756174,0.07543813256225504,0.12484724380633389
single_shape,TwoLayerCNN,template_init,contrast,10,fidelity,50,0.10005935635536443,0.08256541757976306,0.07659452430650392,0.12352418840422495
single_shape,TwoLayerCNN,template_init,contrast,11,fidelity,50,0.08055424302578355,0.06562798235829441,0.061902976807027055,0.09920550924454005
single_shape,TwoLayerCNN,template_init,contrast,12,fidelity,50,0.051134482840986165,0.05337836634058153,0.035964518975493784,0.06630444670647855
single_shape,TwoLayerCNN,template_init,contrast,13,fidelity,50,0.02693387530256322,0.03611873249347854,0.016669045103425175,0.03719870550170126
single_shape,TwoLayerCNN,template_init,contrast,14,fidelity,50,0.005589038219023803,0.015422971569322742,0.0012058781966222372,0.009972198241425367
single_shape,TwoLayerCNN,template_init,contrast,15,fidelity,50,0.0004958377048239515,0.0010734592398456133,0.00019076396435699177,0.0008009114452909113
single_shape,TwoLayerCNN,template_init,contrast,16,fidelity,50,0.0,0.0,0.0,0.0
single_shape,TwoLayerCNN,retention_0p1,contrast,1,fidelity,50,0.0005086581214341113,0.00402892246218397,-0.0006363489733546866,0.0016536652162229093
single_shape,TwoLayerCNN,retention_0p1,contrast,2,fidelity,50,-0.0035770802923248256,0.017580336177439215,-0.00857335655251087,0.001419195967861218
single_shape,TwoLayerCNN,retention_0p1,contrast,3,fidelity,50,-0.00998606454145458,0.031239962633967333,-0.018864363687832196,-0.001107765395076966
single_shape,TwoLayerCNN,retention_0p1,contrast,4,fidelity,50,-0.008803349957801538,0.04231009877463094,-0.020827746985265384,0.0032210470696623084
single_shape,TwoLayerCNN,retention_0p1,contrast,5,fidelity,50,-0.021160387464598668,0.04566438409809734,-0.034138061833427144,-0.008182713095770195
single_shape,TwoLayerCNN,retention_0p1,contrast,6,fidelity,50,-0.012499837545197193,0.05787568713435782,-0.028947925838436354,0.003948250748041969
single_shape,TwoLayerCNN,retention_0p1,contrast,7,fidelity,50,-0.004659934687840903,0.06155929995130508,-0.022154894160520244,0.012835024784838438
single_shape,TwoLayerCNN,retention_0p1,contrast,8,fidelity,50,0.006362029119463435,0.05947786925237574,-0.010541394293647907,0.023265452532574775
single_shape,TwoLayerCNN,retention_0p1,contrast,9,fidelity,50,0.014851651977585985,0.06127204842748359,-0.002561671515286929,0.032264975470458895
single_shape,TwoLayerCNN,retention_0p1,contrast,10,fidelity,50,0.002827772887265576,0.059456115158018595,-0.014069468080635309,0.01972501385516646
single_shape,TwoLayerCNN,retention_0p1,contrast,11,fidelity,50,0.008500984683337473,0.06403835225166517,-0.00969851365771366,0.026700483024388606
single_shape,TwoLayerCNN,retention_0p1,contrast,12,fidelity,50,0.008394638728094279,0.06355673637332596,-0.009667985894776035,0.026457263350964592
single_shape,TwoLayerCNN,retention_0p1,contrast,13,fidelity,50,0.006602575533619419,0.04881616768974787,-0.0072708258211591735,0.02047597688839801
single_shape,TwoLayerCNN,retention_0p1,contrast,14,fidelity,50,-0.0021444767156779455,0.020987487932103064,-0.008109054790736214,0.003820101359380323
single_shape,TwoLayerCNN,retention_0p1,contrast,15,fidelity,50,-0.000565026326283371,0.0019297811159321942,-0.001113464051226341,-1.6588601340400974e-05
single_shape,TwoLayerCNN,retention_0p1,contrast,16,fidelity,50,0.0,0.0,0.0,0.0
single_shape,TwoLayerCNN,release_early,contrast,1,fidelity,50,-0.0056657356666073525,0.003651135418690166,-0.006703376871588182,-0.004628094461626523
single_shape,TwoLayerCNN,release_early,contrast,2,fidelity,50,-0.03454769803197437,0.01868677286535741,-0.039858420119671875,-0.029236975944276863
single_shape,TwoLayerCNN,release_early,contrast,3,fidelity,50,-0.08551068527004166,0.042872892404747315,-0.0976950264774776,-0.07332634406260571
single_shape,TwoLayerCNN,release_early,contrast,4,fidelity,50,-0.08731930930609294,0.06455136196475494,-0.10566460339444295,-0.06897401521774293
single_shape,TwoLayerCNN,release_early,contrast,5,fidelity,50,-0.06710362398625885,0.07496107983242382,-0.08840732715919808,-0.04579992081331963
single_shape,TwoLayerCNN,release_early,contrast,6,fidelity,50,-0.04737568160965209,0.09486255080606033,-0.07433532025303835,-0.020416042966265827
single_shape,TwoLayerCNN,release_early,contrast,7,fidelity,50,-0.005094819148155623,0.08521548391105503,-0.029312791715224423,0.019123153418913175
single_shape,TwoLayerCNN,release_early,contrast,8,fidelity,50,0.0471688630036736,0.0830896764803835,0.02355503822379111,0.07078268778355609
single_shape,TwoLayerCNN,release_early,contrast,9,fidelity,50,0.08388191224680303,0.08729124927953841,0.05907401368926432,0.10868981080434173
single_shape,TwoLayerCNN,release_early,contrast,10,fidelity,50,0.08851476986396105,0.08466926613645046,0.06445203067085074,0.11257750905707135
single_shape,TwoLayerCNN,release_early,contrast,11,fidelity,50,0.07534981202831176,0.06692389665539107,0.056330251041328425,0.09436937301529509
single_shape,TwoLayerCNN,release_early,contrast,12,fidelity,50,0.04948368676591139,0.05353366188647234,0.034269588394604346,0.06469778513721842
single_shape,TwoLayerCNN,release_early,contrast,13,fidelity,50,0.0262853855563858,0.03749544171733506,0.01562929892489577,0.03694147218787583
single_shape,TwoLayerCNN,release_early,contrast,14,fidelity,50,0.0056185895128385965,0.015347195904011943,0.0012569646962414579,0.009980214329435735
single_shape,TwoLayerCNN,release_early,contrast,15,fidelity,50,0.00046906750515131714,0.0011016831703264708,0.00015597261239196758,0.0007821623979106667
single_shape,TwoLayerCNN,release_early,contrast,16,fidelity,50,0.0,0.0,0.0,0.0
single_shape,TwoLayerCNN,release_default,contrast,1,fidelity,50,-0.005568370962164135,0.003524112207995089,-0.006569912570090453,-0.004566829354237818
single_shape,TwoLayerCNN,release_default,contrast,2,fidelity,50,-0.03392871026178656,0.01701173731320749,-0.0387633925127195,-0.029094028010853614
single_shape,TwoLayerCNN,release_default,contrast,3,fidelity,50,-0.08373148879600642,0.03994436546440938,-0.0950835518557638,-0.07237942573624905
single_shape,TwoLayerCNN,release_default,contrast,4,fidelity,50,-0.09298288908805481,0.054180390671587385,-0.10838078574645013,-0.0775849924296595
single_shape,TwoLayerCNN,release_default,contrast,5,fidelity,50,-0.07642440555033268,0.06025694938317903,-0.09354924108679752,-0.05929957001386785
single_shape,TwoLayerCNN,release_default,contrast,6,fidelity,50,-0.04351916391948249,0.058429084811203034,-0.060124526092319705,-0.026913801746645278
single_shape,TwoLayerCNN,release_default,contrast,7,fidelity,50,-0.009403241371326549,0.0706197699520896,-0.02947315792754224,0.010666675184889143
single_shape,TwoLayerCNN,release_default,contrast,8,fidelity,50,0.033123906179580026,0.07204784771344838,0.012648134414182784,0.05359967794497727
single_shape,TwoLayerCNN,release_default,contrast,9,fidelity,50,0.054197959548097877,0.08681783536679373,0.029524603735909136,0.07887131536028662
single_shape,TwoLayerCNN,release_default,contrast,10,fidelity,50,0.052914196596295586,0.080417440783658,0.03005981279856592,0.07576858039402526
single_shape,TwoLayerCNN,release_default,contrast,11,fidelity,50,0.05578529255195162,0.0708937174970082,0.035637520964899284,0.07593306413900394
single_shape,TwoLayerCNN,release_default,contrast,12,fidelity,50,0.03837315299199071,0.052866393825397505,0.02334869010541387,0.053397615878567554
single_shape,TwoLayerCNN,release_default,contrast,13,fidelity,50,0.023985288038430808,0.03510141862203429,0.014009575242609408,0.03396100083425221
single_shape,TwoLayerCNN,release_default,contrast,14,fidelity,50,0.005531128274069998,0.015307704926027309,0.001180726669236543,0.009881529878903453
single_shape,TwoLayerCNN,release_default,contrast,15,fidelity,50,0.00042561413079904574,0.0010595788067143787,0.00012448516578090156,0.0007267430958171899
single_shape,TwoLayerCNN,release_default,contrast,16,fidelity,50,0.0,0.0,0.0,0.0
single_shape,TwoLayerCNN,release_late,contrast,1,fidelity,50,-0.004877671562811083,0.003212056189722957,-0.005790527831605943,-0.003964815294016224
single_shape,TwoLayerCNN,release_late,contrast,2,fidelity,50,-0.028025890716733386,0.013605198325618437,-0.03189244529926991,-0.02415933613419686
single_shape,TwoLayerCNN,release_late,contrast,3,fidelity,50,-0.06124806089385819,0.0328285139314312,-0.07057782132376869,-0.05191830046394768
single_shape,TwoLayerCNN,release_late,contrast,4,fidelity,50,-0.06528937146581006,0.045098537936754016,-0.07810623413489043,-0.05247250879672968
single_shape,TwoLayerCNN,release_late,contrast,5,fidelity,50,-0.06972038589713096,0.032810885209032005,-0.07904513629956922,-0.060395635494692713
single_shape,TwoLayerCNN,release_late,contrast,6,fidelity,50,-0.04835089974854792,0.04636654499311861,-0.06152812603579351,-0.03517367346130233
single_shape,TwoLayerCNN,release_late,contrast,7,fidelity,50,-0.011227718624770433,0.04862078536370297,-0.025045592936867624,0.0025901556873267582
single_shape,TwoLayerCNN,release_late,contrast,8,fidelity,50,0.007652080100804264,0.046287668522218835,-0.005502729741439006,0.020806889943047534
single_shape,TwoLayerCNN,release_late,contrast,9,fidelity,50,0.029502140168153477,0.04692957708350014,0.016164901931278272,0.04283937840502868
single_shape,TwoLayerCNN,release_late,contrast,10,fidelity,50,0.029913920738206198,0.05702412648401611,0.01370784330405805,0.04611999817235435
single_shape,TwoLayerCNN,release_late,contrast,11,fidelity,50,0.03084016223659661,0.05326636734439765,0.015702028133638368,0.04597829633955486
single_shape,TwoLayerCNN,release_late,contrast,12,fidelity,50,0.024397249346970545,0.05252267213017125,0.009470471085342668,0.03932402760859842
single_shape,TwoLayerCNN,release_late,contrast,13,fidelity,50,0.018070259448663698,0.036336914301078486,0.007743422665879376,0.02839709623144802
single_shape,TwoLayerCNN,release_late,contrast,14,fidelity,50,0.005091831834418336,0.015201068171373431,0.0007717360599377825,0.00941192760889889
single_shape,TwoLayerCNN,release_late,contrast,15,fidelity,50,0.0003902056413050214,0.0010185823926090157,0.00010072772826222223,0.0006796835543478206
single_shape,TwoLayerCNN,release_late,contrast,16,fidelity,50,0.0,0.0,0.0,0.0
single_shape,TwoLayerCNN,template_init,auroc,1,fidelity,50,-0.005299015986777742,0.0033910078371703735,-0.006262729751062938,-0.004335302222492545
single_shape,TwoLayerCNN,template_init,auroc,2,fidelity,50,-0.03411788562205613,0.019285835397117437,-0.039598859397525145,-0.028636911846587114
single_shape,TwoLayerCNN,template_init,auroc,3,fidelity,50,-0.0820280992932478,0.0498847790897826,-0.09620519664766315,-0.06785100193883244
single_shape,TwoLayerCNN,template_init,auroc,4,fidelity,50,-0.0927759649272568,0.07075129829739124,-0.11288326142561578,-0.07266866842889783
single_shape,TwoLayerCNN,template_init,auroc,5,fidelity,50,-0.03923211064865067,0.0792450406914612,-0.061753302026795104,-0.016710919270506237
single_shape,TwoLayerCNN,template_init,auroc,6,fidelity,50,0.009736216177479011,0.09788872321536508,-0.018083451148819596,0.037555883503777615
single_shape,TwoLayerCNN,template_init,auroc,7,fidelity,50,0.022236102986669323,0.09402315273728139,-0.004484981365060772,0.04895718733839942
single_shape,TwoLayerCNN,template_init,auroc,8,fidelity,50,0.06687743788338632,0.08486769504865671,0.04275830581738756,0.09099656994938508
single_shape,TwoLayerCNN,template_init,auroc,9,fidelity,50,0.10992226953751211,0.07153055248481598,0.08959351144945514,0.13025102762556906
single_shape,TwoLayerCNN,template_init,auroc,10,fidelity,50,0.09715113718549535,0.08761710048309311,0.0722506327405469,0.12205164163044381
single_shape,TwoLayerCNN,template_init,auroc,11,fidelity,50,0.0944988963932289,0.08276718741482231,0.07097672199171066,0.11802107079474715
single_shape,TwoLayerCNN,template_init,auroc,12,fidelity,50,0.06059591300731684,0.05785999259094187,0.044152285053964936,0.07703954096066876
single_shape,TwoLayerCNN,template_init,auroc,13,fidelity,50,0.02692441465560361,0.027172383510357577,0.019202108705635965,0.03464672060557125
single_shape,TwoLayerCNN,template_init,auroc,14,fidelity,50,0.0058590037034731,0.014680519141028022,0.0016868463265480634,0.010031161080398136
single_shape,TwoLayerCNN,template_init,auroc,15,fidelity,50,0.00046826718303580425,0.0010953746522076202,0.00015696515128866986,0.0007795692147829386
single_shape,TwoLayerCNN,template_init,auroc,16,fidelity,50,0.0,0.0,0.0,0.0
single_shape,TwoLayerCNN,retention_0p1,auroc,1,fidelity,50,0.001108378583420011,0.004440517124739926,-0.00015360242020601546,0.0023703595870460375
single_shape,TwoLayerCNN,retention_0p1,auroc,2,fidelity,50,-0.0032828698131546073,0.016069466780029896,-0.007849761741532195,0.0012840221152229801
single_shape,TwoLayerCNN,retention_0p1,auroc,3,fidelity,50,-0.006497340115800152,0.032693365838789415,-0.01578869188275562,0.0027940116511553153
single_shape,TwoLayerCNN,retention_0p1,auroc,4,fidelity,50,-0.012936354043487355,0.04527471477932786,-0.02580328561723838,-6.942246973633097e-05
single_shape,TwoLayerCNN,retention_0p1,auroc,5,fidelity,50,0.005788750533354858,0.05129664504511439,-0.008789594685947266,0.02036709575265698
single_shape,TwoLayerCNN,retention_0p1,auroc,6,fidelity,50,0.007710524006560593,0.06278507057732495,-0.010132795623592629,0.025553843636713813
single_shape,TwoLayerCNN,retention_0p1,auroc,7,fidelity,50,-0.005767086157223993,0.06822859439112386,-0.025157438138074986,0.013623265823627002
single_shape,TwoLayerCNN,retention_0p1,auroc,8,fidelity,50,-0.0024869565496202072,0.056917926925406745,-0.018662852403156537,0.013688939303916124
single_shape,TwoLayerCNN,retention_0p1,auroc,9,fidelity,50,0.01753494190672483,0.06271809293272848,-0.00028934288744556294,0.035359226700895224
single_shape,TwoLayerCNN,retention_0p1,auroc,10,fidelity,50,0.007565899332492037,0.06872973370154128,-0.011966874864544888,0.02709867352952896
single_shape,TwoLayerCNN,retention_0p1,auroc,11,fidelity,50,0.025218746255305922,0.06471315957256529,0.0068274697955894754,0.04361002271502237
single_shape,TwoLayerCNN,retention_0p1,auroc,12,fidelity,50,0.011438756058262502,0.059490272033247305,-0.005468192186171941,0.028345704302696943
single_shape,TwoLayerCNN,retention_0p1,auroc,13,fidelity,50,0.005013631394354989,0.04043339266161071,-0.006477411657098893,0.016504674445808873
single_shape,TwoLayerCNN,retention_0p1,auroc,14,fidelity,50,-0.0011584355446647087,0.016035444279569874,-0.005715658385395455,0.0033987872960660383
single_shape,TwoLayerCNN,retention_0p1,auroc,15,fidelity,50,-0.0006421508518471075,0.001920700094115609,-0.001188007778945116,-9.629392474909903e-05
single_shape,TwoLayerCNN,retention_0p1,auroc,16,fidelity,50,0.0,0.0,0.0,0.0
single_shape,TwoLayerCNN,release_early,auroc,1,fidelity,50,-0.0053368543839753466,0.0034796912696865127,-0.0063257717009161975,-0.004347937067034496
single_shape,TwoLayerCNN,release_early,auroc,2,fidelity,50,-0.033995452773093335,0.01849982859891094,-0.0392530458881138,-0.02873785965807287
single_shape,TwoLayerCNN,release_early,auroc,3,fidelity,50,-0.08366706260184556,0.04369109542541297,-0.09608393453491179,-0.07125019066877933
single_shape,TwoLayerCNN,release_early,auroc,4,fidelity,50,-0.09029234028979856,0.05643505959708376,-0.10633100676700388,-0.07425367381259323
single_shape,TwoLayerCNN,release_early,auroc,5,fidelity,50,-0.042079504131264656,0.0754984453886187,-0.06353592490552618,-0.020623083357003136
single_shape,TwoLayerCNN,release_early,auroc,6,fidelity,50,-0.009881772564781873,0.08969213623726713,-0.035371995646107796,0.015608450516544048
single_shape,TwoLayerCNN,release_early,auroc,7,fidelity,50,-0.0002685157694816609,0.09518224616300608,-0.027319010828028487,0.02678197928906517
single_shape,TwoLayerCNN,release_early,auroc,8,fidelity,50,0.041748043318614966,0.09320634383708999,0.015259093487860188,0.06823699314936975
single_shape,TwoLayerCNN,release_early,auroc,9,fidelity,50,0.08661739133220393,0.0813891201155583,0.06348685932379801,0.10974792334060986
single_shape,TwoLayerCNN,release_early,auroc,10,fidelity,50,0.08427255867832527,0.08573114770483452,0.05990803608257134,0.1086370812740792
single_shape,TwoLayerCNN,release_early,auroc,11,fidelity,50,0.09272442898647433,0.08393676658255168,0.06886986386323408,0.11657899410971458
single_shape,TwoLayerCNN,release_early,auroc,12,fidelity,50,0.05288301532332173,0.05649129013551764,0.036828368303910675,0.06893766234273278
single_shape,TwoLayerCNN,release_early,auroc,13,fidelity,50,0.026379541853030278,0.027653610348041157,0.018520472749012806,0.03423861095704775
single_shape,TwoLayerCNN,release_early,auroc,14,fidelity,50,0.005802262534990714,0.014860144075010769,0.0015790563166591517,0.010025468753322275
single_shape,TwoLayerCNN,release_early,auroc,15,fidelity,50,0.0004581648186963094,0.0011142112817394282,0.00014150947606809722,0.0007748201613245216
single_shape,TwoLayerCNN,release_early,auroc,16,fidelity,50,0.0,0.0,0.0,0.0
single_shape,TwoLayerCNN,release_default,auroc,1,fidelity,50,-0.00535335539699745,0.0033813725228733736,-0.006314330835257726,-0.004392379958737175
single_shape,TwoLayerCNN,release_default,auroc,2,fidelity,50,-0.03342397749942062,0.017042215505860114,-0.038267321556866636,-0.02858063344197461
single_shape,TwoLayerCNN,release_default,auroc,3,fidelity,50,-0.07905667001638589,0.04268247271988092,-0.09118689454815831,-0.06692644548461346
single_shape,TwoLayerCNN,release_default,auroc,4,fidelity,50,-0.0918155691521752,0.05376267020002182,-0.10709475096607539,-0.07653638733827502
single_shape,TwoLayerCNN,release_default,auroc,5,fidelity,50,-0.049568781460337503,0.06398853978768504,-0.067754123255761,-0.03138343966491401
single_shape,TwoLayerCNN,release_default,auroc,6,fidelity,50,-0.012193793115114416,0.06472497840638929,-0.030588428450239263,0.0062008422200104316
single_shape,TwoLayerCNN,release_default,auroc,7,fidelity,50,-0.005225250182764818,0.08407239190561068,-0.029118359596344023,0.018667859230814387
single_shape,TwoLayerCNN,release_default,auroc,8,fidelity,50,0.024256478580803157,0.07895682723676238,0.001817196560195692,0.04669576060141062
single_shape,TwoLayerCNN,release_default,auroc,9,fidelity,50,0.058703661717783656,0.07736252480266909,0.03671747543565469,0.08068984799991262
single_shape,TwoLayerCNN,release_default,auroc,10,fidelity,50,0.06706532823234775,0.07281216006208187,0.04637234130085231,0.08775831516384318
single_shape,TwoLayerCNN,release_default,auroc,11,fidelity,50,0.07316286760620348,0.08360868730323552,0.049401541582498196,0.09692419362990877
single_shape,TwoLayerCNN,release_default,auroc,12,fidelity,50,0.047704884580724825,0.05675267993220822,0.03157595140303564,0.06383381775841401
single_shape,TwoLayerCNN,release_default,auroc,13,fidelity,50,0.02066035890218841,0.03166519588132075,0.011661209804060718,0.029659508000316102
single_shape,TwoLayerCNN,release_default,auroc,14,fidelity,50,0.005514078622204861,0.014997273107013959,0.0012519007641808196,0.009776256480228902
single_shape,TwoLayerCNN,release_default,auroc,15,fidelity,50,0.0003974251751539737,0.00107975880509346,9.056111805258574e-05,0.0007042892322553617
single_shape,TwoLayerCNN,release_default,auroc,16,fidelity,50,0.0,0.0,0.0,0.0
single_shape,TwoLayerCNN,release_late,auroc,1,fidelity,50,-0.004715158481896069,0.0032337875988290078,-0.005634190748824359,-0.003796126214967778
single_shape,TwoLayerCNN,release_late,auroc,2,fidelity,50,-0.02741019258892761,0.013969955959422072,-0.0313804101440092,-0.023439975033846025
single_shape,TwoLayerCNN,release_late,auroc,3,fidelity,50,-0.05972116289323967,0.034416828279982915,-0.06950231726654732,-0.049940008519932015
single_shape,TwoLayerCNN,release_late,auroc,4,fidelity,50,-0.06600346375330952,0.04491088567081145,-0.07876699623848236,-0.05323993126813668
single_shape,TwoLayerCNN,release_late,auroc,5,fidelity,50,-0.05648961790553883,0.04133705987097283,-0.06823748033630803,-0.044741755474769634
single_shape,TwoLayerCNN,release_late,auroc,6,fidelity,50,-0.02908406923035118,0.04270465782681419,-0.04122059869975288,-0.01694753976094948
single_shape,TwoLayerCNN,release_late,auroc,7,fidelity,50,-0.022890006037291393,0.05330498467436208,-0.03803911506399317,-0.007740897010589618
single_shape,TwoLayerCNN,release_late,auroc,8,fidelity,50,0.0008011176705547208,0.052108170213583806,-0.014007860449782049,0.015610095790891492
single_shape,TwoLayerCNN,release_late,auroc,9,fidelity,50,0.034405796197528135,0.048571070786073575,0.02060205061206552,0.04820954178299075
single_shape,TwoLayerCNN,release_late,auroc,10,fidelity,50,0.031091974213680373,0.05836102910429789,0.014505953258744143,0.04767799516861661
single_shape,TwoLayerCNN,release_late,auroc,11,fidelity,50,0.05153531247196044,0.0677128540288963,0.03229153228030675,0.07077909266361414
single_shape,TwoLayerCNN,release_late,auroc,12,fidelity,50,0.02921570204039843,0.05426255960960399,0.013794453228199378,0.04463695085259749
single_shape,TwoLayerCNN,release_late,auroc,13,fidelity,50,0.01952295071189369,0.028411408547514925,0.011448517742485448,0.027597383681301935
single_shape,TwoLayerCNN,release_late,auroc,14,fidelity,50,0.0046783502604683625,0.014757866666916603,0.0004842109599054161,0.008872489561031309
single_shape,TwoLayerCNN,release_late,auroc,15,fidelity,50,0.0003612313781330512,0.0010037020700414973,7.598240597270282e-05,0.0006464803502933996
single_shape,TwoLayerCNN,release_late,auroc,16,fidelity,50,0.0,0.0,0.0,0.0
single_shape,TwoLayerCNN,template_init,validation_patch,1,fidelity,50,-0.018426682604748744,0.015890591028048042,-0.022942738606888655,-0.013910626602608833
single_shape,TwoLayerCNN,template_init,validation_patch,2,fidelity,50,-0.048694601304017746,0.03130882327524955,-0.05759247042811519,-0.0397967321799203
single_shape,TwoLayerCNN,template_init,validation_patch,3,fidelity,50,-0.088219411527218,0.05857314436754964,-0.10486571497297303,-0.07157310808146297
single_shape,TwoLayerCNN,template_init,validation_patch,4,fidelity,50,-0.08934739355466575,0.0818363975794578,-0.11260504041184602,-0.06608974669748549
single_shape,TwoLayerCNN,template_init,validation_patch,5,fidelity,50,-0.07443079896075973,0.0924457433195471,-0.10070358851614039,-0.048158009405379065
single_shape,TwoLayerCNN,template_init,validation_patch,6,fidelity,50,-0.05320459838010222,0.09259398391831208,-0.0795195174475087,-0.026889679312695747
single_shape,TwoLayerCNN,template_init,validation_patch,7,fidelity,50,-0.036546718095230704,0.09401237826759495,-0.06326474037655627,-0.00982869581390513
single_shape,TwoLayerCNN,template_init,validation_patch,8,fidelity,50,-0.02551362929556494,0.11513367672597807,-0.05823425818274981,0.007206999591619929
single_shape,TwoLayerCNN,template_init,validation_patch,9,fidelity,50,-0.013161595988303848,0.10284456381721266,-0.0423896976299856,0.016066505653377902
single_shape,TwoLayerCNN,template_init,validation_patch,10,fidelity,50,0.0011913668097072595,0.08978643793344246,-0.024325656517139603,0.02670839013655412
single_shape,TwoLayerCNN,template_init,validation_patch,11,fidelity,50,0.010020289663295816,0.06999061217344722,-0.009870822230619036,0.029911401557210667
single_shape,TwoLayerCNN,template_init,validation_patch,12,fidelity,50,0.009560873086853737,0.04535525140739545,-0.0033289467433463265,0.022450692917053802
single_shape,TwoLayerCNN,template_init,validation_patch,13,fidelity,50,0.008547833910119863,0.027470324951325703,0.0007408539395072095,0.016354813880732517
single_shape,TwoLayerCNN,template_init,validation_patch,14,fidelity,50,0.0036537318309191958,0.004645957477318818,0.002333365325098314,0.004974098336740077
single_shape,TwoLayerCNN,template_init,validation_patch,15,fidelity,50,0.00032060545496573225,0.0008289521540696482,8.501985942272646e-05,0.0005561910505087381
single_shape,TwoLayerCNN,template_init,validation_patch,16,fidelity,50,0.0,0.0,0.0,0.0
single_shape,TwoLayerCNN,retention_0p1,validation_patch,1,fidelity,50,0.003543881889508027,0.01744287095854061,-0.0014133271877270017,0.008501090966743056
single_shape,TwoLayerCNN,retention_0p1,validation_patch,2,fidelity,50,0.005405910162001422,0.03176381221863934,-0.003621265389092721,0.014433085713095564
single_shape,TwoLayerCNN,retention_0p1,validation_patch,3,fidelity,50,-0.005638068947248212,0.051245015503959865,-0.02020174121330353,0.008925603318807106
single_shape,TwoLayerCNN,retention_0p1,validation_patch,4,fidelity,50,0.0009453824573868186,0.05904162880782594,-0.01583406279314341,0.017724827707917046
single_shape,TwoLayerCNN,retention_0p1,validation_patch,5,fidelity,50,0.004270493251539485,0.079130797228028,-0.01821823049353629,0.026759216996615258
single_shape,TwoLayerCNN,retention_0p1,validation_patch,6,fidelity,50,0.004305119354593905,0.08841995899256472,-0.02082355495415437,0.029433793663342183
single_shape,TwoLayerCNN,retention_0p1,validation_patch,7,fidelity,50,0.0044341301900527475,0.08649094130880323,-0.020146323358774858,0.02901458373888035
single_shape,TwoLayerCNN,retention_0p1,validation_patch,8,fidelity,50,0.0011349131122372347,0.09478087013360215,-0.02580151214088163,0.0280713383653561
single_shape,TwoLayerCNN,retention_0p1,validation_patch,9,fidelity,50,-0.002997879957760792,0.07801418365887025,-0.02516926563767807,0.019173505722156484
single_shape,TwoLayerCNN,retention_0p1,validation_patch,10,fidelity,50,8.433011174608928e-05,0.06617443337218577,-0.018722235766840796,0.018890895990332973
single_shape,TwoLayerCNN,retention_0p1,validation_patch,11,fidelity,50,-0.004450931959422238,0.05944300749039267,-0.02134444776940095,0.012442583850556476
single_shape,TwoLayerCNN,retention_0p1,validation_patch,12,fidelity,50,-0.0007903662108396347,0.04223793747626508,-0.012794255224219415,0.011213522802540146
single_shape,TwoLayerCNN,retention_0p1,validation_patch,13,fidelity,50,0.0032143183473611137,0.024049408234358704,-0.0036204478493767423,0.01004908454409897
single_shape,TwoLayerCNN,retention_0p1,validation_patch,14,fidelity,50,-0.00018487407156587033,0.009145675935292615,-0.002784046413759,0.0024142982706272594
single_shape,TwoLayerCNN,retention_0p1,validation_patch,15,fidelity,50,-1.2484614578418541e-05,0.0008457955442494218,-0.00025285704864640363,0.00022788781948956656
single_shape,TwoLayerCNN,retention_0p1,validation_patch,16,fidelity,50,0.0,0.0,0.0,0.0
single_shape,TwoLayerCNN,release_early,validation_patch,1,fidelity,50,-0.018226463642909294,0.01592350665014747,-0.02275187416134655,-0.013701053124472038
single_shape,TwoLayerCNN,release_early,validation_patch,2,fidelity,50,-0.04721106194310831,0.030400308224102494,-0.05585073394649922,-0.038571389939717406
single_shape,TwoLayerCNN,release_early,validation_patch,3,fidelity,50,-0.08135223832176543,0.05054861255641482,-0.09571799505997049,-0.06698648158356037
single_shape,TwoLayerCNN,release_early,validation_patch,4,fidelity,50,-0.08513128026193144,0.07192200121007904,-0.10557128684679598,-0.0646912736770669
single_shape,TwoLayerCNN,release_early,validation_patch,5,fidelity,50,-0.05942528446586864,0.09108150462118655,-0.08531036167302965,-0.03354020725870763
single_shape,TwoLayerCNN,release_early,validation_patch,6,fidelity,50,-0.03664036197361739,0.11145584255717536,-0.06831576195499378,-0.0049649619922410085
single_shape,TwoLayerCNN,release_early,validation_patch,7,fidelity,50,-0.02676459236640506,0.11309262211877542,-0.058905159952327854,0.005375975219517739
single_shape,TwoLayerCNN,release_early,validation_patch,8,fidelity,50,-0.01494583317435076,0.10769284653106134,-0.04555180151786261,0.015660135169161093
single_shape,TwoLayerCNN,release_early,validation_patch,9,fidelity,50,0.0011902611647754302,0.09962072660822226,-0.02712163607948112,0.029502158409031982
single_shape,TwoLayerCNN,release_early,validation_patch,10,fidelity,50,0.009871948338644526,0.08976979931418944,-0.01564034634493084,0.03538424302221989
single_shape,TwoLayerCNN,release_early,validation_patch,11,fidelity,50,0.013340160742579115,0.06533692936513578,-0.005228389130739088,0.03190871061589732
single_shape,TwoLayerCNN,release_early,validation_patch,12,fidelity,50,0.012989288234988204,0.04355891507675279,0.0006099815413695246,0.025368594928606884
single_shape,TwoLayerCNN,release_early,validation_patch,13,fidelity,50,0.010090393239861321,0.02335286924555516,0.0034535812334716073,0.016727205246251035
single_shape,TwoLayerCNN,release_early,validation_patch,14,fidelity,50,0.003751909404141258,0.004469809258128048,0.002481603668315566,0.00502221513996695
single_shape,TwoLayerCNN,release_early,validation_patch,15,fidelity,50,0.0003597583323294784,0.0007975641256292264,0.000133093115769451,0.0005864235488895058
single_shape,TwoLayerCNN,release_early,validation_patch,16,fidelity,50,0.0,0.0,0.0,0.0
single_shape,TwoLayerCNN,release_default,validation_patch,1,fidelity,50,-0.018128435651081572,0.013756785421090585,-0.022038070809485017,-0.014218800492678128
single_shape,TwoLayerCNN,release_default,validation_patch,2,fidelity,50,-0.0480945391921349,0.024334873307880398,-0.055010433665121476,-0.04117864471914832
single_shape,TwoLayerCNN,release_default,validation_patch,3,fidelity,50,-0.08070828208959346,0.04476707485297137,-0.09343094399254989,-0.06798562018663704
single_shape,TwoLayerCNN,release_default,validation_patch,4,fidelity,50,-0.0817881082630901,0.06450941451892223,-0.10012148101923837,-0.06345473550694183
single_shape,TwoLayerCNN,release_default,validation_patch,5,fidelity,50,-0.07184122250267273,0.08037562298371352,-0.09468372181315443,-0.048998723192191035
single_shape,TwoLayerCNN,release_default,validation_patch,6,fidelity,50,-0.0530061790963504,0.0938233974812309,-0.0796704936324422,-0.026341864560258596
single_shape,TwoLayerCNN,release_default,validation_patch,7,fidelity,50,-0.04362344266015222,0.08320553989343264,-0.06727019545769028,-0.01997668986261416
single_shape,TwoLayerCNN,release_default,validation_patch,8,fidelity,50,-0.02949863011022573,0.08971104801420927,-0.054994227859090444,-0.004003032361361014
single_shape,TwoLayerCNN,release_default,validation_patch,9,fidelity,50,-0.0008361001632816278,0.07793692517655314,-0.022985529225464006,0.021313328898900752
single_shape,TwoLayerCNN,release_default,validation_patch,10,fidelity,50,0.004908281977503841,0.083158623131181,-0.01872513722373226,0.028541701178739946
single_shape,TwoLayerCNN,release_default,validation_patch,11,fidelity,50,0.018091916447846836,0.05560101940420512,0.002290281570814682,0.03389355132487899
single_shape,TwoLayerCNN,release_default,validation_patch,12,fidelity,50,0.015577369519439175,0.03455908889768336,0.005755785125920175,0.025398953912958176
single_shape,TwoLayerCNN,release_default,validation_patch,13,fidelity,50,0.009820508702246194,0.022199747593003305,0.0035114102435157574,0.016129607160976632
single_shape,TwoLayerCNN,release_default,validation_patch,14,fidelity,50,0.0034796937125167915,0.004353634894246422,0.002242404365595474,0.004716983059438109
single_shape,TwoLayerCNN,release_default,validation_patch,15,fidelity,50,0.00023530413666867256,0.0006495810879437855,5.0695234085553555e-05,0.00041991303925179154
single_shape,TwoLayerCNN,release_default,validation_patch,16,fidelity,50,0.0,0.0,0.0,0.0
single_shape,TwoLayerCNN,release_late,validation_patch,1,fidelity,50,-0.015922317665247678,0.008489630423464761,-0.018335043935917245,-0.013509591394578111
single_shape,TwoLayerCNN,release_late,validation_patch,2,fidelity,50,-0.041594899916549494,0.01966169149414591,-0.0471826908129129,-0.036007109020186084
single_shape,TwoLayerCNN,release_late,validation_patch,3,fidelity,50,-0.07011555564003023,0.03659463740747259,-0.08051563651924035,-0.05971547476082011
single_shape,TwoLayerCNN,release_late,validation_patch,4,fidelity,50,-0.07078777685251741,0.04852564360080432,-0.08457861217477249,-0.05699694153026234
single_shape,TwoLayerCNN,release_late,validation_patch,5,fidelity,50,-0.05252942887606082,0.06288336072180484,-0.07040068225620144,-0.03465817549592019
single_shape,TwoLayerCNN,release_late,validation_patch,6,fidelity,50,-0.04488837852550467,0.0830403419619848,-0.06848818259039086,-0.021288574460618482
single_shape,TwoLayerCNN,release_late,validation_patch,7,fidelity,50,-0.042399924482393436,0.07687380528262208,-0.06424721821370566,-0.020552630751081213
single_shape,TwoLayerCNN,release_late,validation_patch,8,fidelity,50,-0.026284566758806315,0.07413477598322761,-0.04735343697611996,-0.0052156965414926725
single_shape,TwoLayerCNN,release_late,validation_patch,9,fidelity,50,-0.008340836452562011,0.07966103113023415,-0.030980251005322007,0.014298578100197983
single_shape,TwoLayerCNN,release_late,validation_patch,10,fidelity,50,0.003888671863176747,0.07111631483950266,-0.016322361188654218,0.024099704915007715
single_shape,TwoLayerCNN,release_late,validation_patch,11,fidelity,50,0.006794290438039343,0.04973549856136841,-0.0073403818596139555,0.02092896273569264
single_shape,TwoLayerCNN,release_late,validation_patch,12,fidelity,50,0.012545684877222612,0.03173300178173241,0.0035272655554138676,0.021564104199031355
single_shape,TwoLayerCNN,release_late,validation_patch,13,fidelity,50,0.009422932989524506,0.02178372276428917,0.0032320674789227764,0.015613798500126235
single_shape,TwoLayerCNN,release_late,validation_patch,14,fidelity,50,0.0032584481162625622,0.004362861097795392,0.0020185367113044637,0.004498359521220661
single_shape,TwoLayerCNN,release_late,validation_patch,15,fidelity,50,0.0002327545735164449,0.000543043821293581,7.84232271084241e-05,0.0003870859199244657
single_shape,TwoLayerCNN,release_late,validation_patch,16,fidelity,50,0.0,0.0,0.0,0.0
two_concepts,TinyCNN,template_init,contrast,1,fidelity,50,-0.3918175979025956,0.11719233038056619,-0.4251232896849692,-0.35851190612022205
two_concepts,TinyCNN,template_init,contrast,2,fidelity,50,-0.3999022545220619,0.13704229710911567,-0.43884924443038414,-0.36095526461373967
two_concepts,TinyCNN,template_init,contrast,3,fidelity,50,-0.2269729340892149,0.10954175027693036,-0.258104355063417,-0.1958415131150128
two_concepts,TinyCNN,template_init,contrast,4,fidelity,50,-0.10164712831704277,0.08161584592413892,-0.12484209508730704,-0.0784521615467785
two_concepts,TinyCNN,template_init,contrast,5,fidelity,50,-0.03576905927263613,0.04695695828165223,-0.04911407915992586,-0.022424039385346393
two_concepts,TinyCNN,template_init,contrast,6,fidelity,50,-0.014311054666862713,0.03454219993012929,-0.024127839268910274,-0.00449427006481515
two_concepts,TinyCNN,template_init,contrast,7,fidelity,50,-0.00509194635851941,0.019733431251227212,-0.01070012546825935,0.0005162327512205295
two_concepts,TinyCNN,template_init,contrast,8,fidelity,50,0.0010651868585679902,0.014804231656170034,-0.003142129226145874,0.005272502943281855
two_concepts,TinyCNN,template_init,contrast,9,fidelity,50,0.0035995576533624242,0.009178984108289203,0.0009909192331413563,0.006208196073583493
two_concepts,TinyCNN,template_init,contrast,10,fidelity,50,0.004162148252513129,0.005601867769045011,0.002570115047647658,0.005754181457378601
two_concepts,TinyCNN,template_init,contrast,11,fidelity,50,0.004174323390463901,0.00299710572745684,0.0033225553671324256,0.005026091413795377
two_concepts,TinyCNN,template_init,contrast,12,fidelity,50,0.0032356670763332863,0.0022608568940584925,0.0025931386563160202,0.0038781954963505523
two_concepts,TinyCNN,template_init,contrast,13,fidelity,50,0.002102752344131624,0.0016338215848652725,0.0016384253872718639,0.002567079300991384
two_concepts,TinyCNN,template_init,contrast,14,fidelity,50,0.0011631617529413484,0.0012147293407626075,0.0008179394940182144,0.0015083840118644823
two_concepts,TinyCNN,template_init,contrast,15,fidelity,50,0.0005366781941379472,0.000696218609988115,0.000338815054441717,0.0007345413338341774
two_concepts,TinyCNN,template_init,contrast,16,fidelity,50,0.0,0.0,0.0,0.0
two_concepts,TinyCNN,retention_0p1,contrast,1,fidelity,50,-0.2009459411361071,0.120506058620604,-0.23519338406426682,-0.16669849820794735
two_concepts,TinyCNN,retention_0p1,contrast,2,fidelity,50,-0.17043054952379033,0.1057322704612268,-0.20047932831329504,-0.14038177073428562
two_concepts,TinyCNN,retention_0p1,contrast,3,fidelity,50,-0.08900576850861039,0.06417966434297613,-0.10724542730165562,-0.07076610971556516
two_concepts,TinyCNN,retention_0p1,contrast,4,fidelity,50,-0.04020220592386403,0.04683324467665853,-0.05351206679363252,-0.026892345054095546
two_concepts,TinyCNN,retention_0p1,contrast,5,fidelity,50,-0.017109590498239256,0.02995443866825506,-0.025622547775897044,-0.00859663322058147
two_concepts,TinyCNN,retention_0p1,contrast,6,fidelity,50,-0.00684228268971006,0.020063952622835828,-0.012544394933935304,-0.001140170445484816
two_concepts,TinyCNN,retention_0p1,contrast,7,fidelity,50,-0.002509487161776769,0.009714155763480583,-0.005270219683553672,0.00025124536000013364
two_concepts,TinyCNN,retention_0p1,contrast,8,fidelity,50,0.0013514848729362105,0.007462733575173025,-0.0007694005425303689,0.00347237028840279
two_concepts,TinyCNN,retention_0p1,contrast,9,fidelity,50,0.002092648059346254,0.00500051784290543,0.0006715166125422407,0.0035137795061502674
two_concepts,TinyCNN,retention_0p1,contrast,10,fidelity,50,0.0030741860941134094,0.003242676422475129,0.002152627651455835,0.003995744536770984
two_concepts,TinyCNN,retention_0p1,contrast,11,fidelity,50,0.0024951888965228665,0.00294714942750759,0.001657618296549169,0.003332759496496564
two_concepts,TinyCNN,retention_0p1,contrast,12,fidelity,50,0.0016842452549471433,0.0025616137757100087,0.000956242674895815,0.0024122478349984716
two_concepts,TinyCNN,retention_0p1,contrast,13,fidelity,50,0.001331578741338939,0.0018240976216417615,0.0008131759331511107,0.001849981549526767
two_concepts,TinyCNN,retention_0p1,contrast,14,fidelity,50,0.0007239799905815536,0.0013562985126785178,0.0003385242181647835,0.0011094357629983236
two_concepts,TinyCNN,retention_0p1,contrast,15,fidelity,50,0.0003461678686896397,0.0007508335962447796,0.0001327833216363229,0.0005595524157429565
two_concepts,TinyCNN,retention_0p1,contrast,16,fidelity,50,0.0,0.0,0.0,0.0
two_concepts,TinyCNN,release_early,contrast,1,fidelity,50,-0.3612793666449685,0.1357320486416017,-0.39985398805890515,-0.3227047452310319
two_concepts,TinyCNN,release_early,contrast,2,fidelity,50,-0.3453839507411098,0.16214003405997124,-0.39146363857092414,-0.2993042629112954
two_concepts,TinyCNN,release_early,contrast,3,fidelity,50,-0.17344676579688753,0.09369275801149243,-0.20007395300647604,-0.14681957858729902
two_concepts,TinyCNN,release_early,contrast,4,fidelity,50,-0.06429910021169208,0.05409225346776841,-0.07967194855390985,-0.04892625186947431
two_concepts,TinyCNN,release_early,contrast,5,fidelity,50,-0.024231626298899803,0.03325675551685327,-0.03368309164077977,-0.014780160957019839
two_concepts,TinyCNN,release_early,contrast,6,fidelity,50,-0.010054373632307174,0.02443376259582108,-0.016998372129968707,-0.0031103751346456413
two_concepts,TinyCNN,release_early,contrast,7,fidelity,50,-0.0032239802937683694,0.016914301656724282,-0.008030971637515625,0.001583011049978886
two_concepts,TinyCNN,release_early,contrast,8,fidelity,50,0.002530497408628403,0.009945751787355147,-0.000296053974878965,0.005357048792135771
two_concepts,TinyCNN,release_early,contrast,9,fidelity,50,0.0036904719440411203,0.0064227717039730394,0.001865140422205032,0.005515803465877209
two_concepts,TinyCNN,release_early,contrast,10,fidelity,50,0.004477182400011441,0.004937599623791897,0.0030739321132328854,0.005880432686789997
two_concepts,TinyCNN,release_early,contrast,11,fidelity,50,0.004261821649826538,0.0029028038791422844,0.003436853915253494,0.005086789384399582
two_concepts,TinyCNN,release_early,contrast,12,fidelity,50,0.0033634064507289296,0.0022187795925875217,0.0027328362674774592,0.0039939766339804
two_concepts,TinyCNN,release_early,contrast,13,fidelity,50,0.002063338075952894,0.001733811523485153,0.001570594292956153,0.0025560818589496354
two_concepts,TinyCNN,release_early,contrast,14,fidelity,50,0.0011536721681716976,0.0011813203196011028,0.0008179446480078536,0.0014893996883355415
two_concepts,TinyCNN,release_early,contrast,15,fidelity,50,0.0005224889975185154,0.0007246993903946934,0.00031653170958867113,0.0007284462854483596
two_concepts,TinyCNN,release_early,contrast,16,fidelity,50,0.0,0.0,0.0,0.0
two_concepts,TinyCNN,release_default,contrast,1,fidelity,50,-0.3332483069350456,0.1371681696307781,-0.3722310694182176,-0.2942655444518736
two_concepts,TinyCNN,release_default,contrast,2,fidelity,50,-0.2677646508172182,0.14834677543356814,-0.30992433791836943,-0.22560496371606692
two_concepts,TinyCNN,release_default,contrast,3,fidelity,50,-0.12222779896962917,0.08096305140834505,-0.14523724359121995,-0.09921835434803838
two_concepts,TinyCNN,release_default,contrast,4,fidelity,50,-0.03389548919388385,0.04487113151979532,-0.046647723674345005,-0.02114325471342269
two_concepts,TinyCNN,release_default,contrast,5,fidelity,50,-0.00680418129704256,0.023858309937323855,-0.013584637958672523,-2.3724635412596812e-05
two_concepts,TinyCNN,release_default,contrast,6,fidelity,50,-0.0007943949240321447,0.02438249914521665,-0.007723824510230038,0.006135034662165749
two_concepts,TinyCNN,release_default,contrast,7,fidelity,50,0.002441180058094683,0.011370987990900859,-0.0007904189727990481,0.005672779088988414
two_concepts,TinyCNN,release_default,contrast,8,fidelity,50,0.005270156510274968,0.007745137488400578,0.0030690127906894287,0.0074713002298605075
two_concepts,TinyCNN,release_default,contrast,9,fidelity,50,0.0053187483233667196,0.005729985942007412,0.0036903043366134755,0.006947192310119964
two_concepts,TinyCNN,release_default,contrast,10,fidelity,50,0.005756688324787482,0.0031392935292857828,0.004864510975286371,0.006648865674288593
two_concepts,TinyCNN,release_default,contrast,11,fidelity,50,0.004539091032017772,0.002801581434360649,0.0037428903979572596,0.005335291666078285
two_concepts,TinyCNN,release_default,contrast,12,fidelity,50,0.00339713457023328,0.0022585937593980364,0.0027552493259700786,0.004039019814496481
two_concepts,TinyCNN,release_default,contrast,13,fidelity,50,0.0021470510657787866,0.0017086291484035392,0.001661464034594154,0.002632638096963419
two_concepts,TinyCNN,release_default,contrast,14,fidelity,50,0.0011437386021047268,0.0012339275244652329,0.0007930602797420773,0.0014944169244673763
two_concepts,TinyCNN,release_default,contrast,15,fidelity,50,0.0005371870279319446,0.0006872468346770294,0.0003418736385673391,0.00073250041729655
two_concepts,TinyCNN,release_default,contrast,16,fidelity,50,0.0,0.0,0.0,0.0
two_concepts,TinyCNN,release_late,contrast,1,fidelity,50,-0.23565562472271817,0.11491931308332497,-0.2683153321367284,-0.20299591730870792
two_concepts,TinyCNN,release_late,contrast,2,fidelity,50,-0.1563773607574283,0.12171886885735068,-0.19096948054118448,-0.12178524097367213
two_concepts,TinyCNN,release_late,contrast,3,fidelity,50,-0.05833312726479347,0.06390703253930086,-0.07649530495652607,-0.040170949573060874
two_concepts,TinyCNN,release_late,contrast,4,fidelity,50,-0.01194642263785227,0.031188803384095784,-0.02081018248628687,-0.00308266278941767
two_concepts,TinyCNN,release_late,contrast,5,fidelity,50,0.0018566120561827294,0.020062903836569824,-0.003845202126283629,0.0075584262386490875
two_concepts,TinyCNN,release_late,contrast,6,fidelity,50,0.004566491364852867,0.015229379058396336,0.00023834972530410985,0.008894633004401624
two_concepts,TinyCNN,release_late,contrast,7,fidelity,50,0.004631582684325355,0.007359384501918792,0.002540068750496026,0.006723096618154683
two_concepts,TinyCNN,release_late,contrast,8,fidelity,50,0.006762934394586644,0.004543375085457201,0.005471721481962065,0.008054147307211223
two_concepts,TinyCNN,release_late,contrast,9,fidelity,50,0.006183442831315871,0.0033829139553494085,0.005222029322792947,0.007144856339838795
two_concepts,TinyCNN,release_late,contrast,10,fidelity,50,0.005540672834951572,0.002837164924227251,0.004734359484963407,0.006346986184939738
two_concepts,TinyCNN,release_late,contrast,11,fidelity,50,0.004361699967834882,0.0028734220450956317,0.003545082458106594,0.0051783174775631696
two_concepts,TinyCNN,release_late,contrast,12,fidelity,50,0.0030872819791879723,0.0021929637090203715,0.00246404858886813,0.0037105153695078147
two_concepts,TinyCNN,release_late,contrast,13,fidelity,50,0.001873049169746208,0.0015204750727038693,0.0014409349352241274,0.002305163404268289
two_concepts,TinyCNN,release_late,contrast,14,fidelity,50,0.0011014012138141527,0.001194722085186726,0.0007618649540127836,0.0014409374736155218
two_concepts,TinyCNN,release_late,contrast,15,fidelity,50,0.00048076862888664086,0.000672728095898523,0.0002895814194286508,0.0006719558383446309
two_concepts,TinyCNN,release_late,contrast,16,fidelity,50,0.0,0.0,0.0,0.0
two_concepts,TinyCNN,template_init,auroc,1,fidelity,50,-0.36962410153808195,0.1265927443530942,-0.40560136141180614,-0.33364684166435776
two_concepts,TinyCNN,template_init,auroc,2,fidelity,50,-0.3947413383354603,0.1345770913748095,-0.4329877245259427,-0.35649495214497795
two_concepts,TinyCNN,template_init,auroc,3,fidelity,50,-0.23266453874580542,0.10987720355788884,-0.26389129448762166,-0.20143778300398918
two_concepts,TinyCNN,template_init,auroc,4,fidelity,50,-0.09737025122529128,0.07937471500333246,-0.1199282956351081,-0.07481220681547446
two_concepts,TinyCNN,template_init,auroc,5,fidelity,50,-0.03586976461787865,0.048254472393568226,-0.049583533935736245,-0.022155995300021054
two_concepts,TinyCNN,template_init,auroc,6,fidelity,50,-0.01119692743399343,0.032956072584473174,-0.02056293963198974,-0.0018309152359971218
two_concepts,TinyCNN,template_init,auroc,7,fidelity,50,-0.004234586815328156,0.019484499569815038,-0.00977202032397749,0.001302846693321179
two_concepts,TinyCNN,template_init,auroc,8,fidelity,50,0.00112667571456065,0.01447977832298336,-0.0029884317531064537,0.005241783182227754
two_concepts,TinyCNN,template_init,auroc,9,fidelity,50,0.0031818226847224484,0.010159737000724619,0.00029445737645289417,0.006069187992992003
two_concepts,TinyCNN,template_init,auroc,10,fidelity,50,0.003847745381835841,0.005854476818748179,0.0021839214793749643,0.005511569284296717
two_concepts,TinyCNN,template_init,auroc,11,fidelity,50,0.003762421924958679,0.0035543651175691518,0.0027522825352618158,0.004772561314655542
two_concepts,TinyCNN,template_init,auroc,12,fidelity,50,0.0029829746312893457,0.0023919654255274187,0.002303185578899948,0.0036627636836787433
two_concepts,TinyCNN,template_init,auroc,13,fidelity,50,0.0016873079038470728,0.001449021595278506,0.0012755005229235154,0.00209911528477063
two_concepts,TinyCNN,template_init,auroc,14,fidelity,50,0.0009494948031541139,0.0008723069172753491,0.0007015879202372859,0.0011974016860709419
two_concepts,TinyCNN,template_init,auroc,15,fidelity,50,0.00044826976885513846,0.0004369619078255663,0.0003240865686796976,0.0005724529690305793
two_concepts,TinyCNN,template_init,auroc,16,fidelity,50,0.0,0.0,0.0,0.0
two_concepts,TinyCNN,retention_0p1,auroc,1,fidelity,50,-0.18857320132749097,0.12659626008613042,-0.22455146036148882,-0.15259494229349313
two_concepts,TinyCNN,retention_0p1,auroc,2,fidelity,50,-0.171747346805107,0.099918293341543,-0.20014381157927344,-0.14335088203094057
two_concepts,TinyCNN,retention_0p1,auroc,3,fidelity,50,-0.08875756440188563,0.06749861429808474,-0.10794045833572043,-0.06957467046805084
two_concepts,TinyCNN,retention_0p1,auroc,4,fidelity,50,-0.03717958459474104,0.04497274611093052,-0.04996069762247531,-0.024398471567006773
two_concepts,TinyCNN,retention_0p1,auroc,5,fidelity,50,-0.017467095069283834,0.031106053784153206,-0.026307337741621223,-0.008626852396946444
two_concepts,TinyCNN,retention_0p1,auroc,6,fidelity,50,-0.00592351474686009,0.020922308403566837,-0.011869569004865669,2.2539511145489022e-05
two_concepts,TinyCNN,retention_0p1,auroc,7,fidelity,50,-0.003214008493598295,0.013170679867763676,-0.006957074296757647,0.0005290573095610568
two_concepts,TinyCNN,retention_0p1,auroc,8,fidelity,50,0.0010617012906978785,0.007209687981236217,-0.000987269362674811,0.003110671944070568
two_concepts,TinyCNN,retention_0p1,auroc,9,fidelity,50,0.002341520617402086,0.005039607176500486,0.0009092801049069346,0.0037737611298972375
two_concepts,TinyCNN,retention_0p1,auroc,10,fidelity,50,0.0024901829032115685,0.0035566383807357636,0.0014793974592710402,0.003500968347152097
two_concepts,TinyCNN,retention_0p1,auroc,11,fidelity,50,0.002180038380467224,0.002948771883339811,0.0013420066836478289,0.0030180700772866192
two_concepts,TinyCNN,retention_0p1,auroc,12,fidelity,50,0.001759564180615485,0.002696716529085711,0.000993165822885967,0.0025259625383450028
two_concepts,TinyCNN,retention_0p1,auroc,13,fidelity,50,0.0009204535280234816,0.0019025181433782578,0.00037976385415180666,0.0014611432018951567
two_concepts,TinyCNN,retention_0p1,auroc,14,fidelity,50,0.0005142880062238731,0.0011022497415236617,0.00020103209571186744,0.0008275439167358788
two_concepts,TinyCNN,retention_0p1,auroc,15,fidelity,50,0.00029821849623129726,0.00044543184059375095,0.00017162816779687804,0.0004248088246657165
two_concepts,TinyCNN,retention_0p1,auroc,16,fidelity,50,0.0,0.0,0.0,0.0
two_concepts,TinyCNN,release_early,auroc,1,fidelity,50,-0.34499296687283815,0.13272426805237203,-0.38271278650129464,-0.30727314724438165
two_concepts,TinyCNN,release_early,auroc,2,fidelity,50,-0.3364100165385131,0.14890103509867822,-0.37872722249361673,-0.29409281058340947
two_concepts,TinyCNN,release_early,auroc,3,fidelity,50,-0.1754391151424784,0.0874826860262887,-0.20030141942146987,-0.15057681086348693
two_concepts,TinyCNN,release_early,auroc,4,fidelity,50,-0.05895907714159553,0.054257562384127975,-0.0743789057580281,-0.043539248525162964
two_concepts,TinyCNN,release_early,auroc,5,fidelity,50,-0.024169737021970207,0.03617086775414065,-0.03444938389824887,-0.013890090145691543
two_concepts,TinyCNN,release_early,auroc,6,fidelity,50,-0.010861875106911677,0.03295884522051461,-0.020228675279352393,-0.0014950749344709614
two_concepts,TinyCNN,release_early,auroc,7,fidelity,50,-0.003913107120097168,0.017199254345731933,-0.008801081122025451,0.0009748668818311138
two_concepts,TinyCNN,release_early,auroc,8,fidelity,50,0.0016042578073976398,0.010430623395735736,-0.0013600925625306484,0.004568608177325928
two_concepts,TinyCNN,release_early,auroc,9,fidelity,50,0.00334144662396771,0.0072260197752148266,0.0012878345261016955,0.005395058721833724
two_concepts,TinyCNN,release_early,auroc,10,fidelity,50,0.0038730374011859124,0.005206476163887667,0.0023933732471955673,0.005352701555176257
two_concepts,TinyCNN,release_early,auroc,11,fidelity,50,0.0039086158140862895,0.002936342498384605,0.0030741165093869094,0.00474311511878567
two_concepts,TinyCNN,release_early,auroc,12,fidelity,50,0.003041236856185594,0.0023733029360271576,0.002366751624627892,0.0037157220877432956
two_concepts,TinyCNN,release_early,auroc,13,fidelity,50,0.0016304188415152065,0.0015316900424724312,0.0011951173478504207,0.0020657203351799923
two_concepts,TinyCNN,release_early,auroc,14,fidelity,50,0.0009312446853418855,0.000903231341717713,0.0006745491782405224,0.0011879401924432486
two_concepts,TinyCNN,release_early,auroc,15,fidelity,50,0.00044029651951291935,0.00046039355602432204,0.00030945411860030993,0.0005711389204255288
two_concepts,TinyCNN,release_early,auroc,16,fidelity,50,0.0,0.0,0.0,0.0
two_concepts,TinyCNN,release_default,auroc,1,fidelity,50,-0.2992709165176788,0.133023934145234,-0.33707590030742535,-0.2614659327279322
two_concepts,TinyCNN,release_default,auroc,2,fidelity,50,-0.2602650542280602,0.1337886404175174,-0.29828736513576753,-0.22224274332035282
two_concepts,TinyCNN,release_default,auroc,3,fidelity,50,-0.12475629289876983,0.07210079754721525,-0.14524711284042263,-0.10426547295711702
two_concepts,TinyCNN,release_default,auroc,4,fidelity,50,-0.030107077652168912,0.03847155322300791,-0.04104057210418437,-0.019173583200153454
two_concepts,TinyCNN,release_default,auroc,5,fidelity,50,-0.007533618719038917,0.028407922965756477,-0.015607061097071835,0.0005398236589940026
two_concepts,TinyCNN,release_default,auroc,6,fidelity,50,0.0006668121160713225,0.023958992166874988,-0.006142258118601372,0.007475882350744018
two_concepts,TinyCNN,release_default,auroc,7,fidelity,50,0.0029494482361739215,0.012223482380612875,-0.0005244270196037154,0.006423323491951558
two_concepts,TinyCNN,release_default,auroc,8,fidelity,50,0.005327733693885846,0.007565236848165388,0.003177717170556816,0.0074777502172148754
two_concepts,TinyCNN,release_default,auroc,9,fidelity,50,0.005479959064826081,0.005693384790516201,0.0038619170102341615,0.007098001119417999
two_concepts,TinyCNN,release_default,auroc,10,fidelity,50,0.005374629184846078,0.0034948977700117773,0.004381390228329693,0.006367868141362464
two_concepts,TinyCNN,release_default,auroc,11,fidelity,50,0.004154425876933403,0.0028845024837660656,0.0033346593413774647,0.004974192412489342
two_concepts,TinyCNN,release_default,auroc,12,fidelity,50,0.003088610714225337,0.0022927986532786204,0.002437004546678709,0.0037402168817719655
two_concepts,TinyCNN,release_default,auroc,13,fidelity,50,0.0017331894188689855,0.0014246548478719949,0.0013283069909370171,0.0021380718468009536
two_concepts,TinyCNN,release_default,auroc,14,fidelity,50,0.000930058354223886,0.0008978092238733635,0.0006749037959640143,0.0011852129124837575
two_concepts,TinyCNN,release_default,auroc,15,fidelity,50,0.0004563490308478779,0.00043189527513476345,0.0003336057517511151,0.0005790923099446407
two_concepts,TinyCNN,release_default,auroc,16,fidelity,50,0.0,0.0,0.0,0.0
two_concepts,TinyCNN,release_late,auroc,1,fidelity,50,-0.2277279217180094,0.13220724164292338,-0.2653008040666923,-0.19015503936932646
two_concepts,TinyCNN,release_late,auroc,2,fidelity,50,-0.1608874250925959,0.09799636720178531,-0.18873768450134817,-0.13303716568384363
two_concepts,TinyCNN,release_late,auroc,3,fidelity,50,-0.05518339398963668,0.0562134351248432,-0.07115907548873032,-0.039207712490543035
two_concepts,TinyCNN,release_late,auroc,4,fidelity,50,-0.008071912874965882,0.02935073459673108,-0.016413299353846583,0.00026947360391482017
two_concepts,TinyCNN,release_late,auroc,5,fidelity,50,0.003609622407602342,0.017551711587240976,-0.001378518834059509,0.008597763649264192
two_concepts,TinyCNN,release_late,auroc,6,fidelity,50,0.006387416913549457,0.01584010447206659,0.001885709031864284,0.010889124795234632
two_concepts,TinyCNN,release_late,auroc,7,fidelity,50,0.004971658728820774,0.008681933995346624,0.0025042803877217855,0.007439037069919763
two_concepts,TinyCNN,release_late,auroc,8,fidelity,50,0.006398544215733437,0.00500462104275281,0.004976246652435328,0.007820841779031546
two_concepts,TinyCNN,release_late,auroc,9,fidelity,50,0.006297806813562412,0.0035382101460960038,0.0052922586159588406,0.007303355011165984
two_concepts,TinyCNN,release_late,auroc,10,fidelity,50,0.0051421407161307145,0.0031934704682533583,0.004234566450934634,0.006049714981326795
two_concepts,TinyCNN,release_late,auroc,11,fidelity,50,0.004143495333902585,0.0028051524396764324,0.003346279831360368,0.004940710836444802
two_concepts,TinyCNN,release_late,auroc,12,fidelity,50,0.002815844563561889,0.0023320064239055996,0.0021530956708920757,0.0034785934562317025
two_concepts,TinyCNN,release_late,auroc,13,fidelity,50,0.0014723037899856805,0.001363395802605435,0.001084830990089139,0.001859776589882222
two_concepts,TinyCNN,release_late,auroc,14,fidelity,50,0.0008820846563421703,0.0008217295756446304,0.0006485516948761259,0.0011156176178082147
two_concepts,TinyCNN,release_late,auroc,15,fidelity,50,0.00039354414284192396,0.0004676132748384373,0.00026064992054477957,0.0005264383651390683
two_concepts,TinyCNN,release_late,auroc,16,fidelity,50,0.0,0.0,0.0,0.0
two_concepts,TinyCNN,template_init,validation_patch,1,fidelity,50,-0.3954326447075205,0.08585559321535133,-0.41983253432604384,-0.37103275508899713
two_concepts,TinyCNN,template_init,validation_patch,2,fidelity,50,-0.33325462599392175,0.10134387252197942,-0.3620562358884284,-0.3044530160994151
two_concepts,TinyCNN,template_init,validation_patch,3,fidelity,50,-0.17529936964876003,0.08621449193222439,-0.19980125715406016,-0.1507974821434599
two_concepts,TinyCNN,template_init,validation_patch,4,fidelity,50,-0.08526650711634087,0.058334695484455565,-0.1018450441393241,-0.06868797009335764
two_concepts,TinyCNN,template_init,validation_patch,5,fidelity,50,-0.03775038276567928,0.04633174250044988,-0.050917718293945,-0.024583047237413565
two_concepts,TinyCNN,template_init,validation_patch,6,fidelity,50,-0.016151986283087498,0.03762741836397342,-0.026845580262551023,-0.005458392303623973
two_concepts,TinyCNN,template_init,validation_patch,7,fidelity,50,-0.003201839458873954,0.02086930452062725,-0.00913283018001904,0.002729151262271131
two_concepts,TinyCNN,template_init,validation_patch,8,fidelity,50,0.003161174233738908,0.008051064928496082,0.0008730868976683688,0.005449261569809447
two_concepts,TinyCNN,template_init,validation_patch,9,fidelity,50,0.004578263030031444,0.00439890044356571,0.003328109356331298,0.005828416703731591
two_concepts,TinyCNN,template_init,validation_patch,10,fidelity,50,0.004046664236654269,0.0030008306713690926,0.003193837595976033,0.0048994908773325055
two_concepts,TinyCNN,template_init,validation_patch,11,fidelity,50,0.0032151537724755498,0.0024414644409961094,0.0025212972555398155,0.003909010289411284
two_concepts,TinyCNN,template_init,validation_patch,12,fidelity,50,0.0019508798530651062,0.0016884029902778158,0.0014710410324185637,0.0024307186737116486
two_concepts,TinyCNN,template_init,validation_patch,13,fidelity,50,0.0015253120262553566,0.0012864739215041445,0.0011597001830866184,0.0018909238694240949
two_concepts,TinyCNN,template_init,validation_patch,14,fidelity,50,0.0010319317766339297,0.0011603851623515217,0.0007021539623297253,0.0013617095909381342
two_concepts,TinyCNN,template_init,validation_patch,15,fidelity,50,0.0006254882794671324,0.00109057208865258,0.00031555112118065884,0.0009354254377536059
two_concepts,TinyCNN,template_init,validation_patch,16,fidelity,50,0.0,0.0,0.0,0.0
two_concepts,TinyCNN,retention_0p1,validation_patch,1,fidelity,50,-0.20483970261974946,0.07427493671428574,-0.2259484060760938,-0.18373099916340513
two_concepts,TinyCNN,retention_0p1,validation_patch,2,fidelity,50,-0.15015911372228907,0.06679789262481631,-0.1691428647600033,-0.13117536268457486
two_concepts,TinyCNN,retention_0p1,validation_patch,3,fidelity,50,-0.07853237795793622,0.053601718275517546,-0.0937658177410063,-0.06329893817486613
two_concepts,TinyCNN,retention_0p1,validation_patch,4,fidelity,50,-0.03530650602954547,0.03457125218402805,-0.04513154719079613,-0.025481464868294813
two_concepts,TinyCNN,retention_0p1,validation_patch,5,fidelity,50,-0.01428794650741682,0.023761851482894922,-0.021040989979612103,-0.0075349030352215365
two_concepts,TinyCNN,retention_0p1,validation_patch,6,fidelity,50,-0.004222812756794469,0.01376506625381928,-0.008134801301820295,-0.00031082421176864376
two_concepts,TinyCNN,retention_0p1,validation_patch,7,fidelity,50,0.00035404112463494064,0.008456690034335208,-0.002049323591025201,0.0027574058402950823
two_concepts,TinyCNN,retention_0p1,validation_patch,8,fidelity,50,0.0024058949608447787,0.004220009685425871,0.001206581478085222,0.0036052084436043355
two_concepts,TinyCNN,retention_0p1,validation_patch,9,fidelity,50,0.0028179586926692177,0.003394606126312437,0.0018532223059246826,0.003782695079413753
two_concepts,TinyCNN,retention_0p1,validation_patch,10,fidelity,50,0.002363257189251273,0.0026242802140591945,0.0016174450044759894,0.003109069374026557
two_concepts,TinyCNN,retention_0p1,validation_patch,11,fidelity,50,0.0018721376222435304,0.0022204631547003,0.0012410889759335768,0.0025031862685534843
two_concepts,TinyCNN,retention_0p1,validation_patch,12,fidelity,50,0.001083572220339799,0.001631274651461355,0.0006199690939445892,0.0015471753467350088
two_concepts,TinyCNN,retention_0p1,validation_patch,13,fidelity,50,0.0008217351167981657,0.0013746202511325026,0.000431072363925558,0.0012123978696707734
two_concepts,TinyCNN,retention_0p1,validation_patch,14,fidelity,50,0.0006211650524055035,0.0013070469911877771,0.00024970640752478224,0.0009926236972862246
two_concepts,TinyCNN,retention_0p1,validation_patch,15,fidelity,50,0.00047304315839893365,0.000941935368843218,0.0002053480884934806,0.0007407382283043867
two_concepts,TinyCNN,retention_0p1,validation_patch,16,fidelity,50,0.0,0.0,0.0,0.0
two_concepts,TinyCNN,release_early,validation_patch,1,fidelity,50,-0.34649769410138326,0.07274466927389163,-0.3671715003631001,-0.3258238878396664
two_concepts,TinyCNN,release_early,validation_patch,2,fidelity,50,-0.25821166670650825,0.07318384713871028,-0.27901028593640986,-0.23741304747660663
two_concepts,TinyCNN,release_early,validation_patch,3,fidelity,50,-0.1321604574092714,0.06414532006357901,-0.1503903556661077,-0.1139305591524351
two_concepts,TinyCNN,release_early,validation_patch,4,fidelity,50,-0.05454791760942312,0.04705823583339965,-0.06792172025845178,-0.041174114960394456
two_concepts,TinyCNN,release_early,validation_patch,5,fidelity,50,-0.018730752936593934,0.02992882774567983,-0.027236431670589496,-0.010225074202598373
two_concepts,TinyCNN,release_early,validation_patch,6,fidelity,50,-0.00164994358313163,0.013837292088419256,-0.005582458483236323,0.002282571316973063
two_concepts,TinyCNN,release_early,validation_patch,7,fidelity,50,0.004074582984750499,0.006693286456803024,0.0021723720207949245,0.005976793948706074
two_concepts,TinyCNN,release_early,validation_patch,8,fidelity,50,0.005484923725465669,0.004024975318454179,0.004341038396513067,0.006628809054418271
two_concepts,TinyCNN,release_early,validation_patch,9,fidelity,50,0.005447498027439752,0.003728826942991975,0.0043877771355536775,0.006507218919325827
two_concepts,TinyCNN,release_early,validation_patch,10,fidelity,50,0.004284576444567962,0.0027632764856104484,0.0034992619564921815,0.005069890932643743
two_concepts,TinyCNN,release_early,validation_patch,11,fidelity,50,0.003244809669441637,0.002334697345927183,0.0025812960251949055,0.003908323313688369
two_concepts,TinyCNN,release_early,validation_patch,12,fidelity,50,0.0019351855580897314,0.0015783915563428114,0.0014866116410360932,0.0023837594751433696
two_concepts,TinyCNN,release_early,validation_patch,13,fidelity,50,0.0014970919570556963,0.001381225445038905,0.0011045520288449494,0.0018896318852664432
two_concepts,TinyCNN,release_early,validation_patch,14,fidelity,50,0.0010134413567862155,0.0012076030422162882,0.0006702443695012693,0.0013566383440711616
two_concepts,TinyCNN,release_early,validation_patch,15,fidelity,50,0.0006088923859964112,0.0010968229051337844,0.0002971787653216985,0.000920606006671124
two_concepts,TinyCNN,release_early,validation_patch,16,fidelity,50,0.0,0.0,0.0,0.0
two_concepts,TinyCNN,release_default,validation_patch,1,fidelity,50,-0.2968133419754291,0.06220820965530133,-0.3144927195454848,-0.27913396440537336
two_concepts,TinyCNN,release_default,validation_patch,2,fidelity,50,-0.18373196920254675,0.06791419243864735,-0.2030329691371422,-0.1644309692679513
two_concepts,TinyCNN,release_default,validation_patch,3,fidelity,50,-0.07490675404168931,0.05300830417234388,-0.08997154740263062,-0.059841960680748
two_concepts,TinyCNN,release_default,validation_patch,4,fidelity,50,-0.026197722449365468,0.042277449898805504,-0.038212840768984256,-0.014182604129746682
two_concepts,TinyCNN,release_default,validation_patch,5,fidelity,50,-0.004809563958854299,0.023796282109340854,-0.011572392506818263,0.0019532645891096653
two_concepts,TinyCNN,release_default,validation_patch,6,fidelity,50,0.005188745683160581,0.0074982393639604645,0.0030577696341687155,0.007319721732152446
two_concepts,TinyCNN,release_default,validation_patch,7,fidelity,50,0.0067753020261997945,0.0045942263583430365,0.005469637341723106,0.008080966710676483
two_concepts,TinyCNN,release_default,validation_patch,8,fidelity,50,0.006663595115361145,0.0036318154419413998,0.005631444587020564,0.007695745643701725
two_concepts,TinyCNN,release_default,validation_patch,9,fidelity,50,0.005681334286938029,0.0036293047907039314,0.004649897277784383,0.006712771296091674
two_concepts,TinyCNN,release_default,validation_patch,10,fidelity,50,0.004302158569949037,0.0025342917697209516,0.0035819208180856345,0.00502239632181244
two_concepts,TinyCNN,release_default,validation_patch,11,fidelity,50,0.003274303703305028,0.002216764740482683,0.0026443061346860417,0.0039043012719240143
two_concepts,TinyCNN,release_default,validation_patch,12,fidelity,50,0.00198257325996513,0.0016549164753059747,0.0015122512015750956,0.002452895318355165
two_concepts,TinyCNN,release_default,validation_patch,13,fidelity,50,0.001540615492745867,0.0013346655498067076,0.0011613077403523214,0.0019199232451394127
two_concepts,TinyCNN,release_default,validation_patch,14,fidelity,50,0.0010329408412926067,0.0011654503229472945,0.0007017235242745028,0.0013641581583107108
two_concepts,TinyCNN,release_default,validation_patch,15,fidelity,50,0.0006570943114753857,0.0010464515012549983,0.0003596960853899294,0.0009544925375608421
two_concepts,TinyCNN,release_default,validation_patch,16,fidelity,50,0.0,0.0,0.0,0.0
two_concepts,TinyCNN,release_late,validation_patch,1,fidelity,50,-0.21587255128885613,0.05332787784672592,-0.23102816648315602,-0.20071693609455624
two_concepts,TinyCNN,release_late,validation_patch,2,fidelity,50,-0.10055406017820079,0.04706745113126573,-0.11393048178590544,-0.08717763857049614
two_concepts,TinyCNN,release_late,validation_patch,3,fidelity,50,-0.030613305143677386,0.03824700668450407,-0.041482984175537606,-0.019743626111817167
two_concepts,TinyCNN,release_late,validation_patch,4,fidelity,50,-0.0022844785075886807,0.023375457193154214,-0.008927709937658148,0.004358752922480786
two_concepts,TinyCNN,release_late,validation_patch,5,fidelity,50,0.006446120474730974,0.011040222516594915,0.003308523951541546,0.009583716997920402
two_concepts,TinyCNN,release_late,validation_patch,6,fidelity,50,0.007859285465094299,0.005195931952376534,0.006382617942859099,0.009335952987329497
two_concepts,TinyCNN,release_late,validation_patch,7,fidelity,50,0.007184544410713225,0.0035476133168427988,0.006176323861551725,0.008192764959874725
two_concepts,TinyCNN,release_late,validation_patch,8,fidelity,50,0.0064604112693289,0.003149696048314641,0.005565277556630553,0.007355544982027248
two_concepts,TinyCNN,release_late,validation_patch,9,fidelity,50,0.005600204146443166,0.0033559307831513016,0.004646459170610244,0.006553949122276088
two_concepts,TinyCNN,release_late,validation_patch,10,fidelity,50,0.004043774998896732,0.002252288860407485,0.0034036815871008636,0.0046838684106926
two_concepts,TinyCNN,release_late,validation_patch,11,fidelity,50,0.00308391392070662,0.0021361467043558894,0.0024768277444511097,0.0036910000969621304
two_concepts,TinyCNN,release_late,validation_patch,12,fidelity,50,0.0018309464649994766,0.0016211021337962205,0.0013702343361371727,0.0022916585938617803
two_concepts,TinyCNN,release_late,validation_patch,13,fidelity,50,0.00141505754182518,0.0012414479164805294,0.001062241947699688,0.0017678731359506718
two_concepts,TinyCNN,release_late,validation_patch,14,fidelity,50,0.000994831333298567,0.0011290111587573901,0.0006739699121601265,0.0013156927544370075
two_concepts,TinyCNN,release_late,validation_patch,15,fidelity,50,0.000631346881670165,0.0010043586327706019,0.00034591131644676947,0.0009167824468935606
two_concepts,TinyCNN,release_late,validation_patch,16,fidelity,50,0.0,0.0,0.0,0.0
two_concepts,TwoLayerCNN,template_init,contrast,1,fidelity,50,-0.008726998476726158,0.00971894862242513,-0.011489093113943936,-0.005964903839508381
two_concepts,TwoLayerCNN,template_init,contrast,2,fidelity,50,-0.02813033255839799,0.029837047422597334,-0.03660992761317712,-0.019650737503618856
two_concepts,TwoLayerCNN,template_init,contrast,3,fidelity,50,-0.06531963816048375,0.05654774578740903,-0.0813903296986373,-0.0492489466223302
two_concepts,TwoLayerCNN,template_init,contrast,4,fidelity,50,-0.0957502447662052,0.0874628393110616,-0.12060690867113721,-0.07089358086127318
two_concepts,TwoLayerCNN,template_init,contrast,5,fidelity,50,-0.09858620378251141,0.134272473640557,-0.136746018570791,-0.06042638899423184
two_concepts,TwoLayerCNN,template_init,contrast,6,fidelity,50,-0.06982779501417141,0.14662490179740975,-0.11149813104236544,-0.028157458985977372
two_concepts,TwoLayerCNN,template_init,contrast,7,fidelity,50,-0.03720392469221437,0.15503696564947067,-0.08126494281539343,0.006857093430964682
two_concepts,TwoLayerCNN,template_init,contrast,8,fidelity,50,0.04723882060557647,0.1333653400616283,0.009336810327943014,0.08514083088320992
two_concepts,TwoLayerCNN,template_init,contrast,9,fidelity,50,0.12022601479162867,0.12300555260839087,0.0852682235318094,0.15518380605144794
two_concepts,TwoLayerCNN,template_init,contrast,10,fidelity,50,0.14925196167281027,0.09206716941885236,0.12308676162957981,0.17541716171604074
two_concepts,TwoLayerCNN,template_init,contrast,11,fidelity,50,0.14390421382059004,0.08094777882269416,0.12089910961981654,0.16690931802136355
two_concepts,TwoLayerCNN,template_init,contrast,12,fidelity,50,0.08189577594412667,0.053039232862647716,0.0668221927466564,0.09696935914159693
two_concepts,TwoLayerCNN,template_init,contrast,13,fidelity,50,0.038515539636169896,0.026438816344421436,0.031001711168056216,0.046029368104283576
two_concepts,TwoLayerCNN,template_init,contrast,14,fidelity,50,0.011559437431230097,0.008956324215588287,0.009014078252359647,0.014104796610100548
two_concepts,TwoLayerCNN,template_init,contrast,15,fidelity,50,0.002321547120050389,0.0029189502860663724,0.001491990627401965,0.0031511036126988133
two_concepts,TwoLayerCNN,template_init,contrast,16,fidelity,50,0.0,0.0,0.0,0.0
two_concepts,TwoLayerCNN,retention_0p1,contrast,1,fidelity,50,-0.0028682620365367327,0.01071558085635856,-0.0059135964207240755,0.00017707234765061003
two_concepts,TwoLayerCNN,retention_0p1,contrast,2,fidelity,50,-0.01067425536441551,0.02674089502409562,-0.018273933643404894,-0.0030745770854261265
two_concepts,TwoLayerCNN,retention_0p1,contrast,3,fidelity,50,-0.02607795306189816,0.04870675995162304,-0.03992026108153478,-0.012235645042261547
two_concepts,TwoLayerCNN,retention_0p1,contrast,4,fidelity,50,-0.03231433786150804,0.08922378075037382,-0.05767145578620471,-0.006957219936811365
two_concepts,TwoLayerCNN,retention_0p1,contrast,5,fidelity,50,-0.027835437548085512,0.11713259137839545,-0.06112415169389174,0.005453276597720713
two_concepts,TwoLayerCNN,retention_0p1,contrast,6,fidelity,50,-0.02463848013490928,0.11494640797293607,-0.057305887831347005,0.008028927561528443
two_concepts,TwoLayerCNN,retention_0p1,contrast,7,fidelity,50,-0.03380312736684433,0.12013936038135567,-0.06794635580849387,0.00034010107480521995
two_concepts,TwoLayerCNN,retention_0p1,contrast,8,fidelity,50,-0.009493879673369843,0.11554767883728648,-0.04233216665875715,0.023344407312017465
two_concepts,TwoLayerCNN,retention_0p1,contrast,9,fidelity,50,0.018007431187297643,0.11067325960390588,-0.01344556117959499,0.04946042355419028
two_concepts,TwoLayerCNN,retention_0p1,contrast,10,fidelity,50,0.034763835306176265,0.0981841046903683,0.006860221493510052,0.06266744911884248
two_concepts,TwoLayerCNN,retention_0p1,contrast,11,fidelity,50,0.04291398782894501,0.08355511474825593,0.019167886956905796,0.06666008870098422
two_concepts,TwoLayerCNN,retention_0p1,contrast,12,fidelity,50,0.01774655512501012,0.05818682218198381,0.0012100432296011376,0.034283067020419104
two_concepts,TwoLayerCNN,retention_0p1,contrast,13,fidelity,50,0.010343939999718603,0.029885975818620937,0.0018504396486451122,0.018837440350792094
two_concepts,TwoLayerCNN,retention_0p1,contrast,14,fidelity,50,0.0035607086062251535,0.008603280104839397,0.0011156834534808238,0.006005733758969484
two_concepts,TwoLayerCNN,retention_0p1,contrast,15,fidelity,50,0.001110486754944784,0.0024619645601706864,0.0004108041686023472,0.0018101693412872206
two_concepts,TwoLayerCNN,retention_0p1,contrast,16,fidelity,50,0.0,0.0,0.0,0.0
two_concepts,TwoLayerCNN,release_early,contrast,1,fidelity,50,-0.008787932616689854,0.009809264447624283,-0.011575694727430733,-0.0060001705059489745
two_concepts,TwoLayerCNN,release_early,contrast,2,fidelity,50,-0.026355922459727527,0.02925260249138629,-0.034669420102846064,-0.01804242481660899
two_concepts,TwoLayerCNN,release_early,contrast,3,fidelity,50,-0.05914151321501951,0.05097434929109331,-0.07362826299448921,-0.044654763435549805
two_concepts,TwoLayerCNN,release_early,contrast,4,fidelity,50,-0.09966079831149754,0.06483679042635142,-0.11808721027110225,-0.08123438635189284
two_concepts,TwoLayerCNN,release_early,contrast,5,fidelity,50,-0.11728723411304806,0.10663864877116105,-0.1475936027681256,-0.08698086545797051
two_concepts,TwoLayerCNN,release_early,contrast,6,fidelity,50,-0.10331086087336235,0.137015746542532,-0.14225030519414986,-0.06437141655257483
two_concepts,TwoLayerCNN,release_early,contrast,7,fidelity,50,-0.07886035152324432,0.1578391694480511,-0.12371774715443812,-0.03400295589205052
two_concepts,TwoLayerCNN,release_early,contrast,8,fidelity,50,-0.01946587085274647,0.16088493121099118,-0.06518886239955697,0.026257120694064027
two_concepts,TwoLayerCNN,release_early,contrast,9,fidelity,50,0.04788723549452126,0.1689624199340696,-0.0001313529476903441,0.09590582393673286
two_concepts,TwoLayerCNN,release_early,contrast,10,fidelity,50,0.09876094450625268,0.1199171042054566,0.06468088057090815,0.1328410084415972
two_concepts,TwoLayerCNN,release_early,contrast,11,fidelity,50,0.11770637995275969,0.0860465158739885,0.09325223071500875,0.14216052919051061
two_concepts,TwoLayerCNN,release_early,contrast,12,fidelity,50,0.07327100808239778,0.05493066408936953,0.05765988607790675,0.0888821300868888
two_concepts,TwoLayerCNN,release_early,contrast,13,fidelity,50,0.03551957610306378,0.028818591545045284,0.027329423006146082,0.04370972919998147
two_concepts,TwoLayerCNN,release_early,contrast,14,fidelity,50,0.010720662260457266,0.009094786764363256,0.008135952460621045,0.013305372060293487
two_concepts,TwoLayerCNN,release_early,contrast,15,fidelity,50,0.0022623250274171293,0.0026797828305074297,0.0015007391735754713,0.003023910881258787
two_concepts,TwoLayerCNN,release_early,contrast,16,fidelity,50,0.0,0.0,0.0,0.0
two_concepts,TwoLayerCNN,release_default,contrast,1,fidelity,50,-0.009795557079987067,0.009719471941417205,-0.012557800442816814,-0.007033313717157321
two_concepts,TwoLayerCNN,release_default,contrast,2,fidelity,50,-0.02783609767005391,0.028301979133148632,-0.03587943114400051,-0.019792764196107305
two_concepts,TwoLayerCNN,release_default,contrast,3,fidelity,50,-0.06190010305661671,0.044888053435646696,-0.0746571466923518,-0.049143059420881624
two_concepts,TwoLayerCNN,release_default,contrast,4,fidelity,50,-0.09848752365461846,0.07267413886635246,-0.11914128539629584,-0.07783376191294109
two_concepts,TwoLayerCNN,release_default,contrast,5,fidelity,50,-0.10838538656282559,0.11164732044017404,-0.1401152039564472,-0.07665556916920399
two_concepts,TwoLayerCNN,release_default,contrast,6,fidelity,50,-0.09430585549862404,0.14028287836085135,-0.13417380840866797,-0.05443790258858012
two_concepts,TwoLayerCNN,release_default,contrast,7,fidelity,50,-0.06745411900719875,0.1538404560945165,-0.11117509287728922,-0.023733145137108273
two_concepts,TwoLayerCNN,release_default,contrast,8,fidelity,50,-0.02226341009937822,0.1570170455065607,-0.06688716069157269,0.022360340492816252
two_concepts,TwoLayerCNN,release_default,contrast,9,fidelity,50,0.04017094510745348,0.1384383048973263,0.000827214175474246,0.07951467603943271
two_concepts,TwoLayerCNN,release_default,contrast,10,fidelity,50,0.08623300215345246,0.10338288480019722,0.05685191138115912,0.1156140929257458
two_concepts,TwoLayerCNN,release_default,contrast,11,fidelity,50,0.09526647648733184,0.086508731217569,0.07068096710237345,0.11985198587229023
two_concepts,TwoLayerCNN,release_default,contrast,12,fidelity,50,0.06023410672849977,0.053661693449929965,0.04498362218945387,0.07548459126754567
two_concepts,TwoLayerCNN,release_default,contrast,13,fidelity,50,0.031354124522442586,0.028267264402257113,0.02332065686585473,0.03938759217903044
two_concepts,TwoLayerCNN,release_default,contrast,14,fidelity,50,0.009712330230475748,0.008582645703066365,0.007273169309830348,0.012151491151121147
two_concepts,TwoLayerCNN,release_default,contrast,15,fidelity,50,0.0020517193152364533,0.0025849461969780487,0.0013170857344296464,0.00278635289604326
two_concepts,TwoLayerCNN,release_default,contrast,16,fidelity,50,0.0,0.0,0.0,0.0
two_concepts,TwoLayerCNN,release_late,contrast,1,fidelity,50,-0.00836715795981417,0.008177150961965468,-0.010691078550118638,-0.0060432373695097005
two_concepts,TwoLayerCNN,release_late,contrast,2,fidelity,50,-0.02334556704262173,0.02415682764105576,-0.030210861496962105,-0.016480272588281355
two_concepts,TwoLayerCNN,release_late,contrast,3,fidelity,50,-0.050918585498597076,0.03819819602357574,-0.0617743926941068,-0.040062778303087354
two_concepts,TwoLayerCNN,release_late,contrast,4,fidelity,50,-0.07175785693206288,0.06780578143598126,-0.09102804680059949,-0.05248766706352627
two_concepts,TwoLayerCNN,release_late,contrast,5,fidelity,50,-0.06862611425934677,0.08746622718503665,-0.0934837409874093,-0.043768487531284234
two_concepts,TwoLayerCNN,release_late,contrast,6,fidelity,50,-0.0719944913216259,0.10167329612082232,-0.1008897223670498,-0.043099260276202006
two_concepts,TwoLayerCNN,release_late,contrast,7,fidelity,50,-0.07687536779770986,0.11673830462516246,-0.11005202688808365,-0.04369870870733607
two_concepts,TwoLayerCNN,release_late,contrast,8,fidelity,50,-0.05041663061510542,0.11474713479752456,-0.08302740550170654,-0.0178058557285043
two_concepts,TwoLayerCNN,release_late,contrast,9,fidelity,50,-0.011118342484369442,0.11109945665461061,-0.04269245871289392,0.020455773744155033
two_concepts,TwoLayerCNN,release_late,contrast,10,fidelity,50,0.020012513434064197,0.07685307786286513,-0.0018288896297305596,0.04185391649785895
two_concepts,TwoLayerCNN,release_late,contrast,11,fidelity,50,0.058648810473069794,0.0835393294676903,0.03490719572813045,0.08239042521800914
two_concepts,TwoLayerCNN,release_late,contrast,12,fidelity,50,0.02791019604475015,0.05213383514738581,0.013093924030930343,0.04272646805856996
two_concepts,TwoLayerCNN,release_late,contrast,13,fidelity,50,0.018633093470707775,0.02527627680829891,0.01144965508314958,0.02581653185826597
two_concepts,TwoLayerCNN,release_late,contrast,14,fidelity,50,0.006435634613210102,0.007003763444729087,0.004445187065582154,0.00842608216083805
two_concepts,TwoLayerCNN,release_late,contrast,15,fidelity,50,0.001531408277400066,0.0023615364863285443,0.0008602670338470591,0.002202549520953073
two_concepts,TwoLayerCNN,release_late,contrast,16,fidelity,50,0.0,0.0,0.0,0.0
two_concepts,TwoLayerCNN,template_init,auroc,1,fidelity,50,-0.008294584873418609,0.009749775758070876,-0.011065440485650847,-0.005523729261186371
two_concepts,TwoLayerCNN,template_init,auroc,2,fidelity,50,-0.02551211934952545,0.031061090161115874,-0.034339583501583934,-0.016684655197466966
two_concepts,TwoLayerCNN,template_init,auroc,3,fidelity,50,-0.06077326116296564,0.05496055071148946,-0.07639287685148455,-0.04515364547444674
two_concepts,TwoLayerCNN,template_init,auroc,4,fidelity,50,-0.09531743390497802,0.09524736061115358,-0.1223864342849357,-0.06824843352502033
two_concepts,TwoLayerCNN,template_init,auroc,5,fidelity,50,-0.09472182773594114,0.1266151925092683,-0.13070546730506166,-0.058738188166820596
two_concepts,TwoLayerCNN,template_init,auroc,6,fidelity,50,-0.08036426009851136,0.1466701667247272,-0.12204746027671326,-0.03868105992030945
two_concepts,TwoLayerCNN,template_init,auroc,7,fidelity,50,-0.004209365948027533,0.1540247567733036,-0.04798271749149503,0.03956398559543997
two_concepts,TwoLayerCNN,template_init,auroc,8,fidelity,50,0.07621558445932149,0.13429451080442012,0.03804950677836797,0.11438166214027501
two_concepts,TwoLayerCNN,template_init,auroc,9,fidelity,50,0.12851749466586543,0.12232372033787002,0.09375347799330372,0.16328151133842714
two_concepts,TwoLayerCNN,template_init,auroc,10,fidelity,50,0.14840522228464453,0.09719598627817869,0.12078242861758004,0.17602801595170903
two_concepts,TwoLayerCNN,template_init,auroc,11,fidelity,50,0.12766428016576892,0.08093803257261208,0.10466194581862161,0.15066661451291624
two_concepts,TwoLayerCNN,template_init,auroc,12,fidelity,50,0.08380823898579007,0.055314445230684274,0.06808804758773883,0.09952843038384131
two_concepts,TwoLayerCNN,template_init,auroc,13,fidelity,50,0.038508895485258716,0.029459124691963417,0.0301367048821461,0.04688108608837133
two_concepts,TwoLayerCNN,template_init,auroc,14,fidelity,50,0.0106454804674502,0.008383680284594486,0.008262864893086901,0.0130280960418135
two_concepts,TwoLayerCNN,template_init,auroc,15,fidelity,50,0.0023824823889900125,0.002911186002859085,0.0015551324812142777,0.0032098322967657475
two_concepts,TwoLayerCNN,template_init,auroc,16,fidelity,50,0.0,0.0,0.0,0.0
two_concepts,TwoLayerCNN,retention_0p1,auroc,1,fidelity,50,-0.0033453077619271963,0.009667269271972338,-0.006092715290252229,-0.0005979002336021643
two_concepts,TwoLayerCNN,retention_0p1,auroc,2,fidelity,50,-0.007399988705669023,0.02655193071054773,-0.014945963920947188,0.00014598650960914207
two_concepts,TwoLayerCNN,retention_0p1,auroc,3,fidelity,50,-0.019211176148678212,0.05227460860956222,-0.0340674555377858,-0.004354896759570622
two_concepts,TwoLayerCNN,retention_0p1,auroc,4,fidelity,50,-0.028920108062822747,0.09524374253489722,-0.055988080196885434,-0.0018521359287600632
two_concepts,TwoLayerCNN,retention_0p1,auroc,5,fidelity,50,-0.028510609544507997,0.12465546073937549,-0.06393729950700991,0.006916080417993919
two_concepts,TwoLayerCNN,retention_0p1,auroc,6,fidelity,50,-0.045736424443397664,0.13700177586794432,-0.0846718983423982,-0.006800950544397125
two_concepts,TwoLayerCNN,retention_0p1,auroc,7,fidelity,50,-0.020932155429407014,0.11746661327358617,-0.05431579754749316,0.012451486688679136
two_concepts,TwoLayerCNN,retention_0p1,auroc,8,fidelity,50,0.006658569812413291,0.11967382536784313,-0.027352355042272833,0.04066949466709942
two_concepts,TwoLayerCNN,retention_0p1,auroc,9,fidelity,50,0.03891951928409048,0.11655356434163688,0.0057953628013780525,0.0720436757668029
two_concepts,TwoLayerCNN,retention_0p1,auroc,10,fidelity,50,0.03720336999661036,0.10020993604353123,0.008724021283610578,0.06568271870961014
two_concepts,TwoLayerCNN,retention_0p1,auroc,11,fidelity,50,0.03234801381858022,0.0834319002156294,0.00863693012926484,0.0560590975078956
two_concepts,TwoLayerCNN,retention_0p1,auroc,12,fidelity,50,0.016338155895957433,0.056701246339375656,0.00022383998361810709,0.03245247180829676
two_concepts,TwoLayerCNN,retention_0p1,auroc,13,fidelity,50,0.008446774752053299,0.029183747979126578,0.0001528453448056636,0.016740704159300936
two_concepts,TwoLayerCNN,retention_0p1,auroc,14,fidelity,50,0.0025641006066494374,0.007822021772729094,0.00034110661522069414,0.004787094598078181
two_concepts,TwoLayerCNN,retention_0p1,auroc,15,fidelity,50,0.0010714015242536945,0.0025079550373311213,0.000358648588919514,0.0017841544595878752
two_concepts,TwoLayerCNN,retention_0p1,auroc,16,fidelity,50,0.0,0.0,0.0,0.0
two_concepts,TwoLayerCNN,release_early,auroc,1,fidelity,50,-0.008741541685980712,0.009896852186231214,-0.011554195956613663,-0.005928887415347761
two_concepts,TwoLayerCNN,release_early,auroc,2,fidelity,50,-0.024476733313069664,0.02928269471298029,-0.0327987830709401,-0.01615468355519923
two_concepts,TwoLayerCNN,release_early,auroc,3,fidelity,50,-0.05215729040554302,0.055619118191024546,-0.06796406890087754,-0.036350511910208494
two_concepts,TwoLayerCNN,release_early,auroc,4,fidelity,50,-0.09667998573722418,0.0744502480987391,-0.11783851213776277,-0.0755214593366856
two_concepts,TwoLayerCNN,release_early,auroc,5,fidelity,50,-0.10962242240309923,0.1046523566126225,-0.1393642930726243,-0.07988055173357417
two_concepts,TwoLayerCNN,release_early,auroc,6,fidelity,50,-0.10038161125215632,0.13746945429660215,-0.1394499978899646,-0.06131322461434804
two_concepts,TwoLayerCNN,release_early,auroc,7,fidelity,50,-0.04993864566528625,0.1625261612453758,-0.096128069627014,-0.003749221703558493
two_concepts,TwoLayerCNN,release_early,auroc,8,fidelity,50,0.0016166707531610092,0.17271267395193018,-0.0474677280882368,0.05070106959455881
two_concepts,TwoLayerCNN,release_early,auroc,9,fidelity,50,0.05977593782026145,0.1534707166127173,0.016160042748250926,0.10339183289227197
two_concepts,TwoLayerCNN,release_early,auroc,10,fidelity,50,0.10528437322678544,0.11956969218203677,0.07130304269605824,0.13926570375751263
two_concepts,TwoLayerCNN,release_early,auroc,11,fidelity,50,0.10487762301273591,0.08851900552161754,0.07972079999188306,0.13003444603358877
two_concepts,TwoLayerCNN,release_early,auroc,12,fidelity,50,0.07744541636709261,0.05250120332137331,0.06252473947341634,0.09236609326076888
two_concepts,TwoLayerCNN,release_early,auroc,13,fidelity,50,0.03570743132195538,0.030086999252442126,0.02715680074310895,0.0442580619008018
two_concepts,TwoLayerCNN,release_early,auroc,14,fidelity,50,0.010046757898037195,0.0084116205879528,0.007656201777317867,0.012437314018756522
two_concepts,TwoLayerCNN,release_early,auroc,15,fidelity,50,0.002296870416693493,0.002636725158419831,0.0015475214178640967,0.0030462194155228893
two_concepts,TwoLayerCNN,release_early,auroc,16,fidelity,50,0.0,0.0,0.0,0.0
two_concepts,TwoLayerCNN,release_default,auroc,1,fidelity,50,-0.009595760534023017,0.009635387678492738,-0.012334107413732955,-0.00685741365431308
two_concepts,TwoLayerCNN,release_default,auroc,2,fidelity,50,-0.025736585044198464,0.027427144135563256,-0.03353129316275369,-0.017941876925643238
two_concepts,TwoLayerCNN,release_default,auroc,3,fidelity,50,-0.05715331488343604,0.047686361860332836,-0.07070562897417414,-0.04360100079269795
two_concepts,TwoLayerCNN,release_default,auroc,4,fidelity,50,-0.10341568111595482,0.07464136452671927,-0.12462852220435895,-0.0822028400275507
two_concepts,TwoLayerCNN,release_default,auroc,5,fidelity,50,-0.10368361122972136,0.1069339820863683,-0.13407391268430394,-0.07329330977513879
two_concepts,TwoLayerCNN,release_default,auroc,6,fidelity,50,-0.0764529429412759,0.14283145229066815,-0.11704519254817215,-0.03586069333437965
two_concepts,TwoLayerCNN,release_default,auroc,7,fidelity,50,-0.03360510515108495,0.1516918497691539,-0.07671545185980914,0.009505241557639238
two_concepts,TwoLayerCNN,release_default,auroc,8,fidelity,50,0.0005341212196805922,0.15451621716477135,-0.043378901821642744,0.04444714426100393
two_concepts,TwoLayerCNN,release_default,auroc,9,fidelity,50,0.04346003485163411,0.1377481524332311,0.004312443079763369,0.08260762662350485
two_concepts,TwoLayerCNN,release_default,auroc,10,fidelity,50,0.0805972618609317,0.10307925356745724,0.05130246213021336,0.10989206159165005
two_concepts,TwoLayerCNN,release_default,auroc,11,fidelity,50,0.08284369727909763,0.08475037214058813,0.05875790801464957,0.10692948654354568
two_concepts,TwoLayerCNN,release_default,auroc,12,fidelity,50,0.06014662452443037,0.055233294478080314,0.04444949591509029,0.07584375313377045
two_concepts,TwoLayerCNN,release_default,auroc,13,fidelity,50,0.031004526790124495,0.030210695448807605,0.022418742141234217,0.03959031143901477
two_concepts,TwoLayerCNN,release_default,auroc,14,fidelity,50,0.009089686062526255,0.007798797166316051,0.006873292431210224,0.011306079693842286
two_concepts,TwoLayerCNN,release_default,auroc,15,fidelity,50,0.0021563169268992333,0.002482395440770837,0.0014508279485352252,0.0028618059052632414
two_concepts,TwoLayerCNN,release_default,auroc,16,fidelity,50,0.0,0.0,0.0,0.0
two_concepts,TwoLayerCNN,release_late,auroc,1,fidelity,50,-0.00855910747850657,0.007655228428829442,-0.010734699326081412,-0.0063835156309317255
two_concepts,TwoLayerCNN,release_late,auroc,2,fidelity,50,-0.021563703111021446,0.023422246451932593,-0.028220231901306705,-0.014907174320736186
two_concepts,TwoLayerCNN,release_late,auroc,3,fidelity,50,-0.04626771578420156,0.03593902247230287,-0.05648147296042041,-0.03605395860798271
two_concepts,TwoLayerCNN,release_late,auroc,4,fidelity,50,-0.06402807039752528,0.07567058883041007,-0.08553341379663812,-0.04252272699841245
two_concepts,TwoLayerCNN,release_late,auroc,5,fidelity,50,-0.06209358590174551,0.09804089854305179,-0.08995650097765671,-0.03423067082583431
two_concepts,TwoLayerCNN,release_late,auroc,6,fidelity,50,-0.07560750077382938,0.10250942856063058,-0.10474035802942476,-0.04647464351823401
two_concepts,TwoLayerCNN,release_late,auroc,7,fidelity,50,-0.056464517212056906,0.12135450218107258,-0.09095308513216742,-0.021975949291946392
two_concepts,TwoLayerCNN,release_late,auroc,8,fidelity,50,-0.028273698630708503,0.11619720210508382,-0.06129657808637512,0.004749180824958118
two_concepts,TwoLayerCNN,release_late,auroc,9,fidelity,50,0.0011116463227812457,0.11311978244502956,-0.031036640142457217,0.03325993278801971
two_concepts,TwoLayerCNN,release_late,auroc,10,fidelity,50,0.029622067381986566,0.08939539881271195,0.004216176143627126,0.055027958620346006
two_concepts,TwoLayerCNN,release_late,auroc,11,fidelity,50,0.036205242571867496,0.0796881952075581,0.013558108073749596,0.0588523770699854
two_concepts,TwoLayerCNN,release_late,auroc,12,fidelity,50,0.031595696668785075,0.05546434560234858,0.0158329040564692,0.04735848928110095
two_concepts,TwoLayerCNN,release_late,auroc,13,fidelity,50,0.019128816335892453,0.027985080537020496,0.011175544446476476,0.02708208822530843
two_concepts,TwoLayerCNN,release_late,auroc,14,fidelity,50,0.00531683741440989,0.006417161902519942,0.0034931001805067266,0.007140574648313053
two_concepts,TwoLayerCNN,release_late,auroc,15,fidelity,50,0.0016117117194159336,0.002071939945524536,0.0010228729021218665,0.0022005505367100006
two_concepts,TwoLayerCNN,release_late,auroc,16,fidelity,50,0.0,0.0,0.0,0.0
two_concepts,TwoLayerCNN,template_init,validation_patch,1,fidelity,50,-0.03005892205323649,0.013450200568672879,-0.0338814267606402,-0.02623641734583278
two_concepts,TwoLayerCNN,template_init,validation_patch,2,fidelity,50,-0.09246685586100752,0.03934835888038901,-0.10364953572373155,-0.08128417599828348
two_concepts,TwoLayerCNN,template_init,validation_patch,3,fidelity,50,-0.14274961805276798,0.07080820909408882,-0.16287308842059217,-0.12262614768494379
two_concepts,TwoLayerCNN,template_init,validation_patch,4,fidelity,50,-0.14440016726643423,0.1031151677332919,-0.17370517369015054,-0.11509516084271793
two_concepts,TwoLayerCNN,template_init,validation_patch,5,fidelity,50,-0.10154465622237895,0.1077231575411786,-0.13215923885965303,-0.07093007358510486
two_concepts,TwoLayerCNN,template_init,validation_patch,6,fidelity,50,-0.06946849730793792,0.10020602582417323,-0.09794673474889184,-0.04099025986698398
two_concepts,TwoLayerCNN,template_init,validation_patch,7,fidelity,50,-0.017418774765984742,0.07491148522166863,-0.038708383306497805,0.0038708337745283206
two_concepts,TwoLayerCNN,template_init,validation_patch,8,fidelity,50,-0.002082255880397421,0.0551654220661228,-0.017760095363684267,0.013595583602889426
two_concepts,TwoLayerCNN,template_init,validation_patch,9,fidelity,50,0.004099730148578791,0.027252478991380995,-0.003645338685235128,0.011844798982392709
two_concepts,TwoLayerCNN,template_init,validation_patch,10,fidelity,50,0.0031302933786491603,0.012591842905904304,-0.000448268780105056,0.006708855537403377
two_concepts,TwoLayerCNN,template_init,validation_patch,11,fidelity,50,0.004207351534504371,0.012183571988874329,0.0007448186865604317,0.007669884382448311
two_concepts,TwoLayerCNN,template_init,validation_patch,12,fidelity,50,0.0058867559123733605,0.020020822123153106,0.00019690122053390557,0.011576610604212816
two_concepts,TwoLayerCNN,template_init,validation_patch,13,fidelity,50,0.002562030644331521,0.013330224612426105,-0.0012263772735717623,0.006350438562234805
two_concepts,TwoLayerCNN,template_init,validation_patch,14,fidelity,50,0.0015126131420065204,0.007157544737355788,-0.0005215385654200042,0.0035467648494330447
two_concepts,TwoLayerCNN,template_init,validation_patch,15,fidelity,50,0.00015733835546957175,0.0003328740180872551,6.273660625294516e-05,0.0002519401046861983
two_concepts,TwoLayerCNN,template_init,validation_patch,16,fidelity,50,0.0,0.0,0.0,0.0
two_concepts,TwoLayerCNN,retention_0p1,validation_patch,1,fidelity,50,-0.002374142841124662,0.017929164807798714,-0.007469555101165759,0.0027212694189164346
two_concepts,TwoLayerCNN,retention_0p1,validation_patch,2,fidelity,50,-0.0027863572344806677,0.04157019595893773,-0.014600476208352066,0.009027761739390731
two_concepts,TwoLayerCNN,retention_0p1,validation_patch,3,fidelity,50,0.025364632903777825,0.07383060590074021,0.004382206867442978,0.04634705894011267
two_concepts,TwoLayerCNN,retention_0p1,validation_patch,4,fidelity,50,0.04613409518671091,0.08405206040484382,0.022246763921717153,0.07002142645170467
two_concepts,TwoLayerCNN,retention_0p1,validation_patch,5,fidelity,50,0.05503241043921087,0.079862324914896,0.032335788825819146,0.07772903205260259
two_concepts,TwoLayerCNN,retention_0p1,validation_patch,6,fidelity,50,0.046788203041348425,0.06348657159537875,0.02874551902773726,0.0648308870549596
two_concepts,TwoLayerCNN,retention_0p1,validation_patch,7,fidelity,50,0.04525575670677693,0.04670025704392201,0.03198369050405199,0.05852782290950187
two_concepts,TwoLayerCNN,retention_0p1,validation_patch,8,fidelity,50,0.02991818179197238,0.03518893166235187,0.019917598065277854,0.0399187655186669
two_concepts,TwoLayerCNN,retention_0p1,validation_patch,9,fidelity,50,0.013119272033709294,0.020123429284989634,0.007400256709124556,0.018838287358294032
two_concepts,TwoLayerCNN,retention_0p1,validation_patch,10,fidelity,50,0.005870217103486357,0.012039036799265365,0.0024487607019377643,0.00929167350503495
two_concepts,TwoLayerCNN,retention_0p1,validation_patch,11,fidelity,50,0.003603242082989646,0.01524004282527595,-0.0007279301655740379,0.00793441433155333
two_concepts,TwoLayerCNN,retention_0p1,validation_patch,12,fidelity,50,0.004530013768815748,0.013426989373558495,0.000714105610075844,0.008345921927555653
two_concepts,TwoLayerCNN,retention_0p1,validation_patch,13,fidelity,50,0.002569236583657486,0.013447937424897485,-0.0012526249454017221,0.006391098112716694
two_concepts,TwoLayerCNN,retention_0p1,validation_patch,14,fidelity,50,0.001416524843303555,0.007162255195230608,-0.0006189655614389385,0.0034520152480460482
two_concepts,TwoLayerCNN,retention_0p1,validation_patch,15,fidelity,50,8.109583875950843e-05,0.00032145471361696895,-1.0260580034714527e-05,0.0001724522575537314
two_concepts,TwoLayerCNN,retention_0p1,validation_patch,16,fidelity,50,0.0,0.0,0.0,0.0
two_concepts,TwoLayerCNN,release_early,validation_patch,1,fidelity,50,-0.02945759181536051,0.013930940188523687,-0.03341672121103803,-0.02549846241968299
two_concepts,TwoLayerCNN,release_early,validation_patch,2,fidelity,50,-0.08432486337617544,0.037153243029401976,-0.09488369821660013,-0.07376602853575075
two_concepts,TwoLayerCNN,release_early,validation_patch,3,fidelity,50,-0.12318794418619289,0.06465307110849243,-0.14156214369336825,-0.10481374467901752
two_concepts,TwoLayerCNN,release_early,validation_patch,4,fidelity,50,-0.10779839559080978,0.09308674591063601,-0.13425335606694253,-0.08134343511467704
two_concepts,TwoLayerCNN,release_early,validation_patch,5,fidelity,50,-0.0686096317521058,0.09645148869757289,-0.09602084154783794,-0.04119842195637366
two_concepts,TwoLayerCNN,release_early,validation_patch,6,fidelity,50,-0.03533943528248242,0.09633308863754113,-0.06271699615346303,-0.007961874411501809
two_concepts,TwoLayerCNN,release_early,validation_patch,7,fidelity,50,0.0047930384375201,0.07537652587127722,-0.016628733193289412,0.02621481006832961
two_concepts,TwoLayerCNN,release_early,validation_patch,8,fidelity,50,0.007421421786986198,0.0515276722578745,-0.007222580639716291,0.022065424213688685
two_concepts,TwoLayerCNN,release_early,validation_patch,9,fidelity,50,0.005881152038091111,0.02380190755340312,-0.0008832752433861162,0.012645579319568338
two_concepts,TwoLayerCNN,release_early,validation_patch,10,fidelity,50,0.0032339508957642794,0.013888791951616273,-0.0007132001035194666,0.007181101895048026
two_concepts,TwoLayerCNN,release_early,validation_patch,11,fidelity,50,0.00397258637017127,0.014294609511510745,-8.989670353943494e-05,0.008035069443881975
two_concepts,TwoLayerCNN,release_early,validation_patch,12,fidelity,50,0.00526747227593952,0.02021472212554414,-0.00047748818686008023,0.011012432738739121
two_concepts,TwoLayerCNN,release_early,validation_patch,13,fidelity,50,0.0022450419053065287,0.01353417791642287,-0.0016013289002605995,0.006091412710873657
two_concepts,TwoLayerCNN,release_early,validation_patch,14,fidelity,50,0.0012932704529119475,0.00720119569968176,-0.0007532867207469809,0.003339827626570876
two_concepts,TwoLayerCNN,release_early,validation_patch,15,fidelity,50,6.958103170745744e-05,0.0005079399994796707,-7.477391892516763e-05,0.00021393598234008252
two_concepts,TwoLayerCNN,release_early,validation_patch,16,fidelity,50,0.0,0.0,0.0,0.0
two_concepts,TwoLayerCNN,release_default,validation_patch,1,fidelity,50,-0.028506113377452954,0.012997027388007792,-0.03219982769191665,-0.02481239906298926
two_concepts,TwoLayerCNN,release_default,validation_patch,2,fidelity,50,-0.0787248957477094,0.03281874789272607,-0.08805188070012926,-0.06939791079528954
two_concepts,TwoLayerCNN,release_default,validation_patch,3,fidelity,50,-0.10939244225905345,0.05423223055391177,-0.12480507164899463,-0.09397981286911228
two_concepts,TwoLayerCNN,release_default,validation_patch,4,fidelity,50,-0.08867967497123198,0.08231855720368306,-0.11207435007746407,-0.0652849998649999
two_concepts,TwoLayerCNN,release_default,validation_patch,5,fidelity,50,-0.04613918918951244,0.09145603038780578,-0.07213070544184876,-0.02014767293717612
two_concepts,TwoLayerCNN,release_default,validation_patch,6,fidelity,50,-0.014043973534574093,0.08033746701871511,-0.036875629039784835,0.008787681970636648
two_concepts,TwoLayerCNN,release_default,validation_patch,7,fidelity,50,0.017150320520037888,0.06428428709676597,-0.0011190717306477221,0.0354197127707235
two_concepts,TwoLayerCNN,release_default,validation_patch,8,fidelity,50,0.016905588385796862,0.04278248485645296,0.00474694071929925,0.029064236052294475
two_concepts,TwoLayerCNN,release_default,validation_patch,9,fidelity,50,0.009110966912967134,0.02069635513178228,0.003229127864291699,0.014992805961642569
two_concepts,TwoLayerCNN,release_default,validation_patch,10,fidelity,50,0.004907790342057978,0.010966510650484717,0.0017911424994297904,0.008024438184686166
two_concepts,TwoLayerCNN,release_default,validation_patch,11,fidelity,50,0.004806088910878923,0.012002961705389533,0.0013948849375715541,0.008217292884186291
two_concepts,TwoLayerCNN,release_default,validation_patch,12,fidelity,50,0.005855097472309358,0.01923366303333542,0.0003889509185709718,0.011321244026047745
two_concepts,TwoLayerCNN,release_default,validation_patch,13,fidelity,50,0.0023487270450516175,0.01330560351511855,-0.001432683634418004,0.006130137724521239
two_concepts,TwoLayerCNN,release_default,validation_patch,14,fidelity,50,0.0013398380429829949,0.0070687705329215604,-0.0006690843146941871,0.003348760400660177
two_concepts,TwoLayerCNN,release_default,validation_patch,15,fidelity,50,0.0001445245519078986,0.0003350529244012775,4.930356436840704e-05,0.00023974553944739016
two_concepts,TwoLayerCNN,release_default,validation_patch,16,fidelity,50,0.0,0.0,0.0,0.0
two_concepts,TwoLayerCNN,release_late,validation_patch,1,fidelity,50,-0.023901016644123033,0.011265611291903264,-0.027102667948519128,-0.02069936533972694
two_concepts,TwoLayerCNN,release_late,validation_patch,2,fidelity,50,-0.06434034698190287,0.027906132685482567,-0.07227118214016362,-0.05640951182364212
two_concepts,TwoLayerCNN,release_late,validation_patch,3,fidelity,50,-0.08752902927162812,0.044237625525940606,-0.10010122334069807,-0.07495683520255816
two_concepts,TwoLayerCNN,release_late,validation_patch,4,fidelity,50,-0.06997240062710958,0.06391769629741043,-0.08813760892536468,-0.05180719232885448
two_concepts,TwoLayerCNN,release_late,validation_patch,5,fidelity,50,-0.032980300876666126,0.07696621169269839,-0.054853856219149684,-0.011106745534182567
two_concepts,TwoLayerCNN,release_late,validation_patch,6,fidelity,50,-0.002391023090488633,0.06938172513213466,-0.022109091201910354,0.017327045020933088
two_concepts,TwoLayerCNN,release_late,validation_patch,7,fidelity,50,0.020435697267306915,0.04952785254443673,0.006360037314721815,0.034511357219892014
two_concepts,TwoLayerCNN,release_late,validation_patch,8,fidelity,50,0.01514384197589589,0.03060293199024884,0.006446584935317492,0.023841099016474288
two_concepts,TwoLayerCNN,release_late,validation_patch,9,fidelity,50,0.008799067451923763,0.017557487909188315,0.003809284597728147,0.013788850306119378
two_concepts,TwoLayerCNN,release_late,validation_patch,10,fidelity,50,0.004126389066337981,0.011707494316934271,0.0007991559957311336,0.007453622136944829
two_concepts,TwoLayerCNN,release_late,validation_patch,11,fidelity,50,0.0031799114204930467,0.013485178896817728,-0.0006525340177799266,0.00701235685876602
two_concepts,TwoLayerCNN,release_late,validation_patch,12,fidelity,50,0.0039860269766966725,0.011770384128734672,0.0006409208193334328,0.007331133134059913
two_concepts,TwoLayerCNN,release_late,validation_patch,13,fidelity,50,0.00010406325016005136,0.01954960779369527,-0.005451873810982957,0.00566000031130306
two_concepts,TwoLayerCNN,release_late,validation_patch,14,fidelity,50,-0.000965397562166359,0.01636173543797879,-0.005615351324092979,0.0036845561997602607
two_concepts,TwoLayerCNN,release_late,validation_patch,15,fidelity,50,0.00014698136603278345,0.00035203415054126845,4.693436742184456e-05,0.00024702836464372233
two_concepts,TwoLayerCNN,release_late,validation_patch,16,fidelity,50,0.0,0.0,0.0,0.0
